EMP_ID,EMP_NM,DEPT_CD,SAL_AMT
6293,Daniel Smith,Customer Service,114639
906,Michael Ramirez,Sales,73733
6470,John Johnson,Legal,121513
8235,Mark Harris,Finance,95853
289,Jessica Moore,Marketing,81591
7423,Robert Harris,HR,112936
8605,Matthew Moore,Legal,64912
507,Anthony Robinson,HR,39794
1658,John Jackson,IT,91486
3093,Jessica Gonzalez,Research,103292
5086,Andrew Miller,Finance,139080
5492,Steven Davis,Sales,34416
4969,Paul Rodriguez,Research,144383
4045,Mark Lopez,Legal,33140
34,Matthew Lopez,Operations,143183
2666,Ashley Smith,Marketing,62426
967,Paul Moore,Sales,126977
5100,Nancy King,HR,92054
31,Elizabeth Taylor,Finance,117657
2744,James Lee,Customer Service,145879
469,Deborah Davis,Sales,93150
9897,Amanda Harris,IT,43953
1616,Donald Wilson,Finance,57500
4253,Robert Gonzalez,Marketing,102905
671,Robert Smith,Engineering,91761
5784,John Thompson,Engineering,32167
7241,David Brown,IT,129657
8209,Matthew Sanchez,Sales,43949
5960,Steven Jones,Research,116868
9374,James Perez,Research,71573
2947,Jessica Martinez,IT,39097
7028,Elizabeth Thompson,IT,30141
7039,Matthew Gonzalez,Sales,40816
7713,Jessica Johnson,Engineering,120169
6224,Matthew Taylor,IT,110450
4683,James Walker,Finance,79640
287,Daniel Taylor,Legal,124077
1072,Matthew Taylor,Marketing,106000
1586,Steven Thompson,IT,97679
1058,Lisa King,Research,122242
2320,Matthew Jones,Customer Service,50346
9654,Dorothy Hernandez,Finance,125672
1753,Jessica Johnson,Sales,100834
2939,Sarah Lopez,Sales,146048
5344,Deborah Johnson,HR,137105
1615,Deborah Perez,HR,85562
4331,Jennifer Perez,Customer Service,90535
8091,Dorothy Johnson,Legal,129523
5798,James Clark,Customer Service,117355
8117,David Clark,Marketing,131186
2241,Joshua Lee,HR,91592
476,Nancy Clark,Research,51586
6976,Nancy Jackson,Marketing,63803
4960,Robert Robinson,IT,114073
632,Emily Taylor,IT,108191
4947,Joshua Smith,Engineering,124538
9595,Michael Ramirez,Research,110663
9953,Anthony Martin,Sales,53623
3089,Michael Lee,HR,144452
2399,Jane Lewis,Sales,90674
3709,Betty Jones,Engineering,142918
3544,Betty Wilson,Research,88942
6303,Christopher Lewis,Research,104442
5896,Christopher White,Customer Service,40480
7411,Dorothy Williams,Customer Service,63576
3570,Paul Anderson,Sales,54796
7360,Anthony Lee,Finance,76787
3663,Steven Smith,Legal,145390
2176,Lisa King,Customer Service,112884
7642,Matthew Johnson,HR,144281
1643,Anthony Lewis,Customer Service,124780
2414,Donald Jones,HR,72774
6609,Lisa White,Legal,43493
638,John Hernandez,Customer Service,38199
5234,Michael Robinson,IT,98069
6245,John Thompson,Legal,45827
8126,John Williams,Finance,34513
7561,Daniel Jackson,Marketing,130533
9505,Donald Jones,Sales,139857
289,Emily Johnson,Legal,113065
7597,Michael Brown,IT,59314
1695,Deborah White,HR,63402
1777,Michael Allen,Operations,141818
1412,Jane Lopez,Research,33561
9988,Matthew Brown,Research,116102
4192,Mark Moore,Engineering,134617
4429,Lisa Young,Operations,74693
3302,Andrew Hernandez,Research,30854
5185,James Lee,IT,79972
9854,Deborah Smith,IT,81918
3047,Michael Walker,Customer Service,141453
7913,Christopher Allen,Marketing,58860
6674,Nancy Miller,Marketing,128201
4491,David Taylor,Finance,134825
8855,Paul Martin,Legal,43454
8053,David Thomas,Marketing,93327
442,Jennifer Martin,Marketing,97394
6754,Ashley Walker,IT,65275
2316,Joshua Davis,Sales,40673
3993,David Martinez,Marketing,109148
