EMP_ID,EMP_NM,DEPT_CD,SAL_AMT
5272,James Johnson,Finance,40827
981,Elizabeth Moore,HR,118342
3890,Robert Gonzalez,IT,124848
7506,Jane Williams,IT,38203
8744,Karen Johnson,Finance,85156
3039,Deborah Robinson,Operations,55137
8118,Ashley Young,Sales,127837
2348,Joshua Martinez,Sales,53103
7495,Robert Sanchez,Research,73969
1663,Jessica King,Legal,84259
1341,Amanda Jones,HR,137888
5639,John Rodriguez,HR,71325
3732,David Robinson,Legal,58830
7312,Nancy Young,Research,58950
5018,Amanda Wilson,Engineering,117590
7614,Donald Hernandez,Operations,131286
2478,Ashley Williams,IT,105347
4441,Matthew Williams,Finance,92584
3747,Dorothy Martin,Research,138142
7678,Elizabeth Rodriguez,IT,81830
2151,Dorothy Thompson,IT,102505
9409,Andrew Gonzalez,Legal,62187
7570,Ashley Walker,Finance,130501
5479,Betty Gonzalez,Sales,35706
7374,Elizabeth Allen,Customer Service,109185
8272,David King,Customer Service,98434
4996,David King,Finance,123926
6676,Mark Allen,Operations,30380
3050,Karen Anderson,Marketing,69999
2391,Jane Perez,Legal,103320
7459,Ashley Ramirez,Marketing,36533
7724,Elizabeth Brown,Engineering,107497
6384,Paul Walker,IT,32883
2561,Deborah Brown,Research,114364
2999,Karen Wilson,Legal,68100
5826,James Davis,Customer Service,80916
953,Karen Walker,Research,67285
1860,Robert Johnson,IT,101895
7826,Donald Wilson,Engineering,107523
3234,Amanda Sanchez,Sales,147532
4592,Steven Sanchez,Sales,111054
9555,Daniel Gonzalez,Engineering,51202
348,Jessica Perez,Customer Service,131372
1988,Karen Anderson,Marketing,46835
532,Paul Lee,Engineering,68231
3886,Sarah Walker,Engineering,98004
5586,Matthew Anderson,Research,125933
7658,Jennifer Sanchez,Customer Service,34179
9710,Amanda Brown,Customer Service,86530
9821,John Wilson,Operations,149016
3870,Anthony Perez,Customer Service,59619
9643,Christopher Young,Customer Service,120264
7076,Ashley Smith,Customer Service,72837
9940,Amanda Young,Legal,126308
7996,Anthony King,Sales,65760
190,Lisa Clark,Research,38537
5064,Matthew Smith,Engineering,57180
1880,Matthew Anderson,IT,46908
8767,Amanda Young,Sales,43727
8046,Mark Martin,Legal,124997
3154,Nancy Johnson,Operations,62932
1247,Steven Young,Sales,76448
9739,Anthony Sanchez,Sales,84819
2678,Jessica Perez,HR,54130
8471,Andrew Anderson,Engineering,114398
3303,Anthony Moore,Customer Service,128203
7478,Christopher Brown,Finance,122906
1943,Jennifer Johnson,HR,87179
701,Joshua Garcia,Research,138658
9429,Jessica Gonzalez,IT,91794
236,Lisa Jackson,Research,59173
888,Emily Gonzalez,Engineering,45400
6383,Dorothy Johnson,Legal,106260
487,Nancy Ramirez,Legal,123166
4712,Donald Gonzalez,Marketing,109303
2403,Anthony Robinson,Operations,49672
6515,Andrew Rodriguez,Operations,148116
5532,Sarah Rodriguez,Sales,54640
4875,James King,Customer Service,112230
2611,Daniel Clark,Sales,134879
3998,Michael Smith,Legal,55189
6464,Robert Allen,Operations,64044
1845,Betty Harris,HR,57526
1904,James Hernandez,Operations,116682
7657,Steven Miller,Sales,73169
3562,David Wilson,Engineering,45950
8032,Sarah Walker,Operations,123431
1926,Joshua Martinez,HR,84711
5125,Daniel King,Legal,43320
2147,Jane Jackson,Customer Service,129632
1051,Karen Lee,IT,55426
8132,Deborah Rodriguez,Operations,49168
3489,Mark Ramirez,Engineering,40860
4087,Lisa Smith,Research,63418
5404,Paul Clark,Sales,54650
7268,Jane Allen,Sales,137765
4191,Amanda Rodriguez,Customer Service,99523
5311,Jennifer Walker,Research,143320
4782,Matthew Hernandez,Marketing,83509
3067,Amanda Davis,IT,131653
