C_ID,C_NAME,AGE_YRS,LOC_CD,REG_DT
2559,Matthew White,63,Tucson,2021-07-17
2865,David Allen,67,San Antonio,2024-03-13
3083,Betty Miller,25,Mesa,2020-07-20
8660,Matthew Young,48,Las Vegas,2020-04-13
6215,Donald White,70,Philadelphia,2023-05-03
5111,Lisa King,48,Denver,2024-02-20
8341,Jessica Johnson,52,Portland,2025-08-22
9569,David Perez,68,New York,2025-10-11
1091,Joshua Davis,42,Nashville,2024-12-05
5147,Anthony Anderson,35,Austin,2023-11-18
7326,Lisa Hernandez,60,Oklahoma City,2025-04-08
3732,Mark Miller,47,Fort Worth,2022-05-24
4246,Betty Sanchez,53,Mesa,2025-10-24
6257,David Miller,42,Mesa,2022-01-05
644,Jane Thomas,19,Baltimore,2020-07-11
2752,Nancy Lee,70,San Antonio,2022-07-27
3866,Emily Anderson,69,Portland,2020-05-05
4701,Amanda Martinez,69,Baltimore,2021-07-16
6495,Emily Rodriguez,36,Nashville,2022-07-15
8039,David Martinez,42,Albuquerque,2025-02-22
769,Lisa Allen,60,Las Vegas,2025-01-06
6695,Karen Rodriguez,57,Mesa,2024-02-25
7605,Jane King,61,Chicago,2022-10-02
3016,Anthony Moore,52,Nashville,2020-05-27
9485,Jessica Allen,58,Sacramento,2023-06-04
2594,Jessica Wilson,51,Jacksonville,2025-11-14
4006,Joshua Gonzalez,45,Philadelphia,2025-06-11
1568,Amanda Rodriguez,57,Columbus,2020-02-03
3653,Andrew Thompson,66,Portland,2022-08-07
4678,Lisa Perez,36,Dallas,2025-11-14
99,Emily Allen,19,Phoenix,2020-08-15
9728,Anthony Moore,18,Denver,2023-01-26
9850,Betty Wilson,46,Nashville,2025-09-05
831,Nancy Miller,68,San Antonio,2020-04-01
7539,Paul Martin,37,Los Angeles,2021-12-11
6383,Elizabeth Walker,51,San Diego,2024-02-12
3213,Elizabeth Williams,56,New York,2025-11-05
5950,Andrew Thompson,25,Houston,2023-04-10
4061,James Moore,62,Dallas,2025-01-27
210,Robert Johnson,59,San Jose,2020-09-27
4948,Betty Robinson,59,Columbus,2022-10-06
6013,Christopher Taylor,44,San Diego,2022-08-27
5220,Mark Allen,18,Charlotte,2024-11-08
1863,Anthony Thompson,23,Indianapolis,2021-04-18
9134,Betty Martinez,62,San Diego,2023-07-05
9532,Christopher Hernandez,29,Las Vegas,2021-01-22
7159,James Garcia,41,Charlotte,2020-07-24
7749,Amanda Garcia,62,San Jose,2020-02-14
6198,David Allen,34,Charlotte,2023-10-28
2855,Deborah White,36,San Diego,2024-02-14
2621,Christopher Lopez,62,Indianapolis,2024-11-18
6533,Paul Thompson,60,Sacramento,2023-05-14
2508,Sarah Young,47,Baltimore,2022-05-21
3086,Jennifer Garcia,43,Fresno,2021-04-22
7546,Ashley Martinez,69,Los Angeles,2021-05-27
9301,Paul Taylor,64,San Antonio,2021-04-14
8032,Daniel Perez,28,Phoenix,2025-11-17
3711,Joshua King,25,Columbus,2020-06-08
6961,Elizabeth Miller,31,San Jose,2021-07-01
1368,James Jones,19,Tucson,2020-03-14
5711,Andrew Robinson,68,Austin,2025-09-26
3721,Mark Lewis,40,Austin,2025-09-25
9301,John Thomas,42,San Diego,2025-02-14
5746,Amanda Harris,46,Albuquerque,2025-05-07
5145,Nancy Harris,45,Las Vegas,2022-03-22
506,Jessica King,27,Portland,2022-06-11
444,Anthony King,33,Phoenix,2022-07-28
4825,Sarah Thomas,36,Boston,2021-08-13
4517,Mark Allen,60,Houston,2021-04-15
7160,Lisa Clark,49,Seattle,2025-03-16
8364,Lisa Lewis,70,San Diego,2022-01-06
5386,Ashley Garcia,59,Mesa,2025-05-19
1119,Sarah Martinez,51,Columbus,2022-07-23
4086,Jane Gonzalez,55,Baltimore,2023-02-07
1824,Karen Wilson,35,Fort Worth,2023-01-12
