EMP_ID,EMP_NM,DEPT_CD,SAL_AMT
7535,Amanda Robinson,Marketing,41796
6608,Jessica Miller,Marketing,52851
3597,David Hernandez,Sales,145497
7592,Lisa Sanchez,Marketing,90278
373,John Jones,Operations,71846
6809,James Lewis,Customer Service,45036
9279,Lisa Lee,Research,63376
6972,Jennifer Thompson,Marketing,57558
8545,Nancy Jackson,Marketing,138062
4585,Paul Thomas,Engineering,65615
1355,Emily Gonzalez,Research,92225
7834,Karen Taylor,Engineering,134666
4218,Lisa Allen,Customer Service,40760
6086,David Martinez,IT,98577
9596,Lisa Harris,Marketing,122521
1210,Emily Martinez,Sales,127665
6287,Elizabeth Gonzalez,Engineering,46215
990,Christopher Walker,Research,68816
3492,Andrew Hernandez,HR,108008
9649,Jennifer Allen,Engineering,116728
8967,Matthew Sanchez,IT,116801
1181,Anthony Anderson,Marketing,40468
6041,Lisa Taylor,Research,58250
2696,Lisa Williams,Customer Service,124778
1002,Anthony Ramirez,IT,63094
7129,James Martinez,Marketing,76473
3798,Anthony Martin,Engineering,95082
7693,John Walker,Engineering,70581
8213,Robert Davis,Marketing,38438
3775,Emily Anderson,IT,127860
8651,Deborah Thompson,Operations,110970
5965,Robert Martinez,Customer Service,85997
1447,James Martin,IT,70020
7370,Jessica Ramirez,Research,82265
3600,Matthew Davis,Engineering,129250
5023,James Smith,Operations,64641
8599,Joshua Martin,Customer Service,97918
5780,Jennifer Lopez,Legal,44040
2704,Daniel Walker,Customer Service,101947
4989,David Jones,Finance,59780
4517,Joshua Sanchez,Legal,140504
4850,John Williams,Legal,53170
8203,Paul Taylor,Sales,99005
4610,Mark Walker,Engineering,125195
6193,Anthony Thomas,Research,56181
9137,Mark Jackson,Customer Service,113550
5539,Dorothy Hernandez,Operations,32668
7550,Steven Lee,Legal,145956
4738,Betty Clark,Research,112150
7035,Sarah Moore,Research,141481
1640,Mark Sanchez,Research,59562
2883,Michael Allen,Legal,77085
7068,Betty Moore,IT,73098
8418,Andrew Jackson,IT,93558
6860,Robert Johnson,IT,47166
3041,Elizabeth Davis,Operations,55522
9577,James Lewis,HR,104143
1838,Lisa Thompson,Engineering,63290
4986,Deborah Allen,Engineering,101215
8066,Jessica Jones,Legal,148906
8616,Paul Garcia,HR,108639
1695,Christopher Harris,Marketing,37631
2090,John Thomas,Operations,98366
9745,Anthony Sanchez,HR,131257
6161,Donald Walker,Legal,102779
6214,Betty Ramirez,Engineering,48226
7722,Jessica Davis,Research,93444
9937,Joshua Martin,Engineering,112180
9212,Andrew Brown,HR,129112
4428,Anthony Martinez,Finance,129252
8457,Amanda Martin,IT,81630
5247,Betty Hernandez,Research,38887
5249,Paul Ramirez,Engineering,116668
6894,David Jones,Marketing,137045
8785,Steven Brown,Finance,137967
1561,David Brown,HR,47052
4559,Joshua Thomas,Operations,143499
8873,Nancy Clark,Sales,84172
3066,James Davis,Legal,149194
6268,Amanda Johnson,Marketing,77466
7242,Amanda Johnson,Research,118871
9284,Donald Harris,Sales,56765
1009,Mark Jones,Research,71202
3907,Donald Anderson,Marketing,124079
8560,Lisa White,Marketing,128893
9241,Andrew Martinez,Operations,101341
7845,Jessica Walker,Finance,58902
6474,Emily Garcia,HR,96861
8117,Michael Allen,Customer Service,143596
8043,Emily Moore,Research,94584
2629,John Brown,Research,61531
2881,Anthony Williams,Research,85859
1061,Elizabeth Walker,Research,128825
3371,Anthony Miller,Finance,123571
127,Paul Thomas,Legal,138060
8752,Jessica Brown,Sales,43678
9152,Matthew Anderson,Finance,131572
7985,James Jackson,Marketing,30624
1544,John Johnson,Finance,128152
1444,Lisa Thomas,Operations,47153
