C_ID,C_NAME,AGE_YRS,LOC_CD,REG_DT
1584,Anthony Lewis,41,San Francisco,2025-04-26
2702,Matthew Harris,44,Nashville,2022-02-14
8720,Christopher Smith,40,Jacksonville,2022-03-19
9887,Ashley Ramirez,52,San Antonio,2025-09-05
4225,Robert Miller,42,Dallas,2024-01-01
3666,Dorothy Sanchez,64,San Jose,2021-03-06
398,David Jones,35,Baltimore,2025-05-28
9065,Anthony Walker,38,Portland,2025-05-20
1679,Ashley Sanchez,42,Oklahoma City,2022-06-05
9311,Deborah Lee,31,San Antonio,2024-06-25
7526,Betty Jones,66,Fresno,2020-05-13
5515,Sarah King,62,Columbus,2025-11-11
6025,Steven Brown,23,Las Vegas,2021-12-13
5062,David Martinez,57,Houston,2023-03-24
9990,Jessica Jones,58,Mesa,2021-06-07
4469,Betty King,20,Philadelphia,2024-12-23
3248,Donald Gonzalez,60,Chicago,2021-07-05
5825,Ashley Brown,60,San Francisco,2020-01-18
1270,Joshua Williams,43,Indianapolis,2025-10-12
2417,John Allen,28,San Antonio,2022-12-24
4433,Donald Martinez,64,Las Vegas,2024-06-17
5394,Ashley Wilson,24,Kansas City,2022-01-25
3184,Robert Garcia,53,Indianapolis,2024-12-12
1479,Sarah Harris,28,Dallas,2024-09-28
4771,Karen Anderson,61,Phoenix,2021-03-19
4045,Anthony Allen,67,Washington,2023-06-23
1606,Sarah Garcia,19,Kansas City,2025-02-22
175,Ashley Davis,52,Indianapolis,2022-09-16
5781,Deborah Martin,56,Indianapolis,2022-07-07
1667,David Young,21,Fresno,2021-02-23
7296,Emily Sanchez,31,San Francisco,2025-11-09
6233,Amanda Robinson,45,Tucson,2020-03-26
1215,Matthew Wilson,54,Dallas,2021-11-16
8764,Jessica Wilson,61,Columbus,2024-10-07
3227,Emily King,48,Fort Worth,2023-11-01
447,Sarah Allen,41,Austin,2020-12-14
9935,Robert Lewis,65,Fresno,2024-04-11
919,Jessica Brown,19,Columbus,2020-02-15
1782,Anthony Lopez,40,Nashville,2022-05-25
6093,Michael Lewis,40,Fresno,2022-06-16
3498,Daniel Wilson,42,Indianapolis,2024-04-11
849,Paul Robinson,43,Jacksonville,2025-11-06
6785,Christopher Robinson,51,Louisville,2024-06-20
5940,Matthew Wilson,68,Fresno,2020-09-10
2288,Christopher Jones,43,Columbus,2024-04-22
8732,Daniel Anderson,40,Las Vegas,2024-03-13
3844,Dorothy Martinez,45,Jacksonville,2022-12-16
7855,David Wilson,25,Portland,2024-11-15
6489,Lisa Lopez,55,Houston,2020-07-14
1714,Nancy Perez,56,Philadelphia,2025-02-10
9898,Jennifer Miller,34,Phoenix,2020-02-03
7290,Andrew White,65,Charlotte,2023-03-19
2988,Jennifer Ramirez,26,Albuquerque,2024-02-26
588,Joshua Perez,66,Fort Worth,2023-06-14
9812,Mark Williams,58,Sacramento,2024-10-07
5031,Ashley Gonzalez,47,Houston,2022-10-20
2874,James Moore,62,Jacksonville,2023-01-06
2314,Robert Johnson,51,Oklahoma City,2022-07-17
2243,Robert Brown,57,Fresno,2023-08-07
1668,Sarah Martin,40,Houston,2022-01-26
9969,Matthew Thompson,46,Mesa,2025-06-12
7055,Christopher Davis,68,Sacramento,2021-01-09
1255,Betty Brown,56,New York,2025-08-26
39,Daniel Williams,28,Austin,2023-08-13
9096,Jennifer Jones,20,Mesa,2021-07-02
1001,Karen Anderson,28,New York,2020-04-19
1093,Mark Ramirez,63,San Francisco,2020-03-11
1769,Sarah King,37,Sacramento,2025-10-03
3365,Dorothy Thompson,34,Louisville,2023-03-09
2728,Lisa Miller,36,Milwaukee,2024-09-10
7109,Christopher Brown,44,Dallas,2025-11-05
1963,Deborah Gonzalez,65,Houston,2024-07-24
6886,Jane Harris,22,Tucson,2021-12-09
6204,Deborah Walker,20,Austin,2025-10-10
9899,Jennifer Garcia,37,Louisville,2023-05-15
