C_ID,C_NAME,AGE_YRS,LOC_CD,REG_DT
9716,Donald Lopez,40,San Antonio,2022-04-12
320,Deborah Clark,53,Dallas,2025-09-23
6907,Karen Johnson,59,Phoenix,2025-08-13
6,Nancy Johnson,33,Dallas,2025-05-09
9448,Dorothy Clark,28,San Antonio,2021-03-06
1064,Daniel Robinson,65,San Jose,2024-04-07
4338,Andrew Hernandez,55,San Jose,2021-09-21
4844,Mark Martin,32,Fort Worth,2020-07-06
2176,Amanda Jackson,60,Phoenix,2024-01-24
4972,Andrew Lewis,23,Mesa,2024-07-03
1546,Christopher Taylor,45,Fort Worth,2020-02-04
6507,Jane Perez,37,Nashville,2020-01-19
1559,Amanda Garcia,67,San Diego,2020-07-11
9068,Lisa Young,20,Seattle,2024-01-05
2712,John Martin,25,Fort Worth,2020-03-15
6818,Daniel Jackson,37,Austin,2020-05-17
6112,Michael Lopez,32,Denver,2024-05-11
5025,James Robinson,24,Boston,2020-06-09
944,Jennifer Williams,44,Louisville,2023-08-19
3263,Christopher Rodriguez,22,Nashville,2025-02-06
6819,Lisa Davis,39,Oklahoma City,2023-10-20
3306,Robert Martinez,19,New York,2023-02-28
1684,Emily King,64,San Diego,2021-09-11
6435,Paul Brown,39,Los Angeles,2020-09-28
8892,Jennifer Harris,61,San Francisco,2020-03-03
2031,Matthew Robinson,47,Louisville,2022-08-13
5719,Lisa Smith,58,Jacksonville,2022-04-19
5790,Mark Johnson,56,Boston,2020-08-16
9737,Anthony Robinson,55,Houston,2022-03-21
6275,Karen Garcia,28,Portland,2022-05-11
1814,James Clark,47,Chicago,2022-06-24
3983,Robert Williams,31,Columbus,2025-04-19
4766,Jane Martinez,41,Seattle,2023-12-14
2529,James Lewis,58,Mesa,2023-01-12
2235,John Brown,38,San Francisco,2025-11-10
8585,James Sanchez,60,Denver,2020-12-24
7878,Joshua Robinson,25,Houston,2024-07-23
6003,Ashley Rodriguez,43,Charlotte,2021-04-05
1055,Anthony Ramirez,70,Washington,2022-12-07
4182,Jane Thomas,59,Indianapolis,2024-06-23
910,Amanda White,40,Charlotte,2022-10-20
4905,David Hernandez,37,Fresno,2025-05-18
2051,Ashley Gonzalez,49,Milwaukee,2025-09-11
4473,Emily Moore,18,Tucson,2021-11-27
8165,David Lopez,42,Dallas,2023-05-15
5681,Paul Harris,24,San Antonio,2020-01-26
2314,Elizabeth Miller,24,Boston,2022-02-03
9396,Sarah Ramirez,39,Las Vegas,2025-08-08
5761,Andrew Young,25,Kansas City,2021-12-24
9647,Sarah King,60,San Francisco,2020-05-09
2815,Betty White,39,Kansas City,2021-08-06
3257,Matthew Brown,51,Washington,2025-10-04
5763,Steven Hernandez,23,Chicago,2023-06-11
5546,Emily Lewis,69,Houston,2022-12-22
2191,Robert Martin,64,Sacramento,2022-07-19
6227,Karen Hernandez,23,Boston,2023-10-19
2083,Anthony Taylor,40,Milwaukee,2022-12-19
7125,Anthony Jones,70,Boston,2023-03-12
3953,Sarah Jackson,61,Mesa,2022-03-22
3215,Jane Walker,67,Philadelphia,2021-02-04
9211,Christopher Smith,42,Oklahoma City,2020-09-23
3431,Emily Lee,37,Phoenix,2020-08-14
2693,James Allen,22,Albuquerque,2025-09-19
5744,Paul Smith,52,Austin,2022-08-24
7648,Michael Robinson,60,Jacksonville,2022-02-13
5615,Emily Allen,62,Columbus,2024-06-26
1661,Amanda Harris,22,Austin,2020-08-07
1602,Betty Anderson,22,Fresno,2022-09-12
3528,Lisa Davis,45,San Jose,2020-10-24
4056,Lisa Jackson,49,Milwaukee,2023-08-16
9383,Joshua Clark,55,Los Angeles,2021-11-07
7428,Donald Taylor,22,Mesa,2022-09-09
174,Elizabeth Gonzalez,32,Los Angeles,2022-04-04
1886,Nancy Wilson,67,Sacramento,2022-09-10
9057,David Young,35,Portland,2021-01-27
