C_ID,C_NAME,AGE_YRS,LOC_CD,REG_DT
4543,Christopher Gonzalez,55,Tucson,2022-05-11
4171,Donald Perez,51,San Antonio,2022-06-06
6303,Nancy Lewis,69,Dallas,2022-10-27
8584,Elizabeth Anderson,27,Charlotte,2020-05-14
8149,Anthony Taylor,22,Albuquerque,2024-04-17
4713,Amanda Miller,45,Indianapolis,2022-01-17
6380,Lisa Gonzalez,55,Austin,2025-04-26
9256,Anthony Johnson,49,Austin,2021-12-14
1991,Emily Harris,47,Denver,2024-12-17
5721,Michael Anderson,25,Milwaukee,2020-05-26
970,Ashley Smith,39,Milwaukee,2023-04-28
3347,Michael Allen,48,Columbus,2022-06-05
6239,Elizabeth Rodriguez,61,Sacramento,2023-04-24
8980,Karen Thompson,40,Washington,2020-12-26
3450,Anthony Johnson,26,Indianapolis,2022-11-05
2704,Deborah Thomas,50,Baltimore,2021-10-18
7989,Jessica Thompson,43,Washington,2020-06-02
6795,Karen Jones,27,Seattle,2024-01-19
6019,Jennifer Jackson,36,Sacramento,2023-01-10
9714,Michael Thompson,44,Fresno,2025-02-28
201,Emily Jackson,66,San Jose,2022-08-20
4444,Jennifer Hernandez,62,Kansas City,2022-07-28
9281,Karen Jackson,22,Milwaukee,2024-07-16
9023,Paul Martinez,57,Las Vegas,2024-06-06
3270,Mark White,32,Mesa,2022-03-27
2758,Christopher Thompson,65,Jacksonville,2025-05-13
171,Deborah Williams,58,New York,2021-11-28
4248,Nancy Lee,48,Columbus,2024-08-25
2984,Lisa Gonzalez,61,Austin,2022-12-02
8776,Matthew Garcia,38,Jacksonville,2023-05-19
4778,Nancy Jones,41,San Antonio,2025-01-11
321,Dorothy Ramirez,29,Houston,2021-04-18
5052,Lisa Jackson,31,Houston,2024-05-11
418,Steven Perez,21,Tucson,2023-04-04
7206,Jessica White,24,Seattle,2020-05-25
3018,Lisa Thomas,56,San Diego,2020-04-20
427,Emily Perez,54,Fresno,2020-10-10
5763,James Davis,21,Indianapolis,2023-08-28
7870,Jane Moore,53,Sacramento,2021-06-19
9666,Amanda White,60,Mesa,2022-08-06
9588,Robert Allen,55,Charlotte,2020-08-26
1986,Deborah Thomas,35,Boston,2022-06-14
9658,Anthony Hernandez,39,San Diego,2020-05-21
9263,Elizabeth Williams,19,Tucson,2021-09-11
206,Christopher King,53,Indianapolis,2025-02-23
92,Amanda Lewis,39,Indianapolis,2020-07-02
724,Robert Young,21,Washington,2022-06-25
4414,Elizabeth Perez,62,New York,2021-11-09
408,Anthony Allen,49,Philadelphia,2022-04-10
3362,Robert Wilson,19,Sacramento,2024-07-04
2901,Emily Harris,48,Milwaukee,2022-03-12
9576,Matthew Anderson,37,Mesa,2020-09-04
5940,Daniel Walker,28,Louisville,2024-12-21
549,Joshua Jones,63,Jacksonville,2020-07-01
8048,David Martin,20,Philadelphia,2021-05-05
7321,Jessica Allen,66,Oklahoma City,2023-06-14
6476,Jennifer Jackson,30,Washington,2020-01-07
7198,Lisa Jones,47,Sacramento,2025-10-17
5835,Deborah White,47,Los Angeles,2022-06-18
2765,Steven Allen,41,Chicago,2021-02-08
6234,Donald Walker,61,Tucson,2024-06-25
7593,Deborah Moore,54,Philadelphia,2025-12-18
8686,Matthew Martin,69,Dallas,2023-03-22
3901,Elizabeth Thomas,51,Houston,2024-11-04
5146,Mark Young,39,Indianapolis,2025-11-08
7147,Elizabeth Miller,44,Portland,2020-08-03
4844,Anthony Gonzalez,57,Portland,2021-08-03
761,Karen Allen,39,San Antonio,2024-09-04
6468,David Martin,30,San Diego,2023-07-22
7488,James Johnson,65,New York,2023-10-26
7851,Sarah Perez,44,San Antonio,2025-11-25
4405,Jennifer Miller,58,Baltimore,2025-07-26
3864,Deborah Clark,63,Indianapolis,2024-07-22
4949,Mark Williams,23,Charlotte,2025-03-19
1036,Robert Lewis,40,Baltimore,2023-01-26
