C_ID,C_NAME,AGE_YRS,LOC_CD,REG_DT
75,Donald Martinez,55,Kansas City,2020-02-02
3407,Christopher Rodriguez,57,Las Vegas,2025-02-12
3775,Paul Moore,50,San Jose,2022-06-27
4610,Andrew Jones,65,Louisville,2023-12-15
917,Emily Moore,68,Houston,2024-08-03
7286,Jennifer Harris,30,San Antonio,2025-12-15
2242,Jane Thomas,67,San Francisco,2023-10-23
9534,Matthew Anderson,28,Houston,2020-03-06
1079,Jennifer Williams,25,Austin,2020-08-17
9604,Anthony Martinez,25,Philadelphia,2021-03-28
6372,Christopher Walker,18,San Francisco,2025-08-11
8185,Jennifer Garcia,19,Kansas City,2024-06-19
1345,Amanda Miller,61,Washington,2024-05-05
4717,Daniel King,41,Seattle,2022-10-22
579,Paul Davis,36,Boston,2023-04-09
2314,Jessica Thompson,41,Indianapolis,2023-01-16
1968,Donald Thomas,54,Fresno,2023-09-22
2189,Michael Garcia,50,Dallas,2025-11-14
4529,Donald Lee,39,Milwaukee,2021-08-24
8921,Elizabeth Thompson,22,Mesa,2023-01-18
1946,Jane Taylor,18,Austin,2025-11-02
5997,James Miller,61,Albuquerque,2022-08-08
4765,Karen Moore,52,Mesa,2024-03-07
1094,Lisa Moore,54,Charlotte,2023-09-09
1862,Sarah Johnson,49,Mesa,2025-04-12
6323,Robert Martin,51,Kansas City,2020-11-26
4187,Dorothy Gonzalez,24,San Jose,2020-01-18
7569,John Thompson,61,Dallas,2020-10-09
7968,Lisa Walker,61,San Antonio,2021-06-23
2499,Sarah Wilson,66,Columbus,2021-07-04
6617,Jennifer King,33,Philadelphia,2021-02-08
2118,Lisa Robinson,40,Sacramento,2022-03-13
1869,John Lee,33,Tucson,2025-07-11
4848,Joshua Johnson,19,Portland,2025-04-11
7479,Steven Ramirez,33,Sacramento,2020-01-26
9951,Jennifer Gonzalez,34,Sacramento,2020-04-25
7562,Deborah King,32,Portland,2023-08-07
2766,Jennifer Moore,55,Los Angeles,2023-01-06
8808,Michael Walker,34,Houston,2020-11-24
1128,Steven Allen,57,Fresno,2022-05-24
7587,Anthony Smith,31,Phoenix,2020-04-06
9209,Joshua Robinson,34,Austin,2024-04-28
7300,Nancy Harris,22,San Antonio,2021-12-03
5468,Jane Allen,24,Columbus,2023-05-02
5324,Sarah Ramirez,27,Seattle,2021-09-07
1682,Deborah Johnson,61,San Francisco,2020-08-04
2058,Lisa Miller,29,Baltimore,2021-10-15
7406,Karen King,49,Phoenix,2021-01-06
6406,Amanda Thompson,27,Chicago,2021-10-13
2246,Karen Jackson,29,San Antonio,2021-06-07
5600,Lisa Ramirez,59,Dallas,2024-07-14
4800,Paul Brown,40,Denver,2025-05-10
1576,Joshua King,19,Nashville,2024-12-02
2854,Sarah Smith,28,Fort Worth,2024-12-12
2952,Andrew Miller,24,Philadelphia,2021-12-28
2007,Amanda Walker,65,Phoenix,2021-01-11
9921,Joshua Young,65,Tucson,2025-09-12
6228,David Johnson,45,San Francisco,2021-09-12
5190,Jane Lee,42,Tucson,2021-06-27
3021,Sarah Lewis,26,Albuquerque,2023-10-10
7616,Sarah Hernandez,68,Mesa,2025-09-17
1910,Emily Anderson,48,San Francisco,2022-07-11
3297,Lisa Smith,22,San Jose,2020-10-25
3294,Jane Martin,19,Fort Worth,2020-06-18
144,Deborah Garcia,33,Fort Worth,2021-12-06
6435,Nancy Moore,70,Houston,2020-09-25
1908,Jessica Lopez,57,Nashville,2021-07-16
75,Robert Rodriguez,39,Oklahoma City,2022-01-06
3470,Andrew Miller,48,New York,2025-03-10
5419,Michael Young,65,Albuquerque,2023-12-14
1683,Matthew Anderson,27,Indianapolis,2023-07-09
3656,Jennifer Thomas,29,Austin,2023-04-20
4582,Karen Moore,23,Baltimore,2024-01-11
5331,Christopher White,46,Las Vegas,2020-05-21
6480,Paul Thompson,51,Las Vegas,2024-03-03
