EMP_ID,EMP_NM,DEPT_CD,SAL_AMT
9395,Lisa Jackson,Sales,111070
949,Ashley Jones,Legal,36420
4828,Lisa Williams,Sales,59155
9023,Andrew Thomas,Marketing,135114
4601,Sarah Miller,Finance,130671
6012,John Wilson,Sales,44461
2168,Andrew Clark,Finance,99022
2241,Andrew Jones,Operations,112692
4456,Lisa Sanchez,Finance,82574
5709,Mark Lee,Sales,34663
6264,Jennifer Robinson,Sales,69282
4537,Paul Ramirez,Operations,72030
9316,Amanda Clark,Operations,99236
2669,Jennifer Martin,Finance,54556
750,Dorothy Brown,Customer Service,100627
8893,Michael Hernandez,Research,132199
3836,Nancy Taylor,Legal,84898
7109,Donald Davis,HR,42532
2323,Nancy Young,Marketing,102794
1826,John Lee,HR,144458
7633,Elizabeth White,Operations,64493
8568,Emily Allen,Engineering,92896
1568,Deborah Wilson,Sales,38519
8501,Amanda Gonzalez,Customer Service,114029
6430,David Robinson,Operations,94065
8577,David Clark,Finance,114593
2688,Christopher Lee,Finance,110201
9064,David Anderson,Customer Service,30980
2910,Matthew Lopez,Operations,86540
4228,Donald Thompson,Operations,91284
9669,Betty Walker,Legal,79570
1547,Christopher Hernandez,HR,125728
9482,Elizabeth Garcia,Research,52288
8401,Betty Thomas,IT,115272
8598,Jane Young,IT,98323
4447,Mark Walker,Research,96192
3861,Dorothy King,Legal,104519
6599,Daniel Garcia,Operations,46838
2331,Andrew Garcia,Sales,93794
1400,Deborah Williams,Customer Service,73305
2498,Lisa Harris,HR,57729
7454,Betty Martin,IT,68126
704,Emily Martin,Operations,71098
1607,Michael Walker,Engineering,35442
3915,Betty Jones,Customer Service,95896
5664,James Lee,Legal,43785
4546,Lisa Thompson,Operations,67348
2088,Sarah Harris,HR,91460
141,Mark Brown,Marketing,80106
1974,Anthony Taylor,Engineering,103078
9131,Nancy Williams,Research,92228
5376,Daniel Thomas,Legal,98332
1416,Michael Brown,Customer Service,107427
1528,Sarah Lee,Sales,62195
1828,Betty Martin,Engineering,95162
8270,Christopher Perez,Operations,101782
314,Amanda Miller,Marketing,61274
1642,Anthony Williams,Legal,89453
9287,Daniel Davis,Engineering,134013
7331,Betty Taylor,IT,138005
9246,John Jones,IT,52516
8567,Ashley Smith,HR,74304
4352,Betty Jones,Operations,122020
7919,Dorothy Allen,Engineering,39905
9125,Andrew Miller,Sales,120302
6358,Anthony Lopez,Customer Service,53226
3472,Joshua Anderson,Engineering,83771
7565,Robert Anderson,Operations,107703
8954,Emily Clark,Operations,83555
622,Dorothy Rodriguez,Legal,67844
429,Sarah Jackson,Finance,69585
8111,Emily Jones,Sales,87659
3050,James Rodriguez,IT,94672
6411,Paul Williams,Customer Service,126357
6333,Paul Allen,Research,62873
4716,Anthony Jones,Customer Service,70535
3166,James Hernandez,Sales,118590
5331,Betty Martin,Operations,45055
7858,Elizabeth Davis,HR,85654
9506,Anthony Ramirez,Marketing,133545
2680,Mark Harris,Research,114832
1595,Jennifer Taylor,Operations,113973
9017,Robert Rodriguez,Marketing,132937
7604,Jessica Anderson,Finance,116994
9280,Andrew King,Marketing,140517
5535,Betty Wilson,Research,75148
9498,Dorothy Young,Operations,132121
6155,Emily Perez,Research,140919
4941,Ashley Gonzalez,HR,52953
1557,Elizabeth Harris,Operations,73687
4650,John Johnson,Engineering,97227
5669,Dorothy Garcia,Customer Service,141270
6875,Karen Sanchez,HR,122593
6034,Sarah Smith,HR,115515
3412,Joshua Lewis,Customer Service,143784
2250,Daniel Taylor,Research,60682
8613,Steven Johnson,Finance,78646
1918,David Garcia,IT,116551
9994,Daniel Harris,Marketing,143269
1587,Mark Davis,IT,139385
