EMP_ID,EMP_NM,DEPT_CD,SAL_AMT
3110,Sarah Walker,HR,105842
1854,Lisa Thomas,Research,122679
5081,John Jones,IT,74421
1665,Matthew Jones,Marketing,42250
7924,Sarah Garcia,Sales,133846
8189,Deborah Gonzalez,Sales,122404
1284,Karen King,Legal,133982
5146,Lisa Johnson,Legal,36891
3108,James Jones,Operations,64289
475,Sarah Wilson,Operations,97268
4678,John Johnson,Finance,47982
2445,Robert Young,Sales,108837
2974,Matthew Smith,IT,127306
7492,Paul Hernandez,Research,87045
5227,Daniel Thomas,Research,52693
679,John Johnson,Operations,112944
3964,Deborah Miller,IT,115670
9601,Anthony Lee,Customer Service,59991
7743,Steven Harris,Operations,78635
3632,Lisa Rodriguez,Operations,99549
5379,Matthew Johnson,Research,73130
8987,Lisa Martinez,Finance,116477
1821,Karen Martin,Research,124389
839,Matthew Davis,Sales,69856
9023,Steven Davis,Legal,35210
9325,Michael Jones,Legal,54750
2833,Paul Smith,Research,79139
2934,Donald Lewis,Sales,132171
4930,Sarah Moore,Operations,102973
869,Daniel Thompson,Finance,133882
8437,Ashley Gonzalez,Operations,43552
648,Jessica Sanchez,Finance,94620
1390,Matthew Smith,Marketing,81475
9505,Dorothy Wilson,Operations,140778
1190,Karen Jones,Legal,45521
3827,Lisa Martin,IT,149867
8107,Mark Ramirez,Sales,146290
2687,David Clark,Legal,66044
5363,Robert Allen,Research,53935
836,John Sanchez,Operations,142883
6573,Betty Gonzalez,Engineering,69970
4641,Dorothy Lewis,Finance,42883
5320,Amanda Young,Legal,124224
4740,Lisa Jackson,IT,107381
9816,Christopher Wilson,Customer Service,59874
5890,Jane Brown,Operations,86045
675,Mark Garcia,Sales,108106
1006,Steven Moore,Finance,125753
9704,Elizabeth Rodriguez,Operations,141276
7776,Emily White,Research,44485
565,Christopher Williams,IT,123537
7757,John Moore,HR,124739
1113,Jessica King,Legal,98700
7416,David Gonzalez,Marketing,33603
2608,Donald Lee,Engineering,73371
5862,Joshua Clark,IT,146453
9992,Dorothy Hernandez,IT,128333
487,Dorothy Miller,HR,112870
8288,David King,Research,134953
6048,Mark Smith,Research,40503
5118,Karen Hernandez,Customer Service,86930
9915,Steven Miller,Marketing,59694
2140,Emily Lopez,Engineering,117937
4018,Christopher Gonzalez,Legal,145215
2976,Jennifer Johnson,Sales,70701
4280,Robert Clark,Customer Service,32544
6072,Donald Young,Engineering,139095
1869,Nancy Harris,Legal,105815
6021,Matthew White,HR,99933
3051,Amanda Martin,HR,85411
1010,Amanda Lee,Research,86469
3037,David Lopez,Finance,148197
6597,Robert White,Research,95667
2364,Betty Brown,Legal,139435
1598,Nancy White,Sales,106671
3146,Andrew Rodriguez,HR,122878
3886,Steven Thomas,HR,35678
7426,Betty Thompson,IT,98878
3018,Christopher Thomas,IT,123589
8613,David Lewis,IT,91933
6223,Donald Johnson,Customer Service,135270
6228,Jessica Rodriguez,Customer Service,66755
452,Jennifer Brown,Marketing,69991
2895,John Lopez,Marketing,132201
887,Anthony Garcia,IT,140008
8290,Lisa Walker,Research,144627
1771,James Wilson,Finance,147681
9854,Jane Thomas,Sales,136452
9500,Steven Lewis,HR,95481
6137,Jennifer Young,Engineering,122982
6996,Jessica Allen,Research,81951
1604,Jessica Smith,Customer Service,76888
8933,David White,Operations,83785
7973,Joshua Jones,Legal,46168
8590,Michael Lopez,Finance,44978
5858,Matthew Thompson,IT,87296
3235,Lisa Ramirez,Sales,73064
7038,Lisa King,Sales,77663
8590,Joshua Lewis,Finance,108525
860,Amanda Walker,Finance,146708
