C_ID,C_NAME,AGE_YRS,LOC_CD,REG_DT
4204,Ashley Thompson,25,Albuquerque,2023-02-25
8241,Ashley Taylor,53,Los Angeles,2025-06-01
8245,John Anderson,24,Mesa,2024-05-28
339,Mark Perez,20,San Jose,2024-12-20
9126,David Brown,58,Columbus,2021-10-14
6033,Paul Moore,26,New York,2025-10-13
4464,Ashley Thompson,23,Denver,2021-04-10
4690,Jane Lewis,70,Louisville,2023-02-05
6708,Paul Jackson,55,Los Angeles,2022-01-04
3256,Paul White,63,Milwaukee,2024-03-07
1055,Steven Jackson,47,Baltimore,2021-09-03
5104,Deborah Robinson,53,San Antonio,2021-09-03
8114,Lisa Young,63,Boston,2021-12-03
636,Jennifer Brown,48,Denver,2022-02-01
8919,Jane Sanchez,39,Seattle,2024-11-18
2449,Matthew Robinson,48,Denver,2021-04-03
563,David Sanchez,43,Fort Worth,2025-02-26
6229,Deborah Walker,60,Seattle,2020-07-26
2210,Dorothy Young,62,Louisville,2022-09-24
8463,Joshua Ramirez,36,Los Angeles,2021-03-12
44,Deborah Thompson,60,Dallas,2024-07-25
4070,Jennifer Moore,24,San Jose,2024-03-26
463,Jennifer Jackson,34,Oklahoma City,2021-06-10
545,Jessica Robinson,44,Dallas,2022-07-18
4660,Deborah Allen,60,Mesa,2022-09-18
6752,Robert Jackson,41,Chicago,2025-08-28
11,Jane Martin,49,Mesa,2023-06-21
2432,Michael Davis,65,Austin,2022-11-23
1797,Michael Perez,70,Dallas,2021-01-23
5536,David Perez,29,Milwaukee,2025-04-01
7489,David Taylor,60,Columbus,2021-08-26
9297,David Williams,59,Louisville,2025-03-03
5394,Betty Miller,36,Philadelphia,2025-04-14
4106,Christopher Thomas,31,Baltimore,2024-08-28
9192,Daniel Taylor,66,Denver,2020-08-10
710,Mark Clark,67,Jacksonville,2021-07-25
9258,Elizabeth Smith,59,Fort Worth,2022-08-03
949,Lisa Moore,52,Jacksonville,2020-10-07
1788,Daniel Lewis,18,Kansas City,2023-12-12
9927,Jane Hernandez,67,San Francisco,2023-02-13
4212,Lisa Wilson,31,Fort Worth,2024-06-19
4829,Christopher Sanchez,30,Louisville,2023-05-04
1001,Andrew Thompson,19,Albuquerque,2023-02-23
3889,Karen Ramirez,24,San Jose,2021-11-26
1862,Donald Brown,22,San Jose,2023-07-17
6504,Karen Hernandez,47,Chicago,2024-02-25
8614,Karen Moore,35,Portland,2022-05-20
6532,Steven Robinson,60,Charlotte,2020-12-23
9220,Karen Sanchez,33,Washington,2021-11-04
185,Jessica Young,67,Washington,2020-02-03
5335,Daniel Robinson,22,Austin,2022-04-26
5816,Karen Brown,28,Milwaukee,2020-01-08
9701,Amanda Johnson,70,Sacramento,2025-04-01
6890,Michael Harris,18,Louisville,2020-05-09
8901,Sarah Jones,56,Albuquerque,2020-02-19
193,Nancy King,60,Austin,2024-07-26
3410,Betty Wilson,21,Kansas City,2025-10-14
460,Dorothy Clark,54,Charlotte,2025-05-04
237,Daniel Jones,20,San Diego,2021-06-09
9945,Jessica Anderson,26,Jacksonville,2020-06-23
3654,Deborah Sanchez,63,Oklahoma City,2023-08-05
2079,Christopher Miller,54,Austin,2022-05-12
5358,Sarah Davis,57,Portland,2024-10-15
3178,Betty Lopez,27,Sacramento,2021-11-08
5978,Nancy Thomas,55,Tucson,2022-05-20
5367,Daniel Young,20,Philadelphia,2021-09-09
9410,Nancy Johnson,18,Nashville,2023-10-20
2802,Elizabeth Ramirez,56,Los Angeles,2020-06-23
1327,Joshua Sanchez,66,Boston,2021-10-13
8563,Matthew Clark,70,San Jose,2020-02-07
5990,Christopher Gonzalez,32,San Antonio,2022-02-10
7628,Robert Johnson,60,Louisville,2020-02-10
2708,Sarah Garcia,46,Seattle,2021-07-18
9227,Betty Jackson,68,Oklahoma City,2022-04-06
9122,Sarah Wilson,58,Milwaukee,2020-06-07
