C_ID,C_NAME,AGE_YRS,LOC_CD,REG_DT
1377,Donald Wilson,64,Tucson,2023-09-06
955,Karen Taylor,33,Dallas,2020-08-11
7813,Paul Rodriguez,51,Denver,2020-10-24
2024,Donald Martin,66,Washington,2020-09-04
9653,Robert Taylor,39,Albuquerque,2024-05-12
9857,Paul Sanchez,67,New York,2024-12-17
892,Betty Martin,56,Kansas City,2025-06-01
5208,Jennifer Sanchez,54,Jacksonville,2021-05-12
8194,Lisa Wilson,22,Nashville,2022-05-27
4542,John Miller,50,San Francisco,2023-08-14
8318,Betty Rodriguez,47,Washington,2020-08-13
9720,Deborah Rodriguez,65,Phoenix,2021-10-10
5053,Ashley Perez,69,Baltimore,2025-05-18
8354,Andrew Ramirez,56,Jacksonville,2023-08-12
3715,Elizabeth Walker,45,Denver,2025-09-15
7393,Jane Clark,57,Louisville,2023-10-10
7558,Ashley Lee,61,Fort Worth,2025-07-27
3325,Christopher King,35,Charlotte,2024-05-10
1519,Nancy Garcia,61,San Diego,2023-02-16
4428,Daniel Young,65,Albuquerque,2024-06-22
1170,Jane Rodriguez,47,Houston,2020-11-12
6419,Anthony Miller,30,Denver,2024-01-10
1434,Robert Clark,29,Kansas City,2023-06-18
3280,Joshua Brown,56,Chicago,2022-03-04
1096,Betty Thompson,36,San Diego,2024-02-20
8386,Anthony Lee,40,Albuquerque,2023-11-25
4539,Lisa Rodriguez,62,San Jose,2022-05-12
8995,Lisa Harris,62,Louisville,2023-06-19
7995,Deborah Sanchez,62,Oklahoma City,2023-01-18
7716,John Martin,41,Tucson,2024-07-15
7462,Betty Anderson,56,San Diego,2023-02-12
6148,Paul Ramirez,26,Austin,2023-08-02
4387,Mark Martinez,61,Louisville,2025-11-01
3302,Dorothy Smith,41,Tucson,2023-08-01
7177,Donald Perez,26,Dallas,2020-10-21
7897,James Taylor,39,Boston,2024-10-11
941,Matthew Allen,46,Columbus,2025-07-11
807,Christopher Clark,66,San Diego,2025-10-06
3050,Paul Moore,25,Jacksonville,2024-05-05
4930,Lisa Lewis,59,Philadelphia,2020-07-26
6700,Sarah Young,46,Indianapolis,2021-07-12
417,Daniel Johnson,48,Baltimore,2023-03-17
354,Karen Clark,57,Portland,2024-11-14
1708,Lisa Gonzalez,62,Oklahoma City,2021-07-09
3452,Matthew Clark,45,Phoenix,2021-11-02
2623,John King,52,Boston,2022-11-11
8196,Donald Gonzalez,30,Los Angeles,2022-06-19
1421,Jessica Thomas,37,Baltimore,2024-08-06
5043,Emily Walker,51,San Diego,2021-05-10
7034,Andrew Brown,59,Boston,2023-02-04
7858,Karen Martin,55,Fresno,2025-08-03
9609,James Lopez,19,Columbus,2021-02-23
189,Donald Brown,66,Oklahoma City,2020-01-06
3278,Ashley Brown,70,Nashville,2025-10-20
4495,Sarah Smith,65,San Diego,2025-07-14
3450,Amanda Williams,52,Indianapolis,2023-10-13
8493,Matthew Sanchez,66,Baltimore,2020-08-08
2217,Nancy Thompson,40,Jacksonville,2023-05-28
7224,Anthony Martin,19,San Francisco,2021-06-20
6945,Daniel Thompson,39,San Diego,2025-06-09
4904,Michael Williams,33,Austin,2025-06-25
9413,Jessica Thomas,41,Fresno,2022-05-17
8443,Betty Brown,22,Las Vegas,2022-07-18
5029,Joshua Lopez,67,New York,2024-11-06
6721,Elizabeth Smith,68,Chicago,2021-04-12
3045,Jennifer Anderson,30,Portland,2020-05-13
9533,Paul Taylor,23,Dallas,2021-06-03
3760,Steven Williams,45,Indianapolis,2022-06-10
8820,David King,19,Baltimore,2025-02-27
5354,Dorothy Williams,65,Houston,2021-03-09
9682,Robert Walker,29,San Antonio,2024-09-04
6720,Jennifer Rodriguez,34,New York,2025-02-24
4109,Joshua Lopez,33,Columbus,2021-08-22
4017,Donald Harris,26,Las Vegas,2022-07-02
8577,Robert Jackson,68,San Diego,2024-08-04
