C_ID,C_NAME,AGE_YRS,LOC_CD,REG_DT
8463,Amanda Walker,50,Kansas City,2024-03-01
1859,John Clark,31,Austin,2021-08-22
9870,Nancy Jones,28,Indianapolis,2024-10-26
1492,Nancy Lopez,37,Washington,2024-05-13
8067,Dorothy Wilson,50,Portland,2025-11-25
4123,Paul Gonzalez,26,Columbus,2022-04-26
433,Steven Johnson,65,Philadelphia,2023-01-18
6629,Nancy Thompson,70,Chicago,2021-04-22
6123,Michael Williams,34,Portland,2022-11-21
6202,Donald Jackson,58,New York,2024-07-17
3309,Ashley White,57,Dallas,2023-05-22
9048,Donald White,32,Milwaukee,2020-11-03
2475,Karen Miller,48,Kansas City,2024-10-14
7017,Jennifer Hernandez,48,Charlotte,2023-03-28
8238,Paul Jackson,55,Baltimore,2024-01-06
1491,Emily Martinez,37,Indianapolis,2025-12-12
7642,Jessica Walker,36,Jacksonville,2025-08-07
2159,Lisa Williams,30,Albuquerque,2022-01-22
7458,Nancy Martin,40,Tucson,2021-02-24
3705,Lisa Anderson,39,Fort Worth,2020-03-10
971,Betty Sanchez,45,Chicago,2022-08-17
8490,Emily Garcia,39,Los Angeles,2024-08-27
9175,Jane Rodriguez,43,Austin,2024-12-23
779,Anthony Allen,58,Nashville,2021-05-18
4905,Amanda Clark,23,Phoenix,2022-03-01
4715,Michael Martin,28,Dallas,2020-12-27
2366,John Garcia,49,Sacramento,2025-05-21
3308,Ashley Wilson,61,Washington,2021-12-24
9981,Karen Taylor,24,Kansas City,2025-09-14
9972,Amanda Clark,56,San Francisco,2021-05-14
2779,Lisa Ramirez,61,Las Vegas,2020-04-12
9159,Anthony Moore,43,Portland,2024-08-15
1219,Karen Thomas,28,Houston,2024-08-03
5327,Jennifer Thompson,40,Seattle,2020-11-14
3632,Lisa Martinez,58,Sacramento,2025-09-03
5232,Elizabeth Sanchez,40,Seattle,2024-01-08
8969,David Lopez,22,Kansas City,2025-08-08
6551,Betty Williams,47,Denver,2023-12-06
8689,Nancy Thomas,32,Indianapolis,2025-03-26
2807,Matthew Gonzalez,38,Seattle,2021-10-17
2031,Robert Anderson,40,Dallas,2024-07-23
3461,Steven Allen,59,Nashville,2022-09-14
6408,Emily Sanchez,57,Albuquerque,2021-09-07
5138,Daniel Moore,29,Fresno,2020-04-09
5644,Christopher Gonzalez,32,San Jose,2022-02-02
7872,Ashley Jones,48,Los Angeles,2020-01-24
5462,Steven Jones,43,Columbus,2022-07-08
1206,Amanda Gonzalez,37,Baltimore,2025-06-17
4276,Paul Robinson,56,Dallas,2024-12-28
2134,Nancy Moore,57,Austin,2020-05-05
5941,Anthony Lewis,52,Columbus,2022-04-21
1065,Andrew Ramirez,37,New York,2025-05-18
5408,Jessica Hernandez,21,Seattle,2020-03-15
9353,Jessica Davis,33,Philadelphia,2025-12-26
125,Jane Lee,65,San Francisco,2022-01-21
1257,Deborah Thompson,27,Milwaukee,2023-01-07
590,Michael Thompson,43,Charlotte,2021-07-05
6909,John Perez,66,Denver,2022-04-25
5984,Michael Jones,61,Kansas City,2020-12-09
5129,Lisa Thompson,18,Charlotte,2024-09-14
9065,Anthony Allen,26,Tucson,2025-08-10
5526,Elizabeth Harris,63,Fresno,2021-08-28
4044,Christopher Harris,25,Louisville,2025-10-17
2521,Jane Harris,59,Baltimore,2024-12-10
3478,Ashley Moore,62,Fresno,2021-03-22
8825,Karen Smith,36,Seattle,2023-04-01
6796,Ashley Martinez,58,Washington,2024-02-10
3314,Deborah Williams,55,Charlotte,2023-11-05
2202,Robert Harris,48,Chicago,2021-06-01
3730,Mark Thompson,65,Houston,2020-02-06
8379,Jane Robinson,35,Albuquerque,2020-02-08
6919,Lisa Jackson,53,Oklahoma City,2022-12-11
5460,Lisa Thomas,62,Austin,2020-05-09
8324,David Thomas,38,Denver,2025-11-10
5492,Jennifer Lee,60,Nashville,2020-06-17
