EMP_ID,EMP_NM,DEPT_CD,SAL_AMT
99,John King,Customer Service,105703
1165,David Young,Finance,62486
9480,Sarah Perez,Marketing,40392
8263,Steven Harris,Finance,138525
3071,Andrew Anderson,Marketing,137309
6903,Lisa Young,Finance,62172
3969,Karen Garcia,Customer Service,78273
8481,Amanda Miller,Sales,123801
7240,Amanda Allen,Operations,69956
5314,James King,IT,131585
2113,Lisa Clark,Research,55230
3051,Dorothy Williams,Marketing,143074
7150,Mark Harris,Operations,97477
3797,Jane Taylor,Operations,103455
5708,Christopher Allen,Finance,68833
4009,Michael Harris,Marketing,105492
8316,Jessica Jones,Sales,80889
6422,Sarah Thomas,Finance,119526
942,Robert Garcia,Engineering,94359
1788,Paul Robinson,Legal,95942
9020,Steven Miller,Research,52401
8692,Deborah Jones,Finance,95538
378,John Allen,Finance,74212
3301,Christopher Miller,Customer Service,63649
1578,Deborah Lopez,HR,94761
432,Matthew Allen,Sales,43019
3208,Karen Sanchez,Finance,95720
242,Anthony Ramirez,Marketing,99680
782,Elizabeth Miller,HR,78342
6647,Nancy Rodriguez,Legal,81643
160,Sarah Gonzalez,Customer Service,123878
7870,Paul Lopez,Marketing,49675
8785,Lisa Walker,Operations,127478
3827,Jane Walker,Finance,139550
6508,Ashley Jones,Finance,49343
3814,Betty Miller,Engineering,42838
7628,Lisa Davis,Customer Service,118283
6282,Paul Wilson,Engineering,125042
1715,Sarah Williams,Sales,113679
2518,Andrew Sanchez,Customer Service,130119
9507,Emily Hernandez,Research,60503
3642,Sarah Martinez,Engineering,58551
1243,Deborah Lopez,Finance,39029
530,Steven Martinez,HR,84066
9818,Michael Lee,Legal,30957
9190,Steven Davis,Research,145854
3964,Matthew Clark,Legal,89479
1055,Jane Thomas,Operations,59980
9492,Sarah Moore,Operations,101007
3222,Paul Ramirez,Sales,99443
3122,Emily Hernandez,Finance,125617
5863,Lisa Thomas,Operations,43714
5977,Jennifer Taylor,Research,65254
5212,Paul White,Customer Service,100234
9090,Mark Gonzalez,Marketing,148796
43,Nancy Lewis,Marketing,145530
3224,Christopher Walker,HR,96586
3642,Emily Harris,HR,109163
9724,Sarah Martin,Customer Service,146832
2795,Donald Thomas,Legal,125867
8443,Betty Harris,Marketing,84640
9608,Deborah Walker,Marketing,98112
1382,Nancy Lee,IT,142336
4422,Dorothy Perez,Legal,137490
6493,Jessica Hernandez,Engineering,101864
9887,Steven Martinez,HR,130285
311,Anthony Martinez,Legal,75284
8145,James Sanchez,HR,79227
4324,Michael Hernandez,Customer Service,40906
3168,Michael Smith,Legal,52683
9257,Michael Martinez,Research,135291
1740,Jane Ramirez,IT,104699
903,James Anderson,Sales,31574
8341,Sarah Williams,Finance,30188
657,Lisa Lee,Marketing,132336
2976,Robert Ramirez,Customer Service,126746
3406,Andrew Robinson,Marketing,110411
6559,Amanda Garcia,HR,95830
7649,Ashley Rodriguez,Customer Service,70940
4184,Christopher Martinez,HR,62399
5816,Ashley Smith,Legal,148036
4020,Nancy Garcia,Sales,131150
9771,Lisa Martin,Finance,110946
9120,Jessica Jones,Sales,133292
6985,Andrew Davis,Customer Service,82731
3198,Dorothy Robinson,Legal,139778
1198,James Martin,Customer Service,132214
2722,Lisa Martin,HR,82084
383,Joshua Rodriguez,HR,58960
8796,Lisa Young,Finance,139926
125,Ashley Sanchez,Finance,61841
1782,David Young,Legal,63459
4424,Lisa Jones,Research,47125
5638,Jennifer Lopez,Operations,139590
4736,David Sanchez,Finance,108027
1624,Dorothy Young,HR,126845
4243,Emily Williams,Research,48471
4312,Robert Young,Sales,91312
7172,Anthony Lopez,Marketing,114498
3195,Jennifer Martin,Legal,86852
