C_ID,C_NAME,AGE_YRS,LOC_CD,REG_DT
6323,Karen Williams,36,San Diego,2024-12-17
1731,James Robinson,67,Jacksonville,2022-01-11
1863,Paul Robinson,45,San Jose,2025-04-22
2464,Dorothy Hernandez,32,Fresno,2022-10-13
2003,Paul Davis,23,Mesa,2024-03-07
3006,Joshua Allen,57,Boston,2023-08-27
467,Ashley Jackson,34,Nashville,2025-09-19
9672,Jennifer Young,38,Boston,2021-03-12
3722,Daniel Ramirez,57,Tucson,2023-05-01
6456,Andrew Miller,67,Mesa,2024-01-20
4546,Dorothy Thomas,48,Houston,2022-12-19
239,Nancy Thompson,19,Columbus,2024-11-19
5345,Daniel Williams,36,San Diego,2020-04-13
8715,Lisa Ramirez,69,Washington,2022-04-19
9843,Daniel Martin,25,Seattle,2020-08-17
52,Jane Martinez,28,San Francisco,2020-04-24
653,Donald Gonzalez,35,San Diego,2023-05-14
6478,Lisa Smith,44,Mesa,2023-11-09
5961,John King,37,San Jose,2024-01-21
1213,James Martinez,53,San Francisco,2025-07-09
4430,Lisa Gonzalez,67,Oklahoma City,2023-09-25
2793,Christopher Robinson,18,San Antonio,2024-11-14
5297,Ashley Taylor,57,Fresno,2021-10-09
2100,Nancy Lewis,62,Sacramento,2025-09-15
6911,David Jones,41,Houston,2020-11-01
5406,Jessica Hernandez,31,San Jose,2020-01-09
7194,Christopher Clark,41,Indianapolis,2020-07-18
512,Mark Lewis,31,Boston,2021-03-12
6774,Andrew Hernandez,22,New York,2023-08-16
3001,Andrew Perez,51,Indianapolis,2023-05-04
4501,James Ramirez,46,Seattle,2021-04-07
765,Amanda Davis,18,Baltimore,2023-02-07
2995,David Sanchez,60,Columbus,2024-09-08
989,Jane Martinez,30,Oklahoma City,2023-03-23
1865,Elizabeth Johnson,22,Phoenix,2020-03-23
6307,Karen Williams,34,Mesa,2022-01-24
6895,Christopher Garcia,35,Phoenix,2025-05-16
8214,Lisa Robinson,62,Fresno,2025-09-23
4245,Robert Clark,57,Oklahoma City,2024-07-14
5022,David Martinez,32,Las Vegas,2025-12-23
4701,Donald Martinez,67,Austin,2024-10-16
9207,Donald Moore,49,San Diego,2020-02-09
716,David Johnson,42,Mesa,2025-09-25
3055,Elizabeth Thompson,33,New York,2020-06-10
3562,Joshua Wilson,43,Sacramento,2023-06-22
3265,Daniel Taylor,69,Houston,2024-08-27
9206,Steven Jackson,24,San Jose,2022-07-21
6261,Karen Allen,70,Seattle,2021-11-03
5746,Paul Martin,62,Jacksonville,2022-09-11
466,Emily Johnson,36,Portland,2023-02-18
7261,Jennifer Garcia,50,Tucson,2021-03-15
6486,Christopher Sanchez,35,San Jose,2025-07-22
3771,Anthony Thomas,53,Charlotte,2020-06-12
4195,Matthew Miller,40,Charlotte,2024-01-11
8874,Nancy Allen,46,Albuquerque,2022-08-05
6398,Karen Clark,49,Oklahoma City,2022-01-02
3249,Matthew Smith,56,Kansas City,2023-01-07
3704,Dorothy Jackson,29,Austin,2023-06-18
6623,James Ramirez,64,Sacramento,2020-05-18
2358,Jessica Wilson,41,Columbus,2020-12-22
6272,Donald Wilson,28,Portland,2025-06-18
7756,Matthew Williams,65,Jacksonville,2025-11-03
9973,Joshua Johnson,27,Phoenix,2024-09-04
145,Ashley Walker,59,Las Vegas,2021-09-10
8734,John Clark,34,Oklahoma City,2024-01-13
4247,Karen Lopez,19,Washington,2021-09-04
2994,Robert Walker,28,Fort Worth,2023-08-24
3942,Nancy Rodriguez,42,Indianapolis,2021-05-07
9971,Steven Moore,43,Portland,2023-08-12
1111,Deborah Harris,62,Baltimore,2021-08-07
8091,Elizabeth Lee,55,Sacramento,2024-10-22
5844,Andrew Anderson,63,Charlotte,2024-11-21
2645,John Davis,28,Phoenix,2025-03-07
1683,James Lewis,19,Oklahoma City,2021-01-09
8234,Paul Harris,34,Fresno,2024-09-03
