C_ID,C_NAME,AGE_YRS,LOC_CD,REG_DT
2552,Jessica Hernandez,32,Chicago,2020-05-20
371,Jessica Smith,39,Jacksonville,2020-03-08
1128,Robert Garcia,39,Denver,2024-01-24
548,John Garcia,59,Charlotte,2025-10-04
3758,Steven Martin,31,Albuquerque,2025-04-08
1147,Ashley Hernandez,55,San Jose,2024-08-19
8729,Donald Thomas,24,Milwaukee,2025-01-21
2962,David Hernandez,58,Houston,2024-03-03
5723,Emily Clark,64,Austin,2025-10-05
4086,John Williams,64,San Antonio,2024-11-05
3447,Deborah Martin,37,Kansas City,2021-06-11
7440,Daniel Harris,20,Los Angeles,2024-07-12
6587,Christopher King,29,Mesa,2022-09-28
2487,Jessica Garcia,33,Indianapolis,2021-08-01
611,John Thompson,56,Fort Worth,2020-02-26
4396,Amanda Allen,51,Columbus,2024-03-24
3735,Daniel Lewis,20,Columbus,2025-12-01
1378,Lisa Robinson,61,Dallas,2024-05-18
6873,David Clark,69,Nashville,2021-11-19
6470,Jessica Perez,49,San Jose,2023-04-16
9905,Robert Smith,69,Louisville,2023-06-16
4921,Dorothy Brown,52,Fresno,2025-04-06
6399,Donald Clark,40,New York,2024-01-13
3870,Daniel White,39,Louisville,2023-04-26
4877,Joshua Miller,62,Kansas City,2022-11-20
3576,Ashley Martinez,25,Oklahoma City,2020-03-02
7922,John Young,35,Jacksonville,2020-02-09
8024,Robert Johnson,29,Boston,2024-09-18
7556,Jennifer Robinson,44,Denver,2024-05-15
6969,Jessica Johnson,20,Nashville,2023-12-21
5875,Matthew Smith,47,Sacramento,2021-12-25
1881,Lisa Martinez,66,Fort Worth,2021-12-02
4625,Emily Anderson,55,Fresno,2024-11-02
9678,Christopher Clark,31,Indianapolis,2025-10-23
7588,James Walker,52,Phoenix,2021-05-13
201,Lisa Lopez,64,Seattle,2025-09-17
9634,Jennifer White,36,San Diego,2025-01-09
2142,Paul Jones,35,San Francisco,2023-07-02
5793,Anthony Martinez,57,Seattle,2022-03-11
1054,Paul Clark,24,Kansas City,2021-06-18
1396,Lisa Allen,54,Fort Worth,2023-05-15
4540,Christopher Perez,19,Oklahoma City,2023-10-18
9433,Daniel Robinson,68,Oklahoma City,2020-05-24
2306,Lisa Lee,45,Philadelphia,2022-08-16
7810,David Ramirez,56,Fort Worth,2024-07-04
3626,Lisa Moore,37,Las Vegas,2020-07-08
3611,Dorothy Lewis,68,Mesa,2022-05-17
9456,Lisa Johnson,51,Jacksonville,2024-03-07
4494,Emily Wilson,42,Baltimore,2025-04-22
7738,Ashley Thompson,63,Fort Worth,2023-02-21
309,Elizabeth White,42,Sacramento,2020-06-25
5542,Donald Harris,57,Louisville,2021-08-18
875,Lisa Williams,69,Houston,2021-11-23
3189,Deborah Perez,23,Tucson,2021-04-24
2440,Robert Rodriguez,43,Los Angeles,2022-06-12
9661,Jennifer Perez,59,Philadelphia,2025-01-03
9225,Paul Robinson,61,Mesa,2020-05-16
8209,Anthony Anderson,24,Oklahoma City,2024-08-15
9239,Karen Hernandez,38,New York,2023-06-09
4465,Dorothy Gonzalez,60,Sacramento,2023-09-04
9694,Anthony Taylor,47,Denver,2024-05-16
2597,John Harris,18,Houston,2021-02-22
5950,James Jones,42,Los Angeles,2021-11-22
2360,Lisa Garcia,22,Oklahoma City,2025-05-19
6940,Dorothy Wilson,53,Los Angeles,2023-01-22
1212,Deborah Young,40,Austin,2025-10-16
4331,Nancy Lopez,25,Jacksonville,2025-05-08
590,Mark Hernandez,23,San Antonio,2023-01-02
4368,Deborah Gonzalez,39,Denver,2024-07-09
7070,David Young,43,Fresno,2024-08-04
5952,James Robinson,50,Las Vegas,2021-04-24
4544,Lisa Brown,45,Fort Worth,2023-09-06
1659,Nancy Wilson,38,Las Vegas,2025-03-23
4006,Dorothy Thomas,59,Phoenix,2020-02-25
2320,Jane Young,30,Louisville,2025-01-12
