EMP_ID,EMP_NM,DEPT_CD,SAL_AMT
4062,Betty Clark,Engineering,144380
9277,James Perez,Research,93410
3751,Emily White,Sales,139276
1676,Robert Wilson,Finance,116036
9854,Karen Johnson,Engineering,93564
8270,Ashley Young,Legal,52587
7705,David Gonzalez,Research,92518
6432,Joshua Taylor,Legal,58639
1884,Lisa Williams,IT,43737
8903,Lisa Allen,Operations,77424
9433,Jennifer Wilson,Marketing,126981
2468,Nancy Johnson,Engineering,52675
3046,Paul Brown,Sales,47502
2316,Andrew Thompson,Marketing,98645
3037,Betty Hernandez,Sales,125854
2329,Dorothy Davis,IT,111109
4432,Betty Jackson,Marketing,90210
4944,Ashley Brown,IT,34554
4492,Lisa Garcia,Operations,42958
8135,Emily Brown,IT,64231
3068,Anthony Williams,IT,40186
7739,Sarah King,Operations,102698
4972,Jane Miller,Customer Service,75676
3015,Anthony Wilson,HR,90720
206,Robert Johnson,Research,92771
979,Ashley Lee,IT,111617
6941,Jane Sanchez,Customer Service,139388
1636,Jessica Allen,Finance,96582
1531,Sarah Lopez,Legal,60071
6424,Joshua Wilson,Marketing,79332
6459,Deborah Clark,Operations,51615
9661,Lisa Perez,IT,31461
9115,Anthony Ramirez,IT,55914
2518,Joshua White,Marketing,43253
5676,Sarah Thompson,IT,39916
6942,Jane Ramirez,Engineering,107771
3418,Robert Perez,Legal,66157
1100,Joshua Clark,Engineering,146315
5768,James Lewis,HR,77440
8889,Deborah Brown,Sales,143555
7508,James Lewis,HR,30123
4672,Jane Davis,Marketing,77391
4331,Betty Jackson,HR,36444
9610,Jennifer Lewis,Legal,108186
5612,Lisa Allen,HR,136425
1453,Betty Clark,Legal,106260
6058,Lisa Lewis,Sales,89789
2747,Ashley Jackson,HR,54453
6579,Michael Garcia,Sales,135838
4734,Betty King,HR,48276
1975,Lisa Moore,Research,37413
7632,Michael Ramirez,Operations,78414
3662,Daniel Martin,Engineering,44953
5011,Ashley Moore,HR,65221
5573,Dorothy Martin,Operations,74239
1727,David Perez,IT,55631
3752,Andrew Smith,Finance,50984
3766,Emily King,Customer Service,115475
8639,Daniel Anderson,Legal,39024
579,David Ramirez,Marketing,132195
5261,Amanda Miller,HR,60577
225,James Clark,Engineering,126054
1292,Matthew Jackson,Engineering,103177
8634,Lisa Martin,Engineering,60718
8313,Sarah Rodriguez,Research,118780
9053,Christopher Davis,Sales,80620
1651,Mark King,HR,105956
3903,Daniel Martinez,Customer Service,72832
3008,Elizabeth Harris,Operations,41406
9233,Dorothy Harris,Finance,54512
8660,Andrew Taylor,Customer Service,96951
3352,Jessica Martinez,Legal,62932
7376,Betty Robinson,HR,78213
8064,Matthew Johnson,Operations,128399
8368,Donald Walker,Legal,142981
7665,Ashley Martinez,Research,32714
6806,Joshua Thomas,Customer Service,74505
8171,Michael Martin,Legal,130443
588,Jennifer Jones,Marketing,91441
5171,James Thompson,Sales,133627
132,Jennifer Ramirez,Operations,97535
431,Elizabeth Brown,Finance,77773
4727,Betty Anderson,Engineering,118076
6105,Karen Hernandez,Engineering,117060
9959,Andrew Hernandez,HR,45340
4077,John Robinson,IT,128496
9427,Emily Robinson,Marketing,110167
5591,Elizabeth Martinez,HR,41174
8443,Christopher Perez,Legal,141056
645,Sarah Allen,Customer Service,134834
1528,Robert Thomas,Research,148568
7083,David Moore,IT,65700
696,Lisa Lee,Operations,104501
7112,Jane Jones,Customer Service,64261
4071,Michael Anderson,IT,122279
4632,Nancy Wilson,HR,65648
4119,Daniel Clark,HR,97124
3962,Dorothy Taylor,Operations,140736
3092,Steven Thomas,Sales,34873
9582,Matthew King,Sales,137804
