EMP_ID,EMP_NM,DEPT_CD,SAL_AMT
5041,Lisa Rodriguez,Marketing,71024
8033,Daniel Brown,Legal,124454
9646,Joshua Ramirez,Marketing,91736
8172,Paul Robinson,Research,93884
2784,Steven Jones,IT,127481
5550,Robert Thompson,Research,84851
8958,Karen Davis,Finance,74858
8951,Paul Allen,Operations,145605
5182,Mark Allen,Legal,111842
8675,Andrew Thompson,Engineering,127867
4411,Matthew Jackson,HR,149781
418,David White,Sales,144076
432,Sarah Thomas,IT,102712
4305,Donald Gonzalez,HR,140890
2783,Steven Hernandez,Legal,94783
6330,Donald Gonzalez,Finance,34546
2528,Jennifer Ramirez,HR,129807
1340,Robert Moore,Customer Service,127968
3437,Sarah Thompson,IT,60591
1343,Michael Ramirez,Marketing,34002
2400,Donald Davis,IT,60592
9056,Andrew Lewis,Marketing,107318
5283,Jane Lee,Engineering,78288
3368,Karen Moore,Marketing,48603
7553,Deborah Anderson,HR,105112
2344,Christopher Walker,IT,64511
7719,Donald Rodriguez,IT,66947
7225,Ashley Clark,Research,137284
8686,Michael Thomas,IT,97463
392,Andrew Sanchez,HR,80947
1177,Sarah White,Customer Service,32257
7940,Steven Hernandez,Operations,129575
7493,Paul Young,Sales,129582
6781,John Clark,Sales,33382
7337,Michael Davis,Finance,60507
3168,Lisa Rodriguez,Finance,127388
9538,Donald Moore,HR,126973
1740,Karen Jackson,Research,125659
6686,Nancy Smith,HR,96784
3987,Robert Smith,Legal,111820
1650,Lisa Thomas,Finance,127985
4614,Karen Jackson,Research,44352
1939,Elizabeth Miller,Marketing,41311
2317,Sarah Anderson,Customer Service,38386
2013,Mark Martin,Engineering,137667
9433,Mark Gonzalez,Operations,71665
7159,Ashley Johnson,Legal,116552
3428,Sarah Johnson,Sales,135025
6791,Lisa Thomas,Finance,61320
1795,Anthony Johnson,Customer Service,127577
3431,Amanda Jones,Engineering,83378
6879,Deborah Lewis,Engineering,56148
8846,Steven Gonzalez,Sales,52860
6479,James Gonzalez,Finance,66526
5192,Dorothy Jones,Marketing,131561
4789,Jennifer Martin,Research,81089
6500,James Ramirez,IT,87639
5867,Mark Jones,IT,118756
5735,Amanda Rodriguez,Research,122922
5847,Betty Gonzalez,Operations,36531
7534,Dorothy Harris,Legal,64697
220,Karen Jackson,Marketing,76253
6476,Emily Williams,Legal,73152
4740,Andrew Thompson,Customer Service,58067
7943,Donald Lee,Marketing,37012
3323,Anthony Walker,Customer Service,112692
4044,Nancy Martinez,Research,135471
1831,Elizabeth Rodriguez,HR,50953
778,Emily Martin,Research,103952
85,Lisa Anderson,Operations,140000
5171,Robert Clark,HR,78354
2081,Donald White,Finance,128794
5050,Amanda Jones,Research,42522
2813,Dorothy Thompson,Marketing,75296
8156,Betty Miller,Finance,101899
694,David Lewis,Research,49219
3666,Emily Lewis,Sales,112352
8030,David King,HR,142825
6555,James Allen,Engineering,80950
8955,Lisa Allen,Operations,35849
3826,Mark Garcia,Operations,107121
5470,Karen Anderson,Customer Service,139848
5334,Amanda Thompson,Finance,134653
570,David Ramirez,HR,65923
2011,Lisa Young,Finance,78603
15,Elizabeth Williams,IT,119562
3696,Karen Young,Engineering,85291
9948,Lisa Anderson,Research,75194
7692,Donald Jackson,IT,114432
9822,Joshua Lewis,Finance,128989
9459,Joshua White,Sales,108521
5208,Donald Harris,IT,125095
1972,Daniel King,Research,55093
8841,Daniel Rodriguez,Research,69407
2148,Christopher Allen,Research,147814
7007,David Lewis,IT,38230
3615,Nancy Johnson,Legal,114716
4438,Matthew Jackson,Legal,32576
3873,Jane Lewis,Customer Service,105200
1410,David Johnson,Research,104405
