C_ID,C_NAME,AGE_YRS,LOC_CD,REG_DT
1837,Matthew Taylor,47,Louisville,2023-08-28
4925,Karen Martinez,28,Seattle,2024-09-02
4790,Lisa Williams,26,Houston,2022-03-07
1058,Donald Davis,45,Mesa,2025-02-18
7201,Jessica Lewis,39,Fort Worth,2023-06-20
8594,Daniel Jackson,45,Chicago,2024-08-22
4129,Steven Jackson,47,Washington,2024-11-12
598,James Lewis,67,Tucson,2022-09-28
4426,Emily Lewis,38,Charlotte,2020-07-26
5326,Emily Walker,28,Sacramento,2021-06-16
6705,Paul Ramirez,47,San Francisco,2023-08-11
8850,Donald Martinez,70,Indianapolis,2021-03-04
7329,Joshua Lewis,54,Los Angeles,2023-03-10
9811,James Lopez,25,Oklahoma City,2021-08-09
3877,Donald Lopez,40,Phoenix,2020-02-06
7272,Mark Smith,48,Kansas City,2025-09-02
5551,Robert Moore,52,Nashville,2024-07-26
8668,John Smith,66,Kansas City,2024-08-13
3968,Donald Moore,38,Milwaukee,2020-01-28
9534,Ashley Smith,53,San Jose,2021-06-19
1344,Lisa Smith,23,Mesa,2022-04-10
2699,Mark Jones,23,Philadelphia,2025-05-06
9479,Deborah Martin,26,Jacksonville,2020-12-28
2915,Jennifer Harris,54,Columbus,2024-07-01
3655,James Miller,60,Oklahoma City,2024-07-04
443,Steven Smith,60,Denver,2022-07-04
8251,James Miller,55,Jacksonville,2024-02-26
6945,James Davis,53,Seattle,2024-09-12
159,Jane Harris,30,Albuquerque,2023-09-18
3288,Jane Lee,69,Chicago,2024-12-03
5199,Daniel Young,26,Portland,2022-07-01
1733,Betty Robinson,32,San Jose,2020-06-13
6516,David Jones,63,Denver,2021-10-24
1772,Daniel Hernandez,20,Austin,2022-11-10
6304,Matthew King,36,Fresno,2024-10-05
7438,Anthony Davis,34,Milwaukee,2024-03-18
7443,Ashley Young,57,Milwaukee,2021-09-15
2906,Anthony Robinson,45,Indianapolis,2024-07-26
7331,Michael Miller,35,Boston,2024-01-02
7631,Nancy Johnson,57,Washington,2021-12-05
8167,Daniel Lopez,24,San Jose,2022-05-23
8634,Robert Davis,57,Milwaukee,2023-09-26
9135,Steven Gonzalez,27,San Jose,2025-04-10
8890,Christopher Garcia,53,Sacramento,2025-07-16
762,Andrew Thompson,21,Milwaukee,2023-10-12
6464,Ashley Garcia,25,Phoenix,2021-06-11
9532,Lisa Rodriguez,48,San Francisco,2024-04-26
116,Betty Anderson,47,Fresno,2025-07-24
5705,Anthony Thomas,64,Phoenix,2025-12-18
2183,Anthony Clark,38,Fort Worth,2022-06-11
3471,Elizabeth Walker,50,Los Angeles,2021-08-25
5273,Nancy Hernandez,44,Dallas,2020-04-02
8384,Sarah Gonzalez,42,San Diego,2024-05-02
4953,Amanda Gonzalez,44,Chicago,2025-01-21
5206,Karen Williams,44,Oklahoma City,2022-01-21
5047,Jane Miller,25,Philadelphia,2021-06-28
3214,Donald Perez,67,Mesa,2022-02-04
7538,Amanda Johnson,35,Phoenix,2022-12-28
38,Joshua Gonzalez,60,Tucson,2024-04-24
4901,Jennifer Ramirez,45,Dallas,2023-01-20
7334,Anthony Rodriguez,26,Philadelphia,2025-04-03
4547,Jessica Jones,23,Nashville,2020-04-01
6190,Jane King,66,Milwaukee,2025-09-02
6751,Jennifer Lopez,41,Austin,2022-07-02
5117,Steven Robinson,32,Baltimore,2023-12-13
6154,Steven Sanchez,49,Jacksonville,2021-06-06
7339,Anthony Wilson,29,Phoenix,2023-12-14
8029,Anthony King,41,Louisville,2025-09-28
6969,Nancy Hernandez,25,New York,2023-09-12
6776,Donald Lopez,41,Louisville,2023-08-28
8252,Paul Thomas,47,Las Vegas,2021-04-26
9128,Anthony Thompson,34,Washington,2024-11-19
4538,Emily Allen,68,Columbus,2024-09-28
7249,David Johnson,44,Chicago,2023-09-28
474,Nancy Wilson,19,Milwaukee,2023-04-20
