EMP_ID,EMP_NM,DEPT_CD,SAL_AMT
3169,Amanda Miller,Legal,44327
6902,Anthony Ramirez,HR,118023
4655,Nancy Robinson,Marketing,100068
6568,Robert Martin,Operations,104250
3291,Betty Martin,Sales,62276
8462,Karen Lee,Customer Service,125277
9321,Donald Ramirez,Finance,118636
4064,Daniel Clark,Marketing,57304
9074,Matthew Clark,Sales,105550
656,Lisa White,HR,44059
7820,Nancy Martinez,IT,103001
2904,Robert Young,Customer Service,46549
6680,Anthony Robinson,Legal,143596
6700,Joshua Lee,Engineering,144931
5183,Daniel Miller,Engineering,144017
1681,James Ramirez,Customer Service,55166
5500,Amanda White,Legal,86521
4586,Jessica Davis,Legal,85352
129,Sarah Jackson,Customer Service,52755
9085,Karen Brown,Research,37246
2007,Christopher Robinson,Operations,132691
8744,Paul Brown,IT,71346
5187,Andrew Ramirez,Legal,50427
7660,Robert Davis,Sales,53239
1178,Andrew Martinez,Customer Service,47450
5708,Deborah Lopez,Operations,136384
7532,Steven White,Engineering,127010
9848,Jennifer Brown,IT,119591
5355,Steven Walker,Legal,134153
9306,Lisa Jackson,Legal,126659
2635,Amanda Sanchez,Legal,48039
9936,Sarah Smith,Sales,92707
3904,Emily Sanchez,Research,83982
8688,Emily Lopez,Marketing,51367
2632,Ashley Martin,Engineering,62681
5271,Anthony Lee,IT,61934
7364,Deborah White,Engineering,73280
6387,Lisa Young,Finance,38532
6905,Nancy White,Customer Service,91460
9719,Steven Allen,Operations,116175
9723,Mark Clark,Research,108713
4580,Lisa Davis,IT,98348
2684,Dorothy Harris,Legal,63123
8642,Jessica Smith,Legal,132083
752,Jessica Smith,HR,42847
2563,Andrew Perez,Engineering,114018
5427,Matthew Robinson,Marketing,137185
6182,Lisa Wilson,Operations,38043
753,Jessica Ramirez,Research,147879
6987,Robert Lopez,Sales,37572
3369,Robert Taylor,Operations,39467
7704,Karen Walker,Operations,127654
8062,Donald Smith,IT,60309
4515,Matthew Williams,Finance,99035
1481,Robert Thompson,Finance,139506
9077,Anthony Young,Legal,74645
9442,John Garcia,IT,111595
7009,Joshua Allen,Research,78739
7992,Robert Brown,Engineering,35508
8439,Jessica Hernandez,Operations,49441
6037,Ashley Martin,Marketing,65118
2425,Amanda Hernandez,Engineering,127901
9233,Christopher White,Research,54179
7506,John Anderson,Research,128673
8040,Daniel Lopez,HR,70756
2057,James Hernandez,Research,53243
4720,Jennifer Anderson,Marketing,104570
8661,Nancy Johnson,Marketing,91227
3599,Sarah Johnson,Sales,111243
2268,James Hernandez,Marketing,123532
1558,James White,Customer Service,80483
76,Andrew Gonzalez,HR,101548
3842,Paul Johnson,Engineering,106775
3208,Michael Davis,IT,52859
7886,Daniel Miller,IT,70875
1916,Donald Wilson,Operations,90001
4750,Jane Ramirez,Legal,106987
9218,Daniel Jones,Operations,87277
1725,Dorothy Taylor,Marketing,84134
4620,Michael Jackson,IT,33528
8074,Betty Moore,Finance,65154
1631,Andrew Walker,Operations,113457
5241,Donald Martin,Finance,133567
3712,Daniel Jackson,Marketing,93498
2440,James Anderson,HR,51690
6980,Lisa Martinez,Operations,42816
7867,Daniel Harris,IT,76091
8224,Lisa Thomas,Operations,81534
3228,Jennifer Young,Marketing,45046
9800,Nancy Anderson,IT,140166
1354,Steven Williams,Legal,105361
4259,Jane Martinez,Research,30059
4383,Betty Miller,Engineering,143447
6280,Betty Smith,HR,127963
5580,Jessica Anderson,HR,47155
3821,Matthew Hernandez,Operations,84204
7278,Daniel Garcia,Research,51195
4973,Ashley Young,Marketing,63696
7134,Anthony Jackson,Sales,140930
2061,Steven Young,IT,97765
