EMP_ID,EMP_NM,DEPT_CD,SAL_AMT
4892,John Jones,Sales,74677
6624,Paul Lee,Engineering,140130
531,Christopher White,Finance,99109
8722,Daniel Lee,Legal,46538
8150,Anthony Thomas,HR,145127
6983,Nancy Lee,Engineering,124373
9040,Steven Johnson,Customer Service,84725
7488,Sarah Anderson,Legal,52183
1638,Sarah Garcia,Customer Service,116297
8979,Karen King,Engineering,39988
292,Daniel Harris,Legal,116740
4257,Dorothy Rodriguez,IT,95310
5228,Donald Brown,Marketing,112329
6659,Andrew Johnson,Finance,98268
4872,James Anderson,Sales,126812
6042,Emily Johnson,Finance,57152
8983,James Jones,IT,76049
246,Deborah Jones,HR,132069
5817,Mark Hernandez,Legal,81203
6203,Matthew Rodriguez,Operations,104869
5262,David Perez,HR,51102
8064,Jennifer Gonzalez,Finance,102461
4975,Dorothy Taylor,Research,88086
2605,Anthony Ramirez,Engineering,44749
2299,Robert Robinson,Finance,101936
887,Elizabeth Perez,Research,124925
8322,Robert Smith,Legal,86677
2375,Paul Allen,IT,50111
4449,Deborah Ramirez,Legal,49223
7249,Jessica Williams,Customer Service,116191
3903,Amanda Clark,Customer Service,146084
5945,Mark Williams,IT,58285
1264,Elizabeth Jones,HR,100298
363,Ashley Perez,HR,77045
1889,Mark Lopez,Customer Service,85917
4085,Christopher Young,Customer Service,55682
5220,Michael Lopez,IT,119081
210,Ashley Lopez,Customer Service,36569
6674,Jane Clark,Customer Service,135067
9083,Michael Smith,Customer Service,128766
8518,Andrew Young,Operations,88137
5122,Steven Thomas,Legal,68436
5349,Paul Wilson,Marketing,145127
5558,Sarah Taylor,Customer Service,42837
1055,Emily Harris,HR,55249
4313,Andrew Wilson,Marketing,44090
5321,Steven Young,Operations,33789
6354,Jane Young,HR,80922
6775,Christopher Garcia,Engineering,49619
1676,Anthony Martin,Operations,82478
8433,Daniel Moore,Sales,87313
7024,Jessica Jones,Research,120975
9329,Jennifer Brown,Finance,148426
9166,Elizabeth Johnson,Customer Service,137848
799,Ashley Walker,Marketing,132966
1187,Jennifer Perez,Marketing,91548
3607,James Taylor,Engineering,114343
8097,Lisa Walker,Engineering,95425
8894,Daniel Anderson,Finance,131946
1163,Robert Robinson,Legal,101227
6805,Mark Anderson,Legal,47925
5211,Michael Anderson,Research,129294
35,Lisa Harris,HR,46578
3098,Emily Harris,Research,148543
8966,Andrew Harris,HR,40408
3220,Christopher Gonzalez,Operations,50549
6918,Steven Davis,Legal,108153
6357,Jessica Allen,Marketing,51357
4818,Deborah Taylor,Finance,132750
6437,Nancy Lee,HR,136984
6069,Joshua Sanchez,Marketing,88372
4546,Lisa Allen,Engineering,114711
779,Steven Moore,Research,119149
3076,Christopher Brown,Research,142828
3802,David Brown,Operations,40820
2727,Lisa Robinson,Finance,127789
9393,Lisa Davis,Finance,42323
5082,James Gonzalez,Marketing,130163
2727,Joshua King,Operations,127190
7501,Deborah Young,Operations,111604
7271,Lisa Martinez,Finance,127289
431,Matthew Brown,Legal,50665
7972,James Moore,Research,72547
2896,Mark Clark,Operations,44417
7140,Karen Harris,HR,48427
8991,Emily Jones,Research,112499
1678,Christopher Garcia,Finance,145807
7052,Paul Jones,Legal,115245
2250,Ashley Hernandez,Research,84572
6552,Michael Lee,Operations,88412
485,Michael Martinez,HR,137627
8763,Emily Moore,Finance,81154
939,Daniel Miller,Marketing,120891
9778,Lisa Williams,HR,72443
7843,Betty Young,Sales,78618
9238,Jane Ramirez,Operations,130942
2669,Joshua Anderson,Legal,116491
6797,Lisa Anderson,Engineering,143341
3262,Karen Johnson,Marketing,118666
5618,Daniel Harris,Finance,89694
