EMP_ID,EMP_NM,DEPT_CD,SAL_AMT
3474,Daniel Wilson,Sales,46351
6677,Joshua Martinez,HR,70788
9221,Steven Walker,Marketing,138396
1383,James Walker,Engineering,132832
8785,Joshua Miller,Marketing,93789
636,Daniel Perez,Sales,38406
2482,Matthew Ramirez,IT,66717
2221,Elizabeth Davis,Legal,82385
1178,Joshua Young,Marketing,136383
2923,Matthew Garcia,Operations,106165
6643,Ashley Hernandez,HR,40691
4891,Daniel Jones,IT,112895
4489,David Hernandez,Customer Service,116007
3794,Jane Thompson,Operations,88077
6518,Dorothy Lewis,HR,48047
535,Emily Martin,Customer Service,100192
1730,Michael Miller,HR,77071
5111,John Lee,Research,80830
3408,Mark Martinez,Finance,141582
9643,Deborah Allen,Marketing,93644
9950,Lisa Lewis,Finance,50920
6546,Lisa King,HR,55769
3770,Steven Martinez,Engineering,97714
850,Robert Robinson,HR,61492
6092,Lisa White,Finance,58252
5211,Robert Martin,HR,141274
7522,Daniel Gonzalez,Marketing,42724
5672,Steven Thompson,Operations,130619
8443,John Taylor,Finance,36234
8021,Sarah Lee,IT,71090
4175,Daniel Williams,HR,128216
4456,Sarah Gonzalez,Engineering,76557
8645,Michael Young,Finance,119437
4184,Andrew Robinson,HR,144210
2013,Joshua Jones,Engineering,51640
7623,Emily Clark,HR,46052
404,Dorothy Sanchez,Legal,115351
6793,Steven Hernandez,Finance,128201
7159,John Garcia,Engineering,97872
1426,David Anderson,Finance,52618
8867,Jane Johnson,Research,128769
5562,Mark Lee,HR,102881
3896,Steven Walker,HR,39427
3867,Matthew Wilson,Operations,115640
6004,Donald Lopez,Engineering,32931
6670,Betty Allen,Research,47404
8755,Betty Williams,Engineering,86809
1097,Elizabeth Anderson,Marketing,98452
3003,Christopher Anderson,Finance,72277
712,Andrew Clark,Sales,75296
5179,Lisa Walker,HR,30235
5812,Robert Martinez,Sales,121073
2260,Elizabeth Hernandez,Marketing,114520
8598,Anthony Moore,Marketing,82361
6241,Lisa Jackson,Finance,149073
4593,Lisa Young,Sales,131097
1012,Amanda Rodriguez,Legal,88316
2404,Lisa White,Sales,71628
5415,Jane Wilson,IT,57030
929,Mark Moore,Operations,56068
4509,Amanda Miller,Marketing,130167
1516,Ashley Lee,Operations,32982
2885,David Jackson,Sales,119761
5395,Steven Miller,Marketing,52206
7799,Lisa Brown,IT,49338
3989,Deborah Moore,Research,81636
2113,Karen Miller,Engineering,66390
5349,David Harris,HR,112192
2387,Nancy Lewis,Finance,72969
2768,Donald Walker,Customer Service,119641
7149,John Smith,Finance,45911
2324,James Jackson,Sales,56494
2099,Karen Rodriguez,HR,81114
6599,Jane Ramirez,Research,123975
4546,Robert Ramirez,Customer Service,119894
1159,James Martinez,Customer Service,37072
3310,Daniel Davis,Finance,124021
8466,Sarah Davis,Operations,105192
4298,Andrew Martinez,IT,120611
9421,Lisa Clark,Marketing,72061
7388,Amanda Sanchez,Legal,80137
3627,Lisa Johnson,Operations,45335
9452,Anthony Martin,HR,78995
8693,Steven Anderson,IT,121236
4153,Jennifer Davis,Marketing,53124
9560,Sarah Miller,IT,34539
234,Donald King,IT,60829
8085,Betty Thomas,Marketing,86881
3736,Amanda Hernandez,Engineering,145225
5503,John Jackson,Research,59700
155,Lisa Gonzalez,Legal,115465
1635,Karen Gonzalez,Legal,37300
1674,Christopher Smith,Sales,75847
8343,Sarah Williams,IT,75741
5265,Matthew King,Finance,48229
6432,Jane Hernandez,HR,58123
2423,Ashley Allen,Finance,92629
2784,Donald Robinson,Marketing,69498
9693,Lisa Brown,Engineering,128243
3956,Dorothy Brown,Sales,43112
