EMP_ID,EMP_NM,DEPT_CD,SAL_AMT
9541,John Smith,Finance,93090
6096,Steven Harris,Legal,54314
8760,Sarah Smith,Finance,82600
449,Sarah White,Research,112970
7579,Emily Martinez,Finance,43231
511,David Jones,IT,52318
4496,Betty Lewis,Finance,66135
1359,Lisa Robinson,Engineering,120195
7267,Lisa Moore,Engineering,33036
6693,Amanda Perez,Operations,143239
9042,John Jones,IT,45159
6701,Mark Lee,Marketing,143856
7777,Daniel Robinson,Finance,104492
6314,Nancy Brown,Legal,131339
4964,David Clark,IT,102153
3557,Steven Garcia,Customer Service,108495
6493,Jane Lee,Engineering,90363
7398,James Anderson,Finance,130552
3948,Ashley Miller,Customer Service,149446
7896,Nancy Robinson,Finance,100610
4986,Robert King,Marketing,105377
319,David Harris,Research,42314
9201,Christopher Davis,Research,62462
1011,Steven Brown,Finance,109516
7758,Joshua Sanchez,HR,60146
3743,Nancy Thomas,IT,45712
1754,Paul Lopez,HR,52957
2119,Andrew Thompson,HR,76487
6639,Paul Taylor,IT,61172
8672,Sarah Jones,Customer Service,113890
4371,Lisa Wilson,Finance,122945
6533,David Jackson,Sales,73325
3847,Matthew Harris,Marketing,111462
6386,Karen Martin,Sales,109205
170,Deborah Ramirez,Legal,35468
2795,Dorothy Smith,Research,88475
5797,Nancy Johnson,Research,48926
6126,Betty Miller,Legal,131067
7752,Emily Ramirez,HR,63730
9056,Sarah Garcia,IT,85736
6498,Elizabeth Allen,HR,103542
5889,Dorothy Garcia,Marketing,113577
9020,Donald Miller,IT,76263
2029,Daniel Anderson,Marketing,33696
4579,Joshua Moore,IT,100583
281,Deborah Lee,Marketing,71801
371,Sarah Miller,IT,55695
9190,Paul Anderson,Sales,75676
5699,Christopher Lopez,Engineering,84196
9454,Donald Williams,Finance,86350
6964,Christopher Robinson,HR,127258
9955,Matthew Thompson,Engineering,53028
3075,Jane Davis,Sales,142858
8692,Anthony Thomas,Operations,79461
6823,Karen Gonzalez,Finance,85548
127,Donald Jones,Legal,144895
1922,Anthony Wilson,Sales,140600
8427,Sarah Jones,Sales,101450
3822,David Jones,Sales,119474
4785,Christopher Harris,Operations,78509
6231,Betty Sanchez,Finance,80048
9619,Betty Jackson,Marketing,133607
6905,Jessica Miller,IT,69565
4926,Betty Anderson,Engineering,80709
7038,Dorothy Lewis,IT,57444
9015,Dorothy Jackson,Legal,98728
5202,Karen Sanchez,Operations,49881
2247,Andrew Lee,Engineering,145554
4031,Emily Moore,IT,148500
4287,Andrew King,Research,61318
4525,Daniel Allen,IT,103400
3690,Lisa Martinez,IT,97855
7773,Lisa Rodriguez,IT,121927
3691,Donald Moore,IT,31270
8784,Christopher Ramirez,Sales,37035
5271,Dorothy Clark,Customer Service,91773
3543,Anthony Robinson,Legal,56667
289,Amanda Johnson,Operations,49641
7878,Emily Perez,Research,108971
5596,Elizabeth Young,IT,100607
5286,James Smith,HR,106496
3264,Paul Ramirez,IT,39232
9086,Nancy Thompson,Marketing,147466
3684,Lisa Perez,Engineering,113327
7553,Sarah Lopez,Sales,37893
6841,Matthew King,Operations,108922
3820,Matthew Rodriguez,IT,50494
3055,Anthony Johnson,Marketing,99916
1262,Christopher King,Finance,146968
438,Nancy Miller,Legal,54172
8695,Jessica Lopez,Marketing,44273
5712,Lisa Clark,Research,34167
9189,Anthony Anderson,HR,72300
8662,Deborah Lopez,IT,135931
484,Jennifer Rodriguez,Finance,115113
5050,Christopher Harris,Sales,149750
5931,Ashley Robinson,Sales,71243
2311,Jennifer Jones,Engineering,143539
4133,Emily Rodriguez,Legal,101023
1340,Sarah Taylor,Finance,63978
