C_ID,C_NAME,AGE_YRS,LOC_CD,REG_DT
8504,Joshua Lewis,34,Oklahoma City,2022-03-06
8085,Daniel Lewis,42,Austin,2023-06-14
220,Lisa Johnson,30,Portland,2023-12-11
2370,Paul Young,31,Milwaukee,2025-11-20
6648,Amanda Anderson,43,Portland,2020-06-18
4380,Robert Jones,45,Philadelphia,2024-01-28
5391,Andrew White,55,Philadelphia,2020-04-06
7272,Robert King,66,San Jose,2024-05-19
1505,Elizabeth Harris,38,Fresno,2025-08-22
4483,Sarah Wilson,30,Albuquerque,2024-05-26
9476,Ashley Ramirez,59,Washington,2022-01-01
2768,Nancy Martinez,49,Sacramento,2021-09-03
5176,David Thomas,64,San Diego,2021-07-09
1218,Lisa Perez,36,San Antonio,2023-09-09
6523,Nancy Lopez,45,Las Vegas,2020-12-04
5170,Sarah White,67,Columbus,2023-07-05
7421,Mark Rodriguez,55,Louisville,2025-05-23
2116,Lisa Miller,19,Jacksonville,2024-03-01
403,Deborah Young,26,San Antonio,2020-03-24
1810,Ashley Johnson,62,Washington,2020-10-18
891,Elizabeth Martin,27,Louisville,2021-10-18
4470,Lisa Wilson,39,Jacksonville,2024-07-23
101,Emily Miller,40,Austin,2020-11-08
4977,Amanda Rodriguez,19,Boston,2024-12-17
7887,Deborah Lewis,49,Louisville,2022-10-19
4774,Daniel Hernandez,31,Nashville,2025-01-27
8956,Michael Lopez,61,Fresno,2020-02-01
1809,John Moore,60,Washington,2020-07-21
7968,Lisa Perez,19,Austin,2024-05-13
3651,Michael Miller,34,Los Angeles,2024-04-20
7655,Sarah Williams,20,San Antonio,2021-01-19
9535,Amanda Davis,39,Jacksonville,2025-12-19
1756,Emily Hernandez,26,Denver,2025-12-14
1427,Nancy Sanchez,63,San Jose,2024-12-25
2076,Steven Lewis,30,San Diego,2020-05-09
3156,Donald Young,69,Milwaukee,2022-09-24
6413,Christopher Johnson,54,Albuquerque,2025-02-23
4098,Karen Perez,70,Jacksonville,2022-02-12
9696,Elizabeth Allen,34,Boston,2024-04-06
1164,Steven Lopez,39,Chicago,2023-11-26
8885,Mark Walker,48,Columbus,2022-02-15
8551,Mark Young,22,Louisville,2025-12-09
6777,Matthew Williams,18,Denver,2020-02-26
9650,Jennifer Walker,39,Charlotte,2021-12-07
8749,Elizabeth Martin,69,Las Vegas,2023-03-03
6793,Paul Hernandez,68,Los Angeles,2022-12-03
2500,Daniel Young,46,New York,2023-09-12
4764,Donald Johnson,56,San Jose,2020-11-24
2974,Andrew Thomas,47,Denver,2024-06-06
403,Donald Brown,54,Albuquerque,2022-08-04
6809,James Williams,68,San Antonio,2022-06-21
6372,Amanda Lee,52,Philadelphia,2021-06-02
4207,Mark Martinez,50,Baltimore,2025-09-19
4154,Matthew Miller,68,Dallas,2021-05-17
6528,Donald Smith,24,San Francisco,2023-05-17
7073,Paul King,68,Mesa,2023-01-27
5421,Paul Lopez,22,Fresno,2020-04-24
9614,Jane Lewis,66,Milwaukee,2024-12-16
1620,Deborah Allen,18,Denver,2020-11-20
3947,James Moore,38,Portland,2024-11-14
8174,Amanda Johnson,47,Sacramento,2020-12-13
7650,Matthew Miller,29,Milwaukee,2025-11-23
8497,Andrew Gonzalez,42,Portland,2022-11-05
6493,Karen White,64,Mesa,2023-01-23
6319,Mark Williams,54,Nashville,2020-08-11
5117,Elizabeth Rodriguez,53,Houston,2020-05-06
1897,Amanda Smith,20,San Diego,2023-06-09
9576,Steven Miller,19,Philadelphia,2023-08-14
9657,Matthew Jones,30,Milwaukee,2021-02-02
8100,Betty Thompson,43,Sacramento,2024-11-06
5971,Sarah Garcia,21,Las Vegas,2024-02-14
7754,Jessica Lee,27,Baltimore,2023-01-21
7080,Lisa Miller,63,Tucson,2025-01-16
1286,Christopher Ramirez,37,Washington,2020-04-05
5718,Daniel Perez,68,Baltimore,2021-02-22
