EMP_ID,EMP_NM,DEPT_CD,SAL_AMT
7803,Dorothy Ramirez,Legal,44964
6295,Andrew Davis,Operations,84607
340,Joshua Thomas,IT,106070
2118,David Lee,Operations,139441
6594,Sarah Taylor,IT,101209
8998,Paul Martin,Finance,100537
1636,Karen Walker,IT,83023
7902,Paul Walker,Operations,61375
2189,Deborah Williams,Finance,76896
2251,Jessica Johnson,Engineering,120707
7233,Joshua Miller,Research,105393
4548,Elizabeth Thompson,Operations,83779
9672,Michael Clark,Research,34119
1895,Donald Thompson,HR,62403
8445,Matthew Perez,IT,135762
1035,Elizabeth Martinez,Research,104833
7911,Daniel Johnson,Finance,113290
1917,Lisa Clark,HR,68438
5077,Lisa Ramirez,Sales,91914
9897,Paul Young,Finance,111833
4990,Dorothy Taylor,HR,40518
5991,James Ramirez,Engineering,132858
5540,Steven Davis,Sales,68090
2762,Karen Clark,Legal,72613
7818,Michael Thomas,Research,32789
4682,Nancy Garcia,Legal,103616
2754,John Gonzalez,Operations,96326
8558,Daniel Perez,Engineering,79397
4696,Betty Williams,Research,60633
7602,Amanda Anderson,IT,78607
8595,Andrew Lopez,Research,142335
3902,Jennifer Garcia,HR,103770
6209,John White,Engineering,125137
1443,James Perez,IT,51064
9777,Michael Rodriguez,Sales,44917
4390,David Thompson,Operations,87707
8123,Jane Martinez,Marketing,74912
6160,Lisa Rodriguez,HR,71547
5598,Daniel Williams,Engineering,112718
9822,Andrew Ramirez,IT,68085
5487,Dorothy Johnson,Finance,108195
5909,Lisa Perez,Marketing,123925
2826,Andrew Thomas,Research,87286
6597,Jennifer Allen,Operations,73334
4123,Deborah Lewis,Marketing,130784
147,Mark King,Operations,98775
3147,Paul Gonzalez,IT,114444
9831,Andrew Martinez,Legal,134166
7520,Anthony Taylor,Marketing,146803
7519,Matthew Davis,Sales,57060
2646,Mark Perez,Finance,30643
173,Donald Ramirez,Engineering,104298
3159,Christopher Thomas,Customer Service,73744
2974,Joshua Wilson,Sales,35418
8920,Anthony Young,Operations,94115
1594,Amanda King,Engineering,40786
5324,Emily Anderson,Engineering,95537
2006,James Walker,HR,46984
2151,Deborah Jackson,Marketing,126795
9387,Steven Garcia,IT,61691
7847,Jane Lee,Customer Service,149630
4328,Steven Moore,Operations,117240
7410,Jennifer Harris,Engineering,75880
4480,Lisa Hernandez,Finance,74890
7202,Donald Wilson,Customer Service,111697
8979,Deborah Young,Sales,57076
5566,Michael Moore,IT,99168
9587,Lisa Martinez,Operations,72052
3811,Lisa Thomas,Finance,95257
3337,Andrew Brown,Finance,75246
3105,Karen Lopez,IT,124726
5066,Donald Gonzalez,Finance,58971
7530,Anthony Williams,Marketing,32637
8801,John Wilson,Sales,133914
2082,Emily Thompson,HR,131303
7924,Nancy Rodriguez,Finance,96884
2244,Joshua Walker,IT,36996
3265,Andrew Perez,Marketing,119353
6485,Jane Anderson,Research,121185
5033,Elizabeth Thomas,Operations,100234
5859,Betty Jones,IT,85725
1678,Lisa Martinez,Operations,86370
9248,Paul Allen,Sales,108719
6449,James Taylor,Sales,35686
3894,Deborah Brown,Legal,130480
1496,Matthew Sanchez,Engineering,142580
7092,Michael Clark,Engineering,142776
6827,Lisa White,IT,48404
4250,Andrew Wilson,Marketing,102806
1156,Paul Davis,Research,120813
354,Sarah Lewis,Marketing,74264
6164,Jennifer Moore,Customer Service,65673
2931,Jennifer Brown,Sales,148210
254,Karen Anderson,Marketing,50660
8584,James Garcia,Customer Service,74945
1737,John Harris,Operations,40463
2225,Nancy Moore,HR,51701
6709,Robert Johnson,Marketing,73778
2939,Joshua Jones,IT,40541
8899,Robert Clark,Marketing,128380
