EMP_ID,EMP_NM,DEPT_CD,SAL_AMT
8568,Sarah Williams,IT,136451
7116,Elizabeth Perez,Customer Service,74441
6414,Matthew Rodriguez,Operations,93917
9037,Michael Lewis,Finance,43618
7097,Ashley Thompson,Finance,148021
5376,Mark Harris,Sales,133195
9304,Steven Brown,Legal,50703
5854,James Davis,Legal,73445
7627,Andrew Thomas,Customer Service,99981
3183,Joshua Allen,Sales,37171
1055,Paul Johnson,Operations,56330
2617,Anthony Lewis,Marketing,107093
3821,Steven Miller,Finance,147119
8513,Dorothy Smith,IT,107015
7432,Elizabeth Rodriguez,Operations,88161
1780,James Jones,HR,121516
4168,Donald Miller,Finance,87397
2747,Jane Sanchez,Operations,139663
5719,Sarah Young,Research,77011
8492,Elizabeth Anderson,Engineering,93746
4569,Karen White,IT,70064
9179,Joshua Johnson,Engineering,112322
5813,Andrew Rodriguez,HR,88130
8185,Donald Rodriguez,Finance,64752
4219,Deborah Thomas,HR,33794
4821,Matthew Ramirez,Customer Service,96410
3808,Deborah Davis,IT,75976
9640,Robert Taylor,Operations,32366
7320,Daniel Clark,Sales,147053
3478,Steven Williams,HR,99614
9562,Dorothy Lee,Engineering,146293
3211,Jessica King,Sales,60362
6369,Sarah Young,Finance,57720
5212,Karen Anderson,Research,82337
5689,Jessica Rodriguez,Finance,140230
9853,Deborah Walker,Legal,38869
1460,Michael Lewis,IT,72662
9888,Joshua White,Legal,116479
7521,Andrew King,Engineering,102551
7214,Karen Taylor,Research,144325
301,Daniel White,Operations,61465
1972,Ashley Allen,Marketing,117586
9391,Jane Lewis,Finance,107749
9849,Ashley Smith,Customer Service,44665
638,Elizabeth Thompson,Sales,50860
5939,Paul Miller,Customer Service,72297
6909,Sarah Young,Research,129010
5339,Andrew Young,HR,75414
8112,Nancy Jones,Marketing,109858
3265,Daniel Gonzalez,IT,56001
9232,Nancy Williams,Operations,136850
3078,Deborah Allen,Research,76482
6401,Robert King,Legal,106293
5434,Robert Lee,Marketing,63853
6079,Matthew Martinez,Marketing,111610
15,Jane Lee,Operations,134470
707,Mark Hernandez,Engineering,47899
2289,Mark Martin,Research,65128
6657,Lisa Thomas,Customer Service,46396
6158,Joshua Anderson,Customer Service,72660
3557,Steven Clark,Legal,121622
1205,Jennifer Miller,Research,47272
8332,Paul Jackson,Marketing,138700
3427,Betty Perez,Customer Service,50703
377,Matthew Lopez,Customer Service,93699
4713,Betty Thomas,Engineering,103005
267,Jane Taylor,Research,70344
7942,Jessica Martinez,IT,135218
9153,Elizabeth Williams,Operations,117588
2337,Emily Clark,Finance,44969
3547,Steven Hernandez,HR,53409
567,Ashley Smith,Customer Service,49625
4406,Lisa Johnson,HR,75129
9878,Lisa Thomas,Engineering,122734
7989,Betty Garcia,Customer Service,136785
7886,Paul Harris,Engineering,111559
4171,David Taylor,IT,37810
6806,Lisa Thomas,Operations,125241
5509,Jennifer Gonzalez,IT,119549
8229,Jane Brown,Operations,124691
5920,Paul Sanchez,Operations,76015
9717,Jennifer Brown,IT,130282
3912,Joshua Martinez,Marketing,40828
5531,Jane Allen,Marketing,129054
3643,Lisa Ramirez,Operations,130216
3454,Donald White,Operations,38673
1757,Paul Jones,Legal,126023
8312,Robert Davis,Sales,82999
4759,David Clark,Operations,110378
4194,Elizabeth Miller,Research,66054
7987,Michael Lewis,Legal,143328
836,John King,IT,77258
5786,Anthony Harris,Customer Service,105650
1145,Lisa Walker,Sales,72050
9412,Deborah Smith,Operations,72358
7988,Elizabeth Thompson,Engineering,113271
8401,Michael Perez,Finance,121580
2140,Nancy Thomas,Research,64399
6452,Betty Rodriguez,HR,47615
2370,Jennifer Wilson,HR,106454
