C_ID,C_NAME,AGE_YRS,LOC_CD,REG_DT
5082,Robert Young,51,Washington,2025-09-13
8251,Jessica White,49,Columbus,2020-05-11
6886,Betty Gonzalez,29,San Francisco,2020-06-04
7771,Daniel Davis,50,Boston,2025-07-22
3040,Paul Perez,37,Chicago,2024-08-08
7641,Matthew Lewis,36,Las Vegas,2020-05-13
693,Karen Garcia,33,Milwaukee,2020-01-15
3806,Joshua Gonzalez,57,Fresno,2025-01-25
3854,John White,36,San Jose,2021-08-22
7891,Emily Wilson,38,San Francisco,2020-12-26
9550,Michael Allen,28,Oklahoma City,2023-08-17
9276,Ashley Lewis,26,Columbus,2022-09-28
7244,Michael Miller,38,Austin,2025-12-06
765,Lisa Gonzalez,37,Chicago,2024-08-22
1127,Jennifer Thompson,66,Louisville,2020-07-26
9558,Nancy Taylor,49,San Francisco,2021-02-22
5679,Elizabeth Gonzalez,65,Portland,2021-08-16
4464,Steven Wilson,68,Washington,2024-03-27
3072,Joshua Harris,70,Phoenix,2020-03-03
2604,Deborah Anderson,32,Sacramento,2023-02-11
7342,Mark Walker,18,Portland,2020-12-23
1888,Christopher Harris,47,Indianapolis,2021-04-07
1930,David Clark,23,Fort Worth,2025-10-21
8191,Joshua Ramirez,31,Fresno,2020-03-15
752,Emily Johnson,38,Phoenix,2025-11-28
2131,Amanda Davis,55,Seattle,2021-10-21
9685,Sarah Taylor,25,Houston,2020-06-21
7668,John Johnson,42,San Diego,2024-09-22
6768,Michael Hernandez,34,San Diego,2023-05-08
1778,Elizabeth Lee,20,Tucson,2021-04-09
7487,Nancy Harris,23,Sacramento,2024-05-06
2942,Karen Robinson,30,Phoenix,2024-01-10
4164,Dorothy Hernandez,45,Jacksonville,2022-09-08
5286,Anthony Garcia,63,Los Angeles,2025-06-23
9254,Ashley Davis,23,San Jose,2025-03-12
6467,Joshua Miller,19,Los Angeles,2020-12-13
2134,Paul Anderson,43,Tucson,2023-11-03
2192,Christopher Lee,23,Philadelphia,2020-11-13
2831,Michael Harris,56,Portland,2023-06-24
6067,James Thompson,35,Austin,2025-08-07
9471,Robert Robinson,70,Boston,2021-10-26
2325,Emily Rodriguez,52,Nashville,2022-03-06
798,John Miller,42,Louisville,2025-09-12
9800,Christopher Wilson,20,Baltimore,2020-03-05
392,Nancy Smith,54,Las Vegas,2020-10-26
4277,Michael White,41,Austin,2022-03-01
5910,Andrew Robinson,27,Tucson,2022-10-28
8768,Andrew Garcia,37,Columbus,2025-04-21
3705,Lisa Martin,61,Nashville,2020-05-02
2915,Donald Martinez,66,Fresno,2025-05-07
6797,Lisa Johnson,30,Jacksonville,2023-12-19
2833,Joshua Robinson,63,Kansas City,2021-07-02
1500,Matthew Perez,61,Las Vegas,2021-01-24
3928,Mark Taylor,41,Phoenix,2025-10-16
6429,Jane Jones,29,San Jose,2023-04-16
5422,Emily Davis,48,Portland,2023-12-19
7326,Anthony King,58,San Antonio,2022-07-24
4978,Betty Taylor,68,Baltimore,2023-03-26
658,Dorothy Lee,29,Tucson,2024-09-21
9846,Ashley Perez,20,Boston,2024-09-06
9550,Sarah Harris,22,Nashville,2022-06-02
1819,Emily Anderson,46,Albuquerque,2024-10-17
8714,Amanda Jones,61,Charlotte,2024-08-06
485,Robert Wilson,26,Phoenix,2020-08-11
8399,Ashley Wilson,40,Phoenix,2025-09-06
5792,Betty Lewis,43,Los Angeles,2025-06-17
2009,Jane Smith,25,Louisville,2020-09-14
8784,James Martin,62,Tucson,2020-09-01
1552,Mark Jones,30,Dallas,2024-11-24
6181,Karen Wilson,45,Las Vegas,2022-04-06
6161,Deborah Brown,36,Las Vegas,2022-06-07
6089,Paul Jackson,58,Sacramento,2025-01-08
7138,James Lee,35,San Antonio,2025-04-26
479,Amanda Harris,33,Denver,2020-11-18
6191,Karen Thomas,32,Seattle,2022-10-27
