C_ID,C_NAME,AGE_YRS,LOC_CD,REG_DT
7166,Steven Clark,59,Fort Worth,2024-11-05
1364,Ashley Smith,39,Seattle,2025-08-07
1971,John Lopez,50,New York,2020-11-21
9099,Betty Thomas,22,Charlotte,2024-02-02
1861,Ashley Ramirez,58,Oklahoma City,2024-09-08
5100,Nancy Martinez,68,Milwaukee,2022-03-16
5559,Robert Taylor,19,Chicago,2025-02-02
8929,Michael Lee,48,Denver,2020-08-20
9733,John Taylor,63,Sacramento,2024-05-04
393,Christopher Jackson,62,Washington,2023-12-13
1946,Deborah Young,19,Houston,2025-04-26
9854,Elizabeth White,60,Albuquerque,2020-12-19
8247,Daniel Garcia,37,Nashville,2022-09-18
8149,Amanda Walker,63,Denver,2020-01-25
4791,Donald Martin,52,Las Vegas,2021-11-24
7222,John Young,69,Mesa,2020-02-12
7719,Christopher Jackson,62,Las Vegas,2020-08-25
7857,Andrew Smith,34,Dallas,2025-07-20
3081,Deborah White,70,Denver,2022-10-11
1161,Karen Taylor,64,Kansas City,2022-05-05
3812,Paul Williams,21,Seattle,2021-07-08
6882,Jane Martinez,65,Houston,2023-08-07
7569,Deborah Jackson,60,Jacksonville,2024-04-11
8183,Nancy Jones,49,Dallas,2021-07-14
7111,Christopher White,47,Milwaukee,2022-10-20
6848,Anthony Martinez,47,Austin,2020-11-23
4067,Robert Wilson,38,Seattle,2021-06-04
5443,Lisa Brown,58,Tucson,2024-12-14
9590,Matthew Davis,62,Oklahoma City,2023-02-04
6604,Lisa Lewis,19,Houston,2020-11-08
4141,Mark Taylor,50,Austin,2020-07-15
4411,James Perez,42,Mesa,2021-10-03
9018,Jessica Anderson,39,Los Angeles,2025-01-01
710,Steven Jones,42,San Francisco,2025-04-21
8026,Steven Thompson,55,Kansas City,2023-10-26
2215,James Lopez,31,Oklahoma City,2021-03-24
143,Dorothy Thompson,56,Chicago,2022-08-21
3095,Michael Rodriguez,52,Charlotte,2022-02-28
1985,Dorothy Gonzalez,47,Columbus,2021-04-01
9970,Paul Robinson,32,Indianapolis,2024-05-02
4646,Michael Smith,47,Washington,2024-11-02
1344,Ashley Davis,30,Baltimore,2020-09-09
3361,Michael Allen,27,Nashville,2024-07-23
5466,Nancy Garcia,36,Philadelphia,2022-02-09
5441,Lisa Ramirez,32,Phoenix,2023-04-24
9079,Robert Robinson,50,Houston,2023-06-03
7579,Emily Garcia,62,Las Vegas,2023-01-27
6387,Sarah Hernandez,52,Charlotte,2021-05-18
6366,Donald Johnson,65,San Francisco,2020-04-06
8310,Anthony Johnson,26,Louisville,2020-01-26
9197,Paul Harris,60,Boston,2025-05-16
7,David Taylor,24,San Antonio,2020-12-11
3919,Daniel Perez,39,Boston,2021-09-07
1543,Jessica Garcia,60,Fresno,2025-04-12
6850,Steven Sanchez,52,Portland,2022-03-14
2061,Ashley Jackson,54,Nashville,2022-01-16
9174,John Ramirez,49,San Antonio,2024-06-03
2903,Daniel Taylor,53,Jacksonville,2021-06-16
1317,Anthony Garcia,62,San Diego,2023-12-09
2078,Ashley White,37,San Francisco,2022-12-25
6070,Jessica Moore,62,Los Angeles,2023-06-19
3709,Paul Harris,27,Washington,2022-10-16
7339,Paul Davis,64,Seattle,2020-04-11
2841,James Sanchez,23,Dallas,2024-02-20
7503,Lisa Thompson,53,Baltimore,2023-09-28
4529,David Sanchez,28,Indianapolis,2022-05-01
5445,Robert White,64,Tucson,2023-10-21
6368,James Ramirez,62,Columbus,2022-03-22
1788,Dorothy Moore,30,Mesa,2020-11-12
5181,Robert Rodriguez,22,Boston,2024-02-13
5510,Sarah Lewis,65,Seattle,2024-03-18
5325,Nancy Gonzalez,31,San Francisco,2022-01-07
5656,Robert Martinez,24,Mesa,2024-06-14
3922,Elizabeth Lopez,39,Jacksonville,2023-10-21
8098,David White,49,Los Angeles,2024-05-08
