EMP_ID,EMP_NM,DEPT_CD,SAL_AMT
5501,Donald Young,Marketing,42471
9791,Steven Lee,Research,140820
1061,Jane Miller,Sales,136370
2404,Deborah Gonzalez,Marketing,114762
7665,Paul Brown,IT,62361
1871,Michael Martin,Finance,62491
2655,Mark Johnson,Sales,139829
8178,David Anderson,Marketing,90161
1557,Michael Lewis,Legal,142228
5077,Daniel Lopez,Marketing,40801
8635,David Sanchez,Finance,42748
5305,Nancy Johnson,IT,67784
7978,John Sanchez,Engineering,130555
4308,Steven Lopez,Research,32713
8788,Jane Sanchez,Engineering,32383
8390,David Martinez,Operations,116099
8907,James White,Research,82701
7328,Michael Lee,IT,77086
8881,Daniel Anderson,Operations,86400
7330,Paul Young,Engineering,82241
9563,Nancy Young,Customer Service,69238
1188,Emily Martinez,Customer Service,98301
2591,Ashley Martin,Operations,81515
6892,Christopher Lewis,Marketing,68281
4427,Robert Walker,IT,51667
6302,James Robinson,IT,132123
2166,Joshua Walker,Operations,93599
8957,James Gonzalez,Marketing,101104
2206,Mark Wilson,Legal,57621
671,Amanda Smith,Legal,96098
1941,Daniel Jones,Engineering,45165
3361,Sarah Gonzalez,Marketing,121317
1246,Amanda Walker,Research,74354
2808,Anthony Jackson,Engineering,64721
6510,Donald Perez,HR,117465
4274,Elizabeth Moore,Finance,66690
9298,Anthony Lewis,Engineering,127999
2029,John Walker,Sales,109430
1146,Lisa Ramirez,Customer Service,147779
9772,Christopher Ramirez,Engineering,143216
7177,James Clark,Operations,34453
4648,Lisa Martin,Customer Service,47903
9628,Steven Sanchez,Engineering,140812
8505,James Walker,Sales,88242
670,Andrew Lee,Sales,71451
7224,Michael Williams,Marketing,135118
4564,Michael Brown,Legal,55990
5525,Paul Thomas,Engineering,135026
9007,Anthony Clark,Sales,56251
3395,Daniel White,Legal,136195
4816,Karen King,Marketing,34167
2715,Nancy Wilson,Legal,76240
6600,Paul Lopez,Research,96919
5698,Christopher Clark,Legal,108840
379,Jane Harris,HR,41013
4893,Lisa Jackson,Finance,76859
2411,Amanda Rodriguez,HR,77377
3740,Anthony Brown,Marketing,61097
4652,Joshua Garcia,HR,129627
6597,Christopher Martin,HR,58654
3623,Elizabeth Wilson,Engineering,112734
3310,Donald Thompson,IT,84231
4852,Elizabeth Clark,Sales,109190
1916,Matthew Rodriguez,Sales,86406
5149,Paul Gonzalez,Legal,136167
3055,Elizabeth Walker,Customer Service,53751
9147,Christopher Williams,Customer Service,105758
7710,Christopher Allen,Finance,143646
5690,Joshua Thompson,Operations,31132
3204,Steven Robinson,HR,145838
5096,Donald Anderson,Customer Service,57109
3600,Joshua Clark,Sales,124737
5238,Betty Lee,Marketing,99922
7181,Betty Brown,Research,73139
583,Deborah Jackson,Customer Service,125216
7356,Sarah Lopez,Customer Service,100168
875,Andrew Wilson,Research,48612
4586,Dorothy Clark,Customer Service,51839
8795,Ashley Harris,Customer Service,54626
4172,Jane Anderson,Engineering,50886
9715,Elizabeth Garcia,Finance,96311
4040,Mark Martinez,Customer Service,38242
2000,Joshua Lee,Finance,138298
8355,Deborah Lewis,Operations,53394
6922,Nancy Lee,Engineering,99135
2079,Daniel Moore,Customer Service,134774
3927,Lisa Clark,Legal,35294
718,Elizabeth Jones,Sales,47592
9303,Andrew Rodriguez,Research,102859
8277,Robert Sanchez,Research,59458
1352,Joshua Walker,Engineering,58366
9962,Jane Anderson,Finance,94621
5883,Amanda Allen,HR,92295
7819,Michael Moore,Research,40124
8766,James Miller,Operations,108616
7459,Sarah Miller,Legal,35281
5101,Betty White,Sales,30871
7102,Karen Perez,Finance,106960
5098,Karen Rodriguez,Legal,143133
6946,Elizabeth Perez,Sales,117730
