C_ID,C_NAME,AGE_YRS,LOC_CD,REG_DT
288,Andrew Harris,50,Fort Worth,2023-06-06
2450,Steven Gonzalez,51,Sacramento,2021-05-15
3018,Michael Lopez,37,Los Angeles,2021-01-21
4113,Michael Brown,70,Denver,2024-07-05
2504,James Smith,58,New York,2020-07-07
9316,Lisa Moore,37,San Jose,2025-10-24
7764,Anthony Johnson,68,New York,2023-02-28
102,Anthony Allen,69,Louisville,2025-07-15
4131,Donald Martinez,55,Seattle,2024-05-01
6034,Andrew Lee,27,Milwaukee,2024-04-28
5980,Steven Miller,65,Boston,2025-02-01
8263,John Robinson,53,Seattle,2023-05-04
9439,Deborah Williams,49,Washington,2021-08-13
646,Elizabeth Taylor,27,Louisville,2020-06-01
8552,Deborah King,64,Fort Worth,2023-10-19
8593,Deborah Rodriguez,70,Austin,2022-05-25
3085,Amanda Thomas,34,Charlotte,2025-09-23
7190,Sarah King,51,Houston,2022-02-01
4919,Andrew Sanchez,24,Milwaukee,2020-07-05
220,Michael Jackson,22,Baltimore,2025-07-14
483,Mark King,39,San Diego,2022-05-21
7951,Dorothy Young,57,Chicago,2021-12-07
857,James Ramirez,29,Milwaukee,2021-10-03
1291,Steven Wilson,62,Kansas City,2021-09-28
9615,Sarah Martin,32,Dallas,2025-07-10
48,Ashley Lee,62,Oklahoma City,2024-12-05
8061,Lisa Rodriguez,40,Fort Worth,2024-04-21
440,Andrew Harris,37,San Francisco,2022-03-22
5883,Paul Hernandez,53,Albuquerque,2020-08-16
7018,Emily Martinez,20,Austin,2022-10-19
6147,Mark Clark,60,Dallas,2022-08-10
2299,Matthew Martin,24,Houston,2021-12-02
3684,David Robinson,54,Philadelphia,2024-02-23
614,Deborah Allen,43,Phoenix,2025-07-03
5368,Sarah Rodriguez,45,Boston,2024-11-23
3361,Elizabeth Taylor,34,Denver,2021-06-07
737,Robert Jones,56,New York,2021-11-13
5457,Michael Martinez,32,Mesa,2024-04-25
7960,Donald Smith,27,Chicago,2020-01-03
7398,Karen Jackson,25,Tucson,2022-09-09
2239,Lisa Miller,53,Sacramento,2025-07-03
1063,Donald Lee,25,Kansas City,2020-03-04
3101,Paul Robinson,51,New York,2023-06-14
7695,Lisa Young,18,Louisville,2021-04-19
8517,Emily Thompson,19,Indianapolis,2023-11-21
2321,Anthony Harris,62,Dallas,2020-07-10
6171,Lisa King,27,Las Vegas,2024-08-15
5523,Daniel Jackson,64,Indianapolis,2023-03-21
2478,Anthony Lopez,43,San Diego,2020-02-06
7573,Jessica Sanchez,69,Portland,2021-08-26
2692,Jennifer Moore,43,Washington,2020-08-05
9917,John Martinez,49,New York,2021-08-14
8661,Karen Taylor,29,Jacksonville,2024-09-13
5927,Daniel Martinez,33,Portland,2025-04-17
2071,Joshua Walker,22,Fresno,2021-11-19
6756,Robert Moore,68,Houston,2024-01-14
3743,Jennifer Lopez,35,Chicago,2022-07-21
6229,Sarah Allen,29,Baltimore,2021-12-09
3279,Karen Lee,36,San Jose,2022-04-15
5109,Paul Taylor,50,Columbus,2023-06-27
7104,Dorothy Miller,37,Mesa,2020-01-07
7235,Ashley Moore,38,Austin,2025-06-06
7743,Andrew Garcia,68,San Diego,2024-09-17
7632,Nancy Young,27,Albuquerque,2022-11-10
7953,Amanda Allen,51,Las Vegas,2021-03-14
4647,Joshua Anderson,57,Tucson,2022-02-02
3984,Jane Ramirez,30,Las Vegas,2021-04-11
8362,Robert Robinson,55,Kansas City,2022-06-06
8260,Jane Clark,44,Houston,2021-11-02
315,Matthew Thomas,66,Fort Worth,2023-12-19
5438,Daniel White,31,Philadelphia,2025-01-22
6224,Anthony Rodriguez,26,Tucson,2024-07-17
1724,Jennifer Lewis,69,Denver,2023-06-17
60,Jessica Williams,57,Washington,2021-10-05
9736,Andrew Lee,37,Dallas,2022-12-28
