C_ID,C_NAME,AGE_YRS,LOC_CD,REG_DT
9980,Daniel Wilson,57,Indianapolis,2024-02-20
7726,Ashley Harris,62,Oklahoma City,2025-06-10
473,Nancy Harris,69,Columbus,2024-10-26
1147,Steven Robinson,63,Albuquerque,2025-12-16
5067,Jane Perez,19,Louisville,2020-12-14
3926,Betty Martin,39,Jacksonville,2024-07-25
1985,Nancy Perez,29,Houston,2021-02-17
9500,Betty Sanchez,51,San Diego,2023-07-27
9705,Amanda Garcia,54,Fort Worth,2022-06-03
2683,Donald Jones,48,Columbus,2023-03-14
4589,Sarah Johnson,68,Albuquerque,2022-04-08
7230,Anthony Anderson,62,Jacksonville,2020-08-02
7798,Lisa Young,65,Seattle,2025-04-27
5738,Paul Garcia,30,Los Angeles,2024-04-10
9441,Andrew Martin,31,Milwaukee,2021-02-13
2477,Karen Hernandez,55,Sacramento,2022-01-16
5351,Matthew Moore,19,New York,2024-09-24
7278,Steven Young,36,San Diego,2022-10-13
9859,Robert Anderson,30,Albuquerque,2022-03-10
549,Daniel Jones,69,San Antonio,2022-12-09
897,Dorothy Martin,52,San Francisco,2024-03-11
4339,Emily Lopez,18,San Antonio,2021-07-25
370,Lisa Wilson,43,Oklahoma City,2025-04-24
9746,Lisa Miller,37,Milwaukee,2023-04-22
4029,Daniel Young,41,Phoenix,2023-02-26
5277,Betty Garcia,26,Kansas City,2021-02-10
4486,Mark Garcia,57,Phoenix,2022-01-10
2026,Christopher Young,63,Baltimore,2023-11-22
9216,Matthew Williams,23,San Antonio,2020-06-15
7224,Jane Robinson,58,Oklahoma City,2021-11-01
9664,Nancy Rodriguez,33,San Jose,2022-10-07
8633,Dorothy Thomas,34,Fresno,2020-12-10
9316,Betty Allen,44,Boston,2023-12-08
7651,Karen Thompson,49,San Diego,2024-08-21
173,Andrew Perez,41,Los Angeles,2021-05-26
9261,Paul Robinson,44,Nashville,2024-06-25
1380,Jessica Hernandez,22,Houston,2025-09-27
2452,Michael Anderson,33,Albuquerque,2023-12-20
8925,Dorothy Walker,68,Oklahoma City,2025-01-06
367,James Brown,25,Portland,2020-01-19
4998,Nancy Rodriguez,42,San Jose,2023-01-03
286,Christopher King,66,Indianapolis,2022-06-03
2563,Nancy Miller,59,Denver,2020-11-20
5317,Lisa White,64,Los Angeles,2024-09-09
5641,Matthew Clark,25,Jacksonville,2024-08-10
5166,Andrew Moore,33,San Jose,2021-03-12
4267,Deborah Robinson,20,San Antonio,2024-12-12
4316,John Williams,38,Fresno,2021-06-11
2694,Karen Harris,50,San Jose,2025-04-02
5055,Jessica Robinson,26,Kansas City,2024-03-03
2741,Steven Gonzalez,45,Oklahoma City,2024-12-18
4019,Andrew Anderson,48,Fort Worth,2022-06-07
7552,Jennifer Jones,22,Louisville,2021-10-28
4907,Dorothy Smith,63,Dallas,2024-05-02
6063,Amanda Allen,70,Fresno,2025-04-22
3763,Christopher Wilson,24,Denver,2020-08-25
3762,Nancy Johnson,33,Seattle,2021-04-20
6524,Donald Hernandez,20,Mesa,2025-06-23
4124,John Walker,22,Philadelphia,2020-10-19
6111,Karen Martin,27,Baltimore,2021-07-02
300,James Wilson,50,Mesa,2020-11-23
8343,Ashley Ramirez,48,San Diego,2022-01-13
6933,David Jackson,30,Milwaukee,2023-01-09
7025,Karen Lewis,20,Columbus,2021-04-05
6966,Dorothy Harris,21,Sacramento,2020-12-18
7565,John Taylor,51,Kansas City,2021-10-25
7542,Amanda Allen,55,Louisville,2023-07-01
2487,Daniel Smith,60,Tucson,2025-06-17
9805,Joshua Gonzalez,68,Seattle,2021-09-12
3503,Emily Garcia,67,Las Vegas,2025-04-04
3312,Anthony Perez,54,Los Angeles,2024-08-15
3995,Amanda Jones,64,Seattle,2024-04-14
4203,Elizabeth Thompson,61,Dallas,2025-11-15
3397,Elizabeth Smith,66,Fort Worth,2020-09-14
8091,Andrew Moore,25,Fresno,2022-07-27
