EMP_ID,EMP_NM,DEPT_CD,SAL_AMT
8388,Michael White,IT,113130
1235,Jane Robinson,Operations,64914
2621,Ashley Johnson,Marketing,92646
8890,Jennifer Garcia,Engineering,34142
4192,Jennifer Gonzalez,Operations,126684
9314,Mark Gonzalez,HR,137438
7840,Jessica Walker,Marketing,83779
5863,Donald Perez,Sales,91977
9400,Emily Jackson,Marketing,57524
4370,Elizabeth Brown,Sales,78889
4512,Sarah Johnson,HR,125932
3677,Christopher Walker,Finance,71312
9638,Mark Harris,Operations,76466
6234,Jessica Young,Legal,97513
5992,Lisa Thomas,Marketing,119406
3631,David Jones,Marketing,72571
974,Lisa Robinson,Customer Service,78195
6146,Ashley Gonzalez,HR,35048
5879,Ashley Anderson,HR,137429
8716,Andrew Brown,Sales,138248
8739,Ashley Thomas,Operations,97360
8224,Joshua Hernandez,Legal,65432
4397,Anthony Robinson,Marketing,31177
3546,Matthew Robinson,HR,84947
8710,David Gonzalez,Research,131671
1011,Robert Johnson,Legal,124496
4066,Elizabeth White,Sales,65766
6323,Jennifer Hernandez,Legal,141279
6583,Jessica Thompson,Research,117350
4512,Donald Lopez,Sales,139549
385,Lisa Moore,Finance,44286
7422,Matthew King,Marketing,73381
9521,Lisa Rodriguez,Legal,111762
8432,Betty Rodriguez,Marketing,66176
4922,Ashley Lee,Legal,74002
1304,James Clark,IT,109207
5624,Karen Thomas,Engineering,56953
2223,Anthony Moore,Legal,108265
4891,Joshua Lewis,Operations,106151
9424,Anthony Garcia,Legal,30660
1584,Sarah Lopez,Finance,56859
2420,Jane Anderson,HR,41907
3170,Ashley Rodriguez,Marketing,92994
8946,Robert Thomas,HR,119310
9507,Deborah Sanchez,IT,124860
1969,Andrew Johnson,Operations,69982
8557,Anthony Young,Engineering,75241
8618,Jennifer Hernandez,Sales,104712
3066,Dorothy Moore,Finance,48922
9601,Donald Lee,IT,92833
6984,Karen Taylor,Sales,144052
8142,Matthew Martinez,HR,143829
5783,Nancy Thomas,Marketing,59635
3526,Lisa Davis,Operations,144118
7836,Joshua Williams,HR,115103
7901,James Wilson,Research,65583
1141,Andrew Rodriguez,Legal,80663
734,Lisa Miller,Engineering,76003
7011,Lisa Martinez,HR,96616
6771,David Young,Finance,124384
3310,Lisa Hernandez,Customer Service,44298
9873,Elizabeth Sanchez,Operations,81052
7806,Amanda Robinson,IT,68134
1620,Michael Young,IT,106560
2601,Christopher Clark,Marketing,130909
6476,Anthony Walker,Sales,75701
1317,Emily Davis,Operations,77537
7906,Betty Johnson,Operations,121808
8919,Robert White,Finance,115541
9080,Sarah Walker,Operations,75859
2376,Jane Jackson,Customer Service,86877
392,Betty Anderson,Legal,73169
5746,Lisa Perez,Legal,115665
8697,Emily Walker,Operations,83835
7995,Donald Thompson,IT,98334
2107,Andrew Ramirez,Operations,84043
9836,Paul Gonzalez,Research,116389
9017,Jane Johnson,Sales,71214
843,Anthony Johnson,Research,117718
6120,Jessica Jackson,Legal,108825
9117,Matthew Martin,Legal,99793
6561,Betty Garcia,Marketing,144117
2409,Joshua Martinez,Operations,142842
2234,Jennifer Allen,Finance,83479
3518,Jane Taylor,IT,36990
6868,Karen Robinson,Customer Service,138942
5606,Jane Jackson,Finance,143829
8776,Deborah Allen,HR,146633
441,Anthony Jackson,Sales,36667
3200,Jane Allen,Sales,54160
4317,Mark Ramirez,Operations,149822
8261,Andrew Moore,Customer Service,82221
5045,Deborah Robinson,HR,30380
5844,Lisa White,Sales,130508
4567,Michael Lopez,Operations,43106
1383,James Allen,Engineering,119711
5350,Ashley Smith,Legal,117243
6370,Matthew White,Customer Service,74906
4936,James Moore,Research,125162
4494,Steven Wilson,Legal,117641
