EMP_ID,EMP_NM,DEPT_CD,SAL_AMT
4239,Sarah Gonzalez,Sales,46344
8850,James Young,Research,99436
4660,Christopher Wilson,Marketing,75674
6680,Donald Thompson,Engineering,112007
2751,Anthony Clark,Marketing,112020
5882,Sarah Davis,HR,39535
6527,Paul Gonzalez,Legal,56321
2740,Michael Smith,Sales,128047
5692,Sarah Walker,Engineering,129942
1729,Joshua Clark,Sales,61548
1394,Anthony Gonzalez,Sales,104880
7256,Steven Williams,HR,36037
413,Anthony Young,Customer Service,132487
9402,Dorothy Hernandez,Operations,88971
3829,Anthony Gonzalez,Marketing,110210
5569,Matthew Jones,Marketing,43577
3133,Jane Smith,HR,101749
830,Donald Martin,Sales,59066
6391,Jessica Young,HR,95058
4862,Karen Martin,Legal,142445
956,Elizabeth Garcia,IT,46079
2936,Emily Williams,Engineering,145309
3856,Lisa White,IT,107006
1404,John Thomas,IT,94646
6839,Donald Thomas,Engineering,49111
2280,Daniel Allen,Sales,132478
338,Donald Williams,HR,94708
5668,Steven Rodriguez,Operations,123370
9522,Michael Young,Legal,60940
833,Steven Sanchez,HR,127222
1342,Mark Lee,Customer Service,149276
1178,Matthew Brown,HR,77158
5335,Jennifer Brown,Operations,30353
8400,Jessica Smith,Legal,42356
3705,Betty Smith,Research,113093
2263,Robert King,Finance,113741
7934,Joshua Ramirez,Research,128983
6567,Christopher Allen,IT,145031
9310,Emily Lewis,Research,87509
9344,Jennifer Lewis,Marketing,87245
9702,Anthony Lopez,Customer Service,72458
6868,Robert Davis,Sales,57593
5474,Lisa Thompson,Operations,134819
4426,Paul Robinson,Finance,69132
5894,Nancy Ramirez,HR,121719
3072,Nancy Wilson,HR,61119
6077,Mark Lewis,Finance,149882
4750,Daniel Brown,Legal,131510
224,James Thomas,IT,30050
5512,James Brown,Customer Service,146076
3621,Matthew Anderson,Customer Service,74322
4676,John Wilson,Customer Service,52323
1997,Ashley Williams,Finance,80783
4200,Daniel Smith,Finance,112537
1416,Elizabeth Brown,Engineering,90810
5300,Lisa Taylor,Marketing,52535
855,Christopher Williams,Research,68424
5794,Ashley Thomas,Legal,64239
5028,Lisa Johnson,IT,87992
8998,Lisa Jackson,Research,102701
7487,John Taylor,Marketing,37967
1174,Emily Gonzalez,Operations,138926
6099,Dorothy Clark,Legal,109688
9308,Robert Williams,Marketing,123282
6034,John Smith,Finance,66977
9601,Karen Brown,Sales,133657
6889,Daniel Johnson,Customer Service,110497
2180,Daniel Sanchez,Customer Service,138720
5647,Anthony Thompson,IT,49466
2900,Anthony Anderson,Customer Service,33370
9519,Lisa Young,Research,117223
2896,Lisa Rodriguez,Finance,65324
3889,Lisa Martinez,HR,106113
9592,Donald Lee,Sales,149859
5307,Emily Garcia,Operations,97361
305,David Taylor,Legal,111942
478,Mark Anderson,Operations,119033
5938,Michael Harris,HR,33623
7270,Elizabeth Jackson,Finance,98642
4793,Anthony King,HR,126257
5881,Sarah Clark,Marketing,100347
9050,Ashley Perez,IT,44271
78,Jennifer Martin,Customer Service,40743
4737,James Gonzalez,HR,129321
2911,Jennifer Williams,Sales,32137
6993,John Jones,Engineering,103138
7951,Christopher Miller,Operations,36668
6612,Joshua Thomas,Sales,92309
3464,Paul Robinson,Customer Service,147897
7993,Karen Smith,Research,41230
5083,Nancy Allen,Legal,67703
203,Deborah Davis,HR,114310
8276,Deborah Lopez,Finance,41962
5445,Emily Walker,Research,138251
749,Paul Sanchez,Sales,45372
662,Jessica Martin,Research,77089
7517,Elizabeth Sanchez,Customer Service,47445
8440,John Thomas,Marketing,128311
2007,Ashley Brown,Customer Service,140576
7841,Donald Lee,Marketing,116936
