C_ID,C_NAME,AGE_YRS,LOC_CD,REG_DT
4872,Jennifer Allen,48,Las Vegas,2020-08-15
7441,Paul Johnson,27,San Diego,2022-04-04
3658,Jane Moore,41,Fresno,2023-04-27
217,Christopher Thompson,20,Oklahoma City,2021-04-08
8440,Christopher Walker,26,Seattle,2021-07-25
1238,Emily Johnson,43,Sacramento,2023-02-09
1602,Joshua Hernandez,69,San Francisco,2025-03-01
8175,Anthony Lee,59,Philadelphia,2025-04-17
865,Deborah Davis,20,Nashville,2022-01-17
9107,Matthew Johnson,26,San Antonio,2020-10-02
3191,James Moore,44,Louisville,2025-09-04
2352,Mark Taylor,47,Austin,2022-11-02
3964,Nancy Walker,65,Philadelphia,2021-07-23
1330,Betty White,31,Los Angeles,2021-11-15
9520,James Lee,24,Jacksonville,2021-11-22
7411,Deborah Moore,61,Charlotte,2024-06-17
2806,Daniel Thompson,41,Denver,2025-10-17
2649,David Walker,50,Jacksonville,2021-02-10
4959,Steven Lee,27,Washington,2024-03-18
6667,Betty Johnson,22,Oklahoma City,2020-06-02
1314,Lisa Jones,43,Nashville,2021-01-12
2086,Lisa Martin,30,Baltimore,2025-03-11
2591,Andrew Garcia,44,Jacksonville,2024-02-04
6759,Andrew Williams,70,Milwaukee,2021-07-22
7331,Ashley Davis,41,Dallas,2021-07-04
4114,Sarah Smith,19,Milwaukee,2024-06-17
3027,Nancy Clark,42,San Antonio,2020-06-18
1163,Christopher Robinson,28,Las Vegas,2022-07-03
2051,Betty Ramirez,39,Houston,2021-10-24
5555,Dorothy King,63,Louisville,2022-10-13
817,Michael Smith,54,Sacramento,2023-04-11
7580,Mark Johnson,69,Albuquerque,2024-10-03
572,James Walker,20,Louisville,2023-06-28
2059,Donald King,49,Austin,2023-09-08
7759,Jessica Clark,45,Los Angeles,2020-08-01
5928,Amanda Rodriguez,47,Charlotte,2020-10-18
9126,Matthew Jones,61,San Jose,2021-03-17
8915,Donald Hernandez,64,Philadelphia,2021-02-07
2948,Amanda Thomas,48,San Jose,2023-02-14
2664,Anthony Davis,63,Los Angeles,2023-02-09
3771,Robert Martin,36,Washington,2024-04-02
2997,Paul Hernandez,27,Albuquerque,2021-06-26
8641,Betty Garcia,69,Washington,2023-01-06
134,Elizabeth Sanchez,48,Denver,2022-07-13
3939,Robert Moore,22,San Antonio,2020-02-16
5209,Elizabeth King,22,Boston,2020-03-18
3703,Christopher Clark,63,Denver,2023-11-16
8797,Ashley Lee,52,Mesa,2023-08-01
3180,Andrew Allen,25,Denver,2020-06-19
9414,Robert Garcia,67,Mesa,2021-08-28
1623,Amanda Ramirez,19,San Jose,2023-04-12
9909,Andrew Moore,42,Fresno,2024-10-12
3094,Mark Lee,36,Fresno,2025-12-13
2125,Joshua Miller,70,Los Angeles,2021-10-18
8004,Matthew Robinson,53,San Antonio,2021-11-05
2393,Emily Lewis,28,Charlotte,2023-11-21
7319,Daniel Walker,44,Dallas,2025-07-04
8424,Joshua Smith,50,Baltimore,2020-02-09
345,Jane Gonzalez,61,Austin,2020-04-20
7421,David Davis,70,Albuquerque,2020-04-25
1825,Dorothy Wilson,37,San Jose,2024-09-03
4954,Emily Perez,42,Denver,2024-04-26
3626,Joshua Walker,59,Charlotte,2021-01-14
2720,Steven Robinson,64,San Jose,2023-03-18
4345,David Lee,67,San Jose,2025-03-26
3976,Nancy Robinson,55,San Diego,2021-09-01
3318,Matthew Williams,25,Baltimore,2021-01-07
2489,Sarah Ramirez,24,Los Angeles,2025-09-20
2761,Mark Rodriguez,69,Charlotte,2024-09-08
8205,Dorothy Wilson,66,Fort Worth,2021-07-25
4528,Jennifer Lee,33,New York,2020-04-19
2477,Jennifer Miller,44,Nashville,2025-06-21
1063,Andrew Hernandez,22,Philadelphia,2021-05-11
5881,Robert Moore,57,San Francisco,2023-02-27
1776,Ashley Thompson,38,Los Angeles,2023-11-11
