EMP_ID,EMP_NM,DEPT_CD,SAL_AMT
4476,Dorothy Gonzalez,Sales,108018
7524,Lisa Lewis,IT,71569
1939,Emily White,Sales,38980
6967,Jennifer White,Research,86391
3983,Jennifer Jackson,IT,35179
5654,Betty Taylor,Marketing,120162
9777,Deborah Rodriguez,Marketing,53556
2938,Dorothy Rodriguez,Finance,31057
8855,Emily Brown,IT,103588
4200,Sarah Jones,Engineering,127801
3150,Lisa Brown,Marketing,40331
8586,John Anderson,Finance,102788
4480,Amanda Robinson,Research,90798
8959,Steven Rodriguez,Engineering,48973
1624,Andrew Gonzalez,Finance,137288
7404,Elizabeth Lopez,Sales,96551
7212,Matthew Hernandez,HR,102994
9118,Steven Davis,Finance,124696
985,Sarah Young,Operations,49731
8168,Donald Lopez,Operations,57769
5038,James Anderson,HR,127762
1388,Anthony Sanchez,Marketing,92657
7932,David Jackson,Engineering,99051
160,Elizabeth Smith,Customer Service,54855
1475,Robert Thomas,Engineering,133115
1981,Betty Perez,HR,127551
9428,Robert Moore,Finance,33432
368,Nancy Allen,IT,135806
111,Sarah Lopez,Customer Service,49673
6562,Lisa Brown,Sales,92110
9880,Joshua Lewis,Engineering,68119
1963,Mark Walker,Marketing,118717
4708,Matthew Moore,Legal,101760
1237,Jessica Allen,Legal,127039
7629,Betty Martinez,Legal,58082
9498,Christopher Martinez,Research,113547
9826,Sarah Perez,Customer Service,116119
9868,Anthony Thomas,Finance,120633
997,John Thompson,Customer Service,75193
8563,Elizabeth Moore,Research,136305
2211,Dorothy Garcia,Customer Service,39901
4060,Emily Walker,Engineering,114013
2083,Sarah Miller,Research,149258
7607,Matthew Lewis,Finance,108856
4288,Lisa Sanchez,Legal,144256
8157,Lisa Taylor,Research,137328
6785,Mark Thomas,HR,40180
7404,Paul Lopez,Engineering,86781
8939,Ashley Martin,Engineering,88690
8595,Elizabeth Allen,Engineering,56332
7050,Robert Smith,Research,44325
9505,Nancy Walker,IT,146770
4842,Emily Taylor,Marketing,85733
9138,Andrew Garcia,Sales,133756
2767,Jessica Thomas,Marketing,114945
2988,Andrew Harris,Sales,117882
6712,Lisa Rodriguez,IT,88224
6732,Emily Sanchez,Finance,92529
9727,Amanda Jackson,IT,59670
4681,Donald Thompson,Sales,40824
6522,Lisa Perez,Research,53229
1505,Steven Miller,Operations,64047
1886,Steven Rodriguez,Finance,139053
6996,Mark Miller,Finance,129203
2220,Lisa Gonzalez,Marketing,63690
4032,Robert King,Marketing,137597
7064,Lisa Gonzalez,Research,59285
2861,John Hernandez,IT,123846
4743,David Harris,HR,33525
8288,Sarah Brown,Legal,124666
1744,Steven Ramirez,Legal,73728
5769,Dorothy White,IT,76736
5016,Nancy Harris,Operations,48174
515,David Miller,HR,70728
6518,Dorothy White,HR,73143
9797,Jennifer Anderson,Sales,83333
6271,Donald Garcia,Finance,66398
2324,David Ramirez,Finance,85983
2088,Andrew White,Legal,48217
3558,Elizabeth Rodriguez,Marketing,61468
276,Joshua Brown,Operations,89167
5010,Lisa Rodriguez,Customer Service,70924
9125,Sarah Thompson,Finance,123667
5011,Matthew Davis,Operations,111751
5039,Matthew Walker,Research,84076
9441,Robert Smith,Sales,41020
5523,Ashley Smith,Operations,35248
1134,James Anderson,HR,120903
3545,Michael Thomas,Sales,120932
1466,Karen Miller,Research,71774
6900,Michael Moore,Marketing,55873
103,Steven Thompson,Customer Service,50524
8985,Dorothy Walker,Customer Service,129105
7800,Michael Jones,Marketing,54754
5068,Amanda Martin,Sales,30768
2552,Christopher Young,Customer Service,67611
7245,Sarah Rodriguez,Marketing,98203
7131,Joshua Smith,Finance,83708
5318,Christopher Miller,IT,132030
2180,Christopher Lopez,HR,139527
