C_ID,C_NAME,AGE_YRS,LOC_CD,REG_DT
200,John Brown,22,Albuquerque,2023-08-06
8105,John Lewis,48,Portland,2021-02-14
4932,Betty Jones,63,Indianapolis,2020-05-27
8794,Deborah Rodriguez,40,Fort Worth,2022-06-15
9034,Daniel Lopez,21,Nashville,2020-12-16
5359,Emily Thomas,34,Charlotte,2024-06-02
5277,James Moore,38,Washington,2021-10-09
3581,James Sanchez,27,Kansas City,2024-11-08
2909,Lisa Miller,32,Albuquerque,2024-01-02
7320,Lisa Harris,64,Charlotte,2020-11-05
9634,James Lopez,56,Charlotte,2020-09-16
3298,Steven Anderson,41,San Antonio,2020-07-04
4429,Mark Rodriguez,68,Baltimore,2024-02-28
9425,Ashley Martinez,60,Austin,2021-07-12
3708,James Martinez,49,Indianapolis,2025-10-22
2933,Betty Lee,60,Columbus,2023-10-26
4071,Betty Johnson,62,Mesa,2023-11-01
1966,Lisa Allen,47,Indianapolis,2021-04-28
348,Daniel Smith,62,Kansas City,2022-08-02
7937,Emily Perez,30,Fort Worth,2022-03-17
9649,Nancy Lopez,36,Phoenix,2020-12-28
3059,Deborah White,51,Philadelphia,2024-04-23
8839,Paul Lee,68,Tucson,2020-03-25
1773,Matthew Garcia,57,San Antonio,2022-09-26
5840,Sarah Martin,61,Charlotte,2025-05-10
3922,Nancy Ramirez,49,Fort Worth,2023-12-20
5241,Amanda Lewis,40,Fresno,2020-06-25
2331,Ashley Perez,28,Fresno,2021-05-05
8858,Elizabeth Brown,24,Seattle,2025-01-22
2051,Matthew Taylor,18,Nashville,2022-09-06
6073,Joshua Thompson,29,Fresno,2021-07-13
2096,Deborah Robinson,42,Tucson,2024-04-15
2247,Dorothy Walker,38,Columbus,2023-06-12
9262,Paul King,19,Sacramento,2025-07-23
3377,Lisa Brown,18,Charlotte,2023-07-08
1045,Paul Young,40,Las Vegas,2023-10-24
5271,Joshua Anderson,53,Jacksonville,2023-01-06
4324,Christopher Rodriguez,45,Washington,2024-12-21
521,Michael Jones,60,Mesa,2020-09-01
698,Jessica King,44,San Diego,2024-06-09
8093,Lisa Moore,27,Mesa,2022-01-25
4575,Deborah Lee,49,Kansas City,2021-06-08
8473,Deborah Walker,36,Albuquerque,2023-11-23
4159,Christopher Clark,34,Charlotte,2022-07-25
5763,Emily Robinson,70,Fort Worth,2022-11-07
2313,Ashley Perez,61,Chicago,2024-08-10
7039,Christopher Lopez,37,Chicago,2020-04-24
6684,Anthony Perez,39,Portland,2022-06-13
2010,Steven Walker,58,Jacksonville,2023-01-09
8866,Paul Rodriguez,54,Columbus,2025-05-12
8961,Mark Jones,36,Indianapolis,2021-05-23
3421,John Perez,57,San Francisco,2025-06-07
8820,Christopher Moore,26,Austin,2023-07-07
3162,Betty Martinez,30,Washington,2025-05-01
5036,Michael Sanchez,66,Charlotte,2023-03-06
2056,Lisa Robinson,33,Fresno,2023-01-23
2181,Andrew Lee,31,Indianapolis,2025-01-02
7489,Ashley Brown,31,Milwaukee,2023-11-05
919,Andrew Thomas,51,Albuquerque,2022-10-18
7302,Jennifer Johnson,39,Sacramento,2021-06-20
2653,Elizabeth Miller,65,Kansas City,2020-11-09
1638,Christopher Harris,64,Austin,2025-02-05
4344,Andrew Young,49,Chicago,2022-04-15
7438,Michael Rodriguez,29,Las Vegas,2023-05-19
6544,Donald Moore,45,Seattle,2020-10-03
5243,Joshua Jackson,25,Oklahoma City,2025-06-19
7440,Deborah Harris,47,San Jose,2020-07-12
6732,Robert Allen,26,Las Vegas,2025-04-07
8444,Michael Ramirez,50,New York,2024-05-21
9905,Deborah Taylor,49,Columbus,2023-12-10
5172,Sarah Gonzalez,48,Las Vegas,2021-04-06
2296,Dorothy Jones,55,Jacksonville,2025-02-23
5111,Christopher Brown,63,Philadelphia,2020-12-15
6319,Donald Young,36,San Jose,2023-05-23
208,Lisa Davis,29,San Diego,2025-08-26
