EMP_ID,EMP_NM,DEPT_CD,SAL_AMT
3698,Amanda Jones,IT,121763
358,Anthony Ramirez,Operations,118278
7780,Andrew Gonzalez,HR,127950
1440,Betty Clark,Research,37257
1565,Steven Hernandez,Legal,47169
2694,Joshua Jackson,Customer Service,122098
5328,Christopher Johnson,Legal,132208
6619,Donald Sanchez,Marketing,124456
3168,Michael White,Marketing,40035
260,Deborah Miller,HR,105122
3971,Jessica Anderson,Sales,41148
6006,Betty Anderson,Marketing,132156
6780,Sarah Moore,Operations,138640
1564,Anthony Hernandez,Research,84867
680,David Moore,Sales,41618
9692,Jennifer Johnson,Finance,143090
6082,Emily Johnson,Finance,39366
7053,Betty Miller,Customer Service,118965
4355,Matthew Wilson,Customer Service,101000
2738,Michael Perez,HR,123625
7339,Amanda Young,Sales,69291
3755,Mark Lewis,HR,88675
3403,Amanda Lopez,IT,96386
4304,Michael Hernandez,Legal,60090
1902,Mark Gonzalez,Customer Service,142988
6672,Joshua Walker,Customer Service,72773
780,David Davis,Marketing,70319
4235,Daniel Allen,HR,75110
8752,Steven Anderson,Operations,84114
4387,Donald Martinez,Marketing,47826
9550,Amanda Lewis,Research,68931
7875,Christopher Jackson,Engineering,113979
5274,Betty White,Research,64964
7909,Jane Thomas,Legal,104987
3943,Sarah Thomas,Research,97452
9258,Dorothy Martin,Research,104045
6333,John Garcia,Engineering,92847
5229,Michael Harris,Sales,50544
320,Andrew Perez,Engineering,92189
6157,Jessica Lopez,Research,73282
3785,Nancy Davis,Operations,81265
2939,Nancy Perez,Operations,43129
6281,Elizabeth Martin,Research,84634
8353,Andrew Perez,Engineering,134822
9151,Joshua White,HR,72107
3310,Jane Moore,Operations,115239
9224,Betty Perez,Sales,98789
9417,Christopher Wilson,Operations,56858
5131,Andrew Harris,Research,142096
5404,Karen Jones,Research,137327
7749,Anthony Allen,Operations,107944
9894,Nancy Thomas,Legal,51812
3853,David Lopez,Research,100014
7122,Anthony Garcia,IT,47583
1948,Nancy Harris,IT,131694
7317,Karen Sanchez,IT,32544
386,Matthew Wilson,IT,140676
340,Elizabeth Lewis,HR,52277
95,Andrew Allen,Research,136309
6133,Jennifer Jackson,Finance,144495
7858,James Sanchez,Marketing,80810
5652,John Thompson,Operations,77876
9538,Daniel White,HR,110861
3568,Donald Thompson,IT,132783
4275,Christopher Johnson,Research,71370
1246,Betty Johnson,Legal,127759
7992,Emily Robinson,Legal,96457
3828,Jessica Thomas,Sales,41673
6983,Andrew Williams,Research,62664
1000,Karen Rodriguez,Customer Service,98450
3411,Steven Jackson,Customer Service,127118
1059,Matthew Lewis,Operations,36319
8972,Lisa Perez,Sales,42081
5615,Joshua Jones,Finance,38064
4626,Jessica Smith,Marketing,101973
5872,Christopher Perez,Engineering,133619
23,Paul Walker,Operations,50107
5623,John Martinez,Engineering,117261
7539,Matthew Thompson,Finance,85546
1348,Nancy Clark,Customer Service,48991
2088,Michael King,Operations,31307
9847,Jessica Lewis,Sales,36993
6510,Matthew Smith,Operations,130507
944,Christopher Clark,Research,147008
1248,Betty Hernandez,Legal,136786
3366,Amanda Jackson,Legal,77817
4936,Anthony Hernandez,Research,67425
6934,Lisa Davis,Marketing,143017
9317,Andrew Davis,Operations,136814
7369,David Williams,Engineering,93765
7301,Paul Thompson,Sales,147594
7732,Dorothy Rodriguez,Operations,113534
2079,Elizabeth Lopez,Research,142802
4156,Daniel Wilson,Finance,102983
8791,Donald Garcia,Finance,96272
2632,Andrew Garcia,Marketing,104172
4879,Andrew Taylor,Customer Service,87353
3230,James Johnson,Legal,75231
4473,Donald Wilson,Research,37867
1066,Michael Lee,Finance,53616
