EMP_ID,EMP_NM,DEPT_CD,SAL_AMT
1913,Paul Wilson,Operations,32667
8600,Paul Thompson,Legal,115965
8092,Sarah Clark,Finance,93097
4980,Matthew Young,HR,91365
5151,Lisa Perez,Customer Service,76007
6238,Anthony Thompson,Research,124138
3916,Joshua Martin,Marketing,50459
7837,Lisa Sanchez,HR,63503
1621,Sarah White,IT,116800
1059,Michael Robinson,Engineering,144710
9640,Jane Moore,Legal,110988
8667,Elizabeth White,Research,49040
6880,Matthew Gonzalez,Legal,81956
4377,Nancy Gonzalez,Legal,115527
7137,Dorothy Lewis,Finance,92849
2144,Robert Hernandez,Finance,106191
7386,John Allen,Marketing,47720
7086,Emily Young,IT,108618
1631,Steven Lewis,Customer Service,87908
8525,Lisa Sanchez,Sales,56688
4946,Paul Lopez,Operations,38093
2286,Emily Clark,Engineering,98674
1665,Nancy Rodriguez,Sales,35548
8838,Donald Hernandez,IT,104557
883,Donald Anderson,Marketing,44248
5895,Jessica Wilson,Customer Service,122661
7589,Emily Hernandez,Sales,143770
5813,John Gonzalez,Customer Service,137289
5115,Mark Rodriguez,HR,120333
2723,Daniel Sanchez,Marketing,99149
595,David Brown,IT,56497
3853,Betty Garcia,Marketing,92998
100,Ashley Lopez,Sales,98866
7326,Sarah Walker,Sales,93470
473,Matthew Gonzalez,Finance,114749
5203,Ashley Allen,Legal,137164
7927,John Young,IT,140124
1601,Lisa Jones,Sales,52935
44,Amanda Wilson,Operations,88267
5397,Nancy Lopez,Engineering,104567
215,James Martinez,HR,142006
5584,John Lewis,Legal,115055
8912,Betty Moore,Legal,67007
7807,Nancy Jackson,Sales,129411
5393,Anthony White,IT,63370
4791,James Anderson,IT,90791
9068,Joshua Martin,Operations,124477
1370,Lisa Walker,Engineering,40364
3734,Michael Wilson,HR,91705
9456,Andrew White,Marketing,124299
1508,Joshua Rodriguez,HR,131506
7605,Robert Lewis,Operations,81871
1445,Christopher Walker,Engineering,105821
4640,Joshua Williams,Sales,123933
9440,Robert Sanchez,Customer Service,144525
1845,Deborah Garcia,Customer Service,97454
8619,Christopher Rodriguez,Legal,107208
6164,James Gonzalez,Customer Service,83261
36,Jessica Thomas,Customer Service,94649
2638,Sarah Harris,Customer Service,129960
8936,Betty Martin,Engineering,39001
7404,Jane Williams,Sales,115303
1064,Emily Anderson,Marketing,147967
4396,Sarah Anderson,IT,51454
5901,Mark Anderson,Legal,64734
6497,Ashley Williams,Finance,46997
2533,Steven Moore,Marketing,73053
3201,Nancy Martinez,Research,44878
1048,Ashley Rodriguez,HR,132584
8164,Paul Smith,Operations,133711
7074,Steven Lee,HR,77623
1190,Nancy Taylor,Engineering,98229
9304,Karen Sanchez,Engineering,81845
4655,Daniel Johnson,Engineering,100567
2841,Jennifer Young,Marketing,73621
1936,Matthew Brown,Research,118094
3388,Elizabeth Williams,Legal,124395
1042,Amanda Rodriguez,IT,65672
5565,Joshua Miller,Research,139259
2638,Anthony Lee,Research,102208
4677,Karen Brown,IT,42341
7208,David Jackson,HR,33063
6382,Elizabeth Clark,Engineering,91759
8530,Elizabeth Allen,IT,62727
7351,Dorothy Davis,Finance,92780
4865,Andrew Rodriguez,Research,72972
5227,Jennifer Martin,Sales,52325
7756,Jane Lopez,Research,88259
1094,Elizabeth Martin,Legal,32909
4594,Dorothy Lee,Customer Service,56162
6636,Joshua Young,Operations,33272
6954,Michael Miller,Sales,99589
4011,Michael Jones,Finance,142060
3721,Michael Allen,Research,115399
8744,Steven Smith,Customer Service,144009
5651,Lisa Lopez,Operations,145159
8177,Lisa Smith,Engineering,93919
3126,Matthew Davis,Sales,137718
2872,Anthony Jones,Engineering,137258
7064,Karen Johnson,IT,45134
