EMP_ID,EMP_NM,DEPT_CD,SAL_AMT
5650,Amanda Miller,Operations,65696
6477,Karen Sanchez,IT,110821
8131,Nancy Allen,Engineering,120732
2988,Mark Brown,Finance,138073
960,Lisa White,Research,119799
8369,Paul Jones,Marketing,57726
1977,Dorothy Clark,Finance,100489
5716,Paul Rodriguez,Customer Service,69386
8121,Lisa King,Engineering,95011
5301,Daniel Rodriguez,Sales,56000
306,Betty Wilson,Legal,144906
9970,James Davis,Operations,143966
7864,Steven Robinson,Operations,97305
7252,Ashley Martinez,Research,34044
4140,Steven King,HR,57577
9238,Jane Perez,Customer Service,75590
3245,Robert Harris,Sales,51005
9088,Jessica Jackson,IT,44545
9553,David King,Customer Service,99635
3430,Andrew Williams,HR,78719
3926,Deborah Walker,Research,99531
4843,Andrew Perez,Operations,107756
942,Jennifer Walker,Marketing,148429
3469,Dorothy Hernandez,Marketing,95405
8278,David Wilson,Sales,114551
8201,Michael Clark,Operations,97552
2221,Dorothy Lopez,Research,87831
8662,Betty Brown,Marketing,48811
2154,Betty Jackson,Research,140765
8587,Emily King,Legal,103136
9010,David Smith,Customer Service,138867
4269,Betty Lewis,Sales,70667
3605,Emily Sanchez,Sales,111876
1581,Donald Harris,Legal,70505
982,Sarah Hernandez,Finance,112422
2585,Dorothy Clark,Legal,140619
697,Daniel Lewis,Operations,143971
6793,Andrew Martinez,Customer Service,114933
6584,Robert Smith,Engineering,78976
3152,Daniel King,Sales,147415
6460,Betty Martinez,Research,137804
2309,Sarah Lee,Marketing,35341
3891,Robert Harris,Marketing,58601
7564,Karen Wilson,Operations,67458
1462,Betty Miller,IT,112202
2896,Jane Thomas,Finance,95639
8391,Elizabeth Smith,Engineering,126259
5175,Dorothy Miller,Research,105631
1612,Sarah Thompson,Operations,77141
1127,Matthew Anderson,Marketing,95722
1249,Jennifer Taylor,Research,134064
7582,Paul Lopez,Customer Service,60516
3446,Andrew Jones,Sales,79870
3151,David Allen,Marketing,130997
9792,Steven Hernandez,HR,130359
6199,John Allen,Engineering,128319
2798,Dorothy Brown,Marketing,50567
8795,Jessica Lee,IT,67107
3922,Lisa Martinez,IT,102017
5002,Amanda Walker,HR,84091
4107,Steven Brown,Finance,75376
6787,Sarah Jones,Sales,40153
7994,Donald Lee,Sales,42756
2866,Joshua Davis,Customer Service,111790
9591,Amanda White,Legal,82569
931,Jessica Brown,Research,134113
5816,Steven Young,Operations,135765
9509,Jessica Thompson,Finance,137207
8696,Jessica White,IT,86016
8907,Dorothy White,Customer Service,149515
6372,Michael Taylor,Marketing,69404
1390,Karen Taylor,Research,117845
3838,Ashley Jackson,Operations,52260
6855,Robert Walker,IT,131289
3698,Elizabeth Taylor,Finance,61321
5772,Karen Miller,IT,46646
6558,John Wilson,Research,78619
5639,Sarah White,Engineering,46274
663,Mark Williams,Marketing,61455
2534,James Thomas,Marketing,84653
9309,Christopher Miller,Customer Service,103294
4448,Michael Wilson,Operations,62616
9270,Nancy Anderson,IT,77543
9138,Dorothy Williams,Legal,69626
1242,Karen Harris,IT,87779
7683,Jessica King,Marketing,129817
7482,Jennifer Rodriguez,Customer Service,67489
8227,Anthony Robinson,IT,121403
1484,Steven Johnson,IT,76728
8171,Michael Lewis,Marketing,138586
1763,Betty Allen,Marketing,130274
8608,Jane Rodriguez,Operations,82411
5577,Sarah Martin,Legal,74405
1900,Lisa Young,Customer Service,39038
6944,Matthew King,Legal,79285
5095,Amanda Harris,Customer Service,95964
7170,Robert Davis,Marketing,39590
8699,Donald Thompson,Customer Service,105910
5143,Lisa Gonzalez,Finance,145492
277,Jessica Martin,Customer Service,50308
