EMP_ID,EMP_NM,DEPT_CD,SAL_AMT
4801,Christopher Sanchez,Research,127891
7355,Andrew Lewis,Legal,134313
2571,Elizabeth Brown,Engineering,38006
1535,Donald Martinez,Operations,146129
1381,Amanda Williams,Sales,85560
8637,David White,IT,82123
1469,Karen King,Sales,117518
1152,Matthew Thompson,Marketing,124610
7108,John Davis,Sales,129666
7885,John Lewis,Engineering,146329
6558,Michael Wilson,Engineering,101329
5585,Sarah Wilson,Operations,86864
1196,Jennifer Jackson,IT,84481
7038,James Lewis,Marketing,124107
7764,Jennifer Ramirez,Customer Service,105076
5043,Emily Clark,Operations,122263
4259,Lisa Robinson,HR,134564
429,Lisa Taylor,IT,110909
3091,Lisa Perez,HR,32814
1933,Joshua Walker,Finance,131014
3040,Lisa Young,Research,91257
2101,Michael Allen,Sales,30236
9726,James Allen,Marketing,106436
7634,Sarah Lopez,Sales,111874
1628,Ashley Walker,Marketing,121922
7007,Karen Miller,Finance,70961
6443,Lisa Williams,Engineering,87742
4882,Karen Moore,Sales,101670
7947,Karen Brown,Research,147737
12,Jennifer Robinson,HR,31627
8445,Betty Brown,Operations,33896
6172,Betty Martin,Operations,123471
3230,Karen Lopez,Marketing,80997
1942,Paul Williams,Finance,91774
1540,Andrew Wilson,IT,54388
3110,Anthony Harris,Customer Service,136817
3131,Nancy Robinson,Engineering,66130
4920,Mark Rodriguez,Research,42276
2866,Mark Allen,Marketing,145963
7703,Karen Johnson,Marketing,134461
5017,Deborah Young,Customer Service,98736
495,Robert Johnson,Marketing,70517
6246,Jennifer Thompson,Operations,64952
2984,Betty Perez,Engineering,121605
6507,Mark Brown,Sales,91519
5704,Lisa Thompson,Research,62787
5882,Deborah Martin,Research,61881
172,Mark Young,Marketing,35413
2197,Betty White,Operations,147694
8248,Matthew Gonzalez,Legal,40194
2049,Jane Moore,Sales,149014
7617,John Miller,Research,148099
9267,Daniel Lewis,Customer Service,81292
2902,James Sanchez,Finance,88089
219,Jessica Thompson,Finance,105756
1151,Betty Anderson,Operations,104727
7788,Joshua Harris,Customer Service,81458
9465,Karen Lee,HR,113874
8355,Emily Anderson,Sales,134654
4158,Donald Thompson,HR,104004
2621,Betty King,Sales,44606
9207,Karen Brown,Finance,103768
3036,Jessica Taylor,IT,88923
1571,Karen Anderson,Engineering,149871
2970,Emily Rodriguez,Sales,96454
7786,David Harris,Customer Service,63763
6198,Elizabeth Davis,Customer Service,110008
5478,Emily Lewis,Research,136138
5424,Christopher Young,Customer Service,115443
3664,Jessica Taylor,Sales,149885
6562,Lisa Harris,Marketing,77105
2881,John Allen,Engineering,96404
3057,Sarah Wilson,Finance,30751
295,Robert Thomas,Marketing,71965
9234,Deborah Miller,HR,133344
6903,Jennifer Thompson,Finance,98631
1931,James Moore,Research,149606
6203,Paul Ramirez,Legal,41800
3439,Joshua Perez,Legal,32948
269,Nancy Young,Customer Service,139428
7493,Mark Thomas,IT,90358
4339,Donald Rodriguez,HR,113160
7108,Jessica Ramirez,Sales,145742
9189,Deborah Wilson,Legal,110167
2296,Lisa White,Finance,146943
3459,Jennifer Jones,Finance,142613
4059,Joshua Robinson,Research,59603
8354,Christopher Taylor,Research,56204
2666,Steven Garcia,Sales,146927
2135,Mark Smith,Legal,123275
643,Sarah Taylor,HR,99648
5678,David Young,Sales,93003
9098,Elizabeth Young,HR,65489
8736,Ashley Williams,Legal,46900
6918,Joshua Lopez,IT,47936
4416,Steven Allen,Operations,128157
3551,Deborah Young,Customer Service,31266
408,Christopher Martin,Research,47639
9905,Dorothy Gonzalez,HR,70836
3553,Elizabeth Lopez,HR,104685
