C_ID,C_NAME,AGE_YRS,LOC_CD,REG_DT
8154,Deborah Hernandez,33,Dallas,2022-10-25
268,Michael Lopez,39,Mesa,2020-10-08
957,Jennifer Allen,46,Boston,2023-12-10
8650,Mark Miller,31,Milwaukee,2021-10-13
6516,James Anderson,22,Philadelphia,2022-11-13
893,Ashley Davis,56,Denver,2021-07-12
6438,Lisa Anderson,46,Jacksonville,2022-07-03
8519,Steven Lewis,64,Tucson,2025-08-10
4240,Jessica Harris,21,San Francisco,2025-10-20
8574,Joshua Moore,42,Nashville,2024-12-16
7431,Lisa Jackson,58,Washington,2025-01-08
3524,Paul Sanchez,28,New York,2024-04-16
9196,Betty Moore,49,San Francisco,2023-10-05
5659,Betty Sanchez,70,San Diego,2024-04-21
6150,Deborah Ramirez,23,Denver,2025-01-25
4864,Donald Harris,40,Sacramento,2021-04-21
5779,Anthony Walker,18,Louisville,2024-06-09
212,Lisa Taylor,36,Chicago,2025-09-08
4958,Anthony White,59,Baltimore,2021-12-05
4741,James Wilson,56,Fort Worth,2023-12-06
9854,Amanda Taylor,68,San Francisco,2022-04-13
550,Paul Sanchez,41,Portland,2021-04-12
6237,Jennifer Jones,62,Louisville,2025-08-20
3493,Steven Lewis,61,Mesa,2020-03-21
4598,Donald Taylor,65,San Francisco,2024-07-23
8599,Ashley Martinez,54,Philadelphia,2022-05-10
4740,Donald Sanchez,50,Charlotte,2021-03-13
4780,Andrew Sanchez,68,Austin,2025-02-09
687,Sarah Garcia,59,Louisville,2022-11-08
7724,Christopher Martinez,23,San Diego,2021-01-11
3798,Anthony Lee,36,San Jose,2022-06-20
3518,Michael Johnson,41,Tucson,2024-01-17
125,James Moore,68,Denver,2025-06-12
4493,Paul Davis,60,Sacramento,2022-05-23
2233,Dorothy Martin,38,Washington,2023-10-24
4329,Jessica King,65,Milwaukee,2020-03-16
2311,Jane Lee,51,Washington,2021-10-04
5189,Nancy Jones,44,Albuquerque,2024-02-08
2796,Robert Wilson,18,Baltimore,2023-08-07
25,Karen Harris,47,Indianapolis,2020-04-08
7059,Steven Jackson,62,Jacksonville,2023-09-12
5754,John Moore,53,New York,2024-12-06
7304,Robert Taylor,69,San Antonio,2025-09-05
5449,Donald King,25,Washington,2022-06-10
7528,Deborah Lee,57,San Francisco,2023-08-15
4205,Lisa Gonzalez,25,Chicago,2022-02-06
2784,Jane Hernandez,46,Portland,2021-12-19
2081,Sarah Martinez,61,Tucson,2024-11-19
3923,Jennifer Moore,29,Albuquerque,2025-04-13
1895,Robert Davis,37,Portland,2020-04-24
190,Andrew Wilson,50,Mesa,2025-10-14
7423,Christopher Davis,24,Phoenix,2021-02-09
6555,Mark Anderson,25,Chicago,2025-07-27
8694,Amanda Williams,65,Mesa,2022-01-20
2179,James Robinson,42,Mesa,2025-05-27
1188,John Wilson,38,Nashville,2024-01-13
1738,Lisa Thompson,53,New York,2022-02-14
6631,Jane Thompson,60,Denver,2020-03-15
9745,Ashley Brown,67,Baltimore,2020-08-27
1808,Dorothy Wilson,52,Nashville,2021-03-27
8988,Matthew Clark,35,Fresno,2022-02-07
899,Jennifer Lopez,40,Chicago,2024-12-22
8151,Daniel White,44,Dallas,2021-07-24
2696,Christopher Thompson,35,Dallas,2025-05-15
4038,Jane Allen,23,Chicago,2021-01-18
7879,Donald Davis,43,Denver,2024-04-21
8943,Paul Robinson,64,Charlotte,2021-05-01
3319,Christopher Perez,50,Oklahoma City,2022-12-16
1958,Emily Jones,39,Dallas,2025-09-04
1257,Lisa Robinson,50,Boston,2023-03-16
5910,Jane Allen,28,Louisville,2024-08-20
7406,Michael Davis,54,Las Vegas,2022-07-27
4917,Steven Allen,57,Baltimore,2021-11-04
6303,Deborah Walker,25,Washington,2021-10-25
3072,Anthony Anderson,43,Los Angeles,2022-04-12
