C_ID,C_NAME,AGE_YRS,LOC_CD,REG_DT
4711,Elizabeth Clark,69,Portland,2025-06-07
7991,Lisa Robinson,70,Sacramento,2025-07-09
8223,Michael Jackson,21,Louisville,2022-11-23
8770,Dorothy Thompson,53,Boston,2024-09-19
8653,Andrew Lewis,21,Houston,2024-10-11
437,Mark Lewis,19,San Jose,2020-06-06
8218,Lisa Harris,26,Indianapolis,2022-06-22
7620,Robert Lee,19,Tucson,2022-02-23
7393,Ashley Rodriguez,25,Charlotte,2023-10-16
6126,Paul Harris,34,Albuquerque,2025-03-22
9842,Matthew Harris,57,Fresno,2023-04-25
8281,Deborah Robinson,45,Philadelphia,2020-03-03
4480,Lisa King,38,Boston,2024-02-02
6776,David Lewis,57,Louisville,2021-09-22
5349,John Hernandez,70,San Antonio,2025-10-02
2935,Elizabeth Davis,68,Phoenix,2025-05-06
6556,Jennifer White,20,Louisville,2021-08-09
9058,Emily Perez,68,Columbus,2021-04-06
8630,Michael Smith,38,Baltimore,2021-01-17
9376,Jessica Rodriguez,47,Washington,2025-08-20
3131,James Garcia,35,New York,2022-02-06
9326,Andrew Ramirez,54,Albuquerque,2022-11-09
9491,James Thomas,30,San Jose,2025-01-10
6496,Elizabeth Sanchez,69,Mesa,2020-12-02
6796,David Garcia,61,Baltimore,2022-05-27
3593,Lisa White,19,Sacramento,2022-11-27
1891,Betty Wilson,67,Portland,2022-10-13
5093,Daniel Miller,18,Boston,2020-02-10
1177,Anthony Wilson,56,Columbus,2022-11-19
598,Nancy Thompson,65,Tucson,2022-03-09
4199,James Lee,20,Sacramento,2021-02-15
1939,Betty Williams,57,Seattle,2023-06-22
9154,Sarah Anderson,58,Boston,2021-06-22
3452,Jessica Lopez,40,San Antonio,2023-05-13
6033,Anthony Thomas,25,Sacramento,2020-02-02
4511,Anthony Anderson,24,Austin,2023-11-06
4376,Amanda Jackson,37,Oklahoma City,2025-05-13
1649,Mark Davis,43,Houston,2021-03-18
9437,Betty Sanchez,68,Milwaukee,2024-03-19
2994,Lisa Moore,57,Columbus,2021-06-15
5034,Jessica Sanchez,26,Austin,2025-12-24
9575,Robert Sanchez,36,Oklahoma City,2024-08-06
5048,Karen Lopez,21,Indianapolis,2024-08-12
3027,Michael Davis,69,Chicago,2022-01-10
1323,Anthony Robinson,65,Fresno,2021-05-10
3700,Donald King,56,Austin,2022-11-15
757,Matthew Thomas,34,Los Angeles,2020-03-11
1580,Elizabeth Hernandez,55,Indianapolis,2024-03-22
4423,Ashley Miller,33,Las Vegas,2023-07-08
5935,Sarah King,25,Phoenix,2020-05-08
6506,Mark Hernandez,69,Mesa,2021-04-08
2999,Mark Martin,57,Kansas City,2023-04-01
2627,Christopher Allen,69,Denver,2020-01-07
449,Mark Clark,68,Seattle,2021-12-24
1224,Andrew Ramirez,23,Portland,2022-06-21
8196,Jessica Ramirez,33,Oklahoma City,2025-10-25
4515,James White,44,San Diego,2021-02-25
7596,Lisa Moore,66,Las Vegas,2023-08-28
9745,Andrew Lopez,50,Tucson,2023-01-25
6337,Lisa Lopez,35,Los Angeles,2022-07-08
6563,Lisa Johnson,49,Phoenix,2023-05-03
687,Nancy Young,23,San Francisco,2024-10-16
9954,Amanda Johnson,30,Los Angeles,2023-12-06
241,Christopher Sanchez,45,Portland,2025-09-14
5294,Robert Allen,44,San Antonio,2020-03-19
6453,Steven White,67,Los Angeles,2023-06-05
5148,Matthew Moore,62,Nashville,2023-04-17
6685,Matthew Taylor,49,Fort Worth,2024-09-04
1719,Karen Thompson,25,Louisville,2020-09-14
6346,Amanda Lewis,19,Chicago,2025-06-19
1294,Nancy Williams,38,Indianapolis,2022-05-08
5965,Jane Hernandez,59,Albuquerque,2025-05-21
9932,Sarah Williams,33,Fort Worth,2024-09-04
6492,Jane Smith,49,Phoenix,2022-10-10
5365,Anthony Thompson,26,Baltimore,2024-07-16
