C_ID,C_NAME,AGE_YRS,LOC_CD,REG_DT
7197,Daniel Lopez,27,Dallas,2022-07-13
6895,Michael Jones,39,New York,2020-02-01
6557,Joshua Taylor,63,Jacksonville,2020-12-15
9310,John Walker,68,Louisville,2022-10-14
8347,Michael Lopez,20,Las Vegas,2021-06-24
4367,Mark Ramirez,47,San Jose,2025-03-19
2225,Lisa Miller,43,Chicago,2024-06-17
9998,Karen Brown,60,Philadelphia,2020-11-21
2499,Sarah Lopez,28,Columbus,2024-01-22
5847,Jessica Lee,48,Albuquerque,2020-09-10
2909,Steven Martinez,61,Fresno,2020-04-03
338,David Taylor,58,Houston,2024-02-26
6927,Donald Rodriguez,56,New York,2024-04-08
7765,Anthony Walker,20,Baltimore,2023-07-15
9987,Mark Hernandez,36,Louisville,2025-07-13
2574,Mark Williams,57,Fresno,2020-08-16
6585,Jennifer Jones,19,Denver,2022-01-28
8993,Steven Ramirez,67,Louisville,2024-06-11
825,Andrew King,56,Columbus,2021-03-04
8169,Robert Thomas,50,Las Vegas,2022-04-11
1427,Lisa Thomas,25,Sacramento,2024-05-22
2028,Emily King,43,Portland,2021-10-06
3676,Jennifer Clark,39,Columbus,2023-07-28
8222,Sarah Anderson,28,Seattle,2020-08-19
3655,Sarah Lee,22,New York,2023-02-23
2418,Mark Anderson,68,Louisville,2025-08-07
1364,Karen Anderson,45,Nashville,2023-09-01
2122,Anthony Jones,61,San Diego,2022-02-21
4672,Karen Sanchez,58,Phoenix,2020-09-24
9749,Deborah Thomas,26,San Jose,2022-03-15
4263,Jessica Young,44,Indianapolis,2025-12-15
406,Lisa Lewis,22,Mesa,2021-04-28
8806,Robert Harris,64,Fresno,2020-05-05
9820,Michael Young,19,Los Angeles,2025-05-16
9438,Andrew Lee,34,Seattle,2023-10-26
9344,Mark King,48,Oklahoma City,2025-01-10
4365,Jennifer Anderson,54,Phoenix,2022-11-17
3798,Mark Martinez,52,Denver,2023-07-22
6793,James Miller,31,Fort Worth,2022-07-02
5464,Donald Thomas,70,Los Angeles,2021-02-03
2280,Donald Brown,40,Fort Worth,2025-05-25
1531,Joshua Lopez,43,Louisville,2021-11-25
902,Betty Perez,56,Columbus,2023-09-12
8195,Andrew Gonzalez,51,Nashville,2021-09-03
6595,Nancy Ramirez,31,Houston,2023-08-17
5804,Michael Martinez,18,Denver,2021-12-24
9324,John Smith,54,Charlotte,2025-02-14
429,Daniel Lopez,23,Jacksonville,2024-12-17
371,Daniel Johnson,27,Charlotte,2024-07-17
7387,Mark King,54,Kansas City,2022-03-27
9678,Jane Moore,25,Las Vegas,2020-08-10
9302,Elizabeth Garcia,68,Washington,2020-07-11
1408,Sarah Lopez,35,Columbus,2025-07-02
4542,Matthew Young,34,Mesa,2025-04-26
1346,Ashley White,18,Charlotte,2023-05-25
4652,Mark Thompson,27,Kansas City,2021-03-02
7750,Deborah Sanchez,27,Columbus,2022-05-23
2265,Paul Johnson,47,Tucson,2023-02-05
4829,Steven Williams,43,Las Vegas,2023-12-04
5068,Emily Brown,28,Milwaukee,2025-06-14
4654,Sarah Gonzalez,34,Oklahoma City,2023-03-13
928,Daniel Robinson,67,Portland,2024-04-28
8991,Jessica Taylor,66,San Francisco,2021-10-20
2774,Andrew White,33,Austin,2020-06-02
6755,James Martinez,27,Jacksonville,2024-01-03
4249,Dorothy Martinez,40,Kansas City,2021-03-01
5585,John Johnson,40,Denver,2022-09-20
3057,Joshua Robinson,23,Fresno,2025-03-08
6890,Donald King,55,Fort Worth,2021-07-06
6559,John Martin,52,Baltimore,2022-01-01
8222,Elizabeth Thomas,58,Columbus,2025-12-06
6073,Karen Smith,18,Dallas,2024-01-09
8193,Michael Sanchez,67,San Francisco,2024-02-12
2568,Emily Young,26,Seattle,2021-07-15
1833,Anthony Hernandez,30,Albuquerque,2020-10-01
