C_ID,C_NAME,AGE_YRS,LOC_CD,REG_DT
7627,Robert Allen,43,New York,2025-01-27
6310,Ashley Taylor,23,Austin,2025-02-23
1871,Andrew Young,63,Kansas City,2025-04-19
1015,Emily Taylor,42,New York,2025-10-18
8025,Joshua Martin,34,Los Angeles,2020-07-27
3899,Andrew Davis,52,Austin,2025-03-11
7241,Emily White,29,San Diego,2024-12-05
1247,John Taylor,61,Chicago,2020-10-19
5853,Steven Lewis,70,Sacramento,2024-07-25
3421,Robert Thomas,39,Boston,2021-12-18
5799,Betty King,55,Portland,2022-11-19
6792,Paul Lee,67,Columbus,2021-07-25
2842,Jessica Miller,53,Baltimore,2023-09-02
4837,Lisa Jones,29,Jacksonville,2023-02-16
5717,Elizabeth Smith,61,Tucson,2021-01-28
4464,James Perez,49,Seattle,2023-02-04
6961,Amanda Rodriguez,23,Portland,2021-05-09
6684,Steven Anderson,65,Oklahoma City,2020-04-22
296,Christopher Gonzalez,18,Chicago,2025-11-17
2336,David Ramirez,31,San Jose,2023-01-09
8626,Anthony Martin,67,Kansas City,2023-09-16
7278,Donald Brown,34,San Francisco,2025-05-01
8618,Ashley Ramirez,44,Phoenix,2020-05-08
5643,Andrew Wilson,41,Milwaukee,2024-07-15
8445,Andrew Clark,32,Dallas,2021-07-07
7965,Jane Anderson,26,New York,2022-11-14
5087,Jane Taylor,56,San Francisco,2024-05-20
8250,Joshua Ramirez,27,Columbus,2020-11-06
4158,Andrew Thomas,18,Mesa,2021-07-06
2271,Lisa Thomas,30,Fort Worth,2025-12-26
9665,Daniel Walker,62,Sacramento,2024-06-15
653,Jane Moore,69,Jacksonville,2024-11-11
8642,Paul Walker,52,Louisville,2021-05-16
8576,Matthew Martinez,29,Milwaukee,2025-10-22
5229,Dorothy Miller,33,Columbus,2022-11-17
251,Jane Moore,24,Kansas City,2020-12-20
8183,Sarah Harris,45,Washington,2021-11-18
826,Mark Harris,20,Dallas,2024-07-23
185,John King,67,Kansas City,2021-10-26
3374,Lisa Thomas,48,Los Angeles,2024-06-12
2616,Donald Jackson,30,Jacksonville,2020-08-24
9624,Joshua Thomas,64,San Jose,2020-05-01
9661,Joshua Moore,61,Austin,2023-05-06
5421,Elizabeth Johnson,40,Seattle,2021-12-15
7679,Michael White,25,Oklahoma City,2025-12-03
9069,Jennifer Garcia,40,Oklahoma City,2021-05-05
9506,Karen Sanchez,38,Chicago,2023-02-14
3741,James White,24,Boston,2020-08-07
9081,Karen Wilson,65,Denver,2022-03-11
9506,Paul Lopez,22,Columbus,2025-05-20
4262,David Ramirez,62,San Jose,2023-08-10
9458,Ashley Harris,49,San Antonio,2021-03-02
6821,Betty Davis,50,Mesa,2023-12-19
27,Karen Williams,27,Houston,2024-01-04
7589,Lisa Gonzalez,47,San Diego,2020-01-17
9221,Amanda Perez,61,Portland,2021-08-02
3967,Nancy Brown,53,Milwaukee,2024-04-02
6088,Karen Wilson,49,Nashville,2021-05-27
8933,Lisa Miller,54,Fort Worth,2024-06-02
7222,Andrew Lewis,60,Nashville,2022-12-22
780,Lisa Harris,64,Houston,2025-04-13
1362,Jessica Davis,47,Nashville,2025-07-06
5193,Nancy Anderson,48,San Jose,2024-02-06
9069,Betty Jackson,68,San Antonio,2024-08-19
2854,Joshua Wilson,40,Dallas,2022-09-09
3747,Amanda Johnson,23,Nashville,2025-02-17
4435,Emily Thomas,50,Mesa,2020-01-26
3538,John Clark,52,Phoenix,2024-05-25
6667,Joshua Davis,21,Seattle,2023-09-24
2870,James Lee,27,San Jose,2020-10-04
5824,Jessica Williams,44,Oklahoma City,2025-09-22
2018,Jessica Gonzalez,51,New York,2022-01-05
4078,Karen Thompson,21,Denver,2024-09-09
8313,Daniel Harris,59,Sacramento,2022-06-09
9118,Sarah Anderson,59,Boston,2025-08-15
