C_ID,C_NAME,AGE_YRS,LOC_CD,REG_DT
4213,Christopher Gonzalez,51,San Antonio,2023-11-12
5667,Ashley Clark,24,Las Vegas,2022-05-27
1552,Betty Johnson,32,Columbus,2023-01-26
867,Joshua Jones,27,Fort Worth,2023-10-11
7979,Jessica Smith,24,Portland,2023-11-18
7960,Lisa Taylor,64,Mesa,2022-12-21
9829,Amanda White,49,Phoenix,2020-11-19
5356,Elizabeth Jackson,23,Milwaukee,2022-05-23
6650,Betty Lee,66,Phoenix,2024-06-15
465,David Young,69,Boston,2025-11-22
221,Steven Wilson,18,Indianapolis,2025-06-17
8963,Paul Allen,51,Philadelphia,2025-05-28
5744,Jane Walker,63,Milwaukee,2021-06-11
4608,Michael Lee,27,San Diego,2025-04-08
6586,Karen Walker,67,Indianapolis,2021-05-28
8111,Deborah Moore,32,Charlotte,2021-06-22
8691,Lisa Williams,62,Philadelphia,2024-08-13
9970,Dorothy Lopez,67,Jacksonville,2020-04-14
3994,Joshua Taylor,62,New York,2025-08-19
3526,Lisa Perez,46,Charlotte,2020-11-11
4529,Lisa Miller,42,Mesa,2022-11-04
1376,Karen Martinez,61,Nashville,2024-04-04
6445,John Young,61,Dallas,2022-11-26
2457,Steven King,55,Columbus,2021-12-11
7628,Emily Martinez,27,San Jose,2021-12-03
1706,Nancy Davis,37,Washington,2023-06-06
277,Amanda Gonzalez,52,Portland,2020-09-11
5433,Paul Young,36,New York,2021-11-22
5169,Amanda White,48,Boston,2025-08-07
7228,Michael Harris,40,Fresno,2023-03-02
6207,David White,64,Phoenix,2020-12-13
8259,Deborah Lee,66,Los Angeles,2024-10-15
1037,James Jackson,47,San Diego,2022-01-21
3360,Jane King,47,Fort Worth,2022-11-22
5678,Christopher Jackson,45,Houston,2020-04-10
490,James Gonzalez,34,San Francisco,2025-08-26
3734,Jessica Brown,38,San Francisco,2021-08-19
9205,Donald Hernandez,26,Los Angeles,2024-05-09
1194,Lisa Jones,45,Milwaukee,2024-01-08
2236,Lisa Taylor,29,Mesa,2020-01-25
6723,Steven Martinez,69,Albuquerque,2021-01-07
1607,Jane Gonzalez,54,Mesa,2023-06-08
1681,Michael Perez,20,Columbus,2024-05-15
5712,Steven Moore,44,Dallas,2024-06-18
5959,David Thomas,43,Seattle,2021-01-21
7194,Andrew Thomas,30,Indianapolis,2024-04-23
7771,Lisa Lewis,49,Philadelphia,2021-02-01
6400,Jane Young,50,Jacksonville,2022-03-28
6786,Matthew Williams,53,Los Angeles,2022-07-02
5410,Christopher Thomas,38,Los Angeles,2022-01-20
4824,Christopher Thompson,68,Albuquerque,2023-09-21
5470,James Rodriguez,45,Albuquerque,2025-04-19
8233,Jessica Thompson,53,Dallas,2022-07-01
5335,Lisa Smith,29,San Francisco,2023-12-21
841,Andrew Davis,42,Albuquerque,2022-11-02
3426,Karen Hernandez,23,Chicago,2020-07-10
3645,Betty Jackson,45,Baltimore,2021-04-06
2183,Emily Smith,36,Charlotte,2025-02-13
7313,Nancy Perez,34,Columbus,2021-09-08
556,David Thomas,55,Seattle,2025-05-22
8127,Steven Rodriguez,37,Boston,2020-08-01
8904,Sarah Garcia,47,Jacksonville,2023-09-02
6190,Lisa Moore,38,Louisville,2023-09-16
6372,Betty Miller,57,Austin,2022-03-28
4850,Daniel Anderson,56,Phoenix,2020-12-27
1046,Jane Jones,47,Chicago,2022-09-24
9166,Elizabeth Gonzalez,38,Austin,2020-12-09
6752,Jane Clark,23,Philadelphia,2022-12-02
5259,Lisa Ramirez,69,Philadelphia,2020-11-20
562,Andrew Ramirez,64,Columbus,2024-06-12
8462,Ashley Hernandez,24,Fresno,2020-05-05
1105,James Williams,29,Phoenix,2021-09-14
6618,Christopher Wilson,55,Columbus,2021-12-22
1058,Elizabeth Anderson,21,San Diego,2024-10-03
9145,Anthony Jones,62,Philadelphia,2023-10-06
