EMP_ID,EMP_NM,DEPT_CD,SAL_AMT
116,Robert Clark,Finance,30009
8048,Jane Williams,Marketing,83498
7893,Elizabeth Lopez,HR,44721
5298,Lisa Jackson,Engineering,54785
8631,Elizabeth Thompson,Finance,66873
3912,Ashley Robinson,Legal,45918
6156,Andrew Moore,Customer Service,108242
9309,Mark Sanchez,HR,74339
6966,Matthew Jackson,Engineering,82335
3639,Anthony Clark,Engineering,57935
4391,Deborah Young,IT,42311
7007,Donald Taylor,Operations,118120
1166,David Hernandez,Operations,112197
3546,Donald Wilson,Sales,124284
9043,Deborah Jones,Research,31466
1732,David Walker,IT,101186
3286,Deborah Clark,Customer Service,123497
758,Betty Young,IT,132208
9277,Mark Smith,Customer Service,52025
4394,James Brown,HR,36438
1255,Andrew Jones,Sales,147189
522,Dorothy Perez,Finance,51650
2377,Anthony Garcia,Finance,96816
6321,Mark Williams,Research,96581
3390,James Williams,Finance,111546
2930,Lisa Jackson,Finance,79219
2709,James King,Customer Service,33182
614,Jessica Lopez,Finance,37281
8374,Jennifer King,Marketing,135445
1102,Karen Smith,IT,133515
7118,Paul Lopez,Marketing,143112
3292,John Perez,Customer Service,45792
1084,Sarah Ramirez,IT,128777
2228,Ashley Harris,IT,70034
2629,Mark Gonzalez,Research,135292
5800,Ashley White,Marketing,117508
2837,Michael Robinson,Customer Service,72264
1188,Sarah Martinez,IT,96954
5734,Michael Williams,Engineering,119290
2377,Donald Anderson,Research,149254
6929,Lisa Davis,Operations,110217
5228,Ashley Lee,Research,60760
4563,Deborah Garcia,HR,131667
6945,John Martin,Research,120746
8940,Elizabeth Smith,Operations,44411
2590,John Garcia,Engineering,147800
8191,Deborah Johnson,Sales,78072
378,Jane White,HR,79267
1215,Jessica Rodriguez,IT,82117
939,Sarah Robinson,Research,60260
1460,Deborah Allen,Finance,82596
4434,Elizabeth Lee,Engineering,65296
1023,Joshua Davis,Operations,137394
8910,Mark Miller,Legal,148105
5894,Michael Clark,Sales,109734
6004,Jane Thompson,IT,112518
7283,Steven Ramirez,Operations,101500
196,Anthony Young,Operations,134111
2685,Emily Moore,Sales,143291
4406,Daniel Smith,Legal,147475
7821,Steven Garcia,Engineering,51678
7,David Davis,Research,149940
4906,John Walker,Customer Service,94902
3549,Christopher Lewis,Sales,133879
8385,Sarah Johnson,Engineering,142197
9998,Joshua Sanchez,Operations,50432
5940,Mark Williams,HR,71920
9301,Jennifer Thompson,Legal,63106
1422,Matthew Robinson,Research,121112
3876,Deborah Clark,Engineering,94130
7223,Ashley Lee,Marketing,66959
2153,James Robinson,Legal,61738
5730,Jessica Perez,HR,56027
2249,Emily Davis,Finance,121967
9858,Matthew King,IT,99895
4497,Daniel Robinson,Legal,131901
5648,Michael Lewis,IT,54808
9396,Deborah Garcia,Research,110742
2625,Karen White,IT,149702
6602,Mark Allen,Marketing,131897
9612,Matthew Sanchez,Research,103458
6191,Amanda Jones,IT,125631
5903,John Taylor,Marketing,131051
6263,Joshua White,Marketing,127866
8602,Sarah Gonzalez,Finance,80959
855,Jennifer Smith,IT,68680
4620,Sarah Perez,HR,106832
1503,Robert Robinson,Marketing,90311
9475,Andrew Hernandez,IT,43848
6480,Lisa Rodriguez,IT,128282
8877,Mark Davis,IT,34155
8031,Jennifer Rodriguez,Research,49088
2803,Jessica Brown,Marketing,34368
5521,Robert Moore,HR,44987
8767,Andrew Smith,Research,79326
6812,Joshua Thompson,Engineering,121338
2609,Dorothy Davis,Legal,145607
2347,Deborah Thompson,IT,46232
4281,Amanda Perez,Legal,40033
2467,Anthony Rodriguez,Engineering,88386
