C_ID,C_NAME,AGE_YRS,LOC_CD,REG_DT
1901,David Garcia,35,San Francisco,2024-10-18
3621,Michael Anderson,21,Tucson,2022-10-15
803,Jessica Robinson,22,Seattle,2025-08-04
8119,Michael Young,30,Kansas City,2023-05-27
9909,Jane Anderson,34,Kansas City,2022-05-27
5420,Emily Rodriguez,37,Philadelphia,2024-01-13
6667,Matthew Perez,22,Austin,2021-09-01
9039,John Johnson,56,Nashville,2023-09-28
3045,Christopher Lee,35,San Francisco,2023-12-09
599,Paul Allen,27,Charlotte,2021-06-19
8737,Donald Lee,52,Denver,2021-11-23
1889,Lisa Allen,35,Oklahoma City,2025-12-06
9228,Jane Lee,67,Denver,2023-05-20
7166,David Taylor,47,Nashville,2021-09-28
7195,Emily Jackson,23,Indianapolis,2020-03-18
8550,Daniel Thomas,47,Houston,2023-12-02
3292,Sarah Walker,33,Houston,2020-07-14
8419,Andrew Perez,30,Fresno,2025-12-14
6588,Lisa Martin,45,Chicago,2021-12-08
8442,Jane Johnson,44,Baltimore,2022-09-09
9027,Karen Lee,36,Washington,2023-12-09
2741,Ashley Lee,66,Indianapolis,2020-09-22
1675,Andrew Martinez,49,Los Angeles,2025-07-07
8040,Daniel Thompson,41,San Antonio,2022-11-11
2549,Paul Thompson,21,Denver,2025-03-13
1568,Mark Sanchez,69,Denver,2021-06-26
1477,James King,18,Milwaukee,2022-03-01
4412,Jessica Davis,59,San Francisco,2024-07-24
5091,Mark Young,27,Albuquerque,2023-05-14
5403,James Lopez,27,Louisville,2025-07-21
6674,Donald Jackson,18,Dallas,2020-07-06
2399,Emily Perez,47,Phoenix,2025-09-26
5958,Michael Lewis,46,New York,2025-01-24
7148,Dorothy Smith,33,Portland,2023-08-11
4724,Matthew Davis,37,Boston,2022-03-19
7595,Lisa Perez,56,San Jose,2025-03-13
9457,Emily Lewis,67,Seattle,2021-11-24
8294,Jessica Allen,19,Tucson,2025-03-07
1220,Lisa Allen,29,Mesa,2024-07-07
3124,Nancy White,67,Indianapolis,2024-11-07
6212,Matthew Allen,65,Fort Worth,2021-09-15
5301,Christopher Williams,56,Baltimore,2021-05-09
2854,Andrew Walker,22,Washington,2021-06-10
909,Donald Smith,31,Fort Worth,2024-12-21
4793,Donald Lewis,67,Portland,2022-04-27
4061,Jane Rodriguez,25,Portland,2021-04-01
5291,David Harris,51,Oklahoma City,2020-04-05
628,Karen Lopez,18,Fresno,2023-11-14
5665,Jane Davis,69,Dallas,2021-11-09
4964,Christopher Anderson,47,Washington,2024-06-24
6323,Mark Allen,59,Philadelphia,2021-06-15
6174,Joshua King,41,Denver,2021-11-19
9817,Donald Lee,45,San Antonio,2020-11-21
9039,Lisa Walker,66,Austin,2022-10-07
9263,Andrew Gonzalez,51,Dallas,2021-11-17
3627,Daniel Walker,36,Las Vegas,2024-04-10
2378,Anthony Lopez,32,Fresno,2024-08-20
2552,James Jones,68,Charlotte,2023-03-21
2374,Daniel Miller,18,Baltimore,2022-04-08
9093,Michael Gonzalez,26,Boston,2022-07-27
4038,Lisa Young,31,Boston,2022-06-20
1381,Andrew Robinson,57,Charlotte,2020-07-04
6317,Christopher Gonzalez,22,Fresno,2024-08-16
9548,John Walker,47,Oklahoma City,2021-05-25
3750,Joshua Wilson,20,Tucson,2022-09-12
2767,Donald Young,40,Austin,2022-12-11
9407,Nancy Walker,52,Los Angeles,2020-04-07
1544,Amanda Hernandez,32,San Francisco,2025-05-10
4910,Emily Gonzalez,32,San Diego,2023-01-26
3339,Lisa Ramirez,55,San Diego,2023-12-27
3037,Ashley Jones,54,Washington,2021-08-28
4931,Dorothy Moore,21,Charlotte,2023-08-07
8650,Christopher Wilson,36,Jacksonville,2020-12-03
8264,James Lee,23,Sacramento,2024-01-25
1892,Andrew Williams,47,Washington,2022-08-24
