EMP_ID,EMP_NM,DEPT_CD,SAL_AMT
3131,Deborah Thompson,Engineering,109935
8556,Michael Sanchez,Research,108831
3372,Christopher Robinson,IT,45227
3216,Steven King,Customer Service,111893
4809,Daniel Taylor,Engineering,148374
1581,Jennifer Hernandez,IT,58246
6896,Matthew Moore,IT,149427
1019,Nancy Jones,Legal,90919
6955,Joshua Smith,HR,123739
8611,Ashley Moore,IT,84247
1407,Mark Garcia,IT,42917
2514,Donald Ramirez,HR,73839
1283,Lisa Clark,Legal,96592
3124,Amanda Smith,Engineering,143448
7080,Ashley Wilson,Engineering,58599
3207,David Jackson,Customer Service,80076
7405,Donald Lopez,HR,84130
614,Betty Harris,Research,52128
9532,Michael Walker,Legal,113235
9532,Amanda Anderson,Engineering,131209
3747,Michael Johnson,Operations,129028
2627,Steven Taylor,Legal,42901
8168,Emily Young,Engineering,36624
7543,David Taylor,Engineering,31344
8232,Daniel Hernandez,HR,61969
8653,Mark Hernandez,Engineering,112484
9445,Lisa Perez,Customer Service,145773
625,Lisa Johnson,Operations,53230
9017,Emily Walker,Legal,75213
4533,Daniel Jackson,Research,102542
5004,Nancy Davis,IT,90884
5347,David Ramirez,Engineering,80562
4644,Jane Harris,Research,108554
162,Emily Perez,Marketing,39916
1668,Lisa Brown,Legal,94133
8849,Dorothy Lopez,Customer Service,91105
3589,Sarah Young,IT,31698
725,Donald Brown,Sales,131018
5457,Sarah King,IT,130798
5436,Steven Lee,Customer Service,129693
8827,Joshua Thompson,Finance,142054
6695,Anthony Robinson,Marketing,117864
6338,Donald Lopez,Marketing,48965
6045,Matthew Wilson,Finance,111153
826,Nancy Thomas,Legal,94979
9482,David Brown,IT,89671
4694,James Jones,Research,102080
4911,Christopher Ramirez,Customer Service,115547
1300,Amanda Taylor,HR,62300
451,Michael Brown,Customer Service,99783
3237,Michael Walker,Sales,116230
6974,Elizabeth Smith,Sales,51621
223,Matthew White,HR,106428
6622,Jane Walker,HR,66731
8912,Anthony Garcia,Finance,53511
4818,James Miller,Customer Service,96464
2992,Deborah Robinson,Engineering,69189
3145,Lisa Moore,Sales,93294
989,Christopher Rodriguez,HR,38705
6168,Elizabeth Thompson,HR,78792
2487,Paul Gonzalez,Operations,133920
2892,Dorothy Jones,Legal,146281
4391,Michael Lewis,Operations,63329
1350,John King,IT,125416
9972,Jennifer Walker,Customer Service,81507
4542,Karen Thomas,IT,149447
1842,Deborah Perez,Finance,104376
8969,Jane Gonzalez,Legal,124391
1739,Michael Lewis,Marketing,100720
2954,Deborah Brown,Research,68261
2365,Jessica Ramirez,Finance,44465
7949,Betty Garcia,Finance,95235
3781,Elizabeth Lewis,Legal,58806
9886,Ashley Lopez,Research,144656
1439,Jennifer Miller,IT,36560
555,David Thompson,Engineering,71200
767,Nancy Ramirez,Sales,78291
7414,Lisa Thomas,Engineering,137500
5582,John White,Sales,122245
2260,Karen Thomas,Operations,135982
1520,Joshua Rodriguez,HR,109272
1736,Lisa Jackson,Marketing,30226
8705,Donald Davis,Finance,134064
2576,Christopher Davis,HR,38471
7867,Amanda Brown,Legal,91799
2356,Sarah Hernandez,IT,40352
4466,Betty Williams,Marketing,55043
120,Nancy Smith,Sales,86327
5754,Elizabeth Lopez,Engineering,136238
8200,Deborah Brown,IT,138391
8483,Elizabeth Martin,Operations,85476
5877,Paul Smith,Operations,124056
9820,Jessica Hernandez,Customer Service,132196
4435,David Perez,HR,33629
2848,David Williams,Legal,132675
3115,Lisa Rodriguez,Sales,123568
5560,Andrew Martinez,HR,102911
3854,Sarah Taylor,Research,65451
3036,Nancy Young,Sales,67880
6853,Michael Taylor,IT,76756
