EMP_ID,EMP_NM,DEPT_CD,SAL_AMT
3665,John Brown,Research,142897
3581,Matthew Jones,Sales,37200
5130,Daniel Martin,Operations,148904
931,Mark Martinez,Customer Service,76436
5030,Emily Wilson,HR,33205
5958,Matthew Smith,Engineering,130890
9845,Andrew Robinson,Finance,80667
4863,Jennifer Martin,Engineering,109482
438,Elizabeth Walker,Legal,75542
8376,Joshua Rodriguez,Engineering,39119
7162,Jane Lewis,Sales,101341
6986,Anthony Lee,Customer Service,30748
7911,Jane Williams,Marketing,34667
2494,Mark Brown,Marketing,97453
4090,Robert Moore,Customer Service,43167
8304,Jennifer Clark,Finance,59549
1313,Robert Miller,Marketing,88310
2028,Joshua Gonzalez,Customer Service,46587
8215,Ashley Brown,Marketing,42801
3740,Anthony Lewis,Customer Service,95265
1584,Lisa Walker,IT,41570
9635,Steven Ramirez,Marketing,77744
369,John Perez,IT,90098
5878,Deborah Rodriguez,Customer Service,73003
7314,Amanda Perez,Marketing,83017
6433,Deborah Jones,Customer Service,81637
944,Betty Lee,Operations,47383
562,Robert Lopez,Marketing,49869
5851,Dorothy Jones,Customer Service,37618
2259,James King,HR,61564
7288,Michael Perez,Finance,124307
4187,John Wilson,Marketing,147125
4985,Elizabeth Perez,Research,55753
2649,Joshua Jackson,Customer Service,63159
7608,Michael Perez,Finance,84834
5188,Andrew Thomas,Sales,75819
8280,James Allen,Sales,63280
846,Paul Thomas,Operations,36824
3247,Jennifer Thompson,IT,98327
787,Mark Thompson,Engineering,107702
7007,Christopher Thomas,Legal,109114
8067,Karen Clark,Legal,99444
9495,Matthew Young,IT,127361
5024,Christopher Ramirez,Engineering,35027
8141,Paul Robinson,IT,69190
6708,Nancy Davis,Legal,53191
1636,Steven Ramirez,IT,102980
6323,Elizabeth Thomas,Finance,135450
9171,Sarah Taylor,HR,129523
6667,Steven Walker,HR,61905
6590,Michael Allen,HR,52114
5389,Jane Moore,Legal,80707
7722,Robert Lee,HR,33191
3750,Christopher Jackson,Finance,72956
1241,Steven Walker,Operations,31124
3047,Nancy Garcia,Customer Service,74781
7018,Paul Williams,Marketing,50707
2610,Ashley Rodriguez,Finance,127546
5247,Paul Martin,Marketing,89060
2905,Jane Williams,Sales,109207
9001,Deborah Williams,Legal,30985
3959,James Harris,HR,149293
7437,Lisa Lewis,Research,83702
3428,Emily Anderson,Finance,72905
4888,Anthony Jones,Customer Service,59060
5355,Donald Lopez,Engineering,60416
9307,Mark Allen,IT,82466
3980,Daniel Perez,Engineering,39548
4396,Dorothy Jackson,Legal,73026
9583,Elizabeth Thomas,Operations,74211
8229,Nancy Ramirez,Operations,56684
7899,James Anderson,Marketing,148450
2217,Mark Walker,Finance,38759
9609,Ashley Walker,Operations,68078
283,Paul Thompson,Operations,72100
670,Paul Martinez,Sales,67514
9422,Andrew Anderson,Research,74171
9764,Dorothy Anderson,Legal,139662
3305,Paul Brown,Marketing,81512
589,Lisa Brown,Finance,46677
2488,Dorothy Perez,Research,39090
2084,James Moore,Legal,40161
1445,Jane Robinson,Engineering,45766
6411,Dorothy Garcia,Engineering,143081
428,Lisa Martin,Marketing,134341
5282,John Davis,Research,39967
9811,Donald Perez,Operations,39641
2960,Andrew Miller,Research,117297
4629,Joshua Wilson,HR,47768
756,Elizabeth Allen,Engineering,57482
5743,Karen Martin,Customer Service,134580
8677,Christopher Martin,IT,83068
1203,Elizabeth Lewis,Customer Service,147313
3724,Anthony Davis,IT,132016
1643,Dorothy Brown,IT,36756
6417,Sarah Lewis,Sales,84894
7678,Sarah Perez,Legal,35032
8865,Paul Moore,Operations,62879
3964,Joshua Jones,HR,137311
9787,Anthony Smith,Research,57370
