EMP_ID,EMP_NM,DEPT_CD,SAL_AMT
5717,Ashley Brown,IT,143744
357,David Anderson,Engineering,101587
6491,James Williams,Marketing,117740
4704,Betty Sanchez,IT,117017
2530,Matthew Ramirez,Finance,61610
3444,Sarah Anderson,IT,132092
4018,Jane Robinson,IT,133873
6534,James Garcia,Legal,127102
7764,Amanda Hernandez,Sales,132309
5081,Andrew Ramirez,IT,147342
2994,John Rodriguez,Customer Service,127811
7056,Lisa Miller,Legal,94529
382,Nancy Thomas,Engineering,142301
9179,Joshua Allen,Legal,59898
6346,Donald White,Finance,96554
6757,Sarah Rodriguez,HR,108401
6975,Lisa Smith,Operations,123216
9057,Emily Thompson,Legal,113908
6667,Emily Thomas,IT,40741
3619,Amanda Perez,Engineering,100884
9627,Robert Martinez,HR,85501
5091,Jennifer Ramirez,HR,147088
3100,Daniel Wilson,Marketing,79518
243,Anthony Miller,Sales,47881
4060,Amanda Robinson,Research,125171
6070,Jane Wilson,Operations,143863
2744,Joshua Garcia,Customer Service,76122
5168,Donald Jones,HR,117815
3136,Mark Walker,IT,125873
3539,Donald Johnson,Customer Service,89861
6033,Amanda Lopez,Engineering,109930
4746,Michael Miller,Operations,83843
245,Anthony Walker,Customer Service,62079
1064,Betty Anderson,Marketing,122659
3774,Donald Miller,Engineering,88754
4171,Sarah Jackson,Finance,133048
2040,Jessica Rodriguez,Finance,63651
1445,Lisa Walker,IT,104910
963,Ashley Smith,Sales,65864
187,Dorothy Martin,Operations,55761
3168,Paul Clark,Legal,30219
8880,Dorothy Miller,Customer Service,133493
9881,Jane Johnson,HR,118944
9920,Christopher Clark,Operations,146259
7203,John Perez,Marketing,99986
136,Deborah Smith,IT,107213
6749,Sarah Moore,Operations,96068
5837,Elizabeth Gonzalez,HR,100696
5007,Betty Martinez,Sales,102265
6074,James Hernandez,Engineering,69694
4001,Christopher Jackson,Engineering,143567
6852,Deborah Jones,HR,129090
4107,Andrew Gonzalez,Research,57467
1378,Dorothy Hernandez,HR,82392
4582,Lisa Thompson,Research,121693
7744,James Jones,Research,93296
6422,Michael Clark,Engineering,103620
671,Jessica Martinez,Research,36453
4366,Nancy Clark,HR,149619
1334,Mark Garcia,Legal,123038
7429,Betty Lee,Marketing,80812
7215,Jennifer Clark,Finance,78820
9393,Daniel Jackson,IT,85491
6094,David Wilson,Marketing,57955
247,Michael Young,Engineering,65356
2791,Jane Gonzalez,HR,89916
6436,Karen Walker,Marketing,135047
6705,James Jones,Finance,79252
1092,Daniel Gonzalez,HR,109764
1276,Jennifer Robinson,Customer Service,90394
3694,Andrew Garcia,Customer Service,139761
6770,Jane Walker,Legal,85827
2459,John Hernandez,IT,136613
9525,Michael Martin,IT,67236
1888,Elizabeth White,Finance,96719
5905,Christopher Miller,Operations,144987
6797,Daniel White,HR,58313
1687,Jessica Jackson,IT,31984
4478,Jane Miller,Legal,47740
2050,Emily Lewis,HR,143769
9883,Ashley Walker,Sales,41591
4796,James Ramirez,Research,103134
3886,Deborah Ramirez,Customer Service,74489
2676,Paul Lewis,Research,96854
3651,Joshua Williams,Finance,128110
8208,James Ramirez,Marketing,30561
8902,Jessica Walker,Finance,92759
5293,David Thompson,Research,128735
517,Dorothy Jones,Customer Service,136234
6979,Jennifer Jones,IT,68033
9148,John Walker,Research,82671
1404,Jennifer Martinez,Legal,65609
6924,Amanda Garcia,HR,39005
1860,David Jones,Operations,136091
7357,Daniel Jackson,Customer Service,130184
2898,Mark Lewis,Sales,116868
2722,Michael Clark,Finance,142814
3290,Andrew Miller,IT,78469
7229,Steven Hernandez,Customer Service,94379
8418,Amanda Perez,Engineering,94864
