C_ID,C_NAME,AGE_YRS,LOC_CD,REG_DT
7874,David Gonzalez,53,Mesa,2023-05-27
1677,Amanda Thompson,41,Washington,2020-07-08
565,Daniel Martin,61,Denver,2025-05-16
6667,Andrew Young,46,Sacramento,2024-04-25
9498,Mark Robinson,19,Columbus,2022-02-03
4163,Sarah Rodriguez,40,Chicago,2023-10-26
974,Lisa Clark,41,Louisville,2022-04-12
9315,Betty Lewis,48,Indianapolis,2020-04-04
963,Daniel Thompson,58,Nashville,2024-07-26
3992,Steven Thompson,59,Mesa,2023-04-17
9240,Dorothy Gonzalez,58,New York,2023-01-28
1658,Jessica Harris,18,Nashville,2022-11-27
3533,Dorothy Perez,49,Milwaukee,2024-03-12
6682,Amanda Moore,64,Denver,2021-02-02
481,Jennifer Johnson,57,Fresno,2025-12-12
4125,Steven Martin,20,Charlotte,2025-07-15
6604,Jane Davis,63,Kansas City,2024-08-28
1565,Mark Taylor,21,Kansas City,2022-10-20
6779,Jessica Allen,60,Sacramento,2020-07-02
4564,Christopher Anderson,19,Las Vegas,2023-07-05
7418,Robert Rodriguez,50,Louisville,2023-03-26
5829,David Brown,46,Philadelphia,2025-02-14
3542,Deborah Martinez,55,Fort Worth,2025-04-02
9320,Amanda Walker,42,Nashville,2024-01-01
4990,Joshua Davis,32,San Diego,2022-12-14
3578,James Anderson,39,New York,2025-06-28
7095,Ashley Lopez,59,Seattle,2021-04-02
6823,Lisa White,61,Philadelphia,2021-04-13
6365,Christopher Gonzalez,50,Dallas,2025-11-28
3381,Emily Lee,22,Phoenix,2023-05-26
7331,Deborah Lewis,66,Mesa,2021-07-06
5979,Anthony Moore,51,Los Angeles,2021-09-24
1587,Andrew Sanchez,46,San Francisco,2023-07-24
3974,James Miller,68,Mesa,2024-01-22
5358,Steven Hernandez,25,Los Angeles,2025-01-23
958,Jennifer Lopez,67,Dallas,2021-07-28
1717,Dorothy White,38,Columbus,2024-12-19
7664,Karen Young,42,Baltimore,2024-06-22
2251,Karen Young,41,Phoenix,2024-04-03
3838,Karen Thompson,18,Chicago,2023-11-22
7916,Jessica Jones,58,Chicago,2022-06-10
8535,Donald Anderson,21,Kansas City,2023-05-01
3653,Nancy Martin,66,Houston,2023-09-05
8014,Jane Sanchez,22,Dallas,2020-01-11
2800,Andrew Sanchez,68,Mesa,2025-04-08
8286,Lisa Lee,50,Fort Worth,2025-01-12
6336,Emily Robinson,33,Fresno,2024-07-03
195,Lisa Hernandez,42,Las Vegas,2021-11-23
4984,Ashley King,60,Nashville,2025-06-12
1942,Sarah Harris,23,Denver,2023-01-12
5136,James Young,21,Nashville,2023-03-05
6315,Andrew Brown,45,Milwaukee,2020-06-02
3873,Jennifer Harris,52,Houston,2023-12-26
8298,Donald Walker,63,Sacramento,2020-04-14
4096,Michael Smith,55,Indianapolis,2024-12-07
4253,Andrew Clark,23,Tucson,2021-09-25
9720,Matthew Thomas,51,Columbus,2025-02-19
1130,Jennifer Anderson,31,Seattle,2025-06-25
3649,Robert Moore,48,Baltimore,2020-04-20
6967,Lisa Wilson,33,San Diego,2025-04-25
1108,Daniel Wilson,18,New York,2025-07-22
8440,Nancy Harris,64,Baltimore,2021-06-21
7241,Lisa Lewis,65,Chicago,2020-06-19
9478,Michael Lopez,59,San Diego,2020-03-19
2434,Matthew Jones,23,Oklahoma City,2024-11-06
613,John Sanchez,42,Washington,2024-12-21
9813,Lisa Thomas,61,Jacksonville,2022-05-19
3864,Nancy Brown,38,Tucson,2024-10-15
2777,Andrew Robinson,39,Oklahoma City,2025-02-20
4575,Christopher Walker,39,San Diego,2025-08-20
8959,Daniel Wilson,18,San Jose,2022-06-24
5714,Elizabeth Smith,24,Los Angeles,2020-03-07
8698,Lisa White,57,New York,2022-08-12
6774,Elizabeth Walker,58,Chicago,2024-08-13
9335,Paul Lee,26,Jacksonville,2023-12-16
