EMP_ID,EMP_NM,DEPT_CD,SAL_AMT
7473,Robert Martin,Sales,84344
7802,Nancy Robinson,HR,80354
3563,Betty Brown,Legal,77670
3906,Amanda Garcia,Sales,51776
7719,Ashley Lopez,Customer Service,81159
3481,Steven White,HR,108932
9449,Dorothy White,Operations,68910
529,Robert Jones,Sales,137108
6251,Donald Martinez,Legal,120709
9147,Christopher Wilson,HR,72242
7588,Jessica Williams,IT,87009
9977,Karen Williams,Sales,88946
7109,Paul Perez,Operations,143213
8159,Anthony Lewis,HR,69207
4561,Emily Clark,Operations,70407
564,Emily Thomas,Sales,38637
2865,Emily Miller,Research,128696
4249,Lisa Perez,IT,103311
9467,Ashley Jackson,HR,50269
6116,Emily Lewis,Research,77569
2744,Deborah Lewis,Research,100909
681,Anthony Smith,HR,56143
7506,Amanda Lee,Research,53769
1044,Sarah Thomas,Customer Service,88956
3806,David Jones,HR,90141
5639,Ashley Jones,Legal,62355
4515,Ashley Rodriguez,Research,49907
4557,Jessica Young,IT,130195
913,Jennifer Robinson,Legal,87667
5785,Lisa Brown,Engineering,102284
1508,James Harris,HR,114127
8431,Anthony Walker,Research,104953
2249,Jessica Martin,Marketing,116418
6952,Lisa Sanchez,Sales,62847
3726,Mark Robinson,HR,51425
2050,Elizabeth White,Operations,76246
4906,Jennifer Garcia,Sales,97189
2858,David Moore,Customer Service,147501
9166,Joshua Harris,Operations,137912
8331,Jennifer Ramirez,Legal,73358
952,John Allen,Marketing,39853
1458,Joshua Jackson,Operations,136796
3388,Amanda Wilson,Marketing,59868
727,Ashley Wilson,Marketing,41504
9708,Joshua Wilson,Research,109615
2383,Steven Robinson,Customer Service,133489
6184,Elizabeth Walker,Customer Service,106955
2673,Daniel Rodriguez,Marketing,54210
7559,Amanda Brown,Engineering,88657
4065,Jennifer Ramirez,Customer Service,78432
9346,Lisa Lee,Finance,124979
6726,Emily Thomas,Research,81060
8578,Lisa Rodriguez,Sales,111414
2997,Christopher Harris,HR,38265
1163,Lisa Lopez,HR,82651
9005,Betty White,Research,34526
5095,Elizabeth Harris,Sales,113984
6739,Paul King,Marketing,141055
3118,James Martin,Finance,68689
3116,Anthony Hernandez,IT,63562
9535,Andrew Johnson,Legal,144004
8391,Joshua Ramirez,Sales,134132
3961,Ashley Walker,IT,60189
9314,Amanda Martin,Finance,103875
827,Matthew Jones,Research,130475
2999,Paul Perez,Finance,108877
7356,Deborah Lopez,HR,63219
9414,Karen Smith,Finance,138453
2953,Daniel Hernandez,Sales,144688
4919,Robert Thompson,Research,64673
7102,Jennifer Wilson,IT,123017
9384,Sarah White,IT,115627
3125,Betty Gonzalez,Customer Service,97223
7524,Paul Thomas,Customer Service,95227
2225,Jane Brown,Sales,62744
2231,Matthew Perez,Finance,85855
2932,Dorothy Lewis,Engineering,100934
7345,David Moore,Sales,109842
2788,Michael Moore,Operations,45816
6731,Michael Jackson,Sales,47625
5423,Mark Garcia,IT,32588
6134,Jessica Thomas,Customer Service,112929
6309,Michael Davis,Operations,101437
4100,Robert Rodriguez,Research,70362
4530,James Harris,Research,106528
1000,Matthew Wilson,HR,76905
1043,Robert Young,Sales,68589
9154,Michael Smith,Operations,57662
6650,Lisa Allen,Sales,105680
246,Emily Lopez,Operations,96418
6939,Jessica Williams,IT,129915
2955,Michael Wilson,Engineering,141944
8156,Christopher Harris,HR,78527
8446,Christopher Miller,Engineering,132986
3673,Betty Hernandez,Legal,96349
7148,Paul Wilson,Operations,104722
1756,Anthony Ramirez,Finance,88871
6570,Betty Brown,Customer Service,75566
8727,Deborah Moore,Legal,75014
6082,Mark Harris,Legal,132177
