C_ID,C_NAME,AGE_YRS,LOC_CD,REG_DT
8572,Ashley Johnson,33,San Jose,2025-04-21
6334,Lisa White,64,Los Angeles,2025-09-01
7788,James Ramirez,41,Boston,2024-03-01
8637,Jessica King,53,Kansas City,2020-11-23
1342,Daniel Perez,68,San Jose,2022-07-19
6220,Jane Anderson,50,Los Angeles,2024-10-19
2143,Joshua Wilson,50,San Diego,2021-12-26
6227,Michael Thomas,40,Portland,2023-02-16
9817,Robert Thompson,20,Chicago,2021-09-15
5668,Paul Clark,49,Jacksonville,2023-07-19
5693,Amanda Williams,47,Albuquerque,2024-12-28
1905,Steven Miller,28,New York,2021-11-20
3404,Lisa Jones,69,Mesa,2021-03-11
1562,John Young,29,Dallas,2020-05-22
8143,Nancy Johnson,35,Albuquerque,2023-01-23
1171,Lisa Johnson,55,San Antonio,2022-08-02
660,Ashley Thompson,69,Boston,2021-10-21
7366,Karen Rodriguez,59,Boston,2024-06-14
7836,Mark Jones,54,Baltimore,2021-09-24
9346,Emily Thompson,63,San Francisco,2022-09-10
7655,Robert Davis,35,Milwaukee,2024-08-25
7007,Karen Hernandez,43,Phoenix,2023-11-21
1658,Amanda Smith,42,Austin,2021-05-13
3949,Paul Davis,19,Boston,2021-04-19
4754,Lisa Moore,69,Washington,2024-09-21
5493,Daniel Lewis,34,Tucson,2023-03-15
4691,Jessica Robinson,40,Columbus,2024-11-05
1724,Elizabeth Brown,34,Las Vegas,2020-05-05
2031,Mark Jackson,20,Boston,2021-10-28
4256,Jane Smith,29,Fort Worth,2021-03-19
301,Karen Gonzalez,35,San Jose,2022-03-14
8451,Joshua Moore,57,Sacramento,2025-10-21
6805,Matthew Jackson,61,Dallas,2024-07-03
5611,James Rodriguez,34,Oklahoma City,2021-09-12
4984,Andrew Lewis,42,Seattle,2023-06-21
2095,Deborah Jones,62,Baltimore,2020-10-06
6684,John Walker,32,Phoenix,2021-11-18
2810,Matthew Lopez,32,Boston,2025-10-27
7746,Daniel Anderson,31,Milwaukee,2024-12-27
7691,Christopher Anderson,66,Fort Worth,2024-09-22
5421,James Thomas,49,Chicago,2024-09-18
5689,Michael Rodriguez,39,Indianapolis,2024-07-07
5948,Elizabeth Johnson,57,Phoenix,2022-10-13
3772,Daniel Garcia,25,San Jose,2021-06-26
6767,Lisa Hernandez,39,Philadelphia,2023-09-01
9362,Donald Harris,67,San Antonio,2022-10-05
9251,Jessica Jones,27,Nashville,2025-02-27
6819,Jane White,63,Fresno,2022-04-16
3301,Elizabeth King,56,Milwaukee,2020-05-18
6256,Ashley Perez,31,Tucson,2021-08-09
871,Christopher Lopez,35,Fort Worth,2020-01-21
7443,James Robinson,53,Kansas City,2023-11-25
1315,Amanda Miller,31,Mesa,2022-11-05
334,James King,53,Seattle,2025-02-13
5371,Donald Clark,39,Boston,2024-12-18
2916,Emily King,21,Fresno,2023-07-01
9159,Nancy Sanchez,57,Austin,2024-07-23
4267,Jane Martinez,18,Albuquerque,2024-08-19
24,Deborah Walker,19,Kansas City,2021-10-11
9821,Jessica Lee,46,Washington,2024-10-20
2469,Steven Taylor,40,Milwaukee,2022-06-06
4280,Betty Young,68,San Antonio,2021-08-11
9094,Steven Thompson,65,Baltimore,2022-05-25
3603,Daniel Ramirez,36,Mesa,2024-05-14
2962,Paul Thomas,40,Columbus,2020-03-17
3846,Joshua Johnson,26,Louisville,2021-12-15
7322,Daniel Miller,42,Fresno,2024-01-05
8949,Betty Gonzalez,39,Boston,2025-10-07
6904,Mark Brown,67,Albuquerque,2025-12-22
8825,Christopher Young,60,Houston,2025-06-03
7174,Ashley Davis,47,San Antonio,2021-01-23
2355,Jane Robinson,28,Houston,2020-09-05
7574,Matthew Lee,42,New York,2021-12-19
6500,Elizabeth Gonzalez,57,Boston,2020-05-10
2010,Daniel Sanchez,58,Fort Worth,2022-07-19
