C_ID,C_NAME,AGE_YRS,LOC_CD,REG_DT
4722,Elizabeth Gonzalez,63,Fort Worth,2020-12-07
3925,Joshua Brown,45,Denver,2023-07-17
4874,Karen Taylor,34,Indianapolis,2025-07-03
9026,Anthony Gonzalez,69,San Diego,2020-02-13
5908,Daniel Thomas,38,Columbus,2023-11-23
2509,Ashley King,43,Baltimore,2023-09-28
6893,Jessica Miller,50,Albuquerque,2020-08-08
9392,Andrew King,47,Indianapolis,2022-11-04
3698,Jessica Anderson,35,Austin,2023-08-23
5160,Deborah Thompson,18,Austin,2024-04-04
9872,Dorothy Jackson,28,Fresno,2024-04-11
2322,Robert Smith,43,New York,2022-01-24
6935,Michael Miller,27,Kansas City,2022-08-14
8647,Dorothy Johnson,36,Austin,2024-04-22
5991,Daniel Smith,39,Louisville,2020-09-18
8877,Jane Hernandez,18,Charlotte,2025-12-01
7,Mark Hernandez,65,Denver,2020-06-02
3365,Andrew Thomas,19,Fort Worth,2021-02-16
7365,Nancy Young,31,Philadelphia,2020-01-18
868,Dorothy Robinson,38,San Diego,2021-09-04
152,David Rodriguez,66,Mesa,2020-06-25
1566,Donald Hernandez,40,Mesa,2025-05-02
6691,Deborah Ramirez,61,San Jose,2023-11-12
3123,Nancy Garcia,26,Tucson,2020-06-23
2196,John Sanchez,51,Baltimore,2025-06-15
7924,Paul Young,58,Tucson,2021-03-25
5259,James Jackson,57,Oklahoma City,2024-12-17
8231,Donald Davis,31,Seattle,2020-12-15
4686,Dorothy Allen,66,Denver,2020-08-12
6500,Donald Davis,51,Seattle,2025-10-26
3295,David Harris,51,Fort Worth,2021-02-20
1872,Andrew Taylor,67,Portland,2025-05-18
6147,David Rodriguez,67,Indianapolis,2025-08-23
5354,Ashley Hernandez,65,Philadelphia,2022-06-24
7445,John Thompson,66,Tucson,2025-11-24
9561,Sarah Davis,36,Columbus,2021-09-07
5164,Elizabeth Lopez,46,Louisville,2024-12-24
8355,Matthew Taylor,47,Oklahoma City,2023-02-08
7872,Ashley Thomas,30,Albuquerque,2022-04-27
8945,Karen Perez,49,Mesa,2023-05-01
5860,Andrew Thomas,34,Charlotte,2020-08-27
5959,Paul Young,32,Las Vegas,2021-07-09
2903,David Martinez,38,Portland,2021-10-12
6633,Amanda Clark,42,Charlotte,2021-05-08
2773,Nancy Clark,46,Seattle,2023-03-22
7050,Christopher Anderson,29,San Diego,2021-07-21
6118,Emily Perez,49,Washington,2025-07-06
110,David Thompson,45,Portland,2020-12-12
9697,Joshua Anderson,20,Dallas,2024-07-04
3417,Ashley Sanchez,18,Nashville,2024-09-07
831,David Ramirez,22,Louisville,2022-11-15
191,Daniel Ramirez,41,Portland,2020-10-04
1770,John Williams,18,Baltimore,2025-11-09
802,Nancy Martin,59,Dallas,2023-04-13
3240,Sarah King,44,Indianapolis,2024-03-19
7018,Jennifer Anderson,54,San Diego,2024-08-15
5182,Deborah Lewis,57,Milwaukee,2025-11-16
6186,Lisa Perez,66,Austin,2021-10-15
619,Dorothy Davis,44,Albuquerque,2024-05-22
9893,Lisa Davis,64,Mesa,2023-02-12
3147,Andrew Perez,51,Austin,2020-01-20
6002,Jane Brown,18,Washington,2023-01-25
5244,David Jones,52,Portland,2022-12-14
7675,Deborah White,19,Indianapolis,2022-03-18
6157,Andrew Perez,68,Charlotte,2020-02-11
3532,Amanda Ramirez,33,Houston,2022-06-22
5880,Ashley Sanchez,30,Sacramento,2020-12-01
4567,Paul Jackson,22,Albuquerque,2023-09-23
8394,Jennifer Lewis,68,Denver,2022-11-08
9492,Lisa Lee,30,San Diego,2025-10-10
2557,Elizabeth Robinson,61,San Francisco,2020-08-24
4455,Joshua Rodriguez,36,Louisville,2022-03-10
2694,Ashley Lewis,18,Chicago,2022-11-27
6538,Elizabeth Jones,52,Albuquerque,2023-07-18
4677,Paul Walker,23,Columbus,2024-04-04
