EMP_ID,EMP_NM,DEPT_CD,SAL_AMT
7997,Dorothy Miller,Operations,83715
6539,Nancy Moore,Sales,36123
101,John Lewis,Engineering,111449
452,Daniel Williams,Engineering,107904
9372,Elizabeth Martin,Marketing,89016
660,Jennifer Gonzalez,IT,107832
3341,Christopher Robinson,Engineering,119263
1396,Lisa Thomas,Operations,109969
640,Lisa Moore,HR,105279
261,Elizabeth Gonzalez,Sales,102005
6810,Christopher Robinson,Sales,87179
6700,Daniel Johnson,IT,48032
1215,Matthew Gonzalez,Operations,119111
8777,Anthony Williams,Research,65161
9364,Elizabeth Walker,Customer Service,83109
9184,Elizabeth Thompson,Research,147693
5005,Nancy Thomas,Sales,103417
2344,Sarah Taylor,IT,71910
2283,Matthew Anderson,Finance,99192
9751,Amanda Lee,HR,59150
3054,Amanda Sanchez,Legal,148506
6895,Jane Robinson,Marketing,44512
5702,Sarah Davis,Legal,61478
8628,Amanda Allen,Research,44096
5586,James Lee,IT,132824
8001,Mark Smith,Engineering,62992
3730,Joshua Williams,Engineering,64302
20,Karen Martinez,Legal,31384
6196,Steven Smith,HR,39701
8423,Paul Garcia,Customer Service,50826
1888,Steven Sanchez,Research,87078
1605,Robert Ramirez,IT,45557
9482,Robert Harris,Marketing,40682
2953,Anthony Miller,Customer Service,127441
4582,Jennifer Perez,Customer Service,62121
616,Dorothy Gonzalez,Sales,121244
9185,Lisa Miller,Sales,45900
7562,Jennifer Jackson,HR,143726
2464,Betty Williams,Research,57246
1982,John Lopez,Operations,135041
9440,Sarah Thompson,Engineering,104752
6774,Lisa Miller,Customer Service,116200
5259,Dorothy Jackson,Marketing,117657
1688,Emily Johnson,Customer Service,37013
1189,Elizabeth Johnson,Finance,114963
5838,Sarah Allen,IT,72522
5124,Daniel Lee,Operations,73716
5946,Nancy King,IT,117908
9571,Joshua Williams,Legal,81937
8435,Karen Lopez,Engineering,46485
9307,Daniel Allen,Customer Service,55384
4338,Paul Anderson,Engineering,101600
8162,Matthew Clark,Customer Service,110522
7010,Sarah King,Operations,95873
1848,Anthony Ramirez,IT,139842
5810,Jennifer Robinson,Operations,143192
2919,Emily Perez,Sales,94503
5720,Michael Lopez,Legal,58808
7260,Jessica Garcia,Operations,75586
1433,Sarah Robinson,HR,85766
3016,Sarah Lee,Customer Service,32333
865,Mark Taylor,Marketing,49658
7791,Matthew Anderson,IT,82764
2699,Anthony Robinson,Sales,67681
6613,Andrew White,Marketing,71114
8107,Andrew Rodriguez,HR,134861
9151,Betty Garcia,Operations,64105
5767,Sarah Martinez,Research,57409
527,Robert Smith,Marketing,38890
7880,Ashley Robinson,Sales,71080
3566,Deborah Lee,Research,50548
5568,Joshua Thompson,Research,118093
8252,John Martinez,HR,105036
8873,David Williams,IT,65001
3853,Emily Lee,HR,56681
3071,Nancy Hernandez,Operations,67137
6558,Michael King,Research,79768
907,Nancy Moore,Engineering,98100
8119,Jennifer Perez,Legal,45512
4171,Lisa Thomas,Operations,38106
6142,Jennifer Davis,Customer Service,89469
9088,Robert Lopez,HR,122639
1735,Lisa Perez,Marketing,105903
4090,Matthew Jones,Legal,39838
2199,Michael Lewis,Marketing,96509
5267,Michael Moore,Operations,103098
3951,Betty Martin,Finance,61309
5656,Lisa Anderson,HR,32637
981,Nancy Thomas,HR,88120
9431,Lisa Jackson,Legal,80478
3876,Jessica Lee,Marketing,77966
6619,Donald Martin,Legal,105876
8863,Lisa Garcia,IT,68202
3528,Donald Lopez,Legal,51069
4850,Paul Robinson,Operations,33204
4498,Jennifer Martinez,Research,49816
3302,Amanda Lopez,IT,59811
2182,John Moore,Customer Service,45577
3201,Betty Martinez,Engineering,38285
7300,Andrew Hernandez,IT,82270
