EMP_ID,EMP_NM,DEPT_CD,SAL_AMT
2453,Christopher Robinson,Engineering,121141
6572,Sarah Jones,Sales,143639
4323,Andrew Anderson,Sales,91157
7568,Emily Smith,Operations,67805
5566,Deborah Jackson,IT,102135
497,Karen Lewis,Sales,80595
2705,Robert Allen,Sales,39383
1338,Amanda Hernandez,IT,116313
2242,Sarah Brown,IT,70396
2908,Daniel Brown,IT,59249
1350,David Sanchez,HR,142872
2219,Dorothy Jackson,IT,73524
7993,Mark Anderson,Marketing,67542
837,Lisa Martin,Customer Service,91586
8878,Elizabeth Miller,HR,46514
5201,Lisa Perez,Finance,33473
3980,Jane White,Customer Service,40014
5490,Betty Sanchez,IT,81916
3491,Michael Williams,Legal,41730
5559,Sarah Martin,HR,134368
3046,Christopher Martin,IT,132045
5462,Ashley Anderson,Customer Service,81820
3518,Steven Moore,IT,123177
7810,Sarah Walker,Operations,83023
5827,Andrew Lee,IT,31255
7322,Anthony Johnson,HR,95754
8450,Jane Martinez,HR,32358
1272,Michael White,Research,136201
7918,Lisa Miller,IT,47634
4991,Steven Thompson,Customer Service,97264
3972,Amanda Lopez,Engineering,88502
2009,Daniel Ramirez,Marketing,107875
1076,Anthony Thompson,Operations,55427
8646,Joshua Lewis,Operations,89175
5678,Robert King,Marketing,76375
9834,Nancy King,Finance,132214
1940,Donald Lee,Sales,40929
5262,Donald Garcia,Legal,144809
9180,Lisa Walker,Operations,102510
3575,Ashley Lopez,Research,147632
5413,Jennifer Gonzalez,Finance,54214
1034,Betty Anderson,Sales,95118
1094,Amanda Johnson,Marketing,123851
357,Jennifer Hernandez,Customer Service,75963
9835,Ashley Smith,Engineering,123041
682,Daniel Brown,Customer Service,131720
2410,Elizabeth Martin,Sales,136174
1972,Deborah Rodriguez,Research,130101
3616,Joshua Perez,HR,127225
2019,David White,HR,129718
8188,Dorothy King,IT,52532
5639,Donald Hernandez,Marketing,65522
5663,Karen Clark,Marketing,104961
9000,Lisa Rodriguez,Research,50419
8128,Andrew Thomas,Marketing,118109
5246,Sarah Martinez,Research,31081
7983,Amanda Johnson,Customer Service,145722
1146,Ashley Thomas,Research,88300
2264,Michael Williams,Sales,96680
4062,Lisa Lewis,Finance,106677
1306,Mark Miller,Marketing,91720
7588,Jennifer Gonzalez,Marketing,119387
4171,Andrew Lee,Sales,120549
3600,Dorothy Garcia,Sales,145873
1151,Matthew Walker,Research,90170
8002,Steven Garcia,HR,135630
2327,Deborah Gonzalez,Finance,131259
7847,Ashley Taylor,Finance,149591
7630,John White,Engineering,44053
9646,Jessica Lee,Marketing,66357
2877,Dorothy White,Engineering,148559
2826,Jane Brown,Sales,108807
6980,Joshua Perez,Marketing,138079
2932,Joshua Williams,Sales,105999
5623,Christopher Brown,Sales,112316
7755,Betty Smith,Operations,95133
8818,Christopher Harris,Finance,119144
8496,Matthew Martinez,Finance,31778
373,Anthony Gonzalez,Finance,93429
8489,Steven Robinson,Sales,67393
1213,Jessica Hernandez,Legal,99403
5456,Ashley Williams,Operations,140986
6228,Emily Lewis,Customer Service,106878
4212,Daniel Garcia,HR,66332
7597,Andrew King,HR,84598
3082,Mark King,Operations,137480
3835,James Wilson,Sales,116317
982,Lisa Wilson,IT,43411
4853,Elizabeth Williams,Sales,76810
9918,Jane Martinez,Marketing,125122
4955,Daniel Jackson,IT,100870
7638,Jane Young,Sales,87708
4848,Andrew Allen,Marketing,115619
449,David Johnson,Customer Service,127224
4195,James Johnson,Marketing,73735
484,Lisa Rodriguez,Legal,108157
5523,David King,Research,76956
2373,David Garcia,Customer Service,59473
8298,Michael Miller,Legal,59072
4801,Lisa Robinson,Sales,42361
