C_ID,C_NAME,AGE_YRS,LOC_CD,REG_DT
7528,Dorothy Jones,50,Louisville,2021-05-11
3998,James King,44,Albuquerque,2024-04-09
1103,Steven Smith,49,Phoenix,2022-01-03
3464,Joshua Smith,54,Baltimore,2021-12-17
8142,Nancy Smith,19,Fresno,2024-08-03
7453,Amanda Harris,69,Las Vegas,2024-12-28
4520,Jane Williams,21,Fresno,2025-04-19
9392,Jennifer Garcia,24,San Antonio,2023-12-15
3191,David Thompson,24,Baltimore,2020-09-18
1120,Paul Lopez,37,Oklahoma City,2024-05-23
2710,Dorothy Perez,64,Chicago,2021-03-24
1694,Lisa Garcia,45,Fort Worth,2025-11-23
929,Nancy Martin,63,Portland,2023-01-25
8022,Sarah Thomas,58,Oklahoma City,2023-04-04
144,Christopher Jackson,27,Baltimore,2024-08-24
9609,Donald Jackson,56,Austin,2024-12-27
9523,Lisa Lee,46,Seattle,2024-12-14
6574,Michael Rodriguez,49,Nashville,2022-02-15
8308,Michael Garcia,61,Sacramento,2025-03-05
8308,James Smith,22,Kansas City,2022-02-07
6720,Lisa Thompson,32,Baltimore,2022-02-13
2639,Anthony Thomas,20,Mesa,2021-11-17
6601,Jessica Jackson,48,Austin,2023-12-17
9091,Emily Hernandez,38,Fresno,2025-03-24
3548,David Wilson,22,San Diego,2020-06-03
6578,Karen Miller,20,Washington,2022-04-08
7358,Elizabeth Lewis,66,Louisville,2024-11-19
8584,Lisa Brown,62,Jacksonville,2020-12-16
4335,Nancy Smith,62,Dallas,2023-06-09
3158,Lisa Brown,21,San Diego,2021-06-09
5342,David White,22,Seattle,2020-12-17
1173,Sarah Walker,40,Kansas City,2021-03-07
2838,Robert Sanchez,61,Dallas,2025-12-18
8377,Jennifer Gonzalez,46,Washington,2021-08-02
1152,Betty Walker,19,Baltimore,2021-09-07
7812,Emily King,34,Nashville,2024-11-01
8421,Jessica Smith,52,Denver,2022-03-13
7974,Anthony Miller,45,Portland,2025-05-07
2301,Joshua Martin,64,Phoenix,2022-07-06
6828,Daniel Ramirez,21,Philadelphia,2022-02-03
463,Jessica Thompson,34,New York,2024-05-18
9081,Steven Johnson,41,Austin,2025-07-20
8239,Christopher Anderson,64,Portland,2025-05-25
1009,Mark Thomas,36,Mesa,2021-06-27
9802,Donald Young,32,Charlotte,2024-04-04
5827,Christopher Lewis,29,Albuquerque,2023-01-22
1536,Sarah Clark,49,San Francisco,2025-10-21
302,Jessica Martinez,45,Columbus,2021-07-24
8847,Ashley Sanchez,42,Sacramento,2025-11-28
622,Jessica Robinson,67,Portland,2023-07-25
8686,Matthew Thomas,39,Tucson,2021-09-26
2493,Jennifer Wilson,62,San Antonio,2022-04-25
5101,Amanda Moore,46,Philadelphia,2024-08-15
4608,David Garcia,42,San Jose,2023-11-08
2376,Daniel Anderson,51,Portland,2022-07-13
4363,Christopher White,39,Chicago,2023-11-17
2542,Emily White,52,Houston,2024-01-21
3621,Betty Young,25,Fresno,2020-09-27
9563,Daniel Thomas,28,Phoenix,2022-09-24
4829,Lisa Allen,45,Portland,2023-01-22
8231,Dorothy Young,50,Washington,2022-04-24
6281,Jennifer Lopez,33,Fresno,2021-12-06
1095,Robert Robinson,43,Charlotte,2020-12-18
6269,Amanda Garcia,19,Austin,2025-03-13
2838,Jane Martinez,52,Boston,2025-04-27
8229,Joshua Davis,57,New York,2024-07-10
8896,Lisa Walker,62,Washington,2020-03-13
4031,Emily King,35,Houston,2021-12-07
2831,Sarah Lee,22,Charlotte,2024-12-05
4334,Lisa Gonzalez,69,Nashville,2024-06-13
8614,Christopher Jones,32,New York,2024-06-25
3602,Deborah Martin,64,Austin,2021-04-21
7025,Dorothy Johnson,60,Indianapolis,2022-07-06
5206,Sarah Clark,39,San Diego,2025-08-04
9182,Christopher Jackson,48,Las Vegas,2020-02-16
