C_ID,C_NAME,AGE_YRS,LOC_CD,REG_DT
6006,Lisa Harris,28,Baltimore,2025-06-18
1989,Anthony Martinez,59,Seattle,2023-06-07
5093,Emily Ramirez,18,Mesa,2021-06-21
226,Sarah Young,45,Mesa,2024-01-26
7624,James Wilson,54,Seattle,2025-02-04
3281,Lisa Williams,68,San Francisco,2025-07-12
3083,Elizabeth Martin,41,Dallas,2025-08-26
3560,Paul Harris,27,San Francisco,2023-08-06
2818,Jane Anderson,30,Indianapolis,2021-02-08
4442,Joshua Anderson,28,Jacksonville,2023-03-06
9369,Donald Thomas,43,Dallas,2025-08-25
1167,Robert Martin,60,San Diego,2023-02-20
9424,Joshua Perez,41,San Jose,2023-07-21
4453,Lisa Lewis,24,Jacksonville,2020-12-14
9347,Paul Thompson,49,Nashville,2024-01-28
8459,Betty King,28,Charlotte,2025-09-23
3782,Jessica Davis,53,San Francisco,2025-01-16
5499,Emily Lopez,30,Fort Worth,2022-11-10
1698,Betty White,30,Portland,2023-10-04
3566,Anthony White,61,Charlotte,2020-01-20
7800,John Lee,28,Chicago,2020-05-16
7355,David Thomas,51,Dallas,2021-10-19
3492,Steven Miller,57,New York,2024-08-10
2888,Steven Wilson,25,New York,2022-09-22
9590,Amanda Clark,40,Sacramento,2023-07-08
2532,Daniel Sanchez,37,Nashville,2025-11-27
2822,Nancy Lee,43,Fresno,2022-07-02
3526,Sarah Martin,36,Sacramento,2020-04-28
4304,Elizabeth Perez,64,Albuquerque,2024-03-20
528,Jane Johnson,49,Dallas,2024-03-06
1217,Jennifer Robinson,20,Fresno,2023-07-21
9429,Jessica Miller,50,Milwaukee,2025-10-13
5484,James Williams,39,Milwaukee,2024-02-04
3016,Jane Sanchez,20,Chicago,2024-07-01
1491,Sarah Thompson,34,Mesa,2025-05-27
2831,Jessica Davis,26,San Francisco,2021-08-16
6104,Jessica Gonzalez,31,Dallas,2020-01-07
8846,Ashley Walker,66,Charlotte,2023-11-15
4944,Jane Lopez,34,Fresno,2021-02-02
1681,Andrew Williams,55,San Francisco,2020-09-12
1160,Karen Jones,42,Columbus,2021-05-27
8434,Paul Wilson,29,Fort Worth,2021-01-01
7298,Sarah Williams,46,Charlotte,2025-04-13
6175,Mark Smith,38,Columbus,2024-02-28
1566,Matthew Anderson,38,Mesa,2024-07-12
2376,Deborah Miller,36,Nashville,2023-11-09
7136,Betty White,57,Seattle,2025-08-05
8804,Joshua King,49,Charlotte,2021-02-05
5458,Mark Williams,42,Los Angeles,2023-08-23
4394,Ashley Martinez,27,San Diego,2025-05-25
3148,Emily Garcia,64,Charlotte,2023-10-27
3600,Elizabeth King,68,Nashville,2021-08-22
8759,Jane Jones,39,Fresno,2022-07-15
106,Betty Miller,64,Portland,2025-01-11
6779,James Sanchez,53,Chicago,2020-03-02
4267,Ashley Martinez,38,Chicago,2020-11-22
2907,Christopher King,41,Indianapolis,2020-12-09
2686,Steven Lewis,46,Fresno,2020-02-12
5093,Nancy Jackson,56,Charlotte,2020-11-11
1537,Jennifer Lee,41,Charlotte,2022-04-26
9052,Ashley Martinez,61,Indianapolis,2022-09-05
9458,Lisa Garcia,63,San Diego,2025-05-11
9845,Matthew Perez,47,Louisville,2021-03-28
7426,Dorothy Williams,23,San Antonio,2021-08-18
1325,Andrew Martin,52,Chicago,2024-05-14
6680,Steven Moore,58,San Jose,2020-03-11
4059,Jessica Lopez,63,Indianapolis,2023-09-13
7111,Robert Gonzalez,33,Baltimore,2023-01-15
2541,Lisa Lewis,26,Boston,2022-09-22
3122,Amanda Brown,32,Oklahoma City,2022-09-24
7981,Paul Robinson,41,Denver,2020-12-10
2285,Nancy White,52,Baltimore,2023-09-02
7173,Dorothy Smith,35,Denver,2023-04-13
3604,Joshua Anderson,67,Oklahoma City,2023-02-26
2534,Robert White,25,Nashville,2024-12-01
