EMP_ID,EMP_NM,DEPT_CD,SAL_AMT
3527,Michael White,HR,146901
525,Betty Harris,Legal,33218
6777,Jessica Williams,IT,84838
2172,Sarah Thomas,Engineering,32624
7826,Daniel Lewis,IT,131773
8067,Ashley White,Operations,133967
7972,Karen Brown,Customer Service,65882
7267,Christopher Wilson,Legal,66300
7519,Lisa Taylor,Operations,51346
6645,Karen Sanchez,Research,93263
7810,Deborah Sanchez,Legal,89845
5894,Paul Hernandez,Research,101022
9127,Joshua Taylor,Finance,71437
2357,Joshua Martin,Finance,80377
7024,Anthony Taylor,Finance,143094
3358,Donald Perez,Customer Service,103495
8577,Nancy Anderson,Research,103235
3618,Matthew Anderson,HR,77429
1353,Mark Brown,Research,86000
2493,Sarah Thomas,Engineering,75817
3942,Robert Martinez,IT,61324
8855,Nancy Anderson,Sales,66496
723,Andrew Gonzalez,HR,32435
336,Sarah Hernandez,Sales,69344
9100,James Sanchez,Sales,102556
4619,Sarah Gonzalez,Engineering,107214
54,James Gonzalez,Sales,118042
3991,Ashley Martin,Legal,139410
8231,Steven Rodriguez,HR,45153
3137,Anthony Ramirez,Engineering,32031
3233,Michael Rodriguez,Operations,48958
9460,David Harris,Legal,127950
690,Paul Martin,Sales,98420
963,Lisa Lopez,Research,51675
4996,Dorothy Sanchez,Marketing,135248
8801,Joshua Martin,Research,146620
3389,Donald Young,Legal,131914
2583,Sarah Lewis,IT,66668
1881,Nancy Sanchez,Customer Service,133212
103,Lisa Gonzalez,Engineering,119356
3023,Jessica Ramirez,Marketing,41960
6695,James Johnson,Research,70915
7119,Andrew White,Legal,76581
8705,Paul Martin,Operations,139416
1678,Jessica Lopez,IT,102372
990,Daniel Young,Research,82312
1305,Karen Allen,Finance,79176
2093,Lisa Martin,Engineering,73144
720,Emily Garcia,Finance,107263
9653,John Allen,Finance,39448
828,James Allen,Legal,34347
6249,Donald Garcia,HR,113988
5647,Karen Smith,Sales,48546
2905,Anthony Anderson,Legal,93198
6618,Anthony Williams,Finance,126052
564,Anthony Lewis,Operations,78687
6684,Jennifer Johnson,Engineering,127026
4963,Ashley Martinez,Sales,53658
9791,Daniel Lewis,Operations,100757
1542,Karen Thomas,Legal,48004
4273,Jessica Garcia,HR,31139
2958,Amanda White,Legal,88324
3952,Jessica Perez,HR,57780
935,Daniel King,Research,57923
613,Jane Hernandez,Engineering,48103
5345,Andrew Lopez,Sales,32086
8277,Jessica Davis,Operations,95450
6867,Paul Martinez,Research,142214
8682,Michael Garcia,Research,86625
6369,John Jones,Sales,143211
7189,Joshua Ramirez,IT,149314
3488,Mark Lee,Sales,77784
6110,Deborah Johnson,Research,146127
8660,Jessica Miller,Engineering,146738
2396,James Garcia,Marketing,146848
6562,Jane Jackson,Operations,78299
4231,Steven King,Operations,83904
8784,John Walker,Marketing,145667
505,Karen Anderson,Research,49328
9508,Elizabeth King,Operations,145108
7064,James Lewis,Marketing,136848
5035,Deborah Walker,Marketing,92115
5241,Karen Taylor,HR,101954
111,Andrew Ramirez,Engineering,68725
9671,Amanda Taylor,Sales,39436
846,Jennifer Anderson,Finance,143859
2636,Emily Gonzalez,Customer Service,92539
8455,Nancy Allen,Operations,30627
546,Matthew Miller,Engineering,82520
9259,Dorothy Martinez,Sales,119194
2271,Donald Miller,Finance,60332
7584,Ashley Moore,Marketing,33162
4929,Andrew Davis,Marketing,122987
2010,David Johnson,Finance,131587
1338,Emily Allen,Customer Service,123147
917,Steven Miller,Customer Service,123104
3251,Betty Lopez,Sales,136077
799,Lisa Young,Operations,53329
8187,Emily Lopez,Marketing,35648
8119,Deborah Miller,Marketing,34742
