C_ID,C_NAME,AGE_YRS,LOC_CD,REG_DT
8326,Emily Young,36,Mesa,2022-10-21
6660,Robert Martinez,68,Washington,2024-06-19
5772,Karen Hernandez,35,San Francisco,2021-11-19
1628,Michael Harris,36,Austin,2021-03-02
1586,Jessica Gonzalez,39,Mesa,2022-05-09
4506,Daniel King,32,Fort Worth,2020-06-05
1619,James Allen,47,Dallas,2024-08-19
4408,Lisa Sanchez,54,Jacksonville,2021-09-10
5527,Mark Wilson,59,San Francisco,2021-12-28
6734,David Martin,70,Fort Worth,2022-03-12
3380,Michael Brown,19,Charlotte,2025-11-14
1010,James Gonzalez,34,Houston,2023-10-12
8793,Anthony King,34,Milwaukee,2022-07-05
6847,Joshua Gonzalez,47,Houston,2025-03-20
8185,Sarah Perez,43,San Jose,2020-07-02
1037,Lisa Young,44,New York,2024-09-19
4631,Matthew Brown,51,Jacksonville,2021-03-18
4909,Dorothy Miller,70,Nashville,2022-09-26
8776,James Jackson,70,Mesa,2023-04-09
2025,Mark Garcia,32,Baltimore,2023-05-20
9106,Elizabeth King,68,New York,2025-11-26
2528,James White,41,Seattle,2024-12-05
6212,Daniel Martinez,45,Charlotte,2022-11-04
795,Amanda Hernandez,56,Las Vegas,2023-12-19
9148,Elizabeth Davis,37,Oklahoma City,2023-12-04
6225,Daniel Anderson,32,Los Angeles,2020-07-17
3766,Donald Martinez,25,Columbus,2024-09-20
3190,Lisa Wilson,70,Sacramento,2021-11-10
9542,Christopher Thomas,54,Indianapolis,2025-06-07
2310,Karen Allen,61,Phoenix,2023-11-27
5768,Donald White,63,Philadelphia,2024-09-16
8917,Robert Lee,37,Phoenix,2025-04-26
5962,Christopher Lopez,30,Sacramento,2024-01-27
1123,Emily Jones,53,Portland,2022-12-06
7790,Jane Garcia,49,San Francisco,2020-07-12
7608,Mark Moore,32,Columbus,2025-03-17
2950,Daniel Clark,52,Columbus,2025-10-23
1915,Betty Jackson,58,Los Angeles,2020-12-26
9539,Donald Jackson,47,Nashville,2025-03-07
8368,Jessica Anderson,63,Jacksonville,2020-09-20
7676,Andrew Jackson,39,Austin,2021-04-26
226,Donald Rodriguez,43,Portland,2020-02-01
1999,Jennifer Wilson,65,Denver,2023-07-08
5188,Joshua Taylor,60,San Jose,2022-06-12
4965,Emily Lee,40,Indianapolis,2021-11-08
8033,David Brown,68,Fort Worth,2025-09-22
9536,David Lewis,33,Indianapolis,2021-03-19
4858,Amanda Ramirez,62,Kansas City,2020-02-02
8981,Deborah Garcia,18,San Jose,2023-03-10
8417,John Wilson,20,Los Angeles,2020-03-09
5869,Lisa Thompson,63,Nashville,2025-01-27
4355,Jane Garcia,24,Dallas,2022-10-10
3790,Sarah Miller,23,Portland,2020-03-21
3910,Joshua Perez,54,Mesa,2020-01-04
361,Ashley Harris,27,Albuquerque,2025-01-28
3204,Christopher Thomas,68,Indianapolis,2020-04-06
1417,Michael Wilson,36,Dallas,2021-03-05
9048,James Clark,26,Columbus,2022-01-05
6366,Paul Lopez,48,Albuquerque,2023-11-12
6379,Nancy Sanchez,55,Los Angeles,2021-07-09
881,Amanda Lewis,47,Kansas City,2022-02-21
1728,Jane Jones,40,Milwaukee,2023-04-06
7705,Michael Jones,66,San Jose,2023-06-13
3164,Lisa Hernandez,41,New York,2020-04-19
2230,Donald Lopez,36,Tucson,2025-02-01
5835,Ashley Moore,70,Phoenix,2021-02-22
3609,Elizabeth Wilson,68,Washington,2021-05-04
9269,John Jones,29,Washington,2021-01-27
5912,Dorothy Jones,40,Chicago,2020-11-20
9458,Elizabeth Thomas,49,Austin,2024-01-23
1942,Jennifer Anderson,25,Nashville,2020-09-16
1968,Christopher Robinson,26,Denver,2022-12-07
677,Jane Jones,49,Washington,2024-03-15
4819,Donald Williams,66,Los Angeles,2021-01-21
6334,Andrew Martinez,38,Fort Worth,2025-07-24
