C_ID,C_NAME,AGE_YRS,LOC_CD,REG_DT
5269,Nancy Perez,50,San Antonio,2021-02-01
7081,Emily Martin,61,Denver,2021-01-04
9626,Lisa Taylor,63,Fresno,2020-04-06
7169,Joshua Walker,51,Baltimore,2025-07-16
4294,John Lee,25,San Diego,2024-06-02
9319,Anthony Williams,44,Milwaukee,2024-05-07
6829,Christopher Robinson,61,San Antonio,2025-11-25
7735,Emily Williams,56,Philadelphia,2024-07-20
1798,Matthew Brown,26,Oklahoma City,2020-06-08
7340,James Rodriguez,40,San Antonio,2024-07-09
6589,Michael Thomas,29,Washington,2024-01-27
9142,Paul Thomas,34,Phoenix,2020-12-15
9471,Betty Rodriguez,53,Louisville,2020-12-16
2882,Deborah Garcia,45,Fort Worth,2023-01-21
2703,Amanda Rodriguez,18,San Antonio,2020-12-09
5225,Jessica Lopez,45,San Diego,2024-03-05
6378,Matthew Brown,66,Fort Worth,2025-01-12
4551,Donald Thompson,53,Kansas City,2024-09-09
4231,Jessica Anderson,33,Dallas,2022-11-05
3239,Joshua Moore,35,Houston,2020-03-06
7623,Mark Harris,60,San Antonio,2021-05-16
8286,Mark Miller,68,Los Angeles,2022-05-27
2737,Nancy Martin,40,Seattle,2023-08-26
5808,Andrew Perez,49,Fort Worth,2022-09-22
9444,Sarah Lewis,64,Nashville,2021-11-20
1329,Karen Clark,68,New York,2021-02-21
6829,Jessica Williams,18,Mesa,2022-08-26
5902,Steven Thomas,33,Indianapolis,2025-08-13
4034,Karen Jackson,53,Sacramento,2022-04-07
6651,Amanda Thomas,18,Sacramento,2024-09-13
5744,Matthew Robinson,22,Louisville,2025-04-19
1418,Deborah Walker,60,Kansas City,2024-06-14
421,Steven Johnson,21,Washington,2023-01-04
4585,John Gonzalez,37,San Antonio,2021-09-15
7028,Anthony Robinson,20,Fresno,2025-01-12
4826,Donald Sanchez,54,Tucson,2022-07-20
6417,Paul Anderson,38,San Antonio,2025-04-04
8053,Paul Taylor,36,Denver,2025-07-07
7111,Betty Johnson,63,San Antonio,2021-09-22
1190,Jessica Jones,58,Sacramento,2024-12-28
8275,James Brown,51,Portland,2022-04-11
8089,Amanda Clark,41,Austin,2022-05-09
165,Steven Jackson,68,San Antonio,2024-12-21
4583,Sarah King,65,San Diego,2021-07-20
5211,Dorothy Jackson,67,Nashville,2020-05-18
5248,Karen Martin,28,Dallas,2025-11-18
2187,Steven King,46,Boston,2020-12-05
7219,Michael Johnson,67,Charlotte,2023-05-16
7582,Andrew Jackson,37,Fresno,2022-04-13
5021,Donald Martin,34,Boston,2023-11-03
9699,Michael Lewis,60,Houston,2025-05-06
7617,Joshua Clark,54,Chicago,2025-10-10
446,Paul Clark,34,San Jose,2025-06-01
297,Jessica Taylor,61,New York,2024-07-04
5723,Betty Garcia,47,Washington,2020-12-19
6230,Steven Taylor,28,Fresno,2022-01-27
3607,Anthony Anderson,33,Albuquerque,2025-08-24
3931,Robert Jackson,68,San Diego,2020-04-07
2840,Matthew Davis,36,Phoenix,2021-04-08
2145,Joshua Wilson,25,Nashville,2023-06-26
6683,Amanda Anderson,60,Los Angeles,2020-10-01
7342,Michael Moore,50,Baltimore,2020-07-24
6150,Ashley Brown,21,San Jose,2021-05-01
5921,Jennifer Lopez,24,Houston,2025-02-23
5580,Anthony Clark,58,Denver,2022-09-02
9445,Jennifer Gonzalez,47,Phoenix,2020-08-28
2262,Andrew Lopez,57,Nashville,2022-12-21
7284,Anthony Rodriguez,57,San Antonio,2023-08-08
4256,Paul Martinez,46,Milwaukee,2023-10-11
4756,Jane Perez,67,Fort Worth,2025-10-15
4617,Karen Thomas,55,Jacksonville,2022-03-02
8906,Christopher Smith,48,Oklahoma City,2024-02-10
8746,Jane Gonzalez,70,Charlotte,2024-10-06
8543,Lisa Smith,46,Boston,2020-09-28
6536,Michael Davis,39,San Jose,2023-11-13
