C_ID,C_NAME,AGE_YRS,LOC_CD,REG_DT
9952,Nancy Sanchez,57,Oklahoma City,2021-08-06
1115,David Rodriguez,61,Fort Worth,2025-03-21
7860,Dorothy Clark,60,San Jose,2022-01-12
6397,Daniel Sanchez,41,Baltimore,2024-03-09
6228,Donald Sanchez,35,Portland,2023-02-05
1022,Matthew Martin,53,Houston,2021-06-19
5421,Emily Lewis,44,Albuquerque,2022-08-14
6425,Steven Ramirez,40,Austin,2025-04-13
4068,John Johnson,49,Las Vegas,2020-05-18
9914,Donald King,40,Columbus,2025-10-21
2634,Ashley Walker,68,Austin,2022-07-05
1155,Betty Thompson,20,Austin,2020-05-25
6645,Nancy Perez,53,Albuquerque,2024-08-17
9382,Donald Thompson,42,Fresno,2025-10-28
3398,Emily Jones,32,San Jose,2020-08-14
2661,Steven Lewis,32,Kansas City,2021-08-08
7740,Jennifer Garcia,68,Kansas City,2020-09-14
9711,Dorothy Martinez,27,Fresno,2023-04-02
8311,Michael Lewis,40,Boston,2023-02-20
4886,Daniel Martinez,21,Baltimore,2022-01-16
5002,Sarah Martinez,35,Baltimore,2023-04-13
8145,Mark Taylor,60,Louisville,2022-12-03
2496,Anthony Perez,52,Washington,2021-06-19
2959,Jane Jones,67,Nashville,2024-09-10
7851,John Wilson,43,Chicago,2021-06-14
2464,Daniel Lewis,62,New York,2024-02-19
3804,Dorothy Thomas,69,Denver,2023-03-05
7640,Anthony Young,64,Jacksonville,2020-10-17
8046,Joshua Clark,57,Fresno,2023-11-09
167,Jessica Smith,21,Sacramento,2024-04-12
9003,Dorothy Gonzalez,26,San Diego,2020-06-07
5374,Deborah Moore,48,Louisville,2024-07-13
438,Jennifer Smith,58,Chicago,2020-07-22
1355,Michael Williams,30,Albuquerque,2022-06-03
8861,David Lewis,54,Mesa,2020-07-06
6087,Mark Clark,49,Mesa,2025-02-10
2032,David Martin,25,Albuquerque,2023-10-25
7711,Matthew Harris,32,Seattle,2023-06-10
1795,Jane Lee,67,New York,2020-08-08
2611,John Jones,67,Charlotte,2022-02-15
1567,Robert Hernandez,38,Phoenix,2025-08-13
5339,Steven Gonzalez,44,Albuquerque,2020-12-19
3534,Sarah Miller,43,San Antonio,2020-12-18
9280,Robert Miller,45,Kansas City,2024-09-14
9352,Andrew Jackson,67,Dallas,2024-04-22
4849,Daniel Thompson,21,Philadelphia,2020-08-15
1144,Ashley Walker,55,Fresno,2025-08-04
4572,James Martin,68,Tucson,2025-07-22
9843,Robert Lopez,18,Chicago,2020-11-28
7425,Joshua Williams,58,Fort Worth,2025-11-10
3062,Nancy Thompson,62,Philadelphia,2021-05-22
3554,Joshua Brown,52,Nashville,2020-02-01
9100,Steven Hernandez,38,Austin,2025-12-18
6430,Matthew Thompson,66,Chicago,2022-05-26
6014,Deborah Jackson,51,Mesa,2024-08-26
8651,Jessica Anderson,45,Las Vegas,2025-07-23
9776,Robert Perez,47,Fort Worth,2024-07-05
9406,Michael Allen,35,Nashville,2023-02-26
8728,Anthony Allen,30,Baltimore,2025-06-19
3403,Ashley Lee,32,Los Angeles,2025-12-28
1606,Elizabeth Jackson,59,Los Angeles,2023-11-06
283,Mark Young,34,Fresno,2023-07-06
6646,Jane Williams,44,Charlotte,2021-05-26
3781,David King,65,Indianapolis,2024-02-25
732,Jane Ramirez,65,Milwaukee,2020-03-13
5359,Jessica Johnson,41,Phoenix,2025-05-23
6054,Jessica Harris,32,Washington,2025-09-19
3272,Sarah Hernandez,48,Kansas City,2022-02-21
2993,Jane Ramirez,44,Chicago,2020-04-04
9885,Ashley Martin,55,Columbus,2024-06-02
5255,Ashley Garcia,57,Chicago,2022-11-08
4636,Ashley Jackson,29,San Antonio,2025-08-02
698,Ashley Smith,36,Baltimore,2021-08-18
5003,Andrew Martin,26,Washington,2022-12-01
1746,David Miller,46,Oklahoma City,2025-08-25
