EMP_ID,EMP_NM,DEPT_CD,SAL_AMT
753,Jessica Martin,Engineering,91386
9414,Elizabeth Lee,Sales,43595
6995,James Garcia,Finance,53767
4051,Jane Thompson,Sales,74744
5594,Andrew Williams,IT,128388
8241,Karen King,Marketing,87518
7220,Nancy King,Engineering,106051
9634,Sarah Garcia,Sales,141169
9922,Dorothy Rodriguez,Finance,38264
8862,Andrew Young,Operations,81001
8298,Lisa Harris,Operations,81997
7145,David Martin,Research,88408
1736,Steven Jones,Finance,41044
4573,Nancy Lewis,Operations,120722
1496,Karen Brown,IT,147313
5506,Donald Lewis,Research,77013
9983,Donald Robinson,Engineering,63018
269,Karen Walker,Finance,132098
1149,Andrew Moore,HR,123796
6210,Deborah Gonzalez,Research,108285
4546,Elizabeth Johnson,IT,75928
6473,Daniel Hernandez,Legal,103526
2873,Paul Harris,Sales,77094
4978,John Martin,Legal,86943
9773,John Martinez,Engineering,53060
3028,Ashley Lee,Operations,89428
2555,Dorothy Gonzalez,Research,33172
9573,Mark Jones,Operations,148337
6114,Betty Williams,HR,57999
649,Donald Martin,Engineering,93220
5298,Andrew Martinez,Customer Service,81530
4317,Deborah Lewis,Customer Service,60303
4575,Robert Robinson,Finance,136719
3327,Jessica Miller,IT,71361
340,Andrew Hernandez,Finance,82791
8006,Dorothy Taylor,Engineering,149365
9724,Jessica Jones,Finance,87107
2301,Robert Allen,Legal,76909
5496,Jessica Young,Legal,79354
1396,Jane Lee,Sales,134977
2825,Michael Lee,Customer Service,67829
2957,Andrew Brown,Customer Service,66763
4228,Emily Thompson,Customer Service,51126
5066,Amanda White,Operations,57507
1886,Betty Allen,Legal,41568
5513,Sarah White,Finance,94742
5628,Karen Gonzalez,Finance,138904
2050,Jessica Clark,Marketing,70995
5878,Daniel Ramirez,IT,80293
1455,John Allen,Marketing,120631
1365,Jane White,Sales,50182
3570,Lisa Anderson,Customer Service,114420
4814,Michael Jones,Sales,62047
5285,Elizabeth Robinson,Operations,118440
7122,James Jackson,IT,59987
5254,Dorothy Martin,Research,33975
900,Deborah White,Customer Service,41531
9823,Deborah Wilson,Sales,44343
9066,Mark Brown,HR,93779
5407,Lisa Thompson,Sales,119184
9200,John Perez,Customer Service,116119
7685,Karen Lee,Operations,42111
2285,John Harris,Finance,37574
3108,Robert Brown,Legal,143142
3639,Jessica Lopez,Operations,52278
6188,Ashley Clark,Sales,90524
7502,Donald Davis,Sales,38447
2663,Mark Garcia,Operations,114293
734,Lisa Jones,Legal,119705
8741,Emily Brown,Research,131160
6778,Amanda Smith,IT,76438
4267,Donald Allen,IT,110704
1067,Matthew Lewis,Engineering,51775
1961,Joshua Martin,Research,31041
3960,Daniel Robinson,Finance,79456
7130,David Taylor,Engineering,60092
8707,Mark Martinez,HR,44650
6715,Matthew Brown,Research,137946
4861,Karen Lewis,IT,122168
2159,Steven Sanchez,Operations,67224
3572,Robert Gonzalez,Sales,112054
4135,Paul Perez,Customer Service,65801
5914,Jane Lopez,IT,42526
5981,Betty Harris,Customer Service,68615
2436,Amanda Young,Research,91037
9674,Robert Miller,Operations,30210
7084,Nancy Miller,Legal,106729
6717,Dorothy Williams,HR,44486
1676,Joshua Hernandez,Research,132412
7334,Sarah Ramirez,Engineering,65588
1676,David Lee,HR,107553
1539,Ashley Lopez,Finance,60221
2183,Elizabeth Thompson,IT,122921
5304,Sarah Lewis,Customer Service,117475
5057,Lisa Gonzalez,Engineering,96330
7304,Dorothy Hernandez,Customer Service,122351
349,Andrew Lee,IT,41453
396,Ashley Garcia,Finance,100795
5960,Emily Davis,IT,124911
6616,Deborah Martinez,HR,73022
