EMP_ID,EMP_NM,DEPT_CD,SAL_AMT
5598,Sarah Hernandez,Finance,105870
4623,Sarah King,Sales,136481
5476,Deborah Young,Operations,140098
9336,Karen King,Sales,86119
3741,Amanda Martinez,Research,48690
6747,Ashley Harris,IT,99394
7250,Amanda Wilson,HR,62878
6249,Betty Perez,Research,148888
5233,Christopher King,Research,132978
1828,Elizabeth Hernandez,Sales,83310
7005,David Lewis,Engineering,136663
6142,Jane Lee,Finance,40360
9993,Jennifer Robinson,Operations,44457
3587,Lisa Martinez,Legal,70985
5341,Andrew Johnson,Operations,44968
9838,Donald Allen,Legal,75276
8967,Steven Wilson,Customer Service,46802
7480,Robert Walker,Sales,81006
5592,Steven Lopez,Engineering,63881
7386,Amanda Jackson,IT,118161
3412,John Garcia,HR,32159
6710,Nancy Moore,Engineering,135817
3330,Daniel Martin,Customer Service,94379
8405,John Brown,Sales,82471
7798,Nancy Williams,Finance,101909
3964,James Ramirez,Customer Service,132235
4606,Lisa Harris,Marketing,111419
9527,James Martinez,Legal,58044
7384,David King,Sales,105274
614,Robert Martinez,Sales,34079
5008,Joshua Thomas,HR,50699
9423,Donald Ramirez,Marketing,148100
7808,Ashley Wilson,Sales,111931
4271,Daniel King,Marketing,119856
1792,Ashley Taylor,IT,86628
7885,Steven Lee,Sales,89843
5939,Lisa Gonzalez,Engineering,126051
3474,Lisa Harris,Operations,35274
399,Michael Thomas,Legal,41808
2443,Lisa Johnson,Sales,140067
3501,Emily Harris,Engineering,68976
8466,Sarah Brown,Customer Service,112808
8341,Anthony Taylor,Marketing,40233
8066,Elizabeth Robinson,Marketing,110698
9598,Daniel Lopez,Sales,111407
3886,Anthony Perez,Sales,114945
7334,Joshua White,Marketing,99856
5108,Ashley Jackson,IT,75579
1922,Anthony Wilson,Engineering,111834
2291,Joshua Gonzalez,Operations,44853
9915,Daniel Anderson,Marketing,51095
1497,Elizabeth Thompson,Marketing,134776
7994,Nancy Jackson,HR,36912
3683,Amanda Allen,Legal,39140
6442,Anthony Lopez,Finance,141324
8412,Lisa Lopez,IT,76225
6229,Deborah Allen,Sales,59268
8812,Robert Brown,Marketing,103974
4081,Mark Gonzalez,Customer Service,126014
2245,Deborah Martin,Operations,54604
94,Ashley Anderson,Customer Service,97221
7454,Dorothy Moore,Operations,143657
1103,Anthony Thomas,Marketing,31753
1781,Lisa Thompson,Operations,72142
5673,Donald Perez,Operations,60960
6712,Dorothy Thomas,Sales,107310
9298,Matthew Clark,IT,82376
6010,Lisa Thomas,IT,56033
2913,Sarah Taylor,Research,93433
7569,Deborah Lee,Engineering,63739
1201,Deborah Thomas,Engineering,105083
9849,James Brown,Operations,110197
858,Donald Thompson,IT,104118
6321,Deborah Anderson,Engineering,147186
764,Paul Jones,Marketing,60412
307,Michael Rodriguez,Legal,114924
8050,Anthony Garcia,Marketing,111916
8739,Deborah Miller,HR,53236
518,David Ramirez,Research,126240
5020,Deborah Johnson,Legal,134818
3351,Donald Perez,Research,140040
5375,Paul White,HR,129631
1747,Steven Martinez,Research,61096
2961,Ashley White,Engineering,110261
6615,Lisa Lopez,Marketing,129812
9515,Robert Thomas,Finance,130991
1364,David Wilson,Marketing,110776
6390,Donald Garcia,Marketing,129598
8839,John Wilson,HR,58911
4749,Dorothy Taylor,Sales,112328
1009,Lisa Moore,IT,99459
1379,Christopher King,Engineering,35295
2406,Andrew Smith,Operations,149395
1849,Nancy Martin,Marketing,113889
9504,Jennifer Perez,Legal,86399
1389,Michael Allen,Legal,101082
3242,Robert Sanchez,Research,73436
1620,David Jones,Legal,100503
9344,Jessica Jackson,Research,133706
5058,Joshua Harris,Finance,55413
