C_ID,C_NAME,AGE_YRS,LOC_CD,REG_DT
4719,Amanda Garcia,51,Fort Worth,2023-10-04
4215,James Rodriguez,52,Baltimore,2021-10-20
2357,Matthew Johnson,69,Washington,2024-09-06
2302,John Taylor,38,Jacksonville,2022-05-15
370,Nancy Garcia,33,Sacramento,2020-10-20
9267,Jennifer Perez,41,Sacramento,2021-01-06
1268,Andrew Rodriguez,21,Phoenix,2025-09-14
3369,David Garcia,52,Tucson,2021-09-24
3961,Amanda Jackson,65,Chicago,2023-01-02
2279,Paul Williams,60,Austin,2024-10-12
184,Betty Perez,18,Phoenix,2021-12-23
4121,Joshua Robinson,53,Fresno,2021-09-19
8599,Matthew Allen,42,Los Angeles,2020-09-08
7263,James White,66,Los Angeles,2020-08-23
8937,Jessica Thompson,34,New York,2024-03-03
6568,James King,18,Seattle,2020-11-07
8699,Michael Smith,61,Baltimore,2023-08-12
7873,Matthew Johnson,40,Philadelphia,2022-04-27
638,Michael Davis,55,Denver,2020-06-08
29,Amanda Lewis,24,Fresno,2020-12-27
1990,Emily White,53,Tucson,2023-03-17
3833,Andrew Smith,58,Chicago,2020-01-10
9027,Joshua Miller,63,Albuquerque,2021-10-06
8155,Christopher Clark,55,Austin,2023-04-17
6809,Mark Harris,70,Milwaukee,2021-08-06
6762,Dorothy White,46,Columbus,2020-07-20
5237,James Thompson,61,San Antonio,2021-03-28
5517,James Jones,22,Denver,2025-02-04
6003,Anthony Thomas,65,San Antonio,2022-05-06
4416,James Perez,46,Austin,2025-03-02
2579,Daniel Perez,60,Baltimore,2022-03-23
7899,Joshua Thomas,43,Washington,2024-03-27
5910,Matthew Taylor,40,Charlotte,2024-02-08
4396,Christopher Taylor,36,San Antonio,2020-11-12
8240,James Ramirez,25,Dallas,2023-12-03
5017,Lisa Allen,70,New York,2025-10-21
4651,Joshua Perez,22,San Jose,2021-01-21
4762,Matthew Young,46,Mesa,2021-09-25
3581,Jennifer Wilson,45,Boston,2021-12-21
6021,Andrew Wilson,31,San Diego,2023-03-14
9198,Robert Johnson,59,Fort Worth,2023-02-20
3330,Ashley Sanchez,60,Philadelphia,2020-03-15
3534,Emily Lopez,46,Milwaukee,2025-12-16
2082,Ashley Young,45,Kansas City,2024-03-22
8665,Andrew Wilson,65,Phoenix,2023-09-18
1512,Deborah Lopez,69,Albuquerque,2021-02-27
2394,Robert Jones,68,Nashville,2024-11-20
7189,Matthew Sanchez,48,San Francisco,2024-08-24
3284,Karen Lee,37,Oklahoma City,2022-01-21
5201,Nancy Garcia,44,New York,2022-04-06
3400,Matthew Brown,25,Mesa,2025-03-02
6316,Joshua Smith,52,Dallas,2024-12-21
5701,Nancy Jackson,30,Austin,2022-06-22
7937,John Smith,70,Louisville,2024-04-17
508,Daniel Jackson,65,Fort Worth,2021-05-24
8259,James Allen,54,Louisville,2020-09-12
3980,Lisa Robinson,51,Fort Worth,2021-10-06
6032,Jessica Lopez,36,Sacramento,2020-05-23
53,Michael Moore,42,Austin,2025-10-06
3457,Nancy Allen,70,Seattle,2025-09-16
1830,Amanda Gonzalez,51,Milwaukee,2023-11-16
5825,Elizabeth Anderson,33,Washington,2022-06-14
4298,Paul Gonzalez,32,Denver,2023-01-07
568,Daniel Sanchez,51,Austin,2021-10-13
9434,Matthew White,29,Portland,2023-02-02
5970,Amanda King,40,Philadelphia,2022-10-23
322,Nancy Clark,55,Tucson,2025-01-03
9820,Matthew Rodriguez,67,San Diego,2020-06-21
3647,John Moore,30,Albuquerque,2024-06-09
4120,Emily Jackson,29,Washington,2023-06-12
1789,David Garcia,30,Seattle,2023-05-02
3941,Betty Martinez,50,Nashville,2020-08-11
768,Matthew Smith,64,Fort Worth,2024-03-10
5626,Betty Thompson,44,Charlotte,2023-05-02
2038,Donald Rodriguez,62,San Jose,2020-08-18
