EMP_ID,EMP_NM,DEPT_CD,SAL_AMT
3693,Deborah Young,Research,80645
1675,Paul Thomas,Marketing,120369
4458,Ashley Jackson,Legal,62583
7418,Jessica Lopez,Legal,144136
2010,Jane Martin,Marketing,48399
3134,Betty Miller,Customer Service,93987
3931,Karen Jones,Finance,106428
9049,Steven Ramirez,Legal,70773
9303,Donald White,Customer Service,80429
4658,Nancy Young,Sales,50362
5200,Donald Harris,Sales,36490
1424,Elizabeth King,Finance,130846
3251,Amanda Johnson,Marketing,48828
8393,Betty Rodriguez,Research,50376
4061,Paul Thompson,IT,126338
8604,Anthony Harris,Operations,82305
4668,Jennifer Anderson,Engineering,140509
2779,Emily Miller,Marketing,49041
2927,Christopher White,Marketing,64377
168,Steven Miller,Sales,33010
3626,Robert Williams,Marketing,35733
5810,Michael Davis,Engineering,54865
9230,Lisa Perez,Customer Service,146020
3185,Matthew Robinson,Research,128483
9455,Daniel Walker,Marketing,99885
3035,Nancy Taylor,IT,116126
4157,Joshua Martinez,Finance,80773
5397,Michael Lopez,Legal,84461
829,Joshua Hernandez,HR,129698
4618,Deborah Allen,Sales,107794
332,Sarah Miller,Customer Service,38964
2188,Lisa Jackson,Customer Service,62072
1845,Jennifer Martin,Legal,55208
3861,Sarah Williams,HR,134009
5952,Lisa Gonzalez,HR,44815
9971,Ashley Jackson,Customer Service,65540
5759,Anthony Ramirez,Marketing,147085
87,Daniel Taylor,HR,67395
353,Ashley Young,IT,123724
4616,Mark Walker,Sales,63580
861,Jennifer Lopez,Engineering,134587
9635,Lisa Anderson,HR,69354
2232,John Martinez,Research,115727
7097,Anthony Moore,Marketing,79357
4761,Nancy Robinson,Operations,68022
8109,Mark Miller,HR,107602
7455,Paul Allen,Engineering,144625
6621,John Martinez,Marketing,69094
4416,Robert Harris,Customer Service,71759
1717,Jessica Lewis,Research,132285
8206,Sarah Perez,Sales,110881
1782,Jessica Brown,Marketing,143837
9157,John Davis,Customer Service,61040
6634,Karen King,Customer Service,66182
31,Emily Lewis,Marketing,32673
6644,Sarah Johnson,Sales,91914
8895,Lisa Wilson,Sales,110739
5611,Karen Smith,Marketing,58238
4632,Lisa Sanchez,IT,138735
4518,Paul Hernandez,IT,133799
6140,Elizabeth White,Research,66491
9570,Lisa Martin,Finance,125003
7885,Christopher Rodriguez,IT,148750
2023,Amanda Harris,Legal,131779
3962,Nancy Thomas,Operations,107407
3198,Jane White,Sales,69636
6915,Matthew Clark,Engineering,144221
2698,Jane Allen,Operations,113356
8892,Jessica Lewis,Research,102653
8333,Joshua Thompson,Finance,69840
5718,Dorothy Ramirez,HR,141527
5945,Matthew Robinson,Customer Service,56904
3283,James Harris,Research,47496
4728,Jane Lee,Research,94733
5751,Robert Martinez,Research,142624
3513,Anthony Allen,Customer Service,138756
9402,Sarah Johnson,Research,96404
2368,Emily Lopez,Customer Service,101661
2323,Mark Williams,Sales,149105
846,Daniel Robinson,HR,113424
8498,Lisa Clark,Finance,75140
3020,Matthew Walker,HR,54906
2576,Elizabeth King,Marketing,54447
7657,Sarah Young,Finance,129575
4751,Daniel Martin,IT,44481
2679,John Williams,Research,125754
439,Lisa Moore,Finance,109633
3862,Mark White,Marketing,112460
209,Christopher Rodriguez,Sales,87896
8524,Michael Brown,Engineering,133899
2145,Lisa Jones,Customer Service,100707
5652,Andrew Jackson,Sales,80461
1387,James Perez,Research,141187
8150,Sarah Martinez,Operations,96725
1718,Andrew Moore,Customer Service,68796
9249,Jennifer Moore,Legal,62634
5230,Paul Davis,Legal,141617
7315,Christopher Thomas,Finance,98493
2178,Anthony Brown,Research,131429
7250,James Harris,Marketing,100222
