EMP_ID,EMP_NM,DEPT_CD,SAL_AMT
269,Daniel Sanchez,IT,70376
5075,Anthony Thompson,Finance,94455
9567,Robert King,Sales,90169
8180,Steven Davis,HR,35372
2284,Jessica White,Operations,110310
4053,Joshua Moore,Engineering,94148
4231,John Sanchez,Sales,82936
3692,Karen Anderson,Engineering,114499
4768,Lisa Rodriguez,Sales,102293
6392,Dorothy Gonzalez,Research,57866
9959,David Gonzalez,Customer Service,120869
2416,Matthew Johnson,HR,87852
8973,Jennifer Anderson,Finance,42969
6262,Anthony Smith,Legal,100653
7360,Deborah White,IT,39289
1193,Steven Williams,Operations,87804
8007,Matthew Wilson,Operations,148402
9273,Michael Lopez,Engineering,73696
5994,Joshua Harris,Customer Service,134813
2541,Ashley Allen,Legal,86504
2539,Jessica King,Engineering,38154
5502,Steven Perez,Customer Service,97088
3441,Jane Gonzalez,Sales,90667
9271,Christopher Perez,HR,37815
377,James Hernandez,HR,68878
2419,Lisa Smith,Research,45902
5405,James Moore,Engineering,80447
2607,Lisa Ramirez,Legal,46481
7088,Donald Hernandez,Legal,147833
7381,Christopher Robinson,Research,124462
1642,David Martin,Operations,69769
4546,Christopher Jackson,Engineering,98829
1806,Ashley Smith,Research,65792
3856,Steven Smith,HR,105684
2250,Elizabeth Young,HR,123715
5044,Lisa Hernandez,Sales,113783
9477,Lisa Ramirez,Research,111978
5380,Betty Johnson,Sales,38666
5172,Mark Harris,Operations,126435
4926,Daniel Williams,Operations,78803
46,Karen White,Marketing,91707
2745,Anthony Moore,Customer Service,127519
775,Matthew Walker,Legal,114308
3770,Dorothy Garcia,Marketing,40642
3516,Mark Miller,Legal,31588
6120,Sarah Thomas,Sales,123048
1309,Matthew Lee,Sales,97185
5734,Lisa Lewis,Legal,143197
8689,Steven Rodriguez,Customer Service,32657
9611,Robert Clark,HR,69725
1564,Ashley Clark,HR,135396
937,Nancy Sanchez,IT,69578
1520,Ashley White,Sales,104813
4177,Andrew Lewis,Customer Service,145194
7635,Emily Miller,Operations,141320
5310,David Miller,Finance,96868
6324,Paul Garcia,Finance,36111
1349,Emily Jackson,Sales,128248
7870,Elizabeth Smith,Sales,35323
7000,Anthony Hernandez,Sales,142183
405,Deborah Garcia,Legal,41620
8791,Jane Lewis,Research,44026
1467,Dorothy Miller,HR,91435
372,Michael Johnson,IT,113254
2681,Robert Anderson,Legal,143658
238,Paul Hernandez,IT,58783
5465,Lisa Lopez,Legal,65421
753,John Moore,HR,74941
9852,Karen Lewis,Operations,148325
298,Anthony Hernandez,Finance,123787
8676,Betty Perez,IT,62443
101,Jessica Jones,HR,138241
8514,Andrew Brown,Sales,116514
3261,Michael Thompson,HR,107070
4206,Dorothy Sanchez,IT,122751
7030,Jennifer Sanchez,Finance,87527
2647,Jessica Davis,Finance,67038
1956,Karen Harris,Operations,86557
1892,David Jackson,Research,36070
4595,Michael Anderson,Marketing,107913
5553,Christopher Taylor,Legal,72205
8542,Steven Jackson,Legal,48825
1973,Anthony Brown,Customer Service,120200
89,Michael Lopez,Marketing,55049
7433,John Brown,HR,52336
4364,Lisa Lewis,IT,91427
7456,Ashley Ramirez,Finance,102198
7357,Nancy Clark,Engineering,145198
150,Amanda Thomas,Customer Service,70516
6113,John Martinez,Finance,101707
7733,Dorothy Ramirez,Research,104739
8090,Emily Clark,Marketing,71460
7012,Amanda Smith,Customer Service,44522
7860,Nancy Martinez,Marketing,113338
7508,Karen Garcia,Finance,149443
8416,John Davis,Finance,106666
5617,Lisa Lopez,Sales,141523
9595,Jessica Gonzalez,Marketing,84352
4622,Andrew Martin,HR,55006
1169,Nancy Harris,Engineering,85060
