EMP_ID,EMP_NM,DEPT_CD,SAL_AMT
9927,James Lopez,Operations,106867
1805,Amanda Clark,Finance,110688
2875,Jane Sanchez,HR,65553
8725,Paul Thomas,Sales,140449
3709,Amanda Taylor,Legal,84473
8216,Daniel Wilson,HR,121803
8604,Dorothy Gonzalez,HR,44387
9990,Deborah Lee,HR,105466
7305,Andrew Jackson,Research,108509
5919,James Martin,Research,96663
8585,Steven Jones,Customer Service,37218
6950,John Wilson,Engineering,59763
7601,Lisa Garcia,HR,88772
3769,Matthew Anderson,Finance,70211
966,Dorothy Walker,Legal,78930
8810,David Clark,HR,133053
7254,Lisa Thomas,Sales,129056
3750,Jennifer Brown,Engineering,54899
6539,Karen Robinson,IT,108027
2741,David Allen,Finance,56652
5644,Betty Moore,Sales,101225
2071,Karen Taylor,Customer Service,112845
6591,Daniel Young,IT,49989
9764,Jennifer Harris,Marketing,104700
6948,Jennifer Walker,Marketing,31360
6220,Jessica White,Marketing,146551
5890,Matthew Sanchez,HR,33104
6417,Donald Williams,HR,101156
3720,Donald Gonzalez,Finance,86676
7373,Karen Harris,IT,59347
5815,Robert Robinson,Engineering,141456
4127,Betty Smith,HR,31058
1590,Anthony Rodriguez,IT,40888
2625,Anthony Taylor,HR,56182
5987,James Smith,Legal,82101
6388,Karen Taylor,Finance,59465
7087,James Johnson,Research,148873
7193,Ashley Moore,Operations,56928
1884,Matthew Young,Engineering,66786
4738,Steven Jackson,Customer Service,93416
8516,Donald Garcia,Legal,124668
6014,Andrew Moore,IT,132801
8891,John Smith,IT,65625
2721,Deborah Clark,Engineering,43697
3267,Nancy Moore,HR,130404
6214,Matthew Johnson,HR,92117
5620,Dorothy Martinez,IT,59455
3556,Betty Clark,Sales,100242
9172,Matthew Robinson,Engineering,115998
5500,Jessica Clark,Sales,100344
2970,Betty Robinson,Legal,95669
861,Jessica Anderson,Finance,36523
2416,Jane Taylor,Customer Service,60194
6245,Elizabeth Clark,Legal,94809
296,Christopher Martinez,Finance,85126
9012,Betty Sanchez,Sales,133304
2786,Mark Smith,Research,36084
6812,Sarah Rodriguez,Engineering,83480
8316,John Smith,Engineering,107792
7859,Mark Sanchez,Marketing,143633
6610,Lisa Robinson,IT,110305
3793,Emily White,Sales,30731
7066,Betty Taylor,Engineering,146650
2458,Ashley Robinson,Sales,60647
755,David Young,Sales,129491
508,David Rodriguez,Research,45040
3258,Ashley Martin,Sales,94135
1331,Michael Smith,Sales,66907
905,Jennifer Martin,Marketing,85899
1186,Jennifer Garcia,Operations,50945
9791,Jane Smith,Customer Service,120299
4705,Lisa Thomas,Finance,68543
6536,Jessica Clark,Finance,97119
6535,Sarah Smith,Operations,97424
1702,Amanda Johnson,Research,135489
4689,Nancy Thompson,Customer Service,140157
2677,Joshua Hernandez,Sales,80062
1546,Daniel Johnson,HR,72614
2146,Paul Martinez,Legal,51313
2998,David Johnson,Marketing,52847
1791,Lisa Clark,Customer Service,84248
1234,Jennifer Hernandez,Customer Service,80934
3841,Emily Harris,Marketing,127318
2670,Mark Miller,Research,118478
9456,Michael King,HR,132726
2264,Jane Thomas,Engineering,74538
8897,Emily Harris,Marketing,121398
8457,Matthew Allen,Operations,94650
6539,Steven King,Finance,141680
2192,Lisa Young,IT,78945
2747,John Hernandez,Marketing,119371
1107,Emily Jones,IT,74136
8003,Paul Perez,HR,78476
2113,Paul Wilson,Research,131813
6791,Christopher Hernandez,IT,64392
1099,Karen Lewis,Marketing,90931
8917,Donald Thompson,Sales,145243
952,Matthew Wilson,Sales,68875
3737,Steven Lewis,Sales,72816
1870,Elizabeth Moore,Sales,42127
