EMP_ID,EMP_NM,DEPT_CD,SAL_AMT
3902,Nancy Lopez,HR,60972
5048,David Moore,Research,67656
5705,James Martinez,Customer Service,92177
3783,Sarah Johnson,Customer Service,67097
5965,John Wilson,IT,119992
3864,James Harris,Marketing,82539
4854,Betty Anderson,Sales,56645
814,Andrew Perez,Research,130946
463,Michael Allen,IT,40823
1794,John Lopez,Legal,89387
4372,David Ramirez,HR,126489
571,Betty Clark,Engineering,36171
1020,Michael Ramirez,Research,69332
237,Nancy Wilson,Operations,106105
3140,Nancy Robinson,Legal,97944
9603,Joshua Smith,Research,111140
3288,Jessica Robinson,Engineering,42447
4184,Jennifer Anderson,HR,84447
7524,Jessica Ramirez,Operations,104866
5421,Ashley Allen,Engineering,88917
6800,Mark Miller,Legal,93241
1561,Jennifer Sanchez,Finance,81363
9870,Matthew Hernandez,IT,64111
4487,Deborah Miller,Sales,121067
5487,Jennifer Garcia,Engineering,108991
4268,Daniel Williams,Operations,65935
2734,Christopher Walker,IT,107423
3386,Anthony Johnson,HR,136084
9509,Amanda Young,Marketing,75174
1144,Christopher Martinez,HR,125477
9820,Andrew Brown,Marketing,71210
2618,Christopher Smith,Sales,75364
1823,John Martin,Sales,149626
5924,Dorothy Jones,HR,89114
9840,Sarah Brown,Research,31754
9685,Lisa Thomas,Finance,149833
1522,Jessica Martin,HR,117300
4082,Lisa Thomas,Customer Service,82789
3939,Jennifer Davis,Operations,109374
9669,Lisa Ramirez,IT,44657
2607,Matthew Gonzalez,Legal,128490
5383,David Johnson,Sales,49988
1678,Donald Jones,Operations,77101
6338,Matthew Garcia,Operations,132624
8588,Christopher Williams,Marketing,129445
2638,Deborah Johnson,Engineering,51456
8789,John Johnson,Engineering,32799
8314,Betty Williams,Legal,112811
6369,Joshua Garcia,Customer Service,91782
7768,Lisa Lewis,Engineering,66854
4538,Christopher White,Research,81560
3647,Anthony Harris,HR,68411
8705,Deborah Taylor,IT,95896
1970,Donald Jackson,Finance,92113
9691,Dorothy Ramirez,HR,105145
181,Jessica Brown,Marketing,49267
6461,Karen Jackson,HR,137832
6031,Robert Allen,Research,67426
3828,Sarah Lee,Sales,118305
757,Daniel Thompson,Research,91984
7299,Ashley Miller,HR,85011
4633,Jennifer Ramirez,Finance,107879
3845,Paul Garcia,Marketing,112819
219,Sarah Jones,Marketing,60009
8563,Anthony Johnson,Sales,63043
7274,Lisa Wilson,Customer Service,99542
6686,Michael Ramirez,Research,53086
813,Lisa Allen,Engineering,142844
339,David Walker,Operations,91672
1942,Steven Harris,Sales,126683
8841,Anthony Lee,Marketing,138142
9518,Jennifer Lopez,Marketing,49373
5523,Sarah Allen,IT,72106
7000,Sarah Harris,Sales,106063
3443,James King,Operations,104437
3190,Ashley Lewis,IT,55763
9168,Paul Perez,Research,89979
8953,Jane Robinson,Engineering,73532
1348,Dorothy Ramirez,Marketing,61663
5040,Donald Clark,Operations,135339
3703,Michael Thomas,Sales,79411
7816,Jennifer Walker,Engineering,95540
6446,Michael Harris,Operations,138476
2628,John Smith,Operations,90963
8330,Andrew Moore,Operations,116143
1904,Emily Thomas,Research,78732
5721,Jennifer Perez,IT,30772
1279,Matthew King,Research,110359
7831,John Martinez,Sales,34169
325,Donald Garcia,Finance,81555
1720,Amanda Harris,Finance,90963
6747,Sarah Rodriguez,Marketing,42213
9873,Matthew King,Marketing,110083
9188,Jennifer Williams,Legal,66518
548,Sarah Ramirez,HR,44150
8174,Andrew Brown,Legal,123242
8921,Jennifer Rodriguez,Engineering,86940
9620,Nancy Gonzalez,Customer Service,108310
8761,Paul King,IT,33934
1723,Jessica Smith,Finance,85089
