C_ID,C_NAME,AGE_YRS,LOC_CD,REG_DT
611,Dorothy Anderson,42,Mesa,2025-07-03
2886,Jennifer Williams,67,Seattle,2020-08-04
9494,Mark Moore,55,Baltimore,2023-02-04
3576,Emily Jackson,30,Fort Worth,2024-04-06
2494,Daniel Jackson,37,Sacramento,2025-01-12
6475,Mark King,31,Milwaukee,2024-06-21
4862,Ashley Brown,32,Las Vegas,2023-07-09
7680,Steven Lewis,33,San Francisco,2022-12-12
8438,Andrew Johnson,59,Philadelphia,2025-11-04
2260,Jennifer Young,36,Milwaukee,2020-11-05
1235,Paul Thompson,26,Jacksonville,2022-04-28
6651,Ashley Sanchez,18,Louisville,2024-05-23
7799,John Hernandez,48,Denver,2025-07-17
477,Paul Jones,67,San Francisco,2024-11-28
940,Ashley Jackson,50,Charlotte,2022-03-17
9471,Karen Lewis,53,New York,2025-01-26
4585,Nancy Jackson,45,Seattle,2022-05-23
7886,Jennifer Johnson,22,Fresno,2022-12-18
2292,Nancy Martin,69,Washington,2021-05-12
4735,Michael White,23,Dallas,2020-04-05
892,Jane Jackson,54,Milwaukee,2020-05-20
5556,John Smith,53,Fort Worth,2021-07-22
7893,Jennifer Young,41,San Antonio,2023-01-08
24,Steven Garcia,24,Fresno,2023-10-11
4313,David Robinson,52,Phoenix,2022-05-27
8408,Michael White,38,Tucson,2020-03-24
2385,Emily Lee,23,San Jose,2020-07-05
9407,Dorothy Williams,30,Boston,2025-08-02
7103,Jennifer Gonzalez,36,Los Angeles,2025-10-20
6519,Jane Lopez,46,San Diego,2025-08-08
9524,James Perez,67,Las Vegas,2022-05-11
5531,Ashley Robinson,61,Houston,2022-12-13
4304,Karen Walker,26,Nashville,2023-10-16
9161,Donald Williams,69,Baltimore,2023-12-06
8545,Steven Lee,18,Indianapolis,2024-11-06
1214,John Gonzalez,56,Indianapolis,2022-05-12
6728,Sarah Wilson,19,Milwaukee,2022-05-23
8865,Ashley Robinson,30,Dallas,2025-12-05
2534,Matthew Brown,65,Portland,2024-05-21
2003,Matthew Lewis,54,Charlotte,2021-02-06
6384,Donald Lewis,54,San Diego,2021-09-04
9539,David Jones,23,Dallas,2022-10-23
2526,Paul Wilson,68,Columbus,2021-02-17
9260,James Martin,20,Philadelphia,2024-03-28
2787,Jessica Allen,18,Charlotte,2025-04-11
1135,Anthony Davis,38,Fort Worth,2022-09-14
3559,Daniel Davis,43,Seattle,2023-12-26
9972,Jessica Smith,65,Seattle,2025-03-07
3534,Nancy Davis,55,Jacksonville,2020-01-22
4409,Andrew Martinez,63,Milwaukee,2021-10-05
3505,Robert Lewis,33,San Diego,2024-07-06
809,Jane Allen,68,Jacksonville,2021-07-22
4388,Jane Sanchez,46,Louisville,2023-02-26
8883,Mark Moore,31,Albuquerque,2020-05-27
7210,David Rodriguez,53,Tucson,2022-01-17
6771,Jane Rodriguez,42,Columbus,2023-03-11
3447,Anthony Gonzalez,31,Nashville,2025-02-03
6656,Christopher Martin,64,Dallas,2022-12-05
5989,Sarah Jones,57,Fresno,2025-11-22
1410,Emily Rodriguez,59,San Jose,2020-02-02
7178,Matthew Walker,20,San Jose,2021-09-02
4364,Deborah Johnson,32,San Francisco,2025-09-18
6579,Emily King,66,San Jose,2021-08-01
6307,Michael Martin,50,Los Angeles,2021-09-15
7558,Mark Lewis,22,Oklahoma City,2024-09-08
2324,Betty Taylor,32,Dallas,2020-05-26
9789,Jane Smith,22,San Diego,2023-04-04
3141,Nancy Williams,68,Indianapolis,2020-02-01
4381,Paul Robinson,66,Fort Worth,2023-10-05
8344,Matthew Williams,30,Tucson,2021-03-21
1267,Jennifer Anderson,45,San Jose,2023-01-26
5119,Karen Martin,29,Dallas,2023-10-17
4337,Jane Thompson,37,Louisville,2022-05-16
1287,Lisa Gonzalez,55,Philadelphia,2023-08-20
8593,Christopher King,69,Charlotte,2024-09-11
