C_ID,C_NAME,AGE_YRS,LOC_CD,REG_DT
500,Anthony Martin,49,San Antonio,2020-06-12
6675,Jennifer Perez,56,Oklahoma City,2021-10-22
3380,Ashley Anderson,29,Portland,2024-07-23
2226,Lisa Gonzalez,57,Denver,2023-01-14
4841,Daniel Harris,43,Kansas City,2024-05-15
6267,Mark Wilson,33,Tucson,2024-06-18
7701,Robert Jackson,68,Denver,2023-12-15
1224,Jessica Robinson,52,Fort Worth,2021-03-08
5325,Amanda Walker,42,Washington,2023-07-06
5004,Andrew Anderson,39,Washington,2024-05-04
9056,Michael Ramirez,42,Jacksonville,2022-10-02
9431,Anthony Martinez,63,San Antonio,2020-01-27
9591,Andrew Jackson,40,Milwaukee,2022-05-15
1610,Jessica Wilson,55,Houston,2025-05-19
9659,Daniel Smith,57,Columbus,2022-11-26
8432,Betty Brown,64,Philadelphia,2023-06-03
2351,Lisa Young,41,Fresno,2022-12-10
1351,Dorothy Perez,57,Denver,2024-02-02
9980,Jennifer Lewis,44,Oklahoma City,2021-04-03
283,Deborah Garcia,48,Columbus,2021-12-07
4395,Mark Martinez,30,Dallas,2024-08-12
4088,Daniel Brown,31,Houston,2023-07-06
3913,Amanda Sanchez,55,New York,2021-08-08
1475,Deborah Ramirez,70,San Antonio,2020-07-15
3583,Sarah Garcia,24,San Diego,2025-04-13
49,Emily Miller,35,New York,2020-10-23
6308,Jessica Clark,28,Washington,2025-05-09
3577,Emily Miller,54,Jacksonville,2024-12-09
323,Robert Smith,29,Columbus,2023-03-22
8518,Michael Garcia,35,Houston,2025-03-04
5980,Jennifer Jones,43,Denver,2025-09-16
708,Matthew White,41,Columbus,2023-03-11
1277,James Wilson,61,San Diego,2022-12-17
4492,Emily Garcia,54,Fort Worth,2024-12-07
205,Christopher Sanchez,67,Philadelphia,2022-05-03
6243,Lisa Johnson,59,San Francisco,2022-07-23
6882,Steven Lee,51,Washington,2020-01-24
8973,Ashley Walker,38,Albuquerque,2023-02-13
9994,Jane Rodriguez,66,San Antonio,2021-05-01
8840,Joshua Garcia,54,Los Angeles,2023-08-21
1725,David Young,40,San Jose,2023-06-03
8007,Amanda Moore,50,Oklahoma City,2023-05-02
9917,Daniel Hernandez,41,Tucson,2020-04-09
262,Donald Brown,45,Milwaukee,2024-04-16
8566,Jane Harris,26,San Antonio,2025-07-02
1725,Emily Hernandez,33,Portland,2025-09-19
2342,Elizabeth Anderson,52,San Jose,2020-04-19
2184,Donald Gonzalez,21,Houston,2021-06-18
8502,Lisa Walker,26,Fort Worth,2021-01-10
1641,Sarah Miller,57,Los Angeles,2020-04-28
2632,Robert Ramirez,37,New York,2025-12-15
8746,Ashley Williams,41,Albuquerque,2020-08-19
6703,Robert Clark,65,San Jose,2022-06-08
8027,Joshua Perez,27,Sacramento,2020-08-18
854,Matthew Anderson,52,Indianapolis,2024-05-14
5753,Christopher Walker,43,Washington,2022-08-14
2430,Matthew Smith,54,Oklahoma City,2024-10-06
1796,Elizabeth Garcia,66,Tucson,2022-12-13
7043,John Smith,25,Nashville,2025-12-06
2215,Joshua Martin,58,Los Angeles,2025-07-24
5737,Christopher Rodriguez,35,Fort Worth,2025-10-18
4632,Lisa Jackson,51,Los Angeles,2025-08-26
9333,Dorothy Smith,48,Fresno,2021-06-01
4118,Steven Anderson,42,San Antonio,2022-12-17
7807,Michael Taylor,57,San Diego,2024-12-20
9892,James Johnson,39,Boston,2025-06-06
6442,Joshua Miller,23,Phoenix,2024-03-12
5236,Jessica Sanchez,21,Mesa,2025-03-21
6688,John Martin,68,San Diego,2025-01-07
4584,Jane White,26,Oklahoma City,2025-05-08
4942,Michael Lee,39,Oklahoma City,2022-07-07
7690,Michael Smith,60,Seattle,2024-05-04
576,Lisa Perez,59,Fresno,2021-10-20
1186,Amanda Allen,70,San Francisco,2023-12-28
8151,Emily Garcia,18,Dallas,2025-12-07
