C_ID,C_NAME,AGE_YRS,LOC_CD,REG_DT
7161,Ashley Young,41,Jacksonville,2023-07-27
6162,Andrew Robinson,54,Philadelphia,2021-05-22
813,Lisa Johnson,45,Oklahoma City,2020-03-28
6430,Daniel Lee,21,San Diego,2023-05-27
3273,Deborah Allen,41,Albuquerque,2021-12-08
7434,Dorothy Jackson,59,Baltimore,2023-11-05
2255,Jane Moore,29,Kansas City,2025-03-22
5618,James Allen,41,Kansas City,2023-05-07
6118,Sarah Lee,46,San Antonio,2024-04-12
4832,Deborah Hernandez,53,Philadelphia,2023-07-24
5643,Betty Rodriguez,39,Chicago,2020-06-28
6161,Lisa Lopez,58,Columbus,2022-07-04
6000,Donald Allen,24,Baltimore,2020-06-11
919,Dorothy Lopez,41,Chicago,2020-10-28
8676,Deborah Allen,57,Tucson,2022-02-13
2795,Lisa White,24,Oklahoma City,2021-10-07
9826,Anthony Thompson,46,New York,2024-02-22
9405,Sarah Taylor,30,Las Vegas,2022-06-15
9247,Emily Lewis,22,San Diego,2022-11-03
1211,Andrew Miller,39,Louisville,2022-09-27
2628,Emily Robinson,19,Charlotte,2022-02-08
484,Mark Thompson,68,Indianapolis,2023-02-26
1047,Emily Brown,20,Houston,2024-12-06
7269,Andrew Perez,34,Oklahoma City,2023-05-25
4686,Paul Martinez,47,Seattle,2021-09-26
3081,Steven Thompson,44,Oklahoma City,2023-04-22
8840,Betty Johnson,50,Los Angeles,2020-04-09
327,Anthony Gonzalez,37,Phoenix,2020-07-22
6466,Lisa Jones,26,Tucson,2021-09-19
9856,Steven Wilson,55,Jacksonville,2023-10-14
8979,Robert Garcia,55,Philadelphia,2020-12-09
1771,Dorothy Ramirez,25,Columbus,2021-05-16
892,Jane Ramirez,29,Dallas,2022-06-23
3975,Ashley Lopez,31,Sacramento,2021-06-16
1052,Robert Johnson,57,Indianapolis,2021-09-13
8833,Steven Perez,64,Washington,2022-11-06
3499,Karen Lopez,36,Baltimore,2024-02-14
9424,Donald Hernandez,31,Jacksonville,2023-08-12
8267,Andrew Martinez,61,Jacksonville,2025-02-02
6435,Donald Lewis,34,Nashville,2022-12-24
6943,Robert Anderson,21,Austin,2022-04-13
9075,Jessica Thomas,29,Las Vegas,2024-02-04
6039,Dorothy Johnson,50,San Diego,2022-01-12
3206,Steven King,41,Jacksonville,2023-11-25
3414,Matthew Walker,47,Philadelphia,2021-11-25
631,Steven Perez,52,Mesa,2021-10-22
2925,Matthew Sanchez,38,Jacksonville,2022-01-15
9762,Donald Clark,47,Oklahoma City,2025-02-25
4406,David Lopez,25,San Antonio,2023-07-12
7077,Mark Ramirez,68,Austin,2020-10-05
9335,James Clark,69,Las Vegas,2020-01-08
6819,Jessica Brown,59,Portland,2023-09-20
3435,Andrew Robinson,27,Indianapolis,2024-10-27
6026,Lisa Young,38,Phoenix,2024-11-18
2799,Jane Sanchez,30,San Diego,2021-08-14
3296,Nancy Robinson,18,Charlotte,2023-05-08
3790,John Gonzalez,28,Seattle,2021-07-01
3836,Andrew Lewis,31,Portland,2022-03-14
3190,Jessica Brown,49,Louisville,2024-07-26
7637,Daniel Gonzalez,52,Houston,2025-07-05
8094,James Gonzalez,43,Las Vegas,2025-07-27
1935,Emily Lee,53,Seattle,2020-01-25
293,Joshua Walker,31,Columbus,2023-04-27
1943,Deborah Allen,37,San Antonio,2024-02-20
7849,Emily Wilson,28,Houston,2025-01-01
6195,Donald Lewis,69,Portland,2022-03-01
5249,Christopher Harris,50,Philadelphia,2020-11-20
3130,Matthew Rodriguez,33,Jacksonville,2023-08-09
9287,Emily Jackson,21,Sacramento,2021-03-12
6558,Ashley Ramirez,39,Mesa,2022-08-01
8301,Ashley Taylor,61,Louisville,2021-07-20
3547,Karen Thomas,43,Fort Worth,2025-04-14
7869,Sarah White,61,Milwaukee,2023-11-25
8267,Betty Lee,33,Austin,2020-06-26
8926,Lisa Jones,67,Indianapolis,2023-11-01
