C_ID,C_NAME,AGE_YRS,LOC_CD,REG_DT
1962,Betty Thomas,30,Los Angeles,2023-11-26
1283,Jennifer Anderson,27,Dallas,2024-05-13
6071,James Clark,40,Tucson,2024-09-10
4247,Elizabeth Walker,46,Milwaukee,2022-12-05
1970,James Sanchez,45,New York,2024-09-28
4621,Joshua Robinson,62,San Jose,2024-08-15
3257,Paul Jackson,33,Columbus,2025-11-19
7666,John Clark,27,Charlotte,2023-08-03
7311,Michael Garcia,29,Albuquerque,2020-03-03
384,Emily Walker,40,Phoenix,2021-07-27
8858,Paul Lee,22,San Diego,2023-06-26
736,Robert Sanchez,21,Sacramento,2021-05-22
6940,Ashley Thomas,51,Columbus,2024-12-23
4167,Elizabeth Thomas,27,Columbus,2020-08-08
7541,Daniel Clark,67,Jacksonville,2021-11-09
8689,Lisa Brown,62,Denver,2025-06-25
2867,Lisa Martin,48,Tucson,2020-04-14
1506,Jessica Jones,47,Las Vegas,2021-05-19
3618,Donald Jackson,24,San Jose,2025-01-13
5629,Anthony Thomas,18,Austin,2023-06-18
7467,David Robinson,69,Fresno,2021-04-19
1699,Matthew Davis,54,Kansas City,2021-05-10
6346,Matthew Gonzalez,32,Seattle,2024-12-16
7607,David Anderson,43,Dallas,2024-03-02
2566,Elizabeth Ramirez,30,Columbus,2024-10-19
9709,Nancy Anderson,39,Portland,2024-05-16
9171,Paul Moore,30,Las Vegas,2023-02-14
5236,Sarah Walker,50,Charlotte,2023-12-07
8904,Donald Sanchez,58,Denver,2021-01-14
5003,Sarah Ramirez,29,Fresno,2023-12-02
3539,Paul Moore,61,Jacksonville,2020-06-16
2296,Lisa Moore,35,Houston,2020-02-09
8587,Matthew Harris,37,Austin,2021-10-14
8795,Amanda Young,18,Fresno,2022-03-08
2688,Robert Thompson,41,Philadelphia,2020-02-22
7344,Betty Brown,24,Portland,2025-10-24
6415,Karen Lopez,28,San Antonio,2020-03-26
762,Deborah Taylor,26,Sacramento,2020-09-06
6044,Matthew Young,70,Baltimore,2024-02-28
9783,Lisa Perez,70,Los Angeles,2022-12-05
9182,Nancy Miller,18,New York,2020-06-14
3796,Karen Robinson,37,New York,2025-03-21
7263,Elizabeth Thomas,20,Washington,2023-07-22
3216,Lisa Perez,30,Louisville,2024-12-04
1843,Paul Ramirez,66,Tucson,2021-06-03
1927,Karen Davis,25,Houston,2021-12-02
2854,Christopher White,49,Washington,2023-09-06
9597,Mark Martinez,24,New York,2021-07-21
6872,Andrew White,61,Seattle,2021-01-02
3768,Betty Williams,29,Louisville,2021-12-12
9596,Christopher Thomas,58,Tucson,2024-06-26
4769,Mark Ramirez,69,Chicago,2024-10-27
6360,Daniel Jackson,22,Kansas City,2024-11-20
3026,Jennifer White,18,San Diego,2021-01-07
8236,Emily King,29,Boston,2023-10-16
8961,Christopher Lopez,38,Denver,2020-05-27
7134,Elizabeth Hernandez,57,Boston,2021-01-26
7103,Andrew Miller,45,Chicago,2022-08-10
236,Emily Hernandez,29,Houston,2022-11-12
8849,Lisa Jones,34,Phoenix,2022-04-19
8770,David Smith,22,Nashville,2021-05-11
2579,Dorothy Wilson,30,Washington,2024-10-04
8989,David Sanchez,24,Albuquerque,2022-06-22
3288,Dorothy Miller,47,Kansas City,2025-11-01
6216,Elizabeth Brown,68,Albuquerque,2021-06-02
2464,Dorothy Walker,37,Chicago,2021-12-04
5384,John Clark,65,San Diego,2022-02-23
1955,Lisa Lopez,31,Mesa,2025-06-25
1149,Jennifer Martin,41,Jacksonville,2024-12-03
8620,Christopher Young,61,Portland,2025-07-16
4372,Daniel Wilson,21,Dallas,2022-05-26
7949,Sarah Taylor,26,Chicago,2023-01-11
7869,Dorothy Ramirez,28,Philadelphia,2020-12-13
8104,Joshua Johnson,45,Las Vegas,2024-06-09
7525,Nancy Jackson,47,Albuquerque,2025-08-09
