EMP_ID,EMP_NM,DEPT_CD,SAL_AMT
3802,Steven Miller,Sales,40660
4338,James Thompson,Finance,71475
6604,Anthony Brown,Operations,63700
1936,Matthew Perez,Marketing,56017
4943,Robert Thomas,IT,127794
1070,Emily Moore,Marketing,131408
2150,Christopher Moore,IT,101410
8855,Jessica Wilson,HR,135969
9547,Nancy Robinson,Customer Service,63297
3218,Nancy Allen,Customer Service,75972
7856,Joshua Hernandez,Finance,43211
7550,Dorothy Jackson,Operations,109859
9446,Nancy Martin,IT,57189
9149,Deborah Lee,Research,119595
926,Deborah Jackson,Sales,115688
4095,Andrew Thomas,Research,85394
5796,Betty Harris,Engineering,89477
8614,Michael Walker,Research,129912
6634,Karen Harris,IT,102399
1966,Ashley Martin,Sales,85608
9101,Betty Garcia,Customer Service,143681
6326,Nancy Miller,Marketing,93147
3585,Andrew Clark,Sales,32374
2130,Deborah Wilson,Legal,55798
6893,Betty Thomas,Customer Service,77828
8227,Jessica Perez,Customer Service,90276
8617,Emily Martinez,IT,86016
3616,Emily Allen,Operations,66357
888,John Taylor,Customer Service,107032
2554,Jane Sanchez,HR,85350
2540,Anthony Lewis,HR,91857
1339,Lisa White,IT,100853
597,David Rodriguez,Customer Service,53817
2133,Lisa Harris,IT,36689
8436,Anthony Allen,HR,149366
6175,Nancy Ramirez,Legal,38907
3050,Robert Thomas,Legal,117986
20,Paul Martinez,Research,113375
9272,David Harris,Marketing,148803
4941,Deborah Harris,Sales,121836
3084,Joshua King,Customer Service,32292
7072,Lisa Davis,Research,50106
8210,Donald Jones,Finance,47308
5091,Jane Robinson,Engineering,107090
6857,Jessica Jackson,Customer Service,92937
5063,Sarah Clark,Customer Service,113872
8869,Deborah Williams,Engineering,149460
2321,Donald Jones,IT,142836
4600,John Gonzalez,Customer Service,141453
6852,Deborah Brown,Finance,69198
1236,Amanda Robinson,Marketing,120098
5916,Andrew Walker,Engineering,102254
9952,Lisa Thompson,Sales,41788
4355,James Thompson,Sales,146813
859,Donald Martin,Research,149443
1802,Donald Miller,Operations,72443
7702,Dorothy Brown,Engineering,148709
5545,Steven Martinez,Customer Service,146606
4567,Sarah Allen,Customer Service,116650
3007,Daniel Robinson,Finance,104361
111,Karen Ramirez,Engineering,133939
6912,Emily Anderson,Finance,118132
8169,Nancy Taylor,Engineering,99420
4693,Nancy Clark,Legal,121210
3623,Betty Jones,Legal,66308
6359,Jennifer Robinson,Marketing,40902
4394,John Robinson,HR,64373
5206,Paul Robinson,Finance,65917
1658,Anthony Gonzalez,Finance,63330
1835,Joshua Miller,HR,64238
3982,Michael Gonzalez,IT,41027
2429,Mark Miller,Sales,100222
4389,Nancy Anderson,IT,121115
8314,James Williams,Operations,43697
2455,Daniel Jackson,IT,116715
100,David Walker,Research,115396
2199,Steven Moore,Legal,120685
659,Deborah Williams,Legal,122588
4423,Michael Taylor,Operations,73060
7338,Michael Martin,HR,76836
7234,Elizabeth Lewis,Legal,42681
7748,Nancy Rodriguez,Legal,105744
9266,David Williams,Finance,53231
5603,Joshua Thompson,Operations,130981
572,Karen Lopez,Research,31191
6179,Jennifer Ramirez,Marketing,54742
2586,Daniel Smith,Sales,129984
65,David Robinson,Operations,94024
251,Paul Martin,Finance,126049
8159,James Hernandez,HR,45101
7404,Paul Young,Sales,97440
9220,Michael Thompson,Sales,127416
3391,Lisa Smith,IT,31834
7900,Amanda Jones,Marketing,81600
8447,Daniel Jackson,Sales,131545
5278,Elizabeth Ramirez,Sales,55392
706,Jane Taylor,IT,142106
5901,Amanda Robinson,Customer Service,58975
1313,Jennifer Miller,Customer Service,148351
4582,Matthew Wilson,Customer Service,44912
