C_ID,C_NAME,AGE_YRS,LOC_CD,REG_DT
6647,Robert Taylor,49,Columbus,2024-04-03
2587,Emily Thompson,36,New York,2025-01-04
5124,Nancy Perez,32,Austin,2020-07-04
9385,Deborah Wilson,23,Columbus,2025-11-01
2686,Andrew Martin,69,Portland,2022-11-27
9406,Steven Robinson,66,Sacramento,2023-11-01
9414,David White,61,Indianapolis,2021-01-07
238,Amanda Anderson,34,Tucson,2021-06-20
4446,Sarah Thompson,35,Denver,2020-10-03
5209,Daniel Wilson,53,Los Angeles,2024-12-09
7359,Donald Young,35,Jacksonville,2020-11-18
1671,Ashley Robinson,28,Los Angeles,2023-11-06
3099,Daniel Robinson,42,Philadelphia,2021-12-05
9597,Matthew Harris,45,New York,2022-05-09
1739,Christopher Martinez,19,Oklahoma City,2021-08-28
1691,David Ramirez,37,Tucson,2023-01-15
7467,Emily Johnson,67,Los Angeles,2021-05-10
9752,Anthony Miller,45,Charlotte,2021-06-05
3453,Emily Lee,20,San Francisco,2023-10-05
2662,James King,18,Charlotte,2022-01-01
7163,Jane Perez,61,Chicago,2022-08-01
246,Elizabeth Sanchez,28,Seattle,2020-12-12
3658,Michael Thompson,32,Washington,2021-07-08
4098,Sarah Jackson,35,Albuquerque,2022-01-23
9460,Lisa Clark,28,Fresno,2021-07-26
6014,Anthony Clark,55,Portland,2020-04-13
5417,Lisa Martin,41,Denver,2022-01-08
5064,Elizabeth Young,50,Louisville,2021-01-23
1971,David Garcia,27,Denver,2020-11-04
306,Sarah Perez,54,San Jose,2025-07-21
3956,John Wilson,70,Dallas,2023-08-19
939,Jennifer Lopez,63,Columbus,2025-08-07
7266,Jessica Sanchez,26,Sacramento,2021-02-25
6914,Nancy Thompson,27,San Diego,2025-09-02
4206,Donald Garcia,26,Dallas,2022-05-02
996,Donald Williams,54,San Diego,2023-06-15
2031,Christopher Miller,27,San Francisco,2025-01-06
4249,Paul Lewis,39,San Antonio,2021-04-28
8105,David Moore,29,Nashville,2024-06-25
9194,Deborah Miller,63,Nashville,2021-11-07
7701,Nancy Lopez,56,Houston,2023-11-26
5338,James Garcia,46,Dallas,2020-09-18
9758,Dorothy Wilson,57,San Diego,2022-10-25
5731,Lisa Hernandez,51,Boston,2023-02-27
774,Jennifer Lewis,41,Oklahoma City,2025-02-15
390,Anthony Rodriguez,57,Seattle,2024-04-21
5923,Karen Jackson,43,Columbus,2025-04-13
254,James Lopez,67,Jacksonville,2024-07-11
2039,David Davis,27,Boston,2020-09-15
2831,Emily Lopez,56,Austin,2024-04-24
8946,Steven Ramirez,64,Seattle,2022-09-02
9935,Mark Clark,54,Denver,2021-04-23
9775,Donald Rodriguez,46,Kansas City,2021-01-03
8580,Steven Thompson,21,Houston,2021-02-04
3855,Steven Walker,51,Oklahoma City,2023-07-11
262,Amanda Davis,33,Fresno,2020-04-17
9037,Emily Sanchez,28,Mesa,2020-02-28
5782,Steven King,55,Fresno,2023-02-09
7103,Lisa Lee,46,Chicago,2023-09-18
6515,James Walker,36,Indianapolis,2020-04-19
5332,Daniel Ramirez,34,Denver,2022-03-03
1784,Paul Gonzalez,23,San Antonio,2025-06-13
8726,Dorothy Jackson,69,Albuquerque,2023-01-12
4779,Daniel Perez,21,Milwaukee,2025-08-14
169,John White,22,Seattle,2024-06-16
995,Amanda Johnson,67,Las Vegas,2021-03-18
9930,Betty Lopez,70,Columbus,2025-11-19
4022,Jane Rodriguez,66,Jacksonville,2023-04-27
9163,Joshua Jackson,38,Kansas City,2020-06-25
6226,David Thomas,64,Boston,2025-08-28
4335,Joshua Garcia,53,Boston,2025-11-22
5444,Andrew Lewis,53,Boston,2021-07-10
2294,Elizabeth Anderson,18,Seattle,2022-11-16
8633,Mark Garcia,70,Philadelphia,2024-09-21
3072,Andrew Allen,52,Austin,2020-06-10
