C_ID,C_NAME,AGE_YRS,LOC_CD,REG_DT
606,Jessica King,44,Denver,2022-01-25
9211,Elizabeth Moore,22,Milwaukee,2021-05-10
1497,Amanda Lewis,48,Milwaukee,2025-10-19
7655,Elizabeth Martin,66,Charlotte,2025-07-24
1576,David Lee,51,Fresno,2021-09-12
7314,Joshua Allen,69,Sacramento,2025-01-09
6750,Betty Williams,34,San Diego,2024-07-28
613,Lisa Smith,46,Nashville,2023-02-18
8528,John Perez,42,San Jose,2021-08-09
3349,Paul Lewis,55,Fort Worth,2023-12-15
7887,Matthew Anderson,53,Washington,2022-04-18
2662,David Thompson,27,Denver,2020-11-27
7164,Steven Wilson,19,Dallas,2021-06-24
6865,Daniel Lopez,21,Charlotte,2022-06-19
3168,Steven Martin,60,Denver,2023-02-25
1823,Donald White,29,Los Angeles,2022-01-23
2041,Steven Martinez,33,San Antonio,2022-09-05
9813,John Jackson,28,San Diego,2021-03-27
8292,Nancy Johnson,30,San Antonio,2022-12-09
1482,Anthony Lopez,44,Fort Worth,2020-05-12
6769,Sarah Hernandez,24,Philadelphia,2022-04-14
7128,John Wilson,49,Tucson,2021-03-16
7480,Deborah Thompson,38,Jacksonville,2023-09-15
3809,Emily Wilson,33,Denver,2023-10-28
8463,Anthony Thomas,46,Kansas City,2021-04-06
5269,Jane Thompson,62,San Diego,2023-07-28
1695,Robert Anderson,18,Mesa,2025-09-23
7996,Joshua Walker,27,Los Angeles,2024-07-19
4037,Amanda Jones,36,Albuquerque,2023-01-27
1804,Robert Thomas,58,Charlotte,2025-08-07
2718,Nancy Moore,21,Phoenix,2020-08-14
1642,Steven Miller,18,Dallas,2020-10-24
8790,John Robinson,39,Louisville,2022-12-14
2350,Andrew Thomas,22,Philadelphia,2024-02-23
8003,James Martinez,34,Baltimore,2024-03-11
309,David Clark,33,New York,2021-01-14
8963,Elizabeth Johnson,54,Chicago,2021-02-05
4194,Emily Williams,49,San Diego,2022-09-03
9225,Deborah Rodriguez,39,Fort Worth,2025-10-01
4616,Daniel Davis,22,Phoenix,2022-04-03
1635,Emily Sanchez,34,Mesa,2020-12-01
8912,Robert Sanchez,52,Charlotte,2020-08-28
6306,Robert Lopez,61,Fresno,2022-07-04
1061,Jane Moore,22,San Jose,2024-08-18
8570,Dorothy Wilson,47,Philadelphia,2020-11-12
7585,Lisa Perez,18,Jacksonville,2020-04-28
4902,Donald Thomas,47,Portland,2020-09-02
1257,Mark Young,45,Oklahoma City,2025-04-22
1993,Betty Taylor,62,Dallas,2020-06-27
1445,Karen Martin,34,San Antonio,2024-10-24
640,John King,26,Albuquerque,2023-11-27
5658,Jennifer Young,64,Milwaukee,2023-08-02
9996,David Martin,58,Houston,2020-10-28
4112,Betty Jackson,28,Sacramento,2024-10-24
859,Sarah Thomas,58,Seattle,2024-06-25
6374,Amanda Perez,44,Chicago,2022-07-24
3465,Jennifer Perez,36,Dallas,2024-01-16
6827,Paul Hernandez,50,Houston,2025-09-26
6023,Jennifer Walker,33,Portland,2025-05-11
992,Betty Jackson,39,Seattle,2022-07-04
9104,Paul Wilson,19,Jacksonville,2024-11-18
1486,Lisa Gonzalez,67,Louisville,2023-12-20
5329,Jane Allen,41,Portland,2025-06-05
7429,Dorothy Garcia,32,Phoenix,2024-06-24
7899,Karen Lee,53,Dallas,2022-09-17
9493,Jessica Lopez,54,Nashville,2025-02-19
754,Michael Robinson,34,Sacramento,2023-03-13
2992,Anthony Jones,39,Oklahoma City,2025-07-05
6950,David Robinson,18,San Diego,2025-12-13
9341,Jane White,57,Louisville,2024-08-08
5013,Steven Johnson,26,Washington,2022-08-23
5267,Jennifer Ramirez,65,Phoenix,2024-05-10
6555,Anthony Williams,48,Portland,2024-05-04
5048,Daniel King,37,Seattle,2023-01-28
9546,John Sanchez,44,Austin,2023-08-11
