EMP_ID,EMP_NM,DEPT_CD,SAL_AMT
6595,Jane Garcia,Engineering,59718
1811,Elizabeth Allen,Research,133961
7291,James Rodriguez,Finance,131857
5670,Steven Sanchez,IT,114415
545,Betty Sanchez,Customer Service,140440
7774,Mark Jackson,HR,61936
7925,Christopher Moore,Customer Service,52921
2739,Andrew Moore,Marketing,96765
4604,Amanda Taylor,Sales,81563
2915,Daniel Lewis,IT,65149
6178,Christopher Lopez,Operations,86777
1533,Anthony Ramirez,Operations,137088
7860,Jennifer Wilson,IT,114027
2007,Robert Gonzalez,Marketing,123973
6193,James Jones,Customer Service,65418
1767,Andrew Thomas,Legal,77374
430,Jennifer Jackson,Research,128317
9290,Joshua Sanchez,Finance,93753
1168,Elizabeth White,IT,80433
7404,David Rodriguez,Research,32145
9627,Jessica King,Research,128931
323,David Johnson,Marketing,31709
4174,John Martin,Customer Service,38443
8358,Lisa Walker,IT,111529
3222,Deborah Taylor,Engineering,31413
1918,Ashley Martin,Finance,68206
1400,Donald Lopez,Marketing,35778
7724,Jennifer Ramirez,Operations,58458
110,Lisa Perez,Legal,107605
4739,Elizabeth Ramirez,Operations,129031
6676,Matthew Harris,IT,98738
7144,Daniel Rodriguez,Customer Service,128177
5036,James Lewis,Legal,97175
5615,Dorothy King,Legal,63026
6358,Jessica Ramirez,IT,49620
9206,David Wilson,Finance,119143
246,Robert Taylor,IT,121468
5717,Deborah Jones,Sales,64992
1196,Daniel Williams,Engineering,58147
1059,Ashley Robinson,Finance,32639
67,Paul Rodriguez,Research,92790
9745,Andrew Harris,Engineering,119735
3538,Nancy Williams,Engineering,146304
7528,Daniel Williams,Marketing,128563
1734,Donald Ramirez,Sales,133477
3507,Lisa Jones,IT,145296
5852,Amanda Harris,Customer Service,92538
8213,Sarah Gonzalez,IT,131903
7453,Deborah Lopez,Operations,52499
5310,Elizabeth Martinez,Marketing,135749
2914,Karen Thompson,Research,65217
8797,Jennifer Clark,Operations,108402
779,Amanda Gonzalez,Legal,39977
6311,Lisa Davis,Research,85683
7806,Matthew Ramirez,Engineering,81886
4439,Emily Martinez,Finance,92393
1420,Matthew King,Operations,112256
393,Nancy Rodriguez,HR,104203
7352,Daniel Clark,Operations,141776
5832,Michael Williams,IT,78448
6971,Deborah Jackson,Operations,86123
4125,Daniel Perez,Operations,126265
8107,Ashley Lopez,Sales,98156
4376,Christopher Garcia,Finance,126700
1653,Daniel Moore,Engineering,102863
1766,Anthony Davis,IT,113714
1021,Joshua Miller,Operations,110470
1540,Dorothy Hernandez,Sales,63832
9551,Dorothy Ramirez,IT,77319
7031,Andrew Robinson,Legal,60689
6893,Mark Johnson,Finance,114915
8214,Michael Harris,Operations,129283
6617,Jane Brown,IT,53246
6257,John Miller,Engineering,52642
7860,Anthony Lopez,Marketing,141785
3279,Christopher Anderson,Sales,31857
7999,Steven Garcia,Operations,116338
4949,Karen Harris,Finance,53889
8191,Anthony Davis,Research,110715
5166,Anthony Jones,Operations,147594
1054,Jane Robinson,IT,53767
9840,Deborah Robinson,Marketing,131371
2249,Jennifer Gonzalez,Engineering,142578
3069,Andrew Ramirez,Marketing,148674
1542,Daniel Rodriguez,Finance,74015
7318,Andrew Rodriguez,Customer Service,92336
3361,Emily Smith,Finance,35709
6504,Mark Lopez,Operations,144924
6841,Dorothy Taylor,Marketing,131808
7487,Donald Smith,IT,41380
2568,Matthew Walker,Operations,119971
2172,Nancy Lee,HR,148934
4749,Donald Smith,Engineering,104056
6165,Jessica Moore,Legal,36576
439,Christopher Smith,Engineering,129309
3144,Lisa Young,Finance,133870
3053,David Taylor,Legal,144695
7839,Michael Rodriguez,IT,116898
8199,Daniel Hernandez,Sales,143157
8563,Jane Jones,Customer Service,40075
