C_ID,C_NAME,AGE_YRS,LOC_CD,REG_DT
2419,Paul Young,62,Portland,2023-05-10
1937,Jane Williams,66,San Jose,2020-04-24
3901,Sarah Wilson,28,Las Vegas,2021-04-03
9541,John Martinez,31,Albuquerque,2022-05-25
8568,Paul White,69,Portland,2024-03-10
1200,Jane White,62,San Francisco,2022-10-01
6516,Matthew Johnson,46,Fort Worth,2025-03-22
6017,Sarah Sanchez,53,Fort Worth,2023-02-16
9021,Paul Sanchez,50,Kansas City,2025-03-13
7904,Michael Miller,52,Las Vegas,2025-03-06
143,Andrew Taylor,27,Dallas,2022-06-08
6602,Sarah Hernandez,40,Milwaukee,2023-01-02
7394,Nancy Allen,57,Columbus,2022-06-21
7224,John Williams,21,Milwaukee,2023-04-15
432,Lisa King,54,Columbus,2025-04-10
2300,Dorothy Smith,64,Austin,2025-02-22
6358,Ashley Hernandez,20,San Diego,2025-09-25
988,Andrew Gonzalez,18,Fort Worth,2023-09-01
7390,Steven Young,30,Indianapolis,2023-07-17
3744,Robert Lewis,44,Mesa,2023-05-15
965,Paul Perez,26,Las Vegas,2023-04-02
3144,Steven Jackson,48,Washington,2020-08-28
8001,Steven Clark,51,Las Vegas,2020-10-21
8600,David Moore,30,Washington,2024-02-02
4264,Robert Thomas,62,Jacksonville,2023-04-03
4800,Nancy Harris,41,San Antonio,2025-06-26
4631,Karen Lopez,67,Sacramento,2023-02-08
8954,Elizabeth Harris,53,Seattle,2020-07-22
2664,David Jones,32,Austin,2024-07-25
2371,Steven Lee,63,Tucson,2020-07-10
8720,Betty Garcia,20,San Jose,2020-10-06
1972,Joshua Perez,45,Philadelphia,2025-03-13
7247,Elizabeth Anderson,56,Portland,2022-11-12
2543,Nancy Rodriguez,54,Columbus,2020-01-22
9134,John Ramirez,57,Fort Worth,2021-02-04
6587,Matthew Young,28,Dallas,2020-08-05
7473,Anthony Garcia,67,San Diego,2023-04-22
3994,Lisa Anderson,70,Portland,2025-03-11
7011,Paul Davis,41,Dallas,2025-11-01
8868,Daniel Robinson,34,Nashville,2023-08-23
1455,Lisa Davis,30,Phoenix,2020-08-21
571,Andrew Brown,40,Los Angeles,2023-03-12
9680,Betty Martinez,54,San Diego,2020-11-25
9765,David Robinson,41,Austin,2022-05-16
5905,Steven Harris,34,Austin,2023-06-04
1434,Joshua Clark,65,Phoenix,2025-07-05
9851,Christopher Thomas,69,Indianapolis,2021-10-24
6492,Lisa Brown,35,Dallas,2024-12-03
1307,Ashley Thomas,26,Chicago,2023-08-21
128,Nancy Hernandez,62,Las Vegas,2022-05-18
6316,Ashley Clark,68,Indianapolis,2023-10-15
7736,Mark Thompson,67,Fort Worth,2025-12-21
6819,Daniel King,30,San Jose,2022-09-23
4834,Joshua Wilson,19,Los Angeles,2020-04-24
9025,Karen Sanchez,32,Denver,2022-09-11
9248,Lisa Davis,68,Seattle,2023-09-10
7429,Jennifer Garcia,56,Austin,2020-12-06
6626,Betty Sanchez,32,Albuquerque,2020-02-27
6522,Anthony Clark,52,Louisville,2023-12-12
9295,Christopher Young,28,Boston,2020-12-15
2611,Jessica Johnson,43,Mesa,2024-09-28
4767,Lisa Brown,30,Las Vegas,2023-06-17
9427,Sarah Lopez,40,Houston,2020-02-11
8405,Nancy Sanchez,39,Las Vegas,2022-07-03
1928,Sarah Thompson,22,Austin,2020-06-02
6592,Donald Jackson,35,San Antonio,2021-05-28
4791,Donald Robinson,62,Milwaukee,2022-04-16
1038,Ashley Jackson,25,Kansas City,2022-11-21
792,Daniel Hernandez,35,San Diego,2023-07-14
4338,Dorothy Jackson,40,Denver,2022-05-23
9652,Anthony Thompson,64,San Diego,2022-01-28
2692,Amanda Robinson,69,Louisville,2024-11-20
9890,Lisa Johnson,27,Albuquerque,2023-08-09
2552,Daniel Wilson,28,Phoenix,2022-12-15
1787,Paul Anderson,52,San Diego,2024-04-08
