C_ID,C_NAME,AGE_YRS,LOC_CD,REG_DT
2109,James King,54,Phoenix,2023-10-15
1817,James Lee,19,Las Vegas,2020-03-09
5268,Elizabeth White,53,San Antonio,2020-05-19
1917,Jennifer Wilson,34,New York,2020-02-14
8441,Matthew Lopez,59,Kansas City,2023-02-20
4469,Michael Thompson,21,Austin,2025-08-24
4831,Amanda Allen,26,Los Angeles,2021-07-20
256,Nancy Martin,24,Louisville,2022-01-09
9419,Andrew Brown,25,Louisville,2024-04-18
4169,James Perez,65,Louisville,2023-10-27
8138,Daniel Rodriguez,28,San Diego,2021-07-04
8296,Elizabeth Lee,68,Denver,2022-10-03
7177,Jane Jackson,57,Kansas City,2023-11-25
8846,Paul Thompson,25,Las Vegas,2025-06-17
5258,Jessica Anderson,45,Denver,2020-03-18
1828,Matthew Williams,61,Baltimore,2022-10-19
8734,Andrew Allen,67,Las Vegas,2020-02-24
4398,Lisa Miller,28,New York,2023-02-01
8824,Jane Williams,62,Portland,2025-03-12
8653,Ashley Gonzalez,27,Chicago,2021-09-09
887,Michael Allen,43,Louisville,2025-04-02
1804,Donald Walker,41,Milwaukee,2022-06-28
8333,Betty Perez,19,Austin,2024-05-04
7121,Steven Walker,36,Austin,2025-04-14
4670,Jennifer Wilson,46,San Diego,2025-12-12
3528,David Wilson,47,Fort Worth,2021-09-27
7763,Steven White,21,Austin,2023-01-16
1754,Lisa Williams,38,San Francisco,2025-04-13
1198,James Martinez,29,San Jose,2020-10-24
7977,Karen Robinson,65,Sacramento,2025-05-28
1100,Lisa Davis,69,Chicago,2024-07-12
2340,Jessica Gonzalez,32,Baltimore,2024-11-05
2529,Deborah White,37,Sacramento,2020-07-14
691,David Allen,32,Milwaukee,2022-09-22
9668,Jessica Lopez,30,Fresno,2023-12-11
7750,John Lee,50,Denver,2020-03-25
8062,Daniel Perez,65,Jacksonville,2023-05-04
3980,Matthew Hernandez,69,Kansas City,2024-07-20
4951,Betty Martin,61,Sacramento,2022-09-23
1619,James Harris,53,Austin,2025-11-12
8009,Sarah Miller,41,Fort Worth,2024-02-16
351,Anthony Allen,47,Columbus,2022-11-25
6257,Michael Gonzalez,69,Baltimore,2023-04-06
1793,Karen Garcia,45,Nashville,2022-09-18
9505,Jessica Harris,29,Washington,2022-11-14
85,Paul Davis,37,Louisville,2022-12-17
954,Lisa Jones,59,Albuquerque,2020-07-21
6361,Sarah Martin,21,Indianapolis,2020-10-10
2158,Betty Rodriguez,61,Fresno,2023-09-03
2901,Amanda Smith,48,Denver,2024-05-08
7409,Nancy Young,67,Philadelphia,2022-11-04
854,Lisa Brown,53,San Diego,2021-10-13
7485,Nancy Garcia,52,Houston,2022-02-03
1275,Paul Johnson,19,Columbus,2024-08-08
4166,Deborah Wilson,34,Oklahoma City,2023-02-04
4483,Daniel Lopez,50,Louisville,2024-11-22
5720,Joshua Robinson,35,Indianapolis,2022-11-23
1017,Michael Smith,50,Fort Worth,2024-02-04
6965,Lisa Walker,63,Indianapolis,2023-06-17
8283,John Walker,65,Portland,2025-05-18
3844,Nancy Taylor,70,Milwaukee,2021-03-07
9391,Sarah Robinson,23,Nashville,2020-09-01
7026,Karen Wilson,23,Baltimore,2022-12-10
2097,Karen Thomas,23,San Jose,2025-10-15
5399,Elizabeth Lewis,62,Austin,2025-06-14
7501,Deborah Taylor,61,Louisville,2022-11-21
3944,Elizabeth Williams,48,Mesa,2021-08-07
5736,John Young,52,Dallas,2020-11-27
2925,Sarah Davis,30,Milwaukee,2022-05-07
2028,Jennifer Johnson,52,Las Vegas,2024-01-14
6031,Sarah White,67,Louisville,2021-11-17
3108,Deborah Lee,55,Fresno,2020-08-08
7994,Nancy Johnson,23,Dallas,2023-02-15
6773,Lisa Lewis,35,Denver,2024-08-11
2923,Andrew Ramirez,27,New York,2024-08-24
