C_ID,C_NAME,AGE_YRS,LOC_CD,REG_DT
6238,Amanda Moore,43,Nashville,2020-01-24
3902,James Williams,33,San Francisco,2022-11-25
658,Lisa White,68,Jacksonville,2024-02-16
1078,Nancy Gonzalez,63,Chicago,2025-10-22
6738,Jane Clark,47,San Antonio,2020-12-26
9268,Emily Anderson,61,Los Angeles,2022-07-24
3319,John Hernandez,19,Boston,2022-11-01
6911,Andrew Martinez,47,Nashville,2023-11-18
6593,Deborah Hernandez,66,Los Angeles,2023-10-13
858,Joshua Jones,31,Milwaukee,2022-04-12
2003,Lisa Wilson,33,Baltimore,2022-01-19
5743,Sarah Ramirez,25,Las Vegas,2020-09-05
1434,Mark Garcia,26,Houston,2022-03-20
8270,David Taylor,61,Sacramento,2021-05-24
7775,Donald Miller,48,Boston,2024-09-18
5613,Lisa Lopez,59,San Antonio,2021-06-18
9771,Nancy Williams,45,San Francisco,2024-03-11
4379,Joshua Davis,55,San Francisco,2024-01-14
7354,Jane King,34,Tucson,2020-12-13
5430,Andrew Allen,47,Mesa,2023-07-19
3930,Robert Lee,35,Milwaukee,2021-05-22
7681,Paul Johnson,48,Chicago,2023-11-15
341,Emily Clark,51,Philadelphia,2020-04-17
2706,Paul Young,34,Boston,2025-03-12
2510,Betty Sanchez,34,Houston,2021-01-17
515,Daniel Sanchez,59,Columbus,2025-02-14
3909,James Taylor,51,Nashville,2024-09-21
3228,Ashley Martinez,39,Louisville,2020-12-04
4524,Joshua Harris,54,Nashville,2020-08-22
9482,Anthony Clark,43,Austin,2024-08-21
7099,Betty Brown,56,Washington,2020-10-12
5245,Jessica Sanchez,59,Baltimore,2022-09-21
923,Karen Walker,37,Milwaukee,2024-01-06
6432,Lisa Lewis,67,San Antonio,2020-06-28
1729,Anthony Jones,18,San Jose,2022-06-09
2002,Donald Clark,25,Philadelphia,2025-01-27
9740,Matthew Robinson,36,Denver,2020-12-27
9223,Sarah Brown,24,Jacksonville,2025-10-02
489,Lisa Perez,69,Louisville,2021-03-16
8831,Emily Ramirez,55,San Francisco,2023-10-19
267,Andrew King,60,Phoenix,2023-11-04
3281,Joshua Thomas,32,Philadelphia,2025-07-18
7823,Michael Johnson,52,Fort Worth,2025-08-12
1743,Nancy Garcia,27,Mesa,2023-03-28
8177,Betty Martinez,47,Nashville,2023-08-06
971,Joshua Davis,61,Jacksonville,2021-01-12
1600,Andrew Robinson,24,Dallas,2022-12-23
3985,Donald Taylor,50,Columbus,2021-01-11
6876,Lisa Gonzalez,56,Fort Worth,2023-11-06
333,Joshua Hernandez,70,Mesa,2024-03-20
5333,Andrew Allen,56,Indianapolis,2024-05-24
2683,Deborah Martinez,31,Las Vegas,2021-05-23
7900,Michael Lee,51,Seattle,2020-07-09
7574,Dorothy Miller,65,Washington,2024-02-02
407,Mark Ramirez,48,Phoenix,2021-08-04
2929,Anthony Robinson,35,Baltimore,2020-11-18
1486,Donald King,19,Fort Worth,2022-05-28
467,Daniel Rodriguez,46,Kansas City,2020-02-17
8842,Dorothy Thompson,65,New York,2024-08-09
4212,Jane Martin,60,Charlotte,2024-11-13
6148,Betty Garcia,32,Chicago,2021-01-06
8814,Nancy Robinson,35,Indianapolis,2022-11-19
4749,Andrew Lee,46,Mesa,2021-11-16
9149,Steven Rodriguez,66,Albuquerque,2025-02-10
2892,Joshua Ramirez,49,Baltimore,2023-12-16
5195,James White,44,Philadelphia,2020-01-01
5149,Daniel Lewis,63,Nashville,2020-02-02
7930,Betty Brown,49,Houston,2023-06-23
6956,Karen Lee,56,San Jose,2020-05-04
9222,Jennifer Taylor,67,New York,2024-07-09
5570,Emily Martin,20,Tucson,2022-04-21
8485,Deborah Jackson,36,San Antonio,2024-02-25
9529,Jessica Rodriguez,49,Dallas,2024-05-08
1647,Joshua Thompson,67,Los Angeles,2022-02-02
5799,Karen Gonzalez,68,Columbus,2022-06-12
