C_ID,C_NAME,AGE_YRS,LOC_CD,REG_DT
2484,Mark Moore,63,Albuquerque,2021-03-02
9756,Elizabeth Jones,47,San Diego,2024-01-01
7639,Anthony Jones,57,Louisville,2023-02-12
5182,Sarah Smith,54,Washington,2024-02-22
5101,Michael Perez,39,Nashville,2020-04-22
5022,Betty Lewis,57,Indianapolis,2024-04-12
6956,Donald Miller,34,Louisville,2023-06-25
3586,Jane Moore,60,Austin,2025-10-08
2082,Michael Sanchez,29,Jacksonville,2020-05-21
3379,Jessica Allen,26,Las Vegas,2025-08-20
4550,Lisa Jones,49,Kansas City,2022-03-04
530,Jessica Miller,57,Denver,2020-02-27
5857,Emily Walker,60,Fresno,2025-10-25
9211,Ashley Hernandez,63,Portland,2022-10-24
3256,Andrew White,70,Nashville,2025-09-11
5770,Andrew Moore,39,Louisville,2022-10-19
2963,Robert Walker,20,Phoenix,2022-01-27
3370,Donald Sanchez,55,Fresno,2025-04-04
2643,Mark Brown,43,Chicago,2023-07-09
1480,John Rodriguez,55,Tucson,2022-08-06
8895,Lisa Thompson,51,Portland,2023-08-20
2404,Ashley Moore,31,Kansas City,2023-08-13
2765,Deborah Walker,38,Columbus,2022-05-04
5763,Daniel Clark,70,San Diego,2022-10-05
4988,Anthony White,41,Mesa,2025-10-14
8118,Ashley Brown,36,Washington,2022-11-03
7813,James Davis,25,Fort Worth,2022-01-15
8590,Paul Jackson,22,Sacramento,2023-01-19
3405,Dorothy Martinez,63,Portland,2025-10-25
1238,Ashley Wilson,55,Milwaukee,2021-09-03
5130,Andrew Allen,30,Philadelphia,2020-12-21
6036,Paul Jones,32,Mesa,2020-09-27
934,Jane Thompson,63,Jacksonville,2020-11-23
5215,Lisa Harris,31,Seattle,2024-09-06
9873,Steven Smith,50,Charlotte,2025-01-04
5690,Deborah Harris,61,Las Vegas,2024-12-18
1186,Dorothy Thomas,44,Portland,2020-02-25
5034,Nancy Smith,22,Indianapolis,2021-10-14
607,Paul Hernandez,27,Fresno,2025-11-16
2314,Amanda Lee,22,Kansas City,2021-04-04
3304,Emily Allen,63,Columbus,2022-10-13
8601,Joshua Brown,63,Phoenix,2022-11-17
3721,Amanda Garcia,68,Indianapolis,2022-02-11
1246,Jessica Walker,50,Portland,2025-08-10
7916,Michael Davis,40,Jacksonville,2022-05-01
1207,Amanda Allen,69,Phoenix,2022-08-14
5700,Karen Clark,31,Oklahoma City,2022-05-09
9969,Andrew Miller,40,Kansas City,2020-11-18
9251,Daniel Smith,60,Indianapolis,2024-03-22
9333,Andrew Gonzalez,27,Kansas City,2021-06-24
2128,Joshua Robinson,44,Baltimore,2024-11-05
4618,Christopher Taylor,23,Chicago,2022-10-17
3206,Jennifer Brown,55,Las Vegas,2022-08-11
2834,Karen Jackson,65,Oklahoma City,2023-02-18
8066,Dorothy Williams,54,Austin,2024-05-09
1527,Michael Miller,59,Fresno,2025-02-27
9871,Lisa Martinez,57,San Antonio,2021-12-15
7530,Daniel Brown,41,New York,2022-10-02
6769,Daniel Ramirez,45,Charlotte,2023-02-01
520,Daniel Sanchez,59,Kansas City,2024-11-28
8342,Emily Martin,37,Tucson,2023-07-18
4234,Donald Lee,56,Fort Worth,2023-10-12
6981,James Gonzalez,33,Indianapolis,2021-04-18
8048,James Moore,31,San Diego,2020-02-23
6112,Joshua Lopez,24,Indianapolis,2025-04-23
6942,Matthew Wilson,29,Phoenix,2022-08-27
714,Lisa Gonzalez,54,Las Vegas,2021-07-06
1484,Nancy Gonzalez,25,New York,2022-09-14
6892,James Thomas,52,Milwaukee,2020-12-04
904,Jennifer Perez,50,Oklahoma City,2025-05-09
7980,Christopher Lee,26,Nashville,2023-07-16
7450,Michael Martinez,19,Philadelphia,2023-07-09
7179,Deborah Young,38,Boston,2025-05-27
1808,Jane Young,67,San Francisco,2023-09-22
9577,Christopher White,19,Phoenix,2022-12-18
