C_ID,C_NAME,AGE_YRS,LOC_CD,REG_DT
5971,Paul Hernandez,55,San Jose,2021-01-24
1854,David Thompson,40,Chicago,2021-12-05
9361,Emily Davis,70,Boston,2022-12-18
7260,Mark Young,47,Milwaukee,2024-10-18
2730,Karen Lopez,21,Las Vegas,2025-03-24
8757,James Wilson,70,Louisville,2020-03-28
7722,David Thompson,62,New York,2023-02-26
8667,James Rodriguez,65,Fort Worth,2020-05-21
8759,Sarah Jackson,58,San Francisco,2024-07-17
7260,Anthony Thompson,56,Indianapolis,2020-08-14
4572,Emily Sanchez,69,San Jose,2022-01-26
6683,Lisa Gonzalez,49,Louisville,2025-10-28
578,Emily Jackson,65,Jacksonville,2021-12-04
3734,Amanda Taylor,36,Columbus,2021-04-26
6269,Betty Jones,20,Baltimore,2025-04-14
3954,Betty Jackson,37,Las Vegas,2020-09-15
1052,Robert Miller,19,San Antonio,2021-10-10
2010,Mark Lewis,23,Phoenix,2022-08-22
3376,Anthony Thompson,35,Washington,2020-02-08
994,Deborah Lopez,33,Denver,2022-02-10
4695,Jane Clark,30,Charlotte,2022-12-28
774,Emily Gonzalez,59,Houston,2024-11-14
839,Betty King,31,Dallas,2025-09-19
8701,Jessica Sanchez,56,Albuquerque,2022-05-17
8911,Anthony King,55,Milwaukee,2024-02-11
8652,Paul Thomas,48,Tucson,2022-05-25
8978,Nancy Rodriguez,50,Columbus,2023-03-17
4234,John Lopez,57,Louisville,2025-11-13
890,Emily Allen,61,Kansas City,2024-05-10
7325,Dorothy Young,46,Denver,2021-06-27
4386,Lisa Jones,25,Denver,2021-08-16
4279,Christopher Williams,63,Denver,2020-03-12
6241,Dorothy White,24,Louisville,2020-02-16
454,Michael Johnson,49,Louisville,2021-12-02
7970,Donald Thomas,53,San Jose,2020-07-08
5781,James Sanchez,39,Seattle,2020-11-08
58,James Anderson,24,Oklahoma City,2025-05-06
8329,Jane Anderson,40,San Diego,2025-03-24
8106,Jessica Jones,30,San Jose,2020-09-08
7333,Christopher Ramirez,23,San Francisco,2023-09-22
9278,Jennifer Perez,68,Oklahoma City,2023-01-12
653,Betty Sanchez,54,Phoenix,2020-10-17
5184,Emily Anderson,43,Indianapolis,2022-07-25
4132,Jessica Martinez,56,San Jose,2025-07-24
5301,Karen Hernandez,66,Austin,2020-12-13
3858,Betty Wilson,18,Columbus,2025-11-05
3376,Nancy Clark,26,Fresno,2024-01-09
4009,Michael Anderson,70,Fort Worth,2025-07-23
8393,Steven Martin,70,Milwaukee,2024-06-02
5146,James Jackson,55,Albuquerque,2023-03-22
9209,Anthony Gonzalez,37,Jacksonville,2025-05-21
7222,Jessica Miller,48,San Diego,2024-01-24
5885,Joshua Harris,19,Columbus,2024-05-08
1270,Sarah Martinez,57,Baltimore,2022-12-14
3226,Ashley King,22,Phoenix,2022-12-06
8958,Andrew Rodriguez,47,Phoenix,2024-05-28
3301,Jane Rodriguez,49,San Francisco,2022-06-07
8385,Andrew Walker,61,Seattle,2020-10-19
223,John Lewis,39,Dallas,2025-09-12
6763,Anthony Garcia,60,Louisville,2022-10-07
7457,Daniel Rodriguez,39,Washington,2023-05-22
4723,Jane Brown,33,Charlotte,2023-02-27
8552,Betty King,29,Houston,2023-06-03
9439,Elizabeth Sanchez,38,Sacramento,2023-04-07
2844,Lisa Anderson,32,Baltimore,2024-10-10
8301,Joshua Thomas,23,Fresno,2024-03-04
7399,Mark Walker,61,Seattle,2021-09-07
840,Elizabeth Lee,61,New York,2023-06-15
9403,Ashley Williams,65,Mesa,2020-10-20
7778,James Martin,68,Fresno,2021-06-04
8759,Dorothy Jones,24,Columbus,2024-05-28
3005,Andrew Lopez,36,Boston,2020-02-17
7534,Christopher Davis,53,Fresno,2021-03-27
2498,Michael Davis,18,Philadelphia,2022-12-05
5305,Donald Harris,40,Washington,2022-09-10
