EMP_ID,EMP_NM,DEPT_CD,SAL_AMT
927,Betty Moore,Engineering,75463
1399,Daniel Sanchez,HR,149258
2352,Betty Davis,Finance,73370
8418,Jane Garcia,Marketing,55193
3172,James Hernandez,Customer Service,111729
1512,Amanda Anderson,Customer Service,36013
9640,Mark Young,Finance,35665
8255,Michael Sanchez,Operations,136600
7676,Christopher Gonzalez,Engineering,131763
7522,Michael Williams,Customer Service,95179
1886,Karen Robinson,Legal,32847
9804,Daniel Taylor,Legal,148645
6160,Anthony Sanchez,Sales,105624
2532,Christopher Smith,IT,89404
8054,Deborah Rodriguez,Marketing,134342
6926,Daniel Miller,Engineering,59210
5837,Andrew Thomas,Engineering,88281
1772,Steven Lewis,HR,94890
6572,Elizabeth Hernandez,Engineering,111987
588,Nancy Martin,Research,146938
5596,Joshua Moore,Operations,141673
9107,Mark Garcia,Engineering,92281
5273,Joshua Walker,IT,37205
6021,Ashley Lopez,Engineering,71722
3988,Amanda Lopez,Engineering,69248
3248,Elizabeth Robinson,Legal,83623
4447,Ashley Lewis,Engineering,57894
361,Deborah Sanchez,Engineering,40216
6093,Sarah Wilson,Legal,49351
6157,Lisa Jones,Finance,53375
4834,Michael Johnson,Operations,61433
7194,Elizabeth Harris,Engineering,93552
4190,Betty Wilson,Legal,106743
3743,Robert Lopez,IT,45575
3962,Amanda Clark,IT,91799
2394,James Smith,Engineering,30324
2404,Karen Jones,Legal,56553
7938,Lisa Davis,Engineering,90777
7594,Daniel Brown,Finance,56052
1133,Lisa Johnson,Sales,129560
1783,Steven Lopez,Research,99711
1412,Daniel Lopez,Engineering,49863
1648,Elizabeth Williams,Finance,129402
6133,Amanda Moore,Operations,122586
7319,James Miller,Legal,96496
6655,Matthew Lewis,IT,55506
1235,Lisa Young,IT,93935
4720,Paul Harris,HR,104958
7733,Lisa Perez,IT,133906
8054,Lisa White,Finance,30364
2136,Deborah Perez,Engineering,128589
7252,Lisa Lee,Research,86273
3705,Robert Gonzalez,Operations,33218
5197,Dorothy Garcia,Marketing,84045
4592,Lisa Perez,Operations,95618
4070,Jane Walker,Customer Service,133471
5853,Steven Allen,IT,128225
7962,Paul Lewis,Research,51659
3144,John Garcia,Marketing,119464
4906,Deborah Davis,HR,133002
2589,Matthew White,Engineering,68760
2004,Betty Garcia,Legal,105519
5940,Michael Perez,Research,75265
3402,Nancy Allen,HR,62913
8312,Andrew Martinez,HR,116877
2499,Christopher Brown,HR,39670
9174,Paul Robinson,Customer Service,73419
4327,John Walker,Research,36403
5604,Jennifer Garcia,Legal,72585
5851,Michael Moore,Legal,61916
5252,Matthew Jackson,Customer Service,32655
8076,Jessica Lee,Engineering,140510
4088,Lisa Johnson,Legal,37226
2856,Mark Davis,Research,59824
7491,Dorothy Williams,Research,86092
6967,James Miller,Customer Service,94128
1994,Jane Young,Legal,146816
8903,Jennifer Harris,Sales,39387
9248,Ashley Lee,Finance,126682
2082,Daniel Martinez,Research,98188
7421,Robert Harris,Sales,145576
2944,Sarah Jones,Finance,43961
8403,Elizabeth Lewis,Marketing,102453
5917,James Jones,Research,105888
1187,Anthony King,Sales,98153
5554,Paul Martinez,Research,47048
7186,Lisa Johnson,Customer Service,76394
8762,David Jackson,Research,63826
7469,Paul Brown,Research,78592
5845,Jane Lewis,Operations,105081
3578,Lisa Smith,Research,43514
8867,Jane Garcia,Operations,84712
6076,James Garcia,Customer Service,104725
1712,Andrew King,Sales,89252
7521,Christopher Johnson,Finance,57743
9392,Michael Rodriguez,Marketing,137765
275,Paul Davis,Marketing,63320
5572,Karen Allen,IT,31742
4392,Sarah Thompson,Marketing,114944
5611,Daniel King,HR,47294
