EMP_ID,EMP_NM,DEPT_CD,SAL_AMT
7563,John Harris,IT,80396
7233,Karen Anderson,Sales,123425
5627,Jessica Gonzalez,Customer Service,78450
3048,Nancy King,Operations,139762
6106,Jennifer Thomas,Finance,138546
8099,Jennifer Jones,IT,37417
4706,Dorothy Ramirez,Marketing,68255
2168,Anthony Lewis,Sales,124018
6169,Paul Gonzalez,Legal,99971
5339,Christopher Walker,Finance,143531
9797,Donald Miller,Sales,69169
3865,Jennifer Sanchez,IT,120301
9275,Sarah White,Marketing,75498
6071,Deborah Lee,HR,81839
7886,Paul Jones,Operations,61950
9780,Jennifer King,Finance,61421
7413,Ashley Clark,Marketing,101923
9815,Ashley Walker,Operations,90385
554,John Miller,Sales,74606
4458,Steven White,Operations,58759
5171,Christopher Moore,IT,88599
2399,Sarah Anderson,Customer Service,100427
1723,Paul Martinez,Customer Service,99385
5621,Deborah Robinson,HR,130060
9993,Jane Sanchez,Customer Service,48584
9076,Ashley Wilson,Marketing,56843
2382,Amanda Johnson,Marketing,80710
7761,Sarah Hernandez,HR,123240
8410,Ashley Allen,IT,114399
3523,Lisa Hernandez,Legal,35429
5068,Jane Lopez,Engineering,106001
6407,Sarah Lee,HR,44229
7080,James White,Legal,133747
2906,James Anderson,Engineering,93686
1156,Donald Smith,Engineering,54746
9042,Paul Clark,Sales,147840
9689,Emily Thomas,Marketing,149486
183,Andrew Smith,IT,100577
8954,David Smith,Operations,40594
3280,Steven Lewis,Engineering,80917
4491,Robert Young,Marketing,94368
1043,Robert Rodriguez,HR,129283
7712,Deborah Clark,HR,121391
3351,David Hernandez,Legal,71050
2913,Lisa Young,Research,113664
2221,Anthony Lewis,Research,34233
1663,Lisa Martinez,Finance,37405
1079,Steven Martin,Customer Service,66681
3338,Ashley Jones,Research,98590
7589,Mark Anderson,Legal,64644
8795,Steven Davis,Customer Service,50675
2572,David Wilson,Customer Service,68071
475,Emily Wilson,Sales,123252
6638,Betty Harris,Marketing,86842
4549,Andrew Walker,HR,73390
31,Karen Taylor,Operations,122138
1015,Amanda Smith,Engineering,49945
812,Deborah Jones,HR,127826
1023,Daniel Jackson,HR,138912
3581,Elizabeth Thompson,IT,99274
798,Elizabeth Brown,IT,141083
578,Lisa Williams,Legal,130471
2547,James Ramirez,Sales,119721
8856,Christopher Jackson,Customer Service,61477
5044,Matthew Jones,Legal,141936
7012,Deborah Lopez,Legal,148299
8325,Anthony Jones,Legal,34257
7545,Joshua Robinson,Engineering,65689
746,James Ramirez,Sales,41849
9113,Michael Anderson,Engineering,137752
9745,James Anderson,Sales,88252
8171,Matthew Sanchez,IT,69005
9188,Deborah Wilson,Customer Service,148566
6088,Steven Lee,Finance,38287
2202,Christopher Moore,Engineering,114901
1773,Jane Anderson,Finance,53997
3119,Paul Wilson,Sales,37515
146,Amanda Sanchez,Legal,54962
6787,Paul Moore,Finance,122829
6516,Betty Williams,Customer Service,102582
3601,Jessica Jackson,Marketing,55806
4820,Anthony Gonzalez,IT,53473
7947,Emily Johnson,Research,48796
1405,Ashley Wilson,Customer Service,113212
6797,Dorothy Moore,Sales,103838
3298,John Lopez,HR,47894
9866,Nancy Lopez,Marketing,108054
156,John Gonzalez,Research,47696
468,Anthony White,IT,89869
3546,Lisa Lee,Engineering,119347
9253,Jennifer Lopez,IT,95119
7140,Christopher Anderson,Research,145050
5094,Emily Perez,Sales,90940
1203,Paul Thompson,Customer Service,50181
5538,Emily Moore,Marketing,134209
4422,Dorothy Hernandez,IT,104891
2231,Matthew Young,Finance,49412
9021,Steven Young,Engineering,79706
6161,Emily Davis,Legal,120925
2524,Elizabeth Miller,Sales,67166
