C_ID,C_NAME,AGE_YRS,LOC_CD,REG_DT
1117,Karen Thomas,26,Phoenix,2021-08-13
9978,Matthew Anderson,60,Tucson,2025-04-19
9195,Karen Anderson,65,San Jose,2020-11-11
3504,Donald Perez,19,New York,2022-08-04
6977,John Harris,29,Jacksonville,2023-08-01
1617,Michael Thompson,51,Charlotte,2025-12-02
4931,David Garcia,25,San Jose,2022-05-02
3631,James Rodriguez,46,Austin,2021-02-20
1155,Robert Clark,39,Nashville,2022-09-26
5766,Dorothy Harris,56,Chicago,2020-05-04
2149,Daniel Martin,43,Jacksonville,2025-12-24
867,Anthony Young,60,Portland,2023-08-18
6079,John Thompson,66,Fresno,2020-04-07
3890,David Lee,30,Los Angeles,2024-02-19
1614,Matthew Davis,36,Dallas,2024-03-24
1414,Matthew Harris,48,San Jose,2023-01-24
7736,Michael Jackson,51,Indianapolis,2023-01-07
8059,Nancy Garcia,64,Washington,2023-09-08
5362,David Lee,70,San Jose,2024-08-11
5681,Deborah Harris,62,Houston,2022-04-11
5764,Nancy Clark,31,Seattle,2023-10-12
7978,Christopher Moore,35,Fresno,2022-05-15
2547,Steven Lopez,59,Albuquerque,2025-10-04
4675,Karen Anderson,21,Sacramento,2025-04-24
3757,Paul Brown,64,Kansas City,2022-05-19
8386,Nancy Thomas,37,San Antonio,2024-01-15
8877,Robert Allen,53,Chicago,2021-09-17
6403,Amanda Thompson,44,Las Vegas,2021-02-05
2180,Christopher Harris,34,Phoenix,2024-02-27
7519,Lisa Gonzalez,45,San Francisco,2023-12-21
6067,Amanda Robinson,43,Las Vegas,2022-10-18
6265,Karen King,43,Phoenix,2025-05-04
3505,Donald Taylor,32,Houston,2023-05-21
2171,Emily King,22,Louisville,2021-01-03
8638,Donald Clark,34,Houston,2023-12-27
5004,Robert Lopez,21,Washington,2024-05-13
7720,Anthony Sanchez,40,Seattle,2022-03-05
7889,Joshua King,63,Mesa,2020-10-14
8275,Lisa Harris,21,Fresno,2023-08-06
975,Karen Young,58,Austin,2022-08-18
7802,Jennifer Walker,34,Albuquerque,2025-11-23
6116,Mark Taylor,68,Dallas,2021-10-28
8939,Mark Harris,53,Dallas,2024-10-13
4285,Nancy Thomas,68,Fresno,2020-08-17
2039,Jane Young,63,Los Angeles,2020-10-21
2520,Matthew Jones,61,Mesa,2022-01-12
2458,Betty Williams,54,Columbus,2021-03-03
2745,Matthew Jackson,44,San Antonio,2022-10-08
9284,Andrew Thompson,39,Houston,2024-07-09
6730,Lisa White,24,Phoenix,2025-06-05
1064,Steven Walker,46,Kansas City,2022-07-06
7355,John Hernandez,44,San Diego,2022-07-26
8633,Michael Brown,58,San Francisco,2021-09-14
5951,Sarah Hernandez,66,Houston,2023-10-26
6476,Robert Hernandez,56,Phoenix,2022-12-22
2318,Elizabeth Miller,56,Boston,2020-06-19
1389,Michael Thomas,36,Louisville,2022-04-02
3994,Ashley Garcia,52,Phoenix,2020-03-19
1899,Sarah Rodriguez,61,Kansas City,2025-05-03
962,Donald Moore,57,Milwaukee,2023-12-16
3478,Daniel Smith,65,Fort Worth,2022-10-04
5582,Joshua Miller,69,Columbus,2020-02-15
969,Jennifer Brown,57,Columbus,2023-07-05
8812,Karen Perez,57,Phoenix,2023-07-14
9638,Jennifer Jones,22,Jacksonville,2025-02-09
4725,Paul Ramirez,20,Austin,2025-10-28
1376,Nancy King,28,Oklahoma City,2025-06-09
8376,Mark Miller,64,Charlotte,2025-12-21
8506,Mark Walker,68,Albuquerque,2022-12-23
4207,Ashley Johnson,35,Sacramento,2023-10-19
5385,David Sanchez,30,Tucson,2021-12-25
4020,Betty Wilson,25,Louisville,2025-11-03
7672,Betty Lopez,35,Louisville,2024-12-01
6219,Deborah Thomas,40,Austin,2025-12-16
8481,Donald Lewis,68,San Diego,2023-10-04
