EMP_ID,EMP_NM,DEPT_CD,SAL_AMT
2089,John Williams,Operations,75649
736,Donald Martin,Customer Service,50711
9723,Karen Sanchez,Operations,139244
4974,Nancy Johnson,Engineering,67078
3377,Betty Brown,Finance,72124
6030,Jane Allen,Operations,106664
4642,John Taylor,HR,71978
4401,Jane Smith,Finance,59977
2458,Donald Moore,HR,33847
9214,Joshua Martinez,Marketing,33766
7590,Donald Gonzalez,Finance,83912
3899,Paul Jones,Marketing,35029
2750,Lisa Harris,Research,55158
712,Karen Johnson,Sales,63707
1597,Emily Gonzalez,Sales,134962
5695,Nancy Young,Finance,90591
336,Lisa Walker,Operations,100398
3197,Joshua Thompson,HR,43231
7272,Michael Smith,Marketing,112070
3561,Lisa Lopez,Engineering,144379
2998,Christopher Rodriguez,Sales,131453
7001,Sarah Rodriguez,HR,84980
9060,Donald Wilson,HR,127725
8648,Jennifer Sanchez,Customer Service,118465
2543,Andrew Taylor,Operations,128350
8894,Paul Thomas,Legal,100546
1812,Amanda Moore,Marketing,130404
8062,Emily Anderson,Customer Service,81044
8447,Robert Lee,IT,92240
1530,Matthew Walker,Research,67732
6780,Jennifer Allen,Finance,74277
628,James Hernandez,Legal,115044
3427,Michael Walker,Finance,111760
722,David King,Engineering,99326
2705,Christopher Lee,Legal,40241
9212,Elizabeth Lewis,HR,138447
8077,Emily Lopez,Sales,85364
7640,Dorothy Gonzalez,HR,110892
6895,Nancy Williams,IT,98603
8584,Anthony Harris,IT,105250
7374,Karen Wilson,Customer Service,35029
2898,John Davis,HR,81062
806,Amanda Taylor,Finance,149866
2240,Paul King,Customer Service,42144
5162,Michael Smith,Engineering,62791
641,Jessica Thomas,Legal,100802
6899,John Miller,Sales,103788
2037,Dorothy Miller,Finance,109991
5382,Jennifer Thomas,Sales,45886
1526,Matthew Brown,Research,94857
4618,Ashley Walker,Legal,149184
5408,Amanda Jackson,IT,135644
8209,Paul Moore,HR,101031
5851,Jessica Walker,Finance,84238
1991,Nancy Moore,Sales,66811
4467,Steven Anderson,HR,99457
4832,Jennifer Thomas,Finance,137153
2447,Ashley Wilson,Customer Service,62845
669,Karen Davis,Customer Service,71762
5327,Matthew White,Customer Service,73187
4271,Betty Jackson,Research,68835
4996,Lisa Sanchez,Finance,89880
3395,Amanda Hernandez,HR,68509
231,Lisa Brown,Finance,55708
9103,Sarah Allen,Research,45739
9029,Jane Garcia,Operations,126965
1646,Jane Thomas,Marketing,89485
8316,David Moore,Sales,116601
3024,Amanda Moore,Marketing,81568
7605,Sarah Rodriguez,HR,34894
7758,Lisa Robinson,IT,123250
9527,Mark Robinson,Operations,43084
1167,Amanda Miller,IT,80859
6082,Betty Garcia,Engineering,64934
133,Joshua Thomas,Marketing,108183
3363,Matthew Garcia,Finance,72025
1044,Ashley Lopez,Sales,60841
3962,Jennifer Rodriguez,Customer Service,100350
1512,Michael Lewis,Customer Service,128150
5638,Paul Brown,Sales,140703
1841,John Johnson,Finance,137221
2973,James Wilson,Sales,106332
7438,Nancy Johnson,HR,48291
4870,Jane Allen,HR,67818
6660,David Taylor,Research,87407
6228,Ashley Hernandez,Operations,81143
3505,Christopher Garcia,Research,130758
1059,Betty Sanchez,Sales,76659
1307,Joshua Jackson,Sales,134729
1562,John Ramirez,Legal,96919
1042,Nancy Wilson,Marketing,52837
4635,Amanda Taylor,Research,79337
4141,Jane Hernandez,Sales,35305
9364,Ashley Lee,Operations,40899
198,Karen Miller,IT,85268
4444,Amanda Jones,HR,141451
8039,Ashley Jones,Research,141923
4117,Robert Sanchez,IT,80386
3441,Christopher King,Legal,136675
4722,Donald Robinson,HR,85549
