C_ID,C_NAME,AGE_YRS,LOC_CD,REG_DT
2180,James Hernandez,28,Las Vegas,2025-02-13
1357,Sarah Thomas,59,San Diego,2024-11-16
3961,Betty Moore,26,Fresno,2024-11-13
3506,Paul Thompson,29,New York,2025-12-14
2511,Andrew Walker,50,Denver,2025-12-15
8903,Paul Taylor,55,Fort Worth,2020-12-01
3235,Matthew Thompson,70,Charlotte,2024-04-19
8008,Joshua Thomas,60,Portland,2023-04-10
6495,James Harris,21,Phoenix,2022-03-04
1803,Sarah Martinez,24,Nashville,2023-06-16
1271,David Rodriguez,32,New York,2023-03-15
8587,Mark Rodriguez,19,Sacramento,2021-08-15
4121,Sarah Lee,28,Boston,2021-09-21
397,Joshua Garcia,46,Chicago,2020-07-07
1846,Christopher Perez,38,Austin,2022-11-02
2325,Daniel Thomas,37,Phoenix,2021-03-18
740,Elizabeth Davis,53,Columbus,2020-11-26
2790,Christopher Hernandez,51,Houston,2021-08-03
9591,Ashley Walker,41,Louisville,2020-10-05
2710,David Lewis,29,Portland,2021-06-16
552,Emily Davis,41,Oklahoma City,2025-10-05
2815,Steven Anderson,46,Tucson,2022-12-06
6436,Ashley King,44,San Antonio,2021-03-18
3064,Paul Robinson,30,New York,2022-07-05
3861,Ashley Williams,45,Nashville,2023-02-03
120,James Allen,54,Austin,2023-11-04
5197,Sarah Wilson,24,Philadelphia,2025-12-26
3109,Steven Lewis,39,Los Angeles,2024-06-26
3043,Daniel Martin,42,Chicago,2022-09-13
9886,Jennifer Jones,29,Oklahoma City,2023-09-20
7825,Donald Smith,69,Mesa,2020-04-08
8426,Daniel Miller,23,Boston,2023-12-19
2750,Mark Williams,25,Mesa,2024-03-07
1817,Sarah Garcia,48,Phoenix,2021-09-14
8941,David Rodriguez,26,Charlotte,2025-12-18
6282,Elizabeth Harris,64,Columbus,2021-11-21
1978,John Lopez,21,Dallas,2021-01-19
9380,Donald Davis,41,Albuquerque,2024-08-20
8735,Matthew Hernandez,41,Chicago,2024-01-28
8755,Jennifer Davis,44,Jacksonville,2023-07-09
879,Steven Lewis,34,Denver,2022-11-16
5330,Jessica Wilson,49,Albuquerque,2022-09-09
9100,James Jackson,56,San Antonio,2023-07-19
9262,Ashley Johnson,59,Milwaukee,2020-01-23
6107,Christopher Moore,60,Mesa,2023-04-15
4655,Deborah Robinson,35,Baltimore,2024-09-13
5302,Dorothy Garcia,48,Austin,2023-07-05
7186,Deborah Lee,44,Denver,2024-10-23
4756,Emily Martin,51,Kansas City,2020-02-26
8260,Joshua Sanchez,69,Nashville,2024-12-19
8811,Lisa Davis,46,New York,2020-09-05
2648,Jane Allen,32,Washington,2025-03-18
5736,Joshua Harris,66,Boston,2024-10-01
9964,Betty White,70,Tucson,2021-07-28
1098,Deborah Brown,41,Fresno,2020-10-22
7420,Lisa Lee,47,Jacksonville,2024-10-09
1306,Nancy Young,34,Indianapolis,2020-05-26
2003,Karen Wilson,33,Fresno,2022-12-11
258,Andrew Jackson,47,Fresno,2021-03-27
7678,Donald King,62,Nashville,2020-01-02
286,Karen Harris,54,Mesa,2022-02-14
3259,Betty Hernandez,47,Jacksonville,2023-10-03
1804,Mark Clark,32,Tucson,2025-07-26
3473,Anthony Lopez,67,Boston,2022-11-08
6537,Deborah Robinson,57,Los Angeles,2025-09-22
7906,Andrew Thompson,49,Fresno,2022-08-19
7951,James Brown,30,Columbus,2020-03-19
9167,Lisa Clark,28,Los Angeles,2024-11-07
852,Ashley Sanchez,46,Portland,2020-01-18
9420,Steven Williams,18,Denver,2022-03-10
9503,Lisa Hernandez,48,Dallas,2020-01-12
2657,Christopher Gonzalez,59,Louisville,2024-02-26
849,Elizabeth Clark,39,Columbus,2024-08-03
4157,Amanda White,31,Louisville,2020-08-08
1026,Paul Sanchez,19,Louisville,2022-10-12
