C_ID,C_NAME,AGE_YRS,LOC_CD,REG_DT
8126,Jessica Jones,70,San Francisco,2023-12-28
5568,Sarah Thomas,23,Phoenix,2024-10-09
5523,Jessica Lewis,46,Boston,2023-08-22
1631,Mark Williams,22,Austin,2020-05-25
344,Emily Davis,43,Louisville,2021-03-12
7188,Joshua Thompson,64,Kansas City,2024-10-01
4174,Emily White,66,Fort Worth,2022-07-28
8814,Daniel Harris,26,Dallas,2025-05-10
8001,Sarah Hernandez,54,Portland,2023-07-01
9638,Matthew Martin,55,Washington,2024-10-19
3527,Karen Gonzalez,46,Phoenix,2020-09-11
1916,Jennifer Perez,37,Milwaukee,2021-08-22
7680,Christopher King,24,Fresno,2020-09-05
3756,Joshua Harris,55,Columbus,2025-09-20
1187,Steven Davis,50,Kansas City,2021-08-06
1149,Nancy Jones,34,Milwaukee,2023-03-24
5504,Joshua Wilson,65,Phoenix,2021-08-10
6951,Paul Jones,43,Charlotte,2025-06-24
1542,Robert Sanchez,64,Jacksonville,2023-08-28
8276,Christopher Davis,61,Dallas,2025-03-12
3041,Jane Lee,40,Boston,2020-06-28
6730,John Miller,36,Boston,2025-08-25
4558,Robert Williams,27,Austin,2025-04-16
4494,Jane Martinez,70,Oklahoma City,2020-07-03
975,Sarah Young,68,Tucson,2023-11-11
5713,Lisa Young,19,San Diego,2021-03-13
9848,Nancy Clark,36,Chicago,2020-09-09
8923,Joshua Sanchez,52,Boston,2024-04-22
6634,Andrew Williams,41,Los Angeles,2025-09-05
6942,Mark Robinson,58,Fort Worth,2023-02-02
201,Donald Perez,52,Tucson,2024-02-12
3902,Deborah Johnson,48,Philadelphia,2020-02-01
7929,Emily Martin,37,San Diego,2021-01-22
1286,Emily Sanchez,64,San Diego,2023-04-18
5009,Betty Moore,30,Portland,2022-03-23
2803,Dorothy Ramirez,18,Portland,2021-02-14
4590,Dorothy White,69,Milwaukee,2021-06-21
6733,Lisa Young,36,Columbus,2025-12-22
7349,Jennifer Gonzalez,69,Phoenix,2021-09-09
6970,Steven White,36,Kansas City,2022-12-18
6893,Christopher Lopez,60,Boston,2022-08-24
9444,John Taylor,45,Washington,2023-08-17
4510,Karen Davis,31,Sacramento,2023-06-03
4279,Jane Johnson,47,Charlotte,2021-01-02
2325,Nancy Robinson,21,Los Angeles,2025-11-21
7151,Ashley Moore,39,Tucson,2024-09-24
200,Anthony Moore,24,Oklahoma City,2020-01-26
459,Emily Rodriguez,62,Jacksonville,2025-03-25
528,Jennifer Gonzalez,45,Washington,2022-06-04
831,David Perez,64,Jacksonville,2025-10-09
4458,Michael Jones,24,Houston,2023-11-28
3351,Lisa Smith,22,Las Vegas,2022-10-25
834,Nancy Miller,21,Columbus,2025-01-20
7381,Emily Gonzalez,59,Fresno,2024-02-09
8004,Ashley Thompson,65,Sacramento,2022-06-24
9985,Lisa Thompson,37,Las Vegas,2020-04-10
95,Elizabeth Moore,64,Washington,2020-12-05
1928,John Young,33,Charlotte,2024-07-21
9636,Lisa Martinez,35,Fort Worth,2023-07-12
1483,John Gonzalez,70,Boston,2024-03-25
6837,Donald Garcia,62,Chicago,2023-03-18
3420,Mark Harris,22,Kansas City,2020-06-19
7356,Jane Smith,29,Jacksonville,2024-08-05
3656,Steven Allen,32,Portland,2025-04-16
5286,Lisa White,24,Chicago,2025-10-01
6093,David Young,40,Houston,2020-03-11
5815,Jennifer Rodriguez,58,Denver,2020-08-22
2511,Elizabeth Robinson,20,Sacramento,2024-11-14
6062,Jane Brown,60,Sacramento,2025-05-25
4203,Christopher Brown,52,San Jose,2022-07-21
3253,Donald Rodriguez,20,San Francisco,2025-01-14
4278,James Young,20,Boston,2021-04-06
3542,Anthony Robinson,46,Fresno,2022-10-23
5765,Joshua Allen,47,San Francisco,2022-05-23
3712,Anthony Young,47,Kansas City,2021-04-05
