C_ID,C_NAME,AGE_YRS,LOC_CD,REG_DT
9599,Jennifer Martinez,65,Nashville,2021-06-25
4422,Robert Hernandez,59,Oklahoma City,2020-10-01
832,Christopher Hernandez,23,Sacramento,2024-07-08
7057,John Martinez,31,Fort Worth,2021-04-11
4932,Dorothy Wilson,30,Portland,2022-11-16
7470,David Brown,69,Indianapolis,2020-06-07
9630,Robert Moore,50,San Diego,2020-05-10
1936,Deborah Lee,66,Oklahoma City,2021-06-12
7353,Sarah Lee,61,Chicago,2023-07-11
8645,Lisa Hernandez,49,Milwaukee,2023-02-12
7286,Jennifer Sanchez,60,Indianapolis,2023-07-26
5942,Emily Smith,46,Portland,2024-01-05
7552,Jessica Garcia,48,Nashville,2022-02-03
6398,Nancy Allen,62,Nashville,2021-04-15
2513,Michael Williams,65,San Jose,2023-01-14
5336,Daniel Jones,69,Kansas City,2025-01-14
2725,Emily Harris,22,Chicago,2025-04-18
9647,Dorothy Gonzalez,50,Houston,2020-03-11
3433,Elizabeth White,18,Austin,2023-06-24
4760,Jennifer Allen,21,San Jose,2022-09-23
4218,Sarah Ramirez,57,Baltimore,2025-05-11
6143,Dorothy Anderson,22,Jacksonville,2021-12-11
9684,Deborah Ramirez,26,Philadelphia,2022-07-14
558,David Perez,59,Dallas,2024-08-21
7074,Amanda Lopez,39,Sacramento,2021-11-19
782,David Davis,39,Chicago,2021-11-11
1835,Andrew Johnson,45,Portland,2021-04-16
3901,Jennifer Clark,43,Sacramento,2021-08-06
1191,Betty Ramirez,45,Washington,2020-10-11
3728,Elizabeth Moore,34,Charlotte,2021-12-08
496,Ashley Jones,51,Austin,2025-09-07
6792,Elizabeth Lee,20,Nashville,2022-07-27
9197,Ashley Martin,21,New York,2024-04-28
526,Betty Wilson,59,Sacramento,2022-06-23
6896,Lisa Johnson,58,Louisville,2022-09-27
7666,Karen Young,21,Sacramento,2024-02-27
5356,Amanda Thomas,47,Phoenix,2020-10-20
867,Jessica Jackson,48,Austin,2021-01-19
1978,Robert Smith,28,Louisville,2023-04-01
6248,Anthony Lee,26,Chicago,2021-08-25
2897,Amanda Taylor,58,Los Angeles,2021-07-05
5652,Sarah Rodriguez,49,San Jose,2023-04-10
8801,Betty Harris,60,Las Vegas,2022-06-14
336,Deborah King,44,Los Angeles,2020-11-01
2516,John Sanchez,52,Washington,2020-07-24
3288,Lisa Sanchez,33,New York,2025-08-17
9380,Steven Jones,39,Albuquerque,2025-10-27
9791,Karen Moore,37,Sacramento,2023-05-13
6352,Steven Smith,26,San Jose,2021-12-12
8337,Jessica Anderson,67,Houston,2020-06-27
5342,Amanda Perez,61,Fresno,2025-12-01
3713,Elizabeth Davis,40,Indianapolis,2020-06-18
2565,Andrew Robinson,37,Oklahoma City,2020-08-22
6526,Christopher Jones,39,Philadelphia,2020-11-04
1100,Andrew Taylor,28,Albuquerque,2024-04-07
4796,James Robinson,37,Houston,2025-12-12
6536,Karen Hernandez,45,Kansas City,2021-06-05
2179,Lisa Robinson,60,Baltimore,2021-04-16
7090,James Taylor,25,Phoenix,2021-10-05
7601,Anthony Miller,21,Kansas City,2023-06-19
8139,Donald Rodriguez,22,Austin,2022-07-21
8371,Joshua Sanchez,34,Mesa,2023-10-07
5278,Betty Sanchez,38,Denver,2021-07-25
2227,Jennifer King,55,Phoenix,2021-08-08
2441,Joshua Thomas,35,Fort Worth,2024-01-24
2677,Nancy Johnson,53,Chicago,2024-03-15
651,Mark Ramirez,37,San Antonio,2023-08-26
6441,James White,20,Louisville,2020-12-28
2000,Anthony Gonzalez,68,Chicago,2024-03-15
9134,Emily Jackson,26,Chicago,2022-04-14
5377,Jane Garcia,20,Boston,2022-07-20
2975,Steven Thomas,20,Louisville,2025-01-25
2204,Jane King,63,Chicago,2023-06-20
2946,James Jones,53,Philadelphia,2025-01-28
858,Paul Gonzalez,68,Columbus,2024-05-03
