EMP_ID,EMP_NM,DEPT_CD,SAL_AMT
5104,Anthony Moore,Legal,107563
867,Karen Sanchez,Research,132745
7683,Matthew Walker,IT,119270
592,Matthew Ramirez,Marketing,64354
6843,Nancy Martinez,Customer Service,33892
8975,Anthony White,Operations,80028
3187,Sarah Johnson,Sales,129682
5276,Daniel Wilson,Operations,96311
2413,Nancy Allen,Operations,124568
5041,Betty Taylor,Finance,135436
4789,Lisa Rodriguez,Customer Service,46116
4617,Steven Harris,Research,53188
5480,Betty Martinez,Marketing,45452
5617,Robert Taylor,Customer Service,147769
1123,Lisa Harris,Operations,67517
8986,Matthew Jones,HR,123011
2389,Christopher Harris,Engineering,114883
7377,Emily Miller,IT,61192
2349,Daniel Sanchez,Finance,134851
9375,Jessica Johnson,Finance,122581
3445,Jessica Gonzalez,Finance,111725
8043,Jennifer Anderson,Legal,71978
3075,Dorothy Martinez,HR,98640
8420,Anthony Rodriguez,Research,117272
474,Steven Wilson,Engineering,104906
1420,Elizabeth Martin,Research,58528
1357,Karen Lee,Finance,118141
2909,Matthew Williams,Finance,49109
2392,James Martin,IT,138852
6368,Anthony Martin,HR,108869
7733,Michael White,Engineering,145178
8657,Ashley Walker,Research,48243
1013,Elizabeth Lee,Finance,123047
1553,Sarah White,Engineering,38393
587,Andrew Young,Engineering,68960
9418,Mark Clark,Engineering,96349
3359,Matthew Wilson,HR,38218
5177,Sarah Perez,Legal,137515
7532,John Lewis,Finance,116017
7123,Christopher Anderson,Operations,131868
9539,Steven Allen,HR,79094
9842,Paul Walker,IT,80698
8899,Robert Smith,HR,83239
220,Michael Martinez,Research,148896
9009,Nancy Allen,Finance,130735
8333,Donald White,Customer Service,90891
9375,Lisa Jackson,Operations,64332
7569,Amanda King,HR,136229
669,Amanda Smith,Research,44409
2605,Nancy Williams,Marketing,68760
4995,Matthew Jackson,Sales,126387
8050,Donald Young,Customer Service,134063
935,Dorothy Allen,Engineering,109681
273,Robert Clark,Engineering,65997
2591,David Gonzalez,Customer Service,100031
3449,Jane Ramirez,Legal,59784
4950,David White,Customer Service,48903
1115,Ashley Johnson,Marketing,68681
7381,Jane Garcia,Engineering,79869
8599,Christopher Smith,Legal,97695
470,Karen Young,Operations,39111
9419,Jane Lee,Legal,71197
616,Lisa Rodriguez,Marketing,145754
9290,Robert Hernandez,Engineering,47686
575,Ashley Perez,Operations,93546
648,Donald Ramirez,Sales,103199
5081,Lisa Martin,Legal,149209
7482,Christopher Lopez,Research,41074
4081,Jennifer Brown,HR,48376
2987,Jennifer Davis,HR,99683
9726,Steven Allen,Sales,103131
4728,Sarah Johnson,Legal,79683
638,Lisa Gonzalez,IT,94141
3611,Deborah Wilson,Operations,47219
3624,Lisa Williams,IT,63062
8260,Nancy Williams,Marketing,122065
4395,Lisa Thompson,Research,80190
9421,Anthony Lewis,Engineering,32454
8159,Emily Martin,IT,149837
9567,Paul Johnson,Research,70626
3367,Ashley White,Customer Service,34729
3207,Emily Allen,Customer Service,43922
5022,Matthew Sanchez,IT,119214
2457,John White,Operations,81631
5592,Mark Martin,Customer Service,51449
6929,Christopher Smith,Marketing,75153
7139,James Walker,Finance,66160
7005,Betty Rodriguez,HR,89826
5495,Jennifer Martinez,Sales,133994
3310,Robert Young,Customer Service,101470
353,Jane Hernandez,Legal,85354
4609,Karen Jones,Customer Service,73892
9983,Robert Thompson,Legal,43741
2452,John Young,IT,116608
6752,Matthew Ramirez,Operations,76076
7539,Jennifer Ramirez,Sales,38923
157,Amanda Perez,Marketing,135601
9847,Paul Johnson,Operations,140473
4380,Sarah Ramirez,Customer Service,101317
2778,Lisa Perez,HR,105017
