C_ID,C_NAME,AGE_YRS,LOC_CD,REG_DT
7447,Elizabeth Ramirez,52,Baltimore,2024-09-06
7838,Matthew Young,57,Mesa,2024-10-18
365,Matthew Johnson,55,New York,2021-02-01
7404,Deborah Rodriguez,49,Indianapolis,2022-11-20
8110,James Williams,34,San Diego,2020-06-04
1483,Amanda Perez,43,San Diego,2025-12-13
9085,Karen Young,57,Tucson,2025-01-28
3190,Elizabeth Martinez,70,Seattle,2021-01-26
392,Jane Thomas,49,San Jose,2020-10-19
3326,Dorothy Thompson,23,Denver,2022-06-13
3317,Elizabeth Brown,18,Nashville,2022-12-06
2123,Lisa Miller,21,Columbus,2025-04-26
4350,Steven Lopez,37,Fort Worth,2022-05-09
6792,Amanda Ramirez,37,San Antonio,2023-03-08
6563,Ashley Lee,65,Louisville,2024-08-03
8943,James Brown,23,Houston,2025-11-16
1859,Steven Hernandez,39,New York,2024-03-22
9305,Michael Harris,22,San Diego,2023-02-27
2775,Jessica Lee,55,Chicago,2023-03-02
561,Elizabeth Jackson,48,San Francisco,2022-09-21
7249,Lisa Thomas,42,Mesa,2024-01-11
9162,Daniel Thomas,56,Philadelphia,2025-01-28
8955,Matthew Allen,35,Sacramento,2021-10-08
3340,Andrew Williams,18,New York,2020-05-01
6770,John Perez,63,Milwaukee,2025-11-08
7610,Steven King,61,Houston,2021-10-17
4712,Paul White,69,Tucson,2024-12-23
7913,Michael King,22,Nashville,2024-05-01
5807,Christopher Lopez,69,San Diego,2024-03-27
7614,Donald Robinson,32,Oklahoma City,2024-05-06
9225,John Jackson,58,Boston,2025-04-27
9520,Amanda Williams,38,Mesa,2024-06-08
2462,Mark Wilson,26,New York,2022-08-26
6522,Amanda White,64,Mesa,2023-02-21
3351,Donald Harris,67,San Francisco,2022-09-22
9462,Michael Brown,26,Mesa,2024-01-17
3289,Steven Davis,53,Charlotte,2024-03-06
8279,Jane Clark,47,Washington,2021-02-13
9153,Amanda Anderson,56,Sacramento,2025-04-16
2149,Steven Smith,36,Fort Worth,2021-02-23
1502,Nancy Williams,51,Seattle,2021-02-05
1637,Robert Jackson,36,Houston,2020-10-21
8034,Betty Rodriguez,25,San Jose,2024-02-28
9970,Betty Thompson,59,Fresno,2021-06-09
1595,Jennifer Miller,18,Nashville,2025-03-11
5718,Elizabeth Lewis,68,Milwaukee,2025-02-04
7887,James Rodriguez,69,San Diego,2022-01-28
4943,Jane Davis,47,San Jose,2025-01-20
803,Donald Brown,20,Fort Worth,2024-11-17
2323,Steven King,27,Las Vegas,2025-09-20
299,Paul Garcia,65,Boston,2021-12-06
5842,Michael Wilson,18,Seattle,2025-04-05
2491,Robert White,60,Baltimore,2020-05-21
558,Karen Thomas,69,Baltimore,2020-11-26
2615,Amanda Perez,65,Sacramento,2024-06-18
4864,Steven Lewis,44,Seattle,2025-07-01
860,Betty Martinez,38,Jacksonville,2024-09-28
5545,Jessica Perez,60,Austin,2021-10-20
8690,Joshua Ramirez,32,Mesa,2024-12-20
337,Paul Rodriguez,36,Oklahoma City,2022-06-27
83,Betty Jones,28,Albuquerque,2021-04-08
7613,Andrew Jackson,30,Houston,2023-11-19
9678,Steven Lopez,25,Jacksonville,2022-03-12
6856,Emily Sanchez,50,Albuquerque,2021-04-26
75,Elizabeth Harris,60,Dallas,2022-09-07
5020,Jessica Rodriguez,22,Los Angeles,2024-09-20
2360,Christopher Thomas,35,Albuquerque,2021-11-17
4950,Matthew Thomas,56,Fresno,2021-01-27
3745,Lisa Walker,23,Fresno,2025-09-15
1555,Jane Wilson,40,Dallas,2025-07-28
8469,Daniel Smith,64,Kansas City,2020-03-08
9693,Elizabeth Allen,24,Kansas City,2023-08-09
2866,James Allen,68,Denver,2025-12-09
748,Mark Jones,31,San Francisco,2025-03-04
2003,Donald Gonzalez,37,Washington,2023-04-07
