C_ID,C_NAME,AGE_YRS,LOC_CD,REG_DT
7130,Daniel Moore,35,Fort Worth,2025-06-02
623,Lisa Lopez,37,Seattle,2022-05-07
5180,Emily Moore,49,San Diego,2024-09-21
4318,Steven Sanchez,19,Denver,2020-06-22
5470,Ashley Robinson,62,Charlotte,2024-08-07
191,Donald Johnson,50,San Jose,2023-11-09
3903,Emily Lee,47,Las Vegas,2022-03-27
3732,Matthew Wilson,23,Baltimore,2021-08-18
87,Deborah Johnson,50,Tucson,2020-12-06
552,Sarah Ramirez,49,Austin,2021-01-16
7772,Mark Moore,55,Houston,2020-01-11
5681,Nancy Gonzalez,46,San Diego,2022-12-15
467,Donald Harris,61,Louisville,2024-02-27
4231,Amanda Moore,58,San Jose,2023-02-28
633,Jane Johnson,37,Phoenix,2023-11-14
8042,Steven Davis,18,Tucson,2023-02-11
556,Jessica Lee,69,Indianapolis,2025-05-21
7911,Donald Jackson,20,Charlotte,2021-04-18
5080,Michael Allen,68,Las Vegas,2020-03-22
3691,Paul Johnson,43,Dallas,2024-03-11
5912,Sarah Robinson,29,Fresno,2024-06-06
4387,Jennifer Lewis,68,Baltimore,2025-09-22
1883,Ashley Ramirez,36,Denver,2025-01-23
1236,Dorothy Allen,19,Boston,2023-04-11
539,Lisa Anderson,59,Milwaukee,2020-09-04
8828,Lisa Sanchez,49,Jacksonville,2020-10-21
1727,Amanda Thomas,26,San Diego,2022-12-16
3577,Dorothy Davis,32,Tucson,2021-09-19
9625,David Lopez,22,Denver,2025-09-04
6579,Jessica Hernandez,39,Fresno,2022-01-10
3386,Daniel White,51,Washington,2023-06-14
1238,Lisa Lopez,64,Louisville,2023-11-26
3368,Betty Taylor,18,Washington,2023-05-08
2624,Emily Hernandez,36,Chicago,2023-04-12
8451,Jane Brown,65,Indianapolis,2020-04-10
3690,Andrew King,42,Nashville,2024-09-10
3002,Andrew Walker,57,Chicago,2023-03-03
8813,Karen King,27,Boston,2023-09-17
6377,Nancy Martinez,25,Fresno,2023-11-25
829,Daniel Martinez,70,Austin,2023-03-15
1055,Elizabeth Robinson,67,Nashville,2020-05-10
6243,Jessica Miller,44,Nashville,2022-01-14
9544,Jessica King,62,Indianapolis,2025-09-11
5849,Jennifer Ramirez,46,Nashville,2022-10-11
372,Daniel Rodriguez,59,San Francisco,2024-06-11
3330,Anthony Gonzalez,61,Houston,2025-01-15
1049,Emily Taylor,27,San Diego,2020-07-08
8972,Deborah Gonzalez,18,San Antonio,2022-12-03
2680,Michael Martin,27,Oklahoma City,2025-05-11
920,Elizabeth Gonzalez,35,Indianapolis,2022-12-17
7008,Andrew Lee,19,Portland,2021-11-19
5708,Dorothy Rodriguez,52,Tucson,2023-03-23
6296,Steven White,53,Charlotte,2020-09-02
2020,Jennifer Davis,53,Boston,2023-10-17
7027,Amanda Moore,32,Seattle,2020-05-18
8585,Lisa Harris,56,Fresno,2025-05-07
105,Amanda Smith,34,Philadelphia,2023-06-16
1378,Michael Jackson,25,Seattle,2020-01-12
7947,Joshua Miller,61,Baltimore,2022-01-15
7619,Anthony Davis,67,Washington,2022-09-25
129,Paul Rodriguez,37,Jacksonville,2020-05-24
2500,Betty King,20,Jacksonville,2023-03-23
5820,Lisa Moore,29,Louisville,2022-11-11
330,Betty Thompson,42,Las Vegas,2022-05-15
408,Betty Sanchez,20,Denver,2025-05-15
2121,James Jackson,53,Austin,2023-08-13
8914,Michael Gonzalez,46,San Antonio,2021-03-16
4623,James Moore,37,Washington,2022-11-07
2823,Jennifer Thomas,21,San Francisco,2025-04-09
1849,Donald Sanchez,29,San Francisco,2024-02-06
7979,Paul Brown,36,San Francisco,2023-11-21
1011,Jane Smith,70,Denver,2024-08-23
3461,Lisa Sanchez,67,Tucson,2022-07-04
8914,Betty Lopez,25,Mesa,2024-04-14
8573,Karen Moore,48,Charlotte,2020-09-09
