C_ID,C_NAME,AGE_YRS,LOC_CD,REG_DT
9109,Lisa Ramirez,20,Jacksonville,2021-06-08
8825,Michael Clark,42,San Francisco,2024-02-24
5629,Matthew White,56,Washington,2021-06-10
9261,Michael Perez,20,Philadelphia,2025-11-14
1290,David Jackson,30,Louisville,2025-09-01
9818,Joshua Martin,63,San Antonio,2024-03-04
89,Jennifer Hernandez,41,Tucson,2021-04-27
7043,Christopher Martinez,61,Kansas City,2022-09-23
9062,Robert Perez,31,Nashville,2023-02-01
7254,Robert Harris,39,Mesa,2025-06-15
9966,Mark Smith,19,Oklahoma City,2020-03-12
1345,Betty Miller,31,Denver,2023-10-06
7940,Jane Harris,27,Sacramento,2021-04-01
5847,Steven Martinez,52,Oklahoma City,2021-01-23
3337,Emily Lewis,59,Mesa,2023-09-22
589,Deborah Anderson,55,Fresno,2023-12-13
123,Amanda Williams,64,Charlotte,2024-02-02
8996,Jennifer Martin,30,San Francisco,2020-07-03
4421,Matthew Lopez,55,Fresno,2020-01-04
8050,David Sanchez,68,Kansas City,2024-12-21
958,Anthony Miller,61,Baltimore,2021-02-15
9121,Ashley Anderson,24,Albuquerque,2025-04-12
6910,Jennifer Clark,60,Mesa,2023-04-11
3514,Paul Johnson,34,Portland,2024-01-20
2409,James Jones,27,Dallas,2025-03-22
8053,Ashley Gonzalez,50,Fort Worth,2020-12-08
4112,Andrew Brown,50,San Antonio,2024-11-22
8049,Daniel White,39,Portland,2021-11-08
2097,John Jones,25,Oklahoma City,2024-05-26
5684,Anthony Johnson,67,Baltimore,2023-12-09
8201,Lisa White,59,Boston,2022-02-18
7053,Elizabeth Johnson,32,Baltimore,2023-08-17
5016,Jessica Clark,39,Boston,2022-03-10
3839,Emily Brown,41,Washington,2022-06-20
3883,Daniel White,36,Fresno,2020-01-04
4358,Jane Clark,69,Chicago,2025-11-13
4553,Christopher Lewis,27,Philadelphia,2023-01-09
6325,Emily Lopez,59,Dallas,2021-03-04
4615,Dorothy King,52,Las Vegas,2024-04-28
7657,Mark Lee,70,Fresno,2024-01-23
2247,Deborah Sanchez,32,Austin,2024-08-26
5390,Dorothy Hernandez,30,Indianapolis,2023-10-22
6291,David King,61,Denver,2022-11-22
6419,Christopher White,30,Fresno,2025-08-10
4169,Joshua Anderson,57,Jacksonville,2022-12-24
9791,Paul Young,51,Albuquerque,2023-06-20
6421,Jennifer Thomas,30,Louisville,2025-10-20
9464,Elizabeth Martinez,28,Seattle,2022-10-26
9572,James Rodriguez,70,Phoenix,2024-03-26
433,James Martinez,24,Fresno,2020-10-26
4133,Karen Wilson,48,Phoenix,2023-04-15
561,Ashley Jones,49,Milwaukee,2021-12-09
2226,Ashley Allen,41,Kansas City,2021-01-14
8792,Robert Johnson,19,Houston,2020-05-18
8608,Mark Young,25,Oklahoma City,2023-03-01
3278,Anthony Allen,53,San Jose,2025-12-08
7018,Paul Lee,50,Sacramento,2020-03-12
3844,Steven Johnson,37,Columbus,2023-05-04
7574,Mark Hernandez,68,Charlotte,2024-11-05
7848,Donald Rodriguez,24,Mesa,2024-08-21
8243,Matthew Martin,50,Chicago,2025-06-21
5836,Lisa Perez,30,San Diego,2022-10-07
1816,Mark King,65,Boston,2022-04-24
705,Karen White,33,Washington,2025-08-15
2666,Ashley Harris,32,Seattle,2020-06-19
6822,Betty Thompson,38,San Antonio,2022-02-09
3442,Betty Taylor,42,Oklahoma City,2024-07-23
580,Betty Martin,24,Denver,2022-03-01
5110,John Jackson,60,Oklahoma City,2021-01-06
9114,John Thompson,52,Denver,2020-02-27
2611,Jessica Taylor,63,Philadelphia,2021-04-04
9526,Elizabeth Rodriguez,38,Austin,2023-09-24
9551,Sarah Walker,19,Seattle,2025-07-16
1353,Donald Clark,22,Oklahoma City,2023-04-16
7826,Sarah Davis,64,San Antonio,2022-04-18
