C_ID,C_NAME,AGE_YRS,LOC_CD,REG_DT
6916,Christopher Garcia,20,Columbus,2021-12-28
1205,Lisa Gonzalez,68,Dallas,2024-01-05
9777,Christopher Robinson,47,Sacramento,2022-02-25
4788,Andrew Jones,63,Denver,2020-01-17
8335,Amanda King,59,Louisville,2020-05-08
285,Jessica Williams,43,Sacramento,2020-10-20
5483,Ashley Taylor,56,Sacramento,2025-04-11
1834,Lisa King,28,Milwaukee,2020-05-27
1355,Mark Martin,47,Indianapolis,2022-04-01
8339,Matthew Lee,37,Nashville,2021-08-21
3527,Amanda Hernandez,61,Albuquerque,2022-02-15
7795,Jane Wilson,61,Mesa,2025-03-07
6642,Amanda Anderson,48,Albuquerque,2025-10-17
1599,Anthony Jackson,48,Washington,2024-03-17
5006,Jessica White,29,Charlotte,2023-12-20
495,Deborah Harris,68,Sacramento,2025-12-09
2710,Deborah Lewis,18,Houston,2020-08-22
1815,Sarah Jackson,54,Austin,2023-02-11
373,Andrew Clark,39,Austin,2022-01-04
6200,James Garcia,33,Las Vegas,2020-03-25
9461,Matthew King,41,New York,2024-04-24
5981,Michael Perez,65,San Diego,2021-11-13
8504,David Williams,58,Boston,2025-02-20
6429,James Martin,66,Philadelphia,2025-04-13
5502,Emily Gonzalez,44,Las Vegas,2022-09-18
9146,Jane King,22,Mesa,2021-06-04
1591,Robert White,51,Milwaukee,2020-08-14
5832,Joshua Davis,41,San Francisco,2023-02-20
1406,Jennifer Robinson,50,Seattle,2024-09-26
5516,John Taylor,56,Louisville,2020-04-25
7048,Nancy Lee,65,Fresno,2025-07-07
2395,Christopher Thompson,26,New York,2025-02-09
6991,Paul Young,67,Dallas,2020-05-17
2200,Andrew Robinson,27,Boston,2020-11-02
6890,Christopher Ramirez,25,Oklahoma City,2025-12-05
8442,Mark Rodriguez,43,Jacksonville,2021-02-05
9376,Daniel Martinez,21,Philadelphia,2021-02-28
6236,Karen Smith,28,Boston,2021-05-28
9780,Andrew Lewis,30,Houston,2025-06-02
564,Mark King,32,Oklahoma City,2021-06-17
8016,Anthony Robinson,63,Indianapolis,2023-11-05
2673,Paul Allen,31,Austin,2024-07-12
6360,Karen Miller,63,Nashville,2020-10-09
9973,Christopher Walker,68,Philadelphia,2024-03-26
6618,Jane Johnson,49,Baltimore,2020-12-24
3146,Elizabeth Allen,60,Chicago,2023-12-12
3729,Michael King,65,Milwaukee,2023-01-21
4806,Sarah Lee,27,Fresno,2022-05-20
5950,Joshua Brown,33,Los Angeles,2021-02-09
8895,Lisa Johnson,49,Nashville,2022-02-16
4584,Lisa Clark,40,Chicago,2024-02-02
4654,Elizabeth Martinez,28,Philadelphia,2022-12-08
5704,David White,41,Nashville,2023-08-23
1606,Andrew Miller,29,Kansas City,2020-12-26
1539,Deborah Moore,64,Kansas City,2021-10-27
13,Ashley Perez,51,Baltimore,2020-02-25
8399,Joshua Anderson,67,Austin,2023-02-10
969,Elizabeth Davis,18,Fresno,2023-11-09
1981,Robert Garcia,62,Tucson,2024-05-25
1076,Jane Anderson,29,Austin,2020-08-20
9165,Amanda Lewis,32,Phoenix,2023-06-18
1353,Dorothy Ramirez,54,Washington,2023-09-13
7681,Paul Ramirez,45,Indianapolis,2025-12-04
3896,John Miller,24,Indianapolis,2021-06-20
5399,Joshua Jones,68,Louisville,2025-09-08
3398,Jennifer King,38,San Jose,2021-12-07
8771,Emily Garcia,29,Denver,2025-12-13
1955,Lisa Moore,65,Fresno,2025-02-07
9399,Ashley Taylor,48,San Antonio,2024-03-06
9615,Donald Williams,39,Denver,2023-01-22
8171,Joshua Johnson,51,Tucson,2025-03-27
3362,John Gonzalez,24,Nashville,2023-06-02
1351,Lisa Miller,53,San Antonio,2023-03-22
5828,Karen Hernandez,69,Seattle,2024-01-04
7213,Donald Anderson,28,Albuquerque,2025-05-10
