C_ID,C_NAME,AGE_YRS,LOC_CD,REG_DT
5408,James King,48,Fort Worth,2024-06-21
172,Emily Jones,22,Kansas City,2022-10-12
6577,Donald Miller,40,Fresno,2023-05-05
5251,Joshua Wilson,62,Seattle,2024-05-10
7755,Michael Smith,49,San Francisco,2020-08-17
6943,Lisa Lopez,28,Seattle,2020-04-11
3894,Sarah Williams,32,Austin,2021-02-02
1953,Dorothy Rodriguez,34,Denver,2023-06-02
9192,Karen King,63,Austin,2024-06-26
8671,Anthony Lee,37,Kansas City,2022-09-20
8025,Ashley Garcia,22,Phoenix,2020-12-03
3968,Karen Allen,68,Philadelphia,2023-02-18
9322,Anthony Jackson,45,Washington,2023-04-03
413,Ashley Anderson,45,Los Angeles,2023-01-21
1384,Matthew Lee,51,Portland,2021-04-04
477,David Williams,36,San Francisco,2023-08-11
5895,Elizabeth Clark,21,San Jose,2020-03-20
5162,John White,27,Oklahoma City,2024-04-28
8282,Robert Allen,62,Denver,2024-02-26
9894,Emily Wilson,24,Louisville,2025-06-17
3131,Anthony Sanchez,59,Tucson,2020-02-08
2890,Betty Young,18,Baltimore,2024-01-15
6592,Anthony Harris,35,Dallas,2025-03-17
2488,Jane Williams,56,Charlotte,2021-05-14
3233,Betty Sanchez,53,Baltimore,2020-11-03
2066,Amanda Martin,54,San Antonio,2022-10-05
179,Daniel Davis,65,Houston,2025-07-21
6822,Mark Rodriguez,63,Washington,2024-09-15
8714,John King,67,Columbus,2024-09-28
7706,Lisa Perez,31,Oklahoma City,2023-12-26
3202,Matthew Perez,34,Tucson,2024-12-23
3850,Lisa Rodriguez,55,Louisville,2023-03-24
9411,Lisa Hernandez,63,Las Vegas,2023-06-17
8826,Elizabeth Perez,43,Philadelphia,2024-01-06
5006,James Walker,23,Columbus,2023-09-23
6471,Lisa Jackson,68,Fresno,2022-10-21
6046,John Lee,25,New York,2024-02-21
9181,Paul Davis,49,Milwaukee,2024-04-05
3332,Nancy Moore,68,Boston,2023-08-06
2,Christopher Wilson,20,Charlotte,2025-08-11
5321,Emily Harris,36,Baltimore,2022-06-09
1028,John Lopez,30,Nashville,2022-02-26
9100,Nancy Davis,26,Nashville,2024-07-27
9708,Lisa Robinson,62,New York,2025-08-16
7048,Jessica Jones,26,Fresno,2022-05-18
1217,Andrew Jones,26,Las Vegas,2020-05-23
7980,Donald Young,21,Mesa,2020-07-26
2148,Elizabeth Rodriguez,55,Boston,2020-01-19
2104,Lisa Moore,57,Mesa,2024-08-05
9484,Daniel Robinson,66,Nashville,2020-09-14
2390,Sarah Robinson,40,Fort Worth,2025-03-11
5725,Matthew Rodriguez,60,Tucson,2020-03-14
7446,Anthony Sanchez,61,Philadelphia,2023-03-09
5116,Daniel Allen,32,New York,2021-12-21
8642,Dorothy Sanchez,51,Louisville,2020-04-09
9292,Andrew King,52,Denver,2025-08-28
8827,Lisa Williams,51,Washington,2022-11-12
9800,Steven Rodriguez,56,Washington,2023-07-18
9837,Robert Johnson,39,Baltimore,2021-09-13
522,Robert Lee,25,Oklahoma City,2023-08-21
7393,Elizabeth Hernandez,23,Nashville,2021-09-22
7938,Lisa Lee,70,Washington,2024-09-16
202,Daniel Walker,40,Tucson,2022-08-07
8848,Ashley Thompson,20,Jacksonville,2025-06-17
4342,Michael Rodriguez,19,San Francisco,2021-01-18
3050,Michael Smith,43,San Jose,2021-07-05
6450,Donald Robinson,47,Albuquerque,2020-01-23
4020,David Walker,64,Portland,2020-11-02
7494,Lisa Martinez,52,Tucson,2024-10-27
5189,Anthony Robinson,64,Los Angeles,2025-10-06
6307,Emily Thompson,25,Las Vegas,2024-11-06
8004,Deborah Anderson,67,Oklahoma City,2021-08-04
4323,Anthony King,55,Tucson,2021-09-15
5740,Anthony White,53,Las Vegas,2023-05-02
8521,Betty Young,63,Baltimore,2021-07-25
