EMP_ID,EMP_NM,DEPT_CD,SAL_AMT
8243,Robert Davis,Legal,62819
9046,Anthony Martinez,Marketing,37623
3312,Ashley Lopez,Legal,128739
306,Betty Sanchez,Operations,113547
4471,Amanda Young,Finance,109644
9599,Dorothy Miller,Finance,149929
9098,Betty Clark,Finance,58321
4556,Joshua Moore,Finance,142142
3816,Jennifer Young,IT,101930
1765,Anthony Brown,IT,84824
8360,Elizabeth Young,HR,116658
6032,Paul Miller,Sales,40371
2480,Michael Walker,Finance,105661
3683,Amanda Walker,Customer Service,137666
6897,Jane Smith,Finance,49092
6380,Robert Hernandez,IT,39720
5912,Andrew Brown,Legal,106999
9852,Donald Moore,IT,81794
7789,John Moore,Research,71775
8029,Lisa Wilson,Research,38931
2938,Donald Martinez,Finance,70679
2460,Ashley Anderson,Sales,118536
5848,Christopher Jackson,Finance,146208
3488,Nancy Sanchez,HR,141218
2666,Steven Brown,Finance,64047
8571,Karen Jackson,Finance,103938
9093,Emily White,IT,54091
7803,Ashley Harris,Research,125873
8907,Elizabeth Wilson,IT,95043
6891,Amanda Harris,Marketing,143796
6697,Lisa Rodriguez,Marketing,95212
927,Amanda Davis,Marketing,99003
6991,Amanda Harris,HR,74446
7834,Deborah White,Customer Service,68528
503,Elizabeth Garcia,Operations,86212
847,John White,IT,70798
4861,Joshua Anderson,Operations,72941
2180,James Thompson,Finance,90457
7930,Jessica Anderson,Customer Service,118008
8390,Steven Smith,Finance,148948
9404,Jennifer Hernandez,Marketing,87249
3704,Nancy Smith,Sales,57820
6510,Robert Williams,Customer Service,104554
9053,Sarah Williams,Finance,119540
8352,Deborah Thompson,HR,58221
1842,Betty Thomas,Research,64876
4940,Robert Johnson,HR,90155
9710,Emily Thompson,Research,52921
703,Daniel Rodriguez,IT,113464
7617,Jane Davis,Customer Service,49027
5105,Donald Lewis,Research,91199
9809,Christopher Johnson,Sales,145330
3154,Betty Hernandez,Finance,80650
1678,Betty Garcia,Finance,74687
1413,David Moore,Marketing,30370
498,Jennifer Walker,Finance,65501
8739,Andrew Harris,Sales,120413
298,Joshua Smith,Legal,117176
4062,Lisa Wilson,Sales,82299
636,Anthony Brown,Customer Service,100639
3803,Dorothy Smith,IT,125756
6237,John Taylor,Finance,99652
8293,Jessica Martinez,Research,77606
6626,Steven Sanchez,Finance,127329
4936,Dorothy Walker,Finance,88143
3027,Amanda Miller,Engineering,32824
2236,Amanda Brown,Customer Service,67605
4421,Matthew Sanchez,Marketing,140770
3257,Deborah Johnson,Marketing,103331
4285,Paul Gonzalez,IT,65417
8770,Paul Thomas,Finance,66135
3369,Robert Thomas,IT,131618
3714,Elizabeth Young,Marketing,49466
9251,Matthew Harris,Marketing,88839
1866,Michael Young,Operations,47860
9615,Robert Davis,Engineering,51002
999,Michael Smith,Customer Service,62576
1785,Steven Walker,Operations,106462
6527,Nancy Garcia,Sales,108622
935,Lisa Robinson,Sales,41131
2803,Daniel Thompson,HR,52108
6032,Amanda Garcia,Customer Service,113721
5992,Joshua Clark,Legal,47311
6090,Paul Allen,IT,94981
1930,Betty Lopez,HR,39822
5646,Jennifer Thompson,Research,35006
5959,Steven Clark,Engineering,103419
2053,Christopher Wilson,Legal,37294
2197,Paul Brown,IT,140873
3443,Jane Brown,HR,40790
6599,Ashley Taylor,Customer Service,68217
8787,Andrew Hernandez,Research,144847
4970,Ashley Hernandez,Legal,77179
6198,Elizabeth Martinez,Research,55683
1990,Sarah Clark,Research,44074
2723,Jane Smith,Finance,68317
4508,James Williams,IT,133905
6707,Steven Robinson,Research,86663
2623,Anthony Miller,Sales,31153
6971,Paul Wilson,Engineering,141831
