EMP_ID,EMP_NM,DEPT_CD,SAL_AMT
5960,Deborah Harris,IT,34115
9251,Lisa Clark,Marketing,116462
5017,Robert Anderson,Finance,83636
6431,Karen Lee,Finance,124544
3103,Donald Thomas,Operations,57800
2016,Lisa Young,Research,122025
4550,Elizabeth Miller,Research,137160
3778,Christopher Martinez,Engineering,102574
2378,Michael Hernandez,Engineering,149395
203,John Gonzalez,Research,91375
3725,Jane Allen,Customer Service,51543
2543,Nancy Harris,Research,133724
5787,Jane Williams,Operations,71839
2139,Robert Young,Legal,109597
144,Betty Brown,Marketing,46075
6183,Amanda Thompson,Sales,72839
2016,Steven Lewis,Finance,92944
365,Joshua Anderson,Engineering,124422
4638,Jane Lewis,Research,34011
3955,Matthew Thompson,Finance,55527
3626,Michael Sanchez,HR,76343
2181,Betty Perez,IT,35131
7467,Emily Smith,HR,65136
1917,Paul Lopez,Operations,115568
2196,Emily Martinez,Legal,52066
4530,Karen Smith,Sales,107379
4859,David Davis,Research,127364
9067,Matthew Clark,Research,73265
6064,Jennifer Rodriguez,Legal,134624
5033,Steven Jones,Finance,44638
8434,Jessica Hernandez,Marketing,43928
488,Andrew Smith,Finance,129118
8494,Karen Jackson,Marketing,61962
8037,Sarah King,Finance,46402
9072,Anthony Sanchez,Customer Service,81053
1443,Mark Ramirez,Engineering,114304
6399,Jennifer Thompson,HR,94192
8181,Karen Brown,HR,113401
4244,Deborah Gonzalez,IT,55635
4900,Robert Gonzalez,Research,109113
5680,Lisa Lewis,Finance,35522
3181,Steven Martinez,Customer Service,47899
8765,Andrew Rodriguez,Legal,92866
6326,James Thompson,Legal,82111
7556,Nancy Davis,Finance,126517
2516,James Williams,Legal,103233
4726,Christopher Wilson,HR,123621
5869,Steven Jackson,Sales,96258
9692,Michael White,IT,40664
9516,Jane Miller,IT,70154
6636,Lisa King,IT,119181
6417,Christopher Martin,Sales,139067
4848,Jessica Rodriguez,Legal,101800
951,Robert Davis,Operations,71738
6122,Robert Clark,Research,49482
7486,Betty Wilson,Research,64216
2119,Mark Lopez,Sales,133910
5097,Betty Perez,Operations,50444
3633,Daniel Perez,IT,140042
4547,Jennifer Sanchez,Sales,60417
9673,David Davis,Research,104578
9557,Michael Sanchez,Customer Service,119252
2309,Nancy Lee,Finance,103361
2181,Christopher Miller,Operations,95463
7185,Daniel Moore,Operations,108229
795,John White,Engineering,104398
6057,Lisa Moore,Legal,50548
6601,Robert Wilson,Research,84638
7196,Emily Taylor,Legal,143957
4029,Dorothy Lopez,Sales,122973
8868,Christopher Williams,Sales,45810
9417,Karen Martin,Marketing,80606
793,David White,HR,85932
7570,Emily Johnson,Finance,42746
3277,Amanda Jones,Engineering,128858
4012,Ashley Lee,Sales,52334
2910,Jane Thomas,HR,82110
1508,Joshua Brown,HR,79811
5279,Christopher Lee,Engineering,96444
3352,Michael Davis,Sales,123445
2427,Deborah Jones,Operations,45410
5673,Joshua Young,Operations,113379
7122,Elizabeth Martinez,Customer Service,56438
4825,Ashley Jones,Sales,72079
7563,Michael Rodriguez,Operations,31937
6916,Christopher Clark,Marketing,96455
3080,Elizabeth Walker,Sales,49125
5221,Daniel Martinez,Operations,130055
3834,James Miller,HR,86291
2580,Joshua Sanchez,HR,113022
889,Karen Lewis,HR,75338
4149,Anthony Anderson,Operations,144918
5355,Dorothy Lopez,Legal,64788
2985,Amanda Young,Marketing,101216
7907,Lisa Smith,Customer Service,131253
8829,Mark Jones,Sales,109559
8443,Steven Martinez,IT,31967
3919,Lisa Clark,Sales,107842
6173,Jessica Thompson,Legal,116297
9100,Nancy Thomas,IT,139441
