EMP_ID,EMP_NM,DEPT_CD,SAL_AMT
8186,Nancy Perez,IT,116056
1731,Betty Moore,Engineering,48045
3439,Karen Sanchez,Sales,94505
4071,John White,Sales,73158
9587,Daniel Rodriguez,Sales,107072
3070,Ashley Rodriguez,Research,89086
7620,Lisa Wilson,Customer Service,81230
3886,Ashley Martinez,Research,43143
5736,Paul Lopez,Finance,87176
3425,Anthony Davis,Sales,138091
6186,Steven Lopez,Research,64954
1434,David Robinson,Operations,76067
9519,Ashley Perez,HR,98565
6576,Mark Martin,Finance,113779
7915,Elizabeth Wilson,Sales,77522
8541,David Martin,Engineering,146618
9332,Lisa Jackson,Sales,46597
8243,Nancy Ramirez,Operations,76090
5837,Anthony Wilson,HR,65975
939,Betty Wilson,Legal,74293
8465,James White,IT,52370
3426,Steven Martinez,Customer Service,47068
1171,Elizabeth Thompson,Customer Service,78297
5217,Nancy Martinez,Engineering,92389
2671,Betty Clark,Sales,34432
5116,Sarah Brown,IT,140278
6772,Steven Williams,Sales,41496
9181,Anthony Johnson,Operations,40291
6035,Betty Hernandez,Marketing,143277
6056,Lisa Lee,Finance,41685
5303,Deborah Perez,Legal,86179
1613,Christopher White,Customer Service,124615
31,Robert Ramirez,HR,96077
6110,Anthony Martinez,Engineering,118980
9221,Ashley Clark,IT,145995
2405,Lisa Clark,Sales,66048
7705,Anthony Jones,HR,60763
3150,Betty Martinez,Engineering,80847
4198,Daniel Wilson,Marketing,139805
1515,Sarah Ramirez,HR,49835
7138,Deborah Robinson,HR,141532
9540,James White,IT,71474
4099,Nancy Clark,Legal,114787
9681,Sarah Lewis,IT,110007
1194,James Johnson,Customer Service,82124
183,Deborah Robinson,Engineering,139488
7085,Deborah Johnson,Sales,107383
8205,Lisa Martin,HR,63421
8565,Matthew Lewis,Operations,70335
8571,Deborah Miller,Finance,123928
1837,Nancy Wilson,Finance,67995
1822,David Thomas,Operations,80618
6200,David Taylor,Finance,131778
313,Elizabeth Thompson,Marketing,131036
6467,David King,Engineering,148709
1499,Matthew King,Customer Service,89510
8023,Deborah Miller,Legal,93994
6730,Betty Clark,Marketing,74283
2551,James Robinson,HR,111364
7873,Karen Lee,Research,82853
3130,Ashley Robinson,Research,124746
2266,David Brown,Marketing,86544
1924,Steven Lee,Research,61908
610,John Moore,Customer Service,74598
1845,Michael Garcia,HR,79036
4823,Anthony Brown,IT,70245
9592,Robert Sanchez,Legal,74949
8471,Jennifer Brown,Engineering,63699
329,Robert White,HR,57713
946,James Rodriguez,Marketing,90648
9219,Sarah Rodriguez,Marketing,79586
4920,Donald Jones,Operations,61771
9571,Elizabeth King,Operations,43505
4126,Steven Garcia,Marketing,41784
7816,David Johnson,Research,62170
3341,David Robinson,Sales,68044
1196,Nancy King,Finance,42770
6509,Elizabeth Young,IT,103003
4492,David Jackson,HR,107416
5227,Karen Walker,Operations,126671
3708,Jessica Taylor,Customer Service,46643
877,Dorothy Miller,Customer Service,38492
1649,Jane Perez,Marketing,71231
8787,Robert Robinson,Operations,101262
6748,James Rodriguez,Operations,56215
5864,Anthony Smith,Customer Service,44474
7669,Steven Davis,Legal,90635
1665,Jane Garcia,Legal,31096
3907,Joshua Perez,Sales,126256
7162,John Garcia,HR,145616
755,David Lewis,Operations,42605
7735,Emily Moore,Legal,137698
8435,Dorothy Allen,Customer Service,130304
242,Steven Perez,Marketing,53740
4855,Ashley Davis,Engineering,107263
1890,James Gonzalez,Finance,59581
6629,Matthew Perez,HR,47678
6884,Matthew Martinez,Research,39768
8157,Jane Williams,Sales,79425
9958,Daniel Perez,Customer Service,63485
