EMP_ID,EMP_NM,DEPT_CD,SAL_AMT
9152,Mark Taylor,Sales,59733
9381,Karen Davis,Marketing,124915
260,Elizabeth Lee,HR,37122
8201,Sarah Ramirez,Research,122921
4617,Michael Sanchez,Research,114295
1890,Deborah Brown,Research,136941
4572,David Brown,Customer Service,149785
5165,Steven Brown,Operations,133843
3207,Lisa Clark,Operations,101246
6777,Nancy Johnson,Marketing,43198
5621,Betty Davis,Operations,94148
72,Sarah Lee,Customer Service,63869
4504,Deborah Anderson,Marketing,93333
2699,Lisa Robinson,Customer Service,96703
4008,Christopher Walker,Finance,84440
4453,Dorothy Walker,IT,56701
1189,Lisa Miller,Finance,45114
6066,Jennifer Young,Finance,61276
1063,Mark Hernandez,Marketing,53237
3525,James Rodriguez,Sales,36177
8573,Karen Robinson,Finance,49947
2505,Anthony Johnson,HR,59393
4699,David Jones,Engineering,91608
767,Paul Garcia,IT,108177
4914,David Martin,HR,144894
5916,Ashley Robinson,IT,105791
2004,Emily Hernandez,HR,32633
4399,Nancy Johnson,Engineering,64056
2581,Amanda Gonzalez,Legal,110850
9760,Robert Jackson,Research,90877
9717,Amanda Anderson,Operations,96754
1070,David Perez,Research,117118
1390,Jennifer Lopez,HR,83104
1269,Joshua Perez,Legal,97803
4557,Joshua Thompson,Sales,50065
5770,Robert Williams,Sales,133676
7069,Elizabeth Jones,Finance,33944
8498,Lisa Thomas,Engineering,48003
9504,James Gonzalez,Operations,70122
5087,Betty Taylor,Research,134783
2325,Elizabeth Taylor,Finance,45812
6212,Deborah Lopez,Legal,135155
421,Daniel Young,Marketing,46441
5828,Matthew Jackson,Finance,148949
260,Jessica Lopez,Operations,35672
1178,Michael Sanchez,Marketing,137573
3691,Jennifer Brown,Finance,104627
824,Dorothy Johnson,Finance,61918
2251,Sarah Williams,Customer Service,68155
4912,Daniel Lewis,Finance,52463
3786,John Allen,Engineering,135403
263,Sarah Gonzalez,Research,67777
9535,Andrew Martin,Research,91128
5526,Elizabeth Walker,Operations,132072
6253,Sarah Jones,Legal,65952
3365,Steven Smith,Sales,84104
6419,James Lopez,Customer Service,48154
1262,Jane Hernandez,Finance,44991
3880,Lisa Moore,Research,70979
8785,Matthew Williams,Finance,70911
3336,Daniel Rodriguez,IT,76090
8757,Michael Lopez,Legal,138492
5473,Michael Rodriguez,HR,89223
2798,Anthony Clark,Customer Service,70285
50,Nancy Ramirez,Legal,123837
5274,Jane Lewis,Customer Service,111169
2214,Jane Lewis,HR,45522
2227,Lisa Miller,Customer Service,88174
6325,Emily Robinson,Finance,89808
7957,Andrew Harris,Legal,130528
8463,Andrew Thompson,Customer Service,144574
7936,Daniel Jackson,HR,136351
5719,Daniel Taylor,Legal,119858
4586,Deborah Johnson,IT,79839
5518,James Wilson,Operations,75913
3798,Matthew Anderson,Customer Service,78998
5779,Karen Thompson,IT,71188
3424,Paul Perez,Engineering,118574
9988,Ashley Young,Marketing,95636
5864,Elizabeth Robinson,Research,50925
1681,Christopher Johnson,Customer Service,35109
5819,Christopher Jackson,Operations,110230
4197,Michael Allen,Customer Service,145595
3873,Ashley Sanchez,Marketing,56059
6622,Dorothy Davis,Sales,45769
306,Amanda King,Research,80127
6218,Amanda Johnson,Engineering,38300
8605,John Robinson,Engineering,68756
2080,James Walker,Engineering,69660
4864,Andrew Taylor,IT,130714
9219,James Johnson,Sales,66998
144,Dorothy Allen,Research,44971
2602,Jane Walker,IT,79264
9144,Michael Young,HR,63230
4182,Lisa Perez,Engineering,147819
3694,John Ramirez,IT,60722
4085,Jennifer Jones,Marketing,130958
6448,John Martinez,Legal,109735
7150,Andrew Young,Operations,127278
9932,Donald Lee,Engineering,141171
