EMP_ID,EMP_NM,DEPT_CD,SAL_AMT
9706,Mark Martinez,Legal,56257
8604,Jennifer Garcia,Research,55678
3931,Amanda Perez,HR,115119
5733,Joshua Jones,Finance,128173
2507,Ashley Jackson,Marketing,91157
2605,Deborah Martinez,Sales,113634
7722,Elizabeth Thompson,Operations,85563
7315,David Smith,Operations,31203
3488,Emily Robinson,Marketing,33316
4588,Mark Garcia,Engineering,136987
5931,Anthony Brown,Engineering,71425
2036,Anthony Young,Customer Service,61170
2412,John Walker,HR,32506
7843,Jessica Robinson,Operations,144954
882,Nancy Miller,Legal,131185
1667,Karen Clark,IT,33300
3006,Elizabeth Garcia,IT,83279
9570,Dorothy Smith,Research,133751
5562,Elizabeth Perez,Customer Service,108856
7036,Nancy Martinez,Operations,136300
5612,Steven Robinson,Legal,112855
9826,Paul Jones,Engineering,116339
3934,Paul Clark,Sales,109169
8957,Lisa Davis,HR,148652
3562,John Thompson,Legal,99830
3762,Mark Thomas,Marketing,78606
4459,Paul White,Research,75814
2215,Matthew Lopez,Research,30842
6990,Lisa Gonzalez,Marketing,30479
8978,Mark Thomas,Research,61386
4888,Deborah Brown,IT,34104
3005,Steven Martinez,Research,114152
4853,Sarah Lopez,Operations,65331
6067,Deborah Johnson,Customer Service,86320
2692,John Davis,Research,39244
8013,Joshua Hernandez,HR,120980
4963,Anthony Johnson,Operations,136962
4763,Jennifer Rodriguez,Legal,119621
5147,Steven Williams,HR,84942
3502,Jane Smith,Research,139017
1119,James Thompson,Operations,31394
2295,Dorothy King,Engineering,124010
6683,Amanda Thompson,Operations,142959
4005,Mark Perez,Engineering,135756
9774,Joshua Taylor,Engineering,131007
4944,John Gonzalez,Sales,97540
4401,Deborah Johnson,Customer Service,149032
4091,Mark Martin,Customer Service,73147
2000,Robert Perez,Legal,92825
704,Amanda Gonzalez,Marketing,33552
4234,John Robinson,IT,83531
2132,Mark Garcia,IT,62189
4669,Lisa Young,Legal,67070
5348,Sarah Martin,Marketing,141955
2980,Mark Smith,Operations,68118
3310,Michael Gonzalez,Sales,146589
2181,Deborah Brown,Sales,134693
287,Jessica Ramirez,Marketing,79379
4351,Dorothy Brown,Sales,146594
181,Andrew Sanchez,Customer Service,32165
6895,Andrew Anderson,HR,144194
3241,Dorothy Smith,HR,38057
1111,Dorothy Allen,HR,135793
7171,Paul Anderson,Research,47563
1680,Christopher Lee,Engineering,121725
7408,Andrew Walker,Marketing,82565
7977,Anthony Gonzalez,Customer Service,138864
6946,Andrew Rodriguez,Engineering,106667
9005,Dorothy Garcia,Sales,50421
7070,Amanda Miller,HR,84634
6632,Jane Lopez,Finance,113866
1103,Matthew Moore,Engineering,68198
5549,Christopher Lee,Finance,89934
7483,Ashley Thomas,Engineering,32370
3675,Lisa Sanchez,Marketing,45205
6041,Jessica Lewis,IT,132671
1763,Dorothy Brown,Engineering,94577
6547,Dorothy Gonzalez,Sales,81687
695,David Wilson,Research,61055
6183,Jessica Johnson,Customer Service,84976
4468,Daniel Ramirez,Customer Service,59104
8290,Mark Miller,HR,73722
9867,Sarah Walker,Sales,91950
5164,Ashley Jones,Engineering,125455
260,Lisa Thompson,Legal,34576
4519,Dorothy Lopez,IT,36588
5182,David Williams,Legal,139012
2344,Lisa Wilson,HR,42118
6810,Lisa Anderson,Sales,96184
1376,Dorothy Hernandez,Sales,39293
1396,Lisa Miller,HR,66252
3939,Anthony Perez,Sales,89412
8491,Anthony Garcia,IT,82073
5966,Karen Robinson,Sales,96592
7171,Ashley Brown,Sales,72503
5585,Daniel Garcia,Engineering,58956
7259,Betty Smith,Marketing,100715
6381,Betty Martin,Operations,127901
524,Betty Lee,Customer Service,88917
8994,Jane King,HR,55391
