C_ID,C_NAME,AGE_YRS,LOC_CD,REG_DT
9218,Betty Allen,25,Louisville,2020-04-05
2379,Ashley Lopez,50,Mesa,2023-11-06
8824,Amanda Hernandez,59,Sacramento,2023-01-14
389,Lisa Lopez,45,Washington,2025-09-06
6993,Deborah Lopez,49,Charlotte,2020-01-10
821,Jane King,24,Las Vegas,2025-06-13
6415,Robert Smith,48,Boston,2022-09-13
3676,John Robinson,67,Nashville,2024-06-12
3901,Jessica Moore,38,Denver,2023-05-26
9402,Betty Rodriguez,31,Mesa,2025-07-24
8646,Betty Young,58,Boston,2024-01-15
6517,Sarah Perez,22,Kansas City,2021-02-18
607,John Ramirez,47,Baltimore,2020-05-16
5243,Christopher Taylor,61,Mesa,2021-01-10
8549,Joshua Wilson,63,Jacksonville,2021-11-05
2110,Steven Thompson,48,San Antonio,2022-05-20
6041,Daniel Johnson,43,Tucson,2021-02-21
5278,Donald King,62,Milwaukee,2025-12-02
1201,Dorothy Martinez,29,Sacramento,2022-01-10
7629,Lisa Hernandez,58,Houston,2025-07-24
7618,Paul Jones,18,Denver,2024-07-09
4667,Betty Miller,32,San Antonio,2020-01-24
4569,Jane Lewis,29,Indianapolis,2023-01-07
4189,Anthony Smith,63,Chicago,2024-09-12
9887,Jane Garcia,62,Las Vegas,2021-07-04
1962,Amanda Anderson,22,San Jose,2020-08-09
8769,Andrew Smith,31,Nashville,2023-09-04
70,Andrew Sanchez,23,Phoenix,2022-02-14
3725,Lisa Jackson,51,San Antonio,2024-12-09
5036,Michael Allen,40,Indianapolis,2024-01-03
7595,Elizabeth Wilson,28,Fresno,2025-10-24
7686,Amanda Martin,49,Denver,2025-01-15
6705,Paul White,47,Jacksonville,2024-03-16
7591,Donald Johnson,28,Dallas,2024-01-15
3996,Jessica Clark,21,New York,2022-12-14
1933,Anthony Johnson,42,Fort Worth,2025-11-09
8688,Deborah Ramirez,21,Kansas City,2020-03-08
8165,James Davis,34,Nashville,2021-02-09
3072,Lisa Brown,26,Fort Worth,2020-09-02
2108,Joshua Harris,65,Oklahoma City,2024-05-01
8746,Joshua Wilson,25,Milwaukee,2023-09-01
7723,Michael Moore,28,Portland,2020-10-22
8172,Amanda Sanchez,23,Louisville,2023-09-04
4942,Paul Perez,67,Houston,2024-01-12
4525,Christopher Miller,56,Mesa,2025-10-10
2630,Daniel Walker,38,San Jose,2021-10-02
5560,Mark Davis,69,Milwaukee,2024-10-15
7410,Michael King,70,Tucson,2024-03-27
5522,Elizabeth King,56,Las Vegas,2021-05-08
2975,Karen Perez,56,Houston,2021-10-26
8966,Ashley Thomas,57,Fresno,2020-08-17
6434,Jennifer Martin,41,San Antonio,2023-02-08
3648,Karen Williams,69,Nashville,2024-05-22
5605,Michael Martinez,47,Tucson,2022-06-12
2362,Sarah Robinson,67,Jacksonville,2024-08-03
7486,Paul Ramirez,51,Philadelphia,2022-08-21
8966,Anthony Hernandez,38,Fresno,2022-07-01
5624,James Ramirez,61,San Jose,2025-06-24
2718,Robert Taylor,61,Tucson,2025-09-01
7133,Donald Walker,28,Philadelphia,2021-11-06
5477,Michael Moore,66,San Diego,2020-06-16
8975,Sarah Martin,25,Indianapolis,2025-10-23
2777,Elizabeth King,19,Dallas,2025-07-15
4645,James Clark,35,Portland,2021-03-11
3824,Emily Rodriguez,51,Phoenix,2020-11-02
1204,Deborah Harris,66,Baltimore,2021-08-19
6320,Steven Perez,34,Chicago,2020-02-10
2110,Daniel Walker,30,San Francisco,2023-08-04
9794,Michael Lopez,50,Columbus,2020-05-19
2114,Nancy Martinez,32,Nashville,2025-12-27
6955,Donald Johnson,21,Baltimore,2025-03-13
9109,Jennifer Anderson,59,Houston,2024-02-22
9150,Emily Martinez,25,Phoenix,2024-12-10
5139,Jennifer Thompson,54,Albuquerque,2021-01-05
3685,Sarah Sanchez,21,Albuquerque,2022-03-05
