C_ID,C_NAME,AGE_YRS,LOC_CD,REG_DT
1126,Anthony Williams,25,Milwaukee,2023-11-17
7321,Ashley Gonzalez,29,Austin,2023-11-12
5189,Paul Wilson,41,Kansas City,2023-08-13
9863,Karen Lopez,60,San Francisco,2021-07-22
3048,Michael Lewis,63,Phoenix,2022-04-18
6517,Sarah Anderson,18,Mesa,2020-10-10
124,James Robinson,20,Nashville,2025-08-03
9860,Mark Smith,44,Kansas City,2025-05-15
1418,Christopher Johnson,37,San Diego,2021-06-22
7526,Steven Davis,47,Jacksonville,2023-02-11
5177,Joshua Anderson,35,Nashville,2025-09-10
5582,Karen Sanchez,21,Nashville,2020-12-21
1094,Jane Ramirez,30,Milwaukee,2021-10-20
7081,Lisa Rodriguez,25,Oklahoma City,2021-02-10
2493,Daniel Smith,34,San Francisco,2021-11-17
8025,Ashley Williams,70,Kansas City,2020-09-06
8488,Amanda Allen,61,Sacramento,2022-07-26
7708,Jane Lopez,50,Sacramento,2022-08-07
4874,Ashley Lee,20,Las Vegas,2021-10-01
3505,Andrew White,49,San Francisco,2025-05-22
5785,Elizabeth Garcia,45,Jacksonville,2024-08-22
8949,Donald Lopez,65,Oklahoma City,2022-04-21
608,Joshua Johnson,62,Houston,2025-10-26
813,Joshua Davis,54,New York,2022-12-02
2300,Matthew Brown,60,Denver,2022-03-18
316,Ashley King,65,Portland,2024-01-17
9537,James Miller,50,Mesa,2025-03-28
977,Jennifer Jackson,48,Las Vegas,2024-10-12
9672,Andrew Johnson,52,Austin,2021-05-07
4564,Joshua Gonzalez,62,Jacksonville,2025-02-03
5130,Dorothy Ramirez,40,Dallas,2023-08-12
5359,Anthony Smith,38,Oklahoma City,2021-07-12
685,Steven King,51,Los Angeles,2020-07-15
629,Michael Thomas,29,Milwaukee,2020-09-20
1213,Matthew Clark,33,San Diego,2023-06-01
3706,Robert Jackson,51,Albuquerque,2021-07-27
6665,John Thompson,52,San Diego,2020-08-25
7837,Michael Allen,18,San Diego,2020-12-15
5175,James Gonzalez,67,San Jose,2025-06-10
192,Jessica Jackson,36,San Diego,2022-05-06
8988,Christopher Jones,37,Houston,2020-12-02
5200,David Lewis,20,Tucson,2021-09-20
2162,Steven Jones,43,Nashville,2023-03-04
6016,Lisa Williams,67,Sacramento,2023-10-01
2685,Matthew Martinez,21,Houston,2024-12-28
795,Steven White,29,Sacramento,2021-12-13
1609,Dorothy Allen,62,Nashville,2025-06-06
944,Anthony Martin,54,San Antonio,2022-04-20
103,Robert Taylor,49,Sacramento,2024-02-26
8283,Emily Davis,50,Baltimore,2024-10-17
2620,Anthony Young,68,Los Angeles,2020-05-28
726,Jane Miller,58,Mesa,2020-12-17
5901,Matthew Jackson,47,Fresno,2020-04-08
3559,David Lee,48,Phoenix,2024-01-21
1614,Dorothy White,60,New York,2023-04-04
6460,Deborah Jones,37,Austin,2020-12-11
8335,Joshua White,70,Tucson,2020-12-25
2556,Michael Miller,39,Indianapolis,2022-11-15
8063,Lisa Wilson,66,Las Vegas,2020-02-15
5056,Joshua Sanchez,43,Columbus,2025-06-01
1875,Nancy Lopez,65,Las Vegas,2024-06-19
7303,Jane Taylor,62,San Francisco,2020-10-02
4691,Lisa Ramirez,52,Milwaukee,2025-04-25
1673,David Johnson,51,Kansas City,2020-09-15
5296,Robert Taylor,22,Fresno,2021-05-07
3522,David Johnson,24,San Antonio,2023-06-04
9734,Dorothy White,32,Las Vegas,2022-11-25
2266,Nancy Miller,69,Charlotte,2024-01-18
7276,Deborah White,62,Chicago,2020-04-05
1361,Elizabeth Walker,46,Las Vegas,2020-02-27
5808,Paul Allen,50,Sacramento,2020-05-01
7743,Jane Martinez,51,Fresno,2024-07-23
7579,Anthony King,50,Fresno,2025-04-06
8946,Amanda Rodriguez,46,Baltimore,2020-06-06
2405,David Lopez,27,Milwaukee,2022-12-03
