EMP_ID,EMP_NM,DEPT_CD,SAL_AMT
925,Ashley Ramirez,Marketing,55259
4111,Jessica Moore,Marketing,106081
1418,Matthew King,Marketing,149721
9302,Michael Gonzalez,IT,120728
4701,Donald Williams,Research,45706
7289,Dorothy Lewis,HR,139508
5248,Matthew Robinson,IT,42689
580,Joshua Thompson,IT,45861
5426,Nancy Jones,Finance,113085
1825,Lisa Williams,Marketing,49047
7314,Anthony Brown,Engineering,31169
5552,James Johnson,Customer Service,58755
7799,Jane Young,Finance,136127
9075,James Jackson,Legal,116152
7468,Joshua Martin,HR,64484
1179,David Robinson,Engineering,143034
6161,Karen Walker,Engineering,121196
1037,Robert Smith,Legal,125603
1453,Michael Clark,Research,88937
5842,Betty Martin,Engineering,43406
946,Paul Taylor,Finance,117491
3734,Anthony Gonzalez,Sales,125368
1291,Jessica Lee,Marketing,75039
2633,Paul Lee,IT,101691
7877,Joshua Jackson,Marketing,139829
3935,Jessica Jackson,Research,78169
3999,Deborah Williams,Marketing,68600
8436,Paul Harris,Finance,53317
5561,Lisa Robinson,Research,136983
2405,Steven Allen,IT,49308
6097,Paul Garcia,Engineering,40272
5420,Daniel Gonzalez,HR,88542
7311,Matthew Young,Engineering,127203
626,Jane Rodriguez,HR,88055
5950,Daniel Harris,Sales,70411
6386,Robert Sanchez,Sales,49688
5378,David Lopez,HR,111156
8211,Betty Martinez,Marketing,42768
1702,Donald Anderson,Marketing,100930
9652,Mark Lewis,Engineering,43280
8013,Anthony Harris,IT,70842
5863,John Perez,Sales,117694
7043,Dorothy Hernandez,Engineering,133514
6020,Karen Allen,Legal,108285
4368,Daniel Clark,Finance,102939
4447,Paul Ramirez,Customer Service,57716
576,Karen Garcia,Operations,68417
4095,Robert Jones,Research,111056
6193,Betty Martinez,Research,120662
6080,Donald Lewis,Sales,42291
5823,Joshua Lopez,HR,34511
5133,Anthony Rodriguez,Operations,121697
5291,Anthony Wilson,Engineering,123481
8457,Jessica Smith,Operations,50254
8527,Ashley Lopez,Operations,60253
3250,Karen Hernandez,Finance,89660
604,Michael Wilson,Sales,80628
1983,Christopher Allen,Research,129809
7632,Jessica Martinez,Legal,79269
3019,Dorothy Rodriguez,Engineering,46730
73,Daniel Perez,Customer Service,36037
8173,Dorothy Williams,Legal,136309
1410,Amanda Moore,Operations,132280
1611,John Williams,Customer Service,49870
6221,Paul Ramirez,HR,32136
5048,Emily King,Sales,47699
7433,Emily Smith,Legal,62115
4189,Sarah Taylor,Sales,51826
1327,James Rodriguez,HR,135214
3903,Karen Lee,Customer Service,115988
4491,Jane Hernandez,Research,104803
6261,Daniel Lewis,Customer Service,102987
4155,Jane White,Finance,85245
4678,Lisa Sanchez,Sales,135578
9333,Matthew Thompson,Finance,133677
764,Steven Wilson,Legal,60124
2906,Christopher Williams,IT,42480
8945,John Young,Engineering,48422
6200,Donald Jones,Customer Service,132521
287,Amanda Allen,Engineering,31375
2512,Steven Thomas,HR,77238
5884,Michael Wilson,Legal,139018
8543,Michael Jackson,IT,122802
7915,Jessica Perez,Sales,66817
8762,Emily Garcia,Engineering,39763
4494,Daniel Walker,Legal,124238
1741,Donald Thompson,Legal,90805
6521,Elizabeth Walker,Sales,134187
1130,Anthony Martin,Customer Service,101184
4899,Elizabeth Smith,Research,89155
4051,Amanda Hernandez,Marketing,122874
4487,Lisa Lopez,IT,101753
8098,Emily King,Finance,143944
7935,Jennifer Davis,Finance,148875
6732,Mark Garcia,Sales,46330
8676,Donald Johnson,Marketing,92589
6073,Andrew Johnson,Customer Service,38300
221,Jessica Miller,Operations,82115
4774,Lisa Martinez,Legal,127868
9704,Jessica Harris,Engineering,117518
