C_ID,C_NAME,AGE_YRS,LOC_CD,REG_DT
6092,Mark Lopez,47,Fresno,2023-03-11
656,Christopher Williams,34,Portland,2021-03-17
8480,Matthew King,51,San Diego,2021-05-01
1394,Betty King,38,Boston,2024-08-23
3399,Lisa Anderson,56,San Antonio,2020-10-17
372,John Smith,44,San Antonio,2020-09-22
8754,Lisa Brown,63,Washington,2020-12-21
7897,Sarah Garcia,58,Louisville,2025-05-19
8209,Steven Anderson,44,Sacramento,2020-09-22
2582,Daniel King,46,Nashville,2023-08-24
5237,Jennifer White,60,Los Angeles,2024-05-26
6458,Mark Allen,54,Seattle,2021-02-15
143,Mark Davis,69,Dallas,2024-07-06
455,Sarah Clark,48,Seattle,2022-03-17
3443,Jane Johnson,34,Sacramento,2020-04-19
9264,Mark Johnson,52,Indianapolis,2020-09-07
9418,John Robinson,18,Boston,2020-08-21
6719,Elizabeth Moore,48,Denver,2023-10-10
5204,Sarah Walker,20,Philadelphia,2024-07-04
4161,Amanda Martinez,39,Charlotte,2023-05-09
1822,John Lee,50,Fresno,2023-05-27
5283,James Jackson,47,Seattle,2024-10-04
1149,Amanda Martinez,22,Nashville,2021-06-09
9421,Michael Martinez,44,Portland,2024-04-27
1352,Ashley Sanchez,35,Tucson,2023-08-15
8507,James Rodriguez,67,Mesa,2020-02-07
1580,Deborah Thompson,59,Portland,2025-04-04
1533,Paul Young,58,Philadelphia,2025-06-01
9566,Robert Walker,70,San Antonio,2020-07-12
2592,Anthony Thompson,41,Philadelphia,2025-07-22
8926,Paul White,32,Jacksonville,2025-11-16
9057,Jennifer Miller,27,Jacksonville,2025-04-07
5239,Andrew Moore,50,Mesa,2021-10-23
986,Amanda Jones,69,Chicago,2021-01-27
4781,John Robinson,69,Portland,2023-08-20
2568,Jessica Clark,45,Chicago,2024-10-27
5385,David Lewis,67,Tucson,2023-12-14
2067,Betty Sanchez,65,Las Vegas,2021-02-09
3464,Donald Martin,32,Louisville,2022-02-16
1102,Lisa Jackson,33,Los Angeles,2021-02-10
998,David Walker,48,San Jose,2021-02-11
2114,Jessica Martinez,55,Mesa,2022-08-03
8445,Michael Lee,54,Baltimore,2022-12-10
1503,Anthony Brown,26,Columbus,2020-08-17
2632,Jessica Martin,47,Houston,2025-09-04
5736,Jennifer Wilson,56,Washington,2023-06-06
8939,Ashley Moore,29,Austin,2021-11-04
2663,Jane Lopez,31,Fort Worth,2022-08-25
4622,Steven Williams,21,San Francisco,2023-02-12
5166,Jessica Davis,40,San Diego,2023-01-18
8348,Donald Perez,20,Las Vegas,2022-10-17
4223,David Gonzalez,25,Las Vegas,2022-02-24
8379,Lisa King,58,Nashville,2022-07-02
5291,Emily Thomas,60,Los Angeles,2021-09-14
3537,Jane Moore,69,Washington,2022-02-10
5863,Robert Garcia,22,San Jose,2025-11-08
2390,Michael Allen,27,Austin,2024-04-13
6218,Andrew Clark,46,Columbus,2023-09-08
4401,Lisa Lee,43,Mesa,2021-08-27
5074,Amanda Anderson,62,Los Angeles,2023-08-11
8743,Elizabeth Robinson,44,Seattle,2023-06-25
6382,David Jackson,40,Indianapolis,2025-04-11
5635,Andrew Allen,37,Albuquerque,2021-03-03
5689,Karen Martinez,62,Austin,2022-04-08
5444,Anthony Martinez,31,Chicago,2023-11-23
7117,David Perez,39,Philadelphia,2021-04-26
7885,Jessica Hernandez,43,Baltimore,2020-03-11
6694,James Taylor,47,Kansas City,2020-08-16
939,John Walker,43,Milwaukee,2021-06-05
5177,Mark Allen,28,Louisville,2024-12-10
2405,Sarah Smith,68,Charlotte,2022-08-07
37,Elizabeth Moore,34,Philadelphia,2024-01-06
8489,Ashley Smith,55,Albuquerque,2020-01-19
8425,Donald Jackson,49,Fresno,2023-03-14
2045,Michael Walker,22,Las Vegas,2020-12-04
