EMP_ID,EMP_NM,DEPT_CD,SAL_AMT
3142,Anthony Jackson,IT,127168
5373,Jessica Smith,Finance,86144
1325,Elizabeth Miller,Legal,47679
45,Lisa Lee,Customer Service,108835
8229,Lisa Anderson,Finance,31645
990,Christopher Ramirez,Engineering,76466
5106,Deborah Smith,Customer Service,130101
6085,Lisa Rodriguez,Operations,63236
6405,Nancy White,Customer Service,141411
596,Jane Wilson,Finance,39105
2968,Mark Jackson,Customer Service,144936
3096,Emily Johnson,Finance,85294
5572,Jessica Moore,Finance,31588
5227,Lisa Moore,Legal,59443
4862,Ashley Brown,Research,79255
5989,Matthew Robinson,Engineering,135241
9183,Ashley Gonzalez,Engineering,121410
2614,Mark Allen,Legal,112286
3527,Jane Young,Marketing,46362
1169,James Hernandez,Customer Service,99671
8627,Steven Young,Marketing,132611
7123,Emily Robinson,Operations,51937
3341,Christopher Jackson,Customer Service,32903
2735,Anthony Brown,Customer Service,36482
7401,Jessica Johnson,HR,50910
3736,John Rodriguez,Engineering,118194
5936,Steven Allen,Operations,110915
687,Steven Wilson,Customer Service,102459
9403,Emily Allen,Engineering,84829
2119,Daniel Jackson,Legal,121117
8002,Lisa Jackson,Customer Service,65158
3454,Daniel Lewis,Research,32801
9041,Ashley Miller,Research,35074
4307,Lisa Martinez,Finance,102608
9260,Betty Davis,Customer Service,128166
3167,Karen Young,Legal,100377
620,John Taylor,Engineering,86624
4299,Jennifer Thompson,Finance,99170
5248,Robert Martin,Engineering,105503
9927,Emily Miller,Finance,123370
8273,Betty Sanchez,Sales,124004
9377,Donald Gonzalez,Research,107577
2376,Matthew Thompson,Sales,62301
2335,Daniel Rodriguez,Marketing,59314
980,Deborah Williams,IT,60819
6651,Nancy Jackson,Engineering,63542
1382,Robert Jones,IT,38930
9024,Betty Thomas,Legal,83647
7475,Andrew Garcia,Operations,123245
538,Jennifer Williams,Legal,98963
3556,Steven King,Sales,42316
6422,Robert Hernandez,Customer Service,39275
6618,Matthew Lopez,Customer Service,98898
9882,Elizabeth Lopez,Sales,36404
4485,Michael Miller,Operations,33799
1353,James Robinson,Operations,144656
5529,Dorothy Miller,Marketing,115710
9573,Dorothy Rodriguez,Engineering,99114
2127,Sarah Miller,Finance,101879
4655,Donald Davis,Legal,123778
4977,Amanda Rodriguez,Sales,32878
7065,Emily Allen,Engineering,117067
6184,Betty Thomas,Research,36190
6042,Betty Martinez,Research,90144
2825,Elizabeth Robinson,Customer Service,117553
3091,Betty Johnson,Customer Service,36469
4595,Amanda Wilson,HR,112594
9327,Jennifer Clark,Legal,123544
5943,Christopher White,Engineering,140497
2615,Jessica Gonzalez,Customer Service,35836
9790,Nancy Lewis,Finance,65817
7032,Steven Martinez,IT,141929
9866,Daniel White,Legal,148129
2100,Deborah Clark,HR,110524
2406,Mark Moore,Sales,87684
5655,Sarah Ramirez,Customer Service,39707
7894,Daniel Anderson,Research,87647
894,Mark Smith,Sales,70041
7019,Emily Taylor,Legal,98197
1600,Jane Thomas,Operations,145410
8892,Andrew Clark,Legal,103887
4328,Elizabeth Miller,Finance,90090
1073,Matthew Martin,Operations,143890
4595,Jessica Davis,Sales,128629
5806,Jessica King,HR,99921
48,Jessica Young,Sales,99067
5602,Joshua King,IT,114957
3732,Amanda Walker,Legal,31658
6070,Paul Davis,Sales,132386
1668,Nancy Lee,Legal,79109
9189,Jennifer Jackson,Legal,39065
2126,Ashley Young,Research,113170
1722,Mark Young,Operations,69798
7874,Jessica Moore,Customer Service,88006
6649,Paul Robinson,Research,37456
8122,Betty Wilson,Sales,44592
7672,Paul Robinson,HR,145077
7512,Emily Perez,Marketing,69065
3731,Donald Thomas,Customer Service,30546
4528,David Lee,IT,143198
