EMP_ID,EMP_NM,DEPT_CD,SAL_AMT
564,Michael King,Legal,84258
4884,Jane Davis,Marketing,147308
875,Emily White,IT,48066
2833,Robert Gonzalez,HR,118771
7816,Matthew Sanchez,Customer Service,113210
3021,Paul Martin,Sales,39983
4965,Jane Gonzalez,Operations,129930
5536,Robert Johnson,Engineering,126990
5799,Lisa Anderson,Finance,121687
4295,Jane Smith,Research,140470
5276,Matthew Sanchez,Operations,132638
1947,Robert Taylor,Research,105131
8711,Elizabeth Martin,Sales,43009
7020,Robert Moore,Legal,92738
6668,Jane White,Finance,127835
6545,Andrew Clark,IT,56418
3613,Donald Clark,Finance,77566
9700,Sarah Walker,Research,141438
7996,Dorothy Brown,Customer Service,98435
3529,John Ramirez,Research,106571
3007,Lisa Lopez,Operations,120494
4298,Michael Davis,HR,72739
5005,Jane Jackson,Research,137957
7232,Christopher Rodriguez,Finance,133296
7577,Steven Davis,HR,58507
7286,Ashley Thompson,Customer Service,77081
6282,Donald Garcia,Finance,87768
9663,Anthony Smith,Marketing,92698
4285,David Gonzalez,Operations,57013
1507,Lisa Miller,Operations,117406
2107,Michael Johnson,Legal,114376
4052,Anthony Allen,Research,40211
9900,Anthony Sanchez,Legal,43342
1021,David Clark,Engineering,127324
3589,Jane White,Operations,76786
9327,James Walker,Sales,131913
6775,Paul Lee,Finance,96582
1532,James Miller,HR,88440
5011,Dorothy Jones,IT,88111
4000,Anthony Thomas,Customer Service,98923
9929,David Martin,Marketing,87697
654,Anthony Davis,IT,128993
1878,Nancy Wilson,Sales,143640
8817,Andrew Jones,Marketing,75586
2418,Michael Thompson,Customer Service,55907
9112,Steven Hernandez,Legal,97803
3812,Betty Martinez,Sales,69174
6780,Lisa Perez,Customer Service,124197
4657,Elizabeth Anderson,Customer Service,133879
3484,Michael Taylor,Legal,113307
2107,Matthew Smith,Research,117595
5791,Michael Anderson,HR,62340
4618,Jane Smith,HR,90600
6130,Elizabeth Robinson,Marketing,48779
2597,Elizabeth Moore,Engineering,91755
2612,Jennifer Perez,Customer Service,57822
9878,Elizabeth Lopez,HR,111772
8538,Karen Lopez,Sales,75423
8488,Nancy King,Engineering,37364
5364,James Gonzalez,Customer Service,95774
307,Andrew Thomas,IT,34621
356,Andrew Miller,HR,77053
9653,Lisa Lee,Operations,80634
3923,Andrew Anderson,Engineering,104972
365,Andrew Williams,HR,139817
4335,Andrew Taylor,Marketing,68735
3163,Daniel Thomas,Research,100783
6728,Joshua Hernandez,Customer Service,82095
9236,Ashley Young,Operations,98711
5741,Robert Harris,Sales,125933
3401,Jessica Thompson,HR,45233
5256,Sarah Martinez,IT,80393
8372,Daniel Martinez,Marketing,104464
5390,Betty Moore,Marketing,65631
332,Michael Jones,Sales,119675
8061,Robert Gonzalez,Legal,88745
5157,Christopher Martinez,Research,113998
7572,Elizabeth Gonzalez,IT,37284
8627,Emily White,Engineering,69392
2496,Ashley Lopez,IT,113156
5023,Dorothy Miller,Customer Service,86877
4909,Nancy Johnson,Engineering,81074
7245,Lisa Anderson,Finance,34850
8618,Mark Williams,IT,55099
9752,Deborah Gonzalez,IT,86552
6259,Anthony Thompson,HR,131453
3288,James Harris,Sales,41308
7860,Nancy Garcia,Customer Service,95349
4868,James Walker,Customer Service,98541
9659,Matthew King,IT,73069
3649,Lisa Johnson,Marketing,126778
9113,Emily Smith,Sales,123065
3978,Jane Garcia,IT,83032
1303,Nancy Hernandez,Customer Service,30386
5702,Christopher Lee,Finance,89183
6108,Deborah Smith,Operations,51210
9420,Sarah Martinez,HR,77984
3636,Deborah Wilson,IT,121284
4538,Dorothy Lopez,Research,108014
6345,Paul Miller,Operations,82185
