C_ID,C_NAME,AGE_YRS,LOC_CD,REG_DT
3614,Emily Anderson,18,Dallas,2020-09-08
7230,Lisa Davis,45,Chicago,2022-02-04
5332,Matthew Thomas,21,Louisville,2020-11-21
6410,David Thompson,18,Dallas,2023-10-19
4762,John Gonzalez,62,Philadelphia,2020-08-13
1180,Andrew Lee,26,Portland,2021-12-17
7972,Elizabeth Walker,43,Fort Worth,2020-08-22
6667,Matthew Moore,21,Mesa,2020-12-20
8930,Christopher Miller,30,Portland,2022-07-10
234,Karen Clark,52,Oklahoma City,2025-08-24
546,Paul Thomas,36,Fresno,2022-02-10
1227,Michael Lopez,62,Seattle,2023-12-13
7571,Dorothy King,54,Las Vegas,2022-12-04
2022,Elizabeth King,43,San Antonio,2020-09-28
3198,Andrew Brown,31,Indianapolis,2021-01-13
6094,Lisa Jackson,50,Louisville,2021-02-27
4986,Deborah Brown,21,Baltimore,2022-06-05
9788,Emily Harris,55,Indianapolis,2024-10-09
4596,Sarah White,22,Sacramento,2023-09-07
6315,Michael Jackson,59,Dallas,2021-03-07
7079,Betty Brown,33,Charlotte,2020-07-18
7834,Christopher Gonzalez,24,Washington,2023-02-05
9213,Robert Harris,35,Kansas City,2025-02-02
3825,Daniel Robinson,59,Portland,2025-05-02
8214,Michael Johnson,32,New York,2024-04-20
6845,James Ramirez,64,Tucson,2022-11-05
3219,Elizabeth Smith,36,Nashville,2020-09-24
6400,Anthony Gonzalez,42,Indianapolis,2023-12-02
7652,Robert Gonzalez,68,San Diego,2021-03-16
639,Amanda Lewis,43,Philadelphia,2022-04-13
5385,Elizabeth Harris,64,Jacksonville,2024-02-06
5096,John Garcia,49,Los Angeles,2024-04-21
9103,Ashley Jackson,22,Philadelphia,2022-08-13
9567,Nancy Hernandez,67,Dallas,2022-11-18
1929,Robert Thompson,42,Chicago,2020-07-09
8140,Elizabeth Lopez,26,San Antonio,2021-04-22
9212,John Taylor,64,Kansas City,2023-04-24
2480,Donald Walker,26,Nashville,2020-12-28
3749,Emily Moore,48,San Francisco,2022-07-24
3520,John Sanchez,52,Mesa,2020-07-03
9878,Anthony Walker,55,Boston,2021-08-17
5739,Lisa Taylor,20,New York,2022-11-26
6002,James Ramirez,29,Charlotte,2020-10-16
5555,Amanda Anderson,27,Denver,2022-12-25
6105,Sarah Jones,60,New York,2023-08-05
7210,Dorothy Robinson,42,Tucson,2025-05-12
3579,Anthony Lee,27,Houston,2020-02-28
7984,Lisa Thomas,21,Mesa,2024-10-28
6624,Sarah Taylor,70,San Antonio,2025-08-01
5302,Daniel Jackson,60,Fresno,2021-03-19
2959,Amanda Davis,26,Denver,2021-11-05
1431,Jessica Taylor,62,Houston,2024-03-16
1498,Jessica Martin,56,San Diego,2020-11-07
6450,Steven Ramirez,29,Denver,2023-12-22
4526,John Garcia,29,Seattle,2020-12-05
9441,Sarah Jones,24,Seattle,2020-03-22
480,Jessica Moore,49,Albuquerque,2022-11-07
866,Jessica Rodriguez,28,Indianapolis,2025-09-11
2871,Donald Martin,52,Boston,2025-12-06
6401,Robert Perez,33,Seattle,2024-09-11
1920,Karen Lopez,30,Chicago,2021-12-11
9809,Nancy Williams,46,Philadelphia,2021-03-26
1894,Emily Wilson,64,San Francisco,2024-12-04
4311,Betty Johnson,45,Mesa,2021-01-19
3237,Dorothy Thompson,26,Columbus,2025-01-07
3801,Jane Allen,27,Columbus,2020-06-06
7778,Jane Lopez,40,Phoenix,2025-09-10
7813,Dorothy Jackson,25,Jacksonville,2021-10-11
4725,Betty Taylor,25,Tucson,2021-11-04
4598,Ashley Sanchez,20,San Diego,2022-05-25
522,Paul Garcia,27,Dallas,2020-09-13
8065,Robert Walker,42,Baltimore,2025-12-07
4068,Deborah Garcia,32,Columbus,2023-11-20
7001,Deborah Rodriguez,18,Milwaukee,2024-10-14
2915,Steven Taylor,58,Columbus,2025-11-16
