C_ID,C_NAME,AGE_YRS,LOC_CD,REG_DT
577,Ashley Martinez,24,Jacksonville,2021-09-03
7878,Elizabeth Johnson,20,Albuquerque,2023-01-23
4841,Nancy Hernandez,54,Fresno,2021-09-18
7995,Emily Lewis,57,Tucson,2025-09-12
4263,David Clark,59,Louisville,2022-12-05
5361,Christopher Hernandez,68,Boston,2020-05-19
3105,Jennifer Sanchez,35,Indianapolis,2025-12-13
644,Betty Smith,43,Mesa,2023-09-25
6630,Paul Walker,28,Boston,2025-05-04
9275,Andrew Rodriguez,53,Nashville,2025-11-26
8727,Jennifer Martinez,51,San Antonio,2024-09-10
2426,Sarah Ramirez,62,Tucson,2021-09-20
4928,Matthew Hernandez,52,Austin,2021-04-06
2539,Jane Clark,43,Jacksonville,2025-08-16
9413,Donald Sanchez,51,Louisville,2020-09-22
120,Paul Martin,41,Chicago,2020-04-20
1602,Amanda Smith,22,San Jose,2023-02-26
163,Karen Martinez,49,San Antonio,2023-01-18
8740,Deborah Garcia,22,Denver,2021-08-24
5152,Mark Lopez,66,Phoenix,2025-12-01
3603,David Robinson,60,Albuquerque,2024-11-17
1928,Daniel Brown,43,Austin,2024-02-07
5209,Matthew Wilson,67,Austin,2020-12-04
4202,Deborah Williams,36,Louisville,2025-11-13
297,Karen Johnson,21,Las Vegas,2022-03-19
1154,Karen Hernandez,36,Boston,2025-03-08
968,Jessica White,53,New York,2022-11-28
9830,Christopher Williams,30,Fresno,2021-11-16
1575,Jennifer Thompson,50,Fort Worth,2022-04-19
4932,Michael Harris,34,San Antonio,2024-10-26
5792,Andrew Rodriguez,53,Milwaukee,2020-05-03
4849,Jennifer Jones,63,Portland,2023-11-05
9060,Jessica Taylor,51,Washington,2021-12-08
4184,Elizabeth Johnson,68,Seattle,2025-11-25
565,Andrew Allen,50,Fort Worth,2020-10-26
465,Lisa Miller,47,Fort Worth,2024-03-13
6238,Amanda Davis,39,Chicago,2022-03-27
5461,Sarah Gonzalez,27,Columbus,2024-10-11
3904,Matthew Robinson,25,Mesa,2024-01-10
5660,Dorothy Lewis,68,Baltimore,2024-08-18
6878,Karen Brown,52,Albuquerque,2024-06-13
9296,Steven Garcia,47,Nashville,2024-07-03
8195,Lisa Smith,30,Las Vegas,2025-07-05
3887,Elizabeth Thompson,44,San Antonio,2025-10-07
514,Elizabeth Robinson,60,Columbus,2022-10-07
8565,James White,41,Fresno,2023-05-17
2781,Steven Martin,26,Tucson,2024-07-10
3564,Jane King,31,Baltimore,2025-03-09
2891,Lisa Young,44,Nashville,2025-03-08
6875,Matthew Davis,52,Las Vegas,2025-04-16
9031,Paul Miller,67,Washington,2020-06-23
8781,Betty Williams,28,Philadelphia,2025-12-08
8701,John Williams,63,Fresno,2023-04-24
3757,Ashley Brown,53,Sacramento,2025-10-23
129,David Martin,65,San Antonio,2025-08-08
4925,Lisa Harris,22,Boston,2021-02-18
8916,Sarah Anderson,56,Mesa,2025-06-12
8646,Sarah Davis,32,Milwaukee,2023-10-17
8711,Karen Wilson,21,Jacksonville,2023-11-27
1025,Amanda Walker,31,Baltimore,2022-04-06
9194,Emily Smith,64,Phoenix,2022-02-17
2605,Anthony White,29,San Francisco,2023-10-28
9950,Daniel Harris,54,Washington,2023-08-15
1482,Robert Wilson,21,Washington,2020-01-21
1962,David Anderson,49,Boston,2021-02-14
8193,Christopher Clark,20,Milwaukee,2025-07-01
8010,Paul Smith,69,Dallas,2025-04-20
3476,Andrew Young,41,Houston,2024-04-24
8333,Ashley Walker,62,San Antonio,2022-07-23
1904,Daniel Hernandez,49,Houston,2023-01-02
5976,Jessica Lopez,32,Tucson,2022-08-06
2072,Paul Moore,58,San Diego,2025-01-24
7122,Jane Ramirez,45,Austin,2022-05-25
2062,Jennifer Moore,26,Fresno,2021-04-07
5540,Steven Harris,68,San Francisco,2020-09-15
