EMP_ID,EMP_NM,DEPT_CD,SAL_AMT
9476,David Hernandez,Finance,82321
2532,Michael Smith,Marketing,65514
2908,Joshua Taylor,IT,30479
273,Anthony Thompson,Operations,45093
1395,John Miller,Operations,72583
117,James Williams,Finance,131439
8013,Betty Davis,IT,81027
4500,Sarah Lewis,Research,114382
8835,Jennifer Garcia,Finance,142103
8808,Donald Hernandez,Operations,93628
6098,Deborah Hernandez,Research,50659
8635,Anthony Robinson,IT,108016
1460,Steven Perez,HR,113421
1151,Anthony Thompson,Sales,137451
6510,Paul Wilson,Marketing,67137
5818,Jennifer Moore,IT,136633
865,Dorothy White,Research,76247
7391,Jane King,Customer Service,48384
5367,Betty Moore,Sales,128206
4858,Daniel Anderson,Customer Service,37867
516,Donald Clark,Marketing,42535
7903,Joshua Robinson,HR,120528
5614,Lisa Johnson,Research,95522
7931,Christopher Garcia,Legal,147037
3716,Elizabeth Rodriguez,Engineering,104877
2113,Elizabeth Gonzalez,IT,56317
526,Dorothy Moore,Engineering,89478
6317,Ashley Perez,Customer Service,97354
6347,Donald Allen,Operations,77904
7319,Dorothy Thomas,Sales,131832
266,Lisa Sanchez,Operations,120587
8603,Anthony Brown,HR,76223
3334,Dorothy Hernandez,Customer Service,116960
3672,Joshua Gonzalez,IT,126289
3607,Jennifer Taylor,Customer Service,132203
2429,Matthew Miller,HR,39527
1125,David Garcia,HR,89219
5877,Anthony Martinez,Legal,131088
9197,Deborah Garcia,HR,60080
7075,Karen Young,IT,44459
6217,Sarah Allen,IT,61495
3614,John Taylor,Marketing,70084
9947,Lisa Gonzalez,Sales,68308
46,Elizabeth Perez,Marketing,59611
5499,Betty Williams,IT,82644
8676,Karen Johnson,Research,79235
3757,Emily Lewis,Legal,122081
2459,Lisa Harris,IT,93618
8753,Jessica Brown,Legal,46587
6461,Betty Thompson,Finance,39857
3136,Mark Moore,Legal,64505
7166,Karen Perez,Research,136868
7869,James King,Legal,137845
8662,Steven Thompson,Customer Service,100240
5597,Elizabeth King,IT,106220
2642,Jennifer Thomas,IT,55385
233,Sarah Hernandez,Research,124229
1108,Lisa Young,HR,74691
4194,Jane Robinson,Engineering,127371
6544,Lisa Walker,Engineering,142729
9696,Jessica Rodriguez,IT,34773
1242,Lisa Martinez,Marketing,127926
3307,Anthony Martin,Marketing,78183
801,Dorothy Martin,Engineering,79947
4349,Lisa Gonzalez,Operations,112264
9345,Jane Anderson,Sales,36932
5991,Christopher Garcia,Engineering,95407
9284,Sarah King,Research,70646
721,Daniel Walker,IT,55517
2103,Karen Garcia,IT,108317
9405,Lisa King,Sales,106835
5637,David Lee,Finance,50686
910,Steven Moore,Finance,31096
3545,Matthew Hernandez,Operations,105845
6817,Dorothy Jones,Operations,37591
8130,Karen Moore,Operations,49600
861,James Thomas,Legal,101487
9250,Nancy King,IT,61965
1456,Jessica Rodriguez,Operations,70323
750,Robert Gonzalez,Sales,109055
9839,Donald Rodriguez,Legal,132309
6133,David Martinez,Operations,65986
5048,Jane Davis,Research,104092
204,Sarah Jackson,Customer Service,31817
7317,Jennifer Moore,Marketing,108921
6798,Mark Hernandez,Finance,140641
3769,Elizabeth Martin,Operations,68371
2165,Andrew Moore,Finance,50152
8939,David Thomas,IT,78523
1553,Sarah Gonzalez,Research,110049
1709,Lisa Lee,Marketing,88433
8415,Matthew Miller,Customer Service,43420
8153,Matthew Johnson,Legal,48258
2792,Amanda Hernandez,Legal,82612
9588,Robert Martinez,Engineering,55689
8661,Donald Perez,Sales,124120
4097,Mark Anderson,Marketing,149480
4662,Robert Young,IT,84749
2379,Betty Davis,Legal,149454
9552,Christopher Jones,Finance,144592
