C_ID,C_NAME,AGE_YRS,LOC_CD,REG_DT
8174,James Martin,61,Houston,2021-12-04
1939,James King,51,Portland,2025-11-02
8052,Lisa Moore,49,Louisville,2024-07-20
8762,Daniel White,28,New York,2023-07-26
3920,Dorothy Taylor,40,Austin,2023-07-15
3437,Elizabeth Taylor,33,San Jose,2021-08-28
737,Anthony King,41,Fresno,2023-11-26
8123,Betty Gonzalez,56,Nashville,2025-08-06
6804,Lisa Harris,28,Nashville,2020-04-27
8729,Karen Ramirez,64,Boston,2023-10-07
6473,Dorothy Perez,29,Fresno,2024-02-25
6542,Sarah Jackson,67,San Jose,2020-01-03
9660,Ashley Anderson,45,Boston,2023-04-27
7120,Jessica Jackson,40,San Francisco,2021-07-21
8341,Robert Ramirez,22,Indianapolis,2020-04-11
7399,Emily Garcia,33,Albuquerque,2024-09-11
6661,Betty Moore,31,Kansas City,2024-08-07
6639,Betty White,41,San Diego,2022-11-26
6980,Jane Davis,57,Columbus,2022-11-24
1750,Jane Davis,37,Fresno,2021-07-22
3086,Lisa Perez,21,Portland,2021-08-28
109,Elizabeth Hernandez,47,Milwaukee,2020-07-03
6747,Betty Martin,34,Las Vegas,2022-10-12
2320,Lisa Gonzalez,24,Tucson,2020-12-11
4958,Karen Johnson,39,Jacksonville,2023-07-17
5353,Paul Wilson,43,Las Vegas,2020-11-24
1249,Lisa Clark,35,Phoenix,2023-11-13
8719,James Williams,28,Dallas,2021-01-13
6498,Joshua Robinson,62,Washington,2022-06-05
8532,Nancy Moore,19,Denver,2020-04-27
2641,Jane Jackson,20,Fresno,2024-12-20
4650,Karen Harris,63,Fresno,2025-05-18
88,John Sanchez,63,Jacksonville,2024-10-10
1535,Robert Thomas,18,Albuquerque,2024-11-19
6851,Mark Thomas,52,Columbus,2020-12-23
1602,Lisa Ramirez,53,Houston,2020-07-05
6764,Ashley Thomas,68,Albuquerque,2024-12-11
9663,Elizabeth Smith,22,Fresno,2024-08-07
4658,Dorothy Sanchez,56,Kansas City,2020-01-13
7215,Betty Lee,24,Louisville,2025-10-03
3696,Steven White,19,Las Vegas,2023-08-20
8097,Andrew Lewis,24,Columbus,2020-09-14
4564,Steven Ramirez,69,Austin,2025-07-01
1187,Daniel Walker,47,Charlotte,2021-01-05
4004,Betty Smith,42,Dallas,2023-08-21
5474,David Hernandez,34,Indianapolis,2025-02-05
1212,Mark Moore,36,Columbus,2023-03-27
3780,Lisa Lee,60,San Diego,2020-02-01
8729,Robert Perez,23,Albuquerque,2023-08-10
8520,David Miller,23,Indianapolis,2024-08-26
1765,Lisa Wilson,31,Sacramento,2023-07-06
3563,Dorothy Moore,56,Baltimore,2024-04-02
8495,Paul Anderson,27,Milwaukee,2023-10-02
7928,Lisa Walker,20,San Jose,2022-07-14
9600,Anthony Martinez,47,Mesa,2025-05-16
3347,John Lopez,62,Charlotte,2023-10-03
4312,James Brown,43,Dallas,2023-03-17
9578,Mark Martin,26,Portland,2022-10-20
9563,James Lee,45,Sacramento,2022-11-26
8345,David Taylor,52,Fresno,2022-09-25
4895,Elizabeth Allen,23,Tucson,2024-12-21
9294,John Perez,27,New York,2024-02-13
2712,Anthony Garcia,51,Fresno,2020-07-03
6115,Jennifer Miller,21,San Jose,2025-06-27
1002,Lisa Lewis,68,Phoenix,2024-10-15
8467,Lisa Harris,32,Columbus,2021-11-23
3837,Elizabeth Williams,68,Baltimore,2020-01-04
5032,David White,54,Phoenix,2022-01-14
7202,Sarah Martin,31,Oklahoma City,2023-04-05
9009,Elizabeth Robinson,32,Oklahoma City,2020-02-18
7643,Paul Lopez,47,Nashville,2024-03-08
8377,Mark White,27,Seattle,2020-10-11
8279,Anthony Rodriguez,43,Phoenix,2025-12-19
1304,Betty King,26,Fresno,2024-04-15
8101,Paul Hernandez,47,San Francisco,2024-07-14
