EMP_ID,EMP_NM,DEPT_CD,SAL_AMT
5536,Robert Johnson,Research,49762
1019,Andrew Wilson,Engineering,50586
6268,Daniel Hernandez,Sales,44777
4441,Ashley Rodriguez,Sales,101679
7420,Amanda Lewis,Marketing,104945
2956,Matthew Brown,Engineering,89559
469,Christopher Jones,Marketing,34237
9664,Daniel Robinson,Engineering,101354
1539,Andrew Jones,Operations,42727
6001,Joshua Brown,Research,62588
9499,Robert Gonzalez,HR,34050
9714,Deborah Thomas,Operations,148138
501,Karen Johnson,IT,120198
3195,Matthew Davis,Sales,112682
7908,Amanda Allen,Legal,59796
695,Robert Martinez,Finance,110115
5772,David Lopez,Sales,34947
4848,Joshua Gonzalez,Finance,74245
4313,Elizabeth Hernandez,Sales,71086
7768,Jane Ramirez,Customer Service,101909
7294,Deborah Johnson,HR,134879
4114,Anthony Martinez,Sales,77979
3796,Dorothy Davis,Marketing,60815
4067,Elizabeth Jones,Legal,83515
5150,Lisa Williams,Legal,112666
2422,Mark Johnson,Finance,32841
457,Jane Brown,Marketing,30276
6176,Jennifer Walker,Legal,41223
7954,Joshua Thomas,Finance,64352
8849,Lisa Johnson,Operations,141526
5362,Matthew Hernandez,Engineering,146892
5552,Jennifer Martinez,Research,42928
8268,Nancy Garcia,Operations,48296
4996,Robert Lee,Operations,56207
7554,Donald Ramirez,Operations,104691
7887,Karen Thompson,Customer Service,100070
5565,Lisa Wilson,Marketing,123531
5389,Karen Hernandez,Legal,78485
5337,Jane Lee,Customer Service,124123
910,Jane Lewis,Research,43366
1589,David Martin,Legal,50175
953,Lisa Jackson,HR,44713
3430,Jessica Rodriguez,Legal,35093
2326,David Sanchez,Operations,75090
8982,Lisa Williams,Marketing,88697
9011,Deborah White,Customer Service,100265
6471,Lisa Young,IT,124145
9069,Nancy Ramirez,Finance,46330
8471,Robert Hernandez,Operations,43812
6618,Emily Walker,Sales,72604
4372,Ashley Clark,Sales,139281
7728,Jessica Martinez,Engineering,42256
1247,Christopher Young,HR,141170
8775,Joshua Allen,Marketing,95701
3810,Donald Clark,Sales,39487
9456,Dorothy Wilson,Legal,130524
3218,David Williams,Engineering,73965
7381,Dorothy Sanchez,Marketing,104138
3400,John Harris,Marketing,93296
2809,Mark Moore,Operations,138350
3216,Jessica Brown,Research,58560
5740,Amanda King,Sales,108995
7163,Steven Davis,Sales,145092
4782,Betty Moore,IT,95264
4444,Elizabeth Miller,Sales,31498
7588,Christopher Robinson,Customer Service,140492
4326,Joshua King,Operations,42614
8394,Elizabeth Moore,Operations,87559
7295,Steven Walker,Customer Service,40406
3523,Nancy Jones,HR,80682
3236,Lisa Lee,HR,129244
4989,Donald Thomas,Marketing,125711
1858,Jennifer Gonzalez,Finance,36407
1535,Lisa Rodriguez,Research,125617
6696,Joshua Davis,Marketing,148953
7951,John Rodriguez,Finance,126211
2554,Michael Wilson,IT,59660
3013,Steven Wilson,HR,85245
3242,John Miller,Sales,86986
347,Jennifer Moore,Research,104410
9506,Matthew Lee,Research,72162
3719,Steven Taylor,Operations,103475
3303,Betty Moore,Marketing,89025
4488,Elizabeth Ramirez,Operations,60168
4427,Karen Walker,Legal,83533
395,John Martinez,HR,84911
7256,Christopher Miller,HR,122034
8376,Mark Anderson,Research,61833
1145,Ashley Anderson,Engineering,54044
2037,Amanda Allen,Sales,49047
6017,Emily Lopez,Sales,148491
4762,Donald Smith,Finance,65251
8640,Paul King,IT,52748
845,Anthony Taylor,Research,111207
9837,James Clark,Customer Service,113290
9421,Nancy Thomas,HR,48237
1245,Daniel Jackson,Operations,112709
2690,Nancy Jones,Marketing,61826
8397,Jennifer Taylor,Legal,142405
6057,Nancy Robinson,HR,148581
