EMP_ID,EMP_NM,DEPT_CD,SAL_AMT
1783,Betty Wilson,Marketing,101618
1687,Emily Lopez,IT,117317
9244,Sarah Ramirez,Sales,129403
1773,Deborah Thomas,Marketing,98177
7932,Sarah Lee,Research,142665
1275,Andrew Gonzalez,Finance,68064
8960,Jane Taylor,Operations,126159
1361,David Garcia,Marketing,142820
2951,John Thomas,Legal,54533
3561,David Lee,Finance,137535
1876,Jane Miller,Legal,58908
434,Anthony Clark,Customer Service,41681
9315,Daniel Gonzalez,Sales,120064
9888,Matthew Martinez,Customer Service,31474
9170,Joshua Gonzalez,Research,100829
6603,Matthew Clark,Operations,33908
6603,Joshua Walker,Research,38511
9789,Jennifer Moore,Sales,130053
3317,Andrew Clark,Operations,61091
4430,Nancy Lee,Engineering,115504
7006,Jane Smith,Research,52375
9283,John Smith,IT,38333
3469,Sarah Perez,Research,127153
182,James Clark,Operations,50323
1131,Dorothy Moore,Customer Service,92320
6356,Ashley Thompson,Operations,98612
2649,Lisa Rodriguez,Sales,46325
7070,Anthony Young,Sales,80273
2032,Matthew White,Legal,143276
1612,Jessica Young,Sales,142160
3257,Betty Lopez,IT,62915
5899,Amanda Garcia,Legal,148411
8611,Michael Brown,Operations,73663
2261,Christopher Ramirez,HR,97583
811,Jessica Perez,Engineering,86745
6120,Andrew Sanchez,Customer Service,46643
8790,Amanda Rodriguez,Sales,57906
6924,David Johnson,Engineering,32067
6474,Christopher Thomas,Customer Service,65427
4784,James Perez,Research,99112
4079,Ashley Garcia,Research,143650
2016,Joshua Thompson,Operations,66706
6970,Jane Robinson,Operations,49156
1359,Sarah Johnson,IT,60729
2002,Dorothy Jones,Research,32718
9454,Andrew Gonzalez,IT,33360
7426,David White,IT,92431
7088,Paul Williams,Sales,58925
429,Betty Sanchez,Customer Service,86361
5975,James Moore,IT,49496
4224,Karen White,Marketing,149226
9932,John Sanchez,Customer Service,73579
591,Elizabeth Ramirez,Research,100231
2928,Mark Wilson,Engineering,53367
1797,Jane Johnson,Engineering,99104
4906,Lisa Hernandez,Operations,92258
8953,Michael Moore,Sales,102900
465,Nancy Gonzalez,Research,141073
2979,Daniel Allen,Engineering,90674
1323,Paul Gonzalez,Sales,92123
2162,Jennifer Lopez,Operations,145472
4119,Emily Martinez,Marketing,84250
7687,Deborah Ramirez,Engineering,140315
2396,Amanda Gonzalez,IT,69495
3048,Andrew Anderson,Research,42854
9573,Jane Anderson,HR,92809
5237,Lisa Thompson,Customer Service,105030
7229,James Lewis,Sales,126959
1439,Donald Miller,Sales,140894
5649,Daniel Allen,IT,144155
5572,Deborah Rodriguez,Customer Service,76400
5869,Deborah Martin,Engineering,72470
9104,Donald Martinez,Operations,99960
1202,Paul White,IT,142128
4524,Deborah Wilson,Legal,36707
4177,Betty Jackson,Research,58801
1030,Nancy Miller,Sales,136687
6618,Anthony Clark,Operations,137969
832,Dorothy Johnson,IT,97281
4317,Betty Lopez,Engineering,78969
5127,Elizabeth Hernandez,Research,116575
5732,Daniel Robinson,Finance,98260
8648,Donald Wilson,HR,44755
440,Steven Martinez,Finance,45938
8069,Paul White,Sales,49136
3247,Donald Clark,Sales,40240
3700,Donald Lewis,Legal,49311
95,James Martinez,IT,55519
4822,Nancy Taylor,Finance,94318
5682,Joshua White,Customer Service,88887
8029,Dorothy Anderson,Finance,112151
6192,Steven Walker,Legal,148934
5775,Dorothy Lopez,Customer Service,114573
5306,Paul Jackson,HR,61517
4282,Amanda Garcia,Engineering,113573
6715,David Thompson,IT,142775
345,Nancy King,Marketing,140578
9878,Deborah Brown,IT,145569
7364,Nancy Lee,Engineering,82455
2119,John Anderson,Sales,126219
