EMP_ID,EMP_NM,DEPT_CD,SAL_AMT
634,Jennifer Garcia,Finance,60276
9433,David Anderson,Finance,82473
2617,Sarah Walker,Legal,54196
3952,Robert Lopez,Customer Service,135028
8393,Betty Young,IT,48187
6076,Christopher Ramirez,Sales,101808
3301,Lisa Smith,IT,129857
6260,Mark Smith,Research,45716
9696,Deborah Robinson,Legal,128765
3645,Joshua Ramirez,Legal,117596
1777,Lisa Gonzalez,Sales,84508
9198,Jennifer Rodriguez,Finance,67023
3510,Karen Robinson,Engineering,99499
9183,Steven Martin,Research,52852
1869,Mark Young,Marketing,138615
6462,David Jackson,Customer Service,146370
8762,Karen Taylor,Sales,120504
7090,Lisa Wilson,IT,105128
2461,Deborah Sanchez,Customer Service,67585
3285,Amanda Walker,Customer Service,133917
9399,Anthony Thomas,Engineering,60117
8883,Andrew Harris,Sales,47357
6936,Betty Harris,Finance,71493
6884,Lisa Anderson,Marketing,94581
6879,Anthony Lopez,Legal,59337
6448,Lisa King,Sales,72164
2374,Daniel Martin,Customer Service,101436
1040,Jane Thompson,Operations,83880
1140,Christopher Jones,Research,62198
606,Andrew Thompson,Engineering,82564
6792,Jane Hernandez,Research,68373
8688,Jessica Moore,Operations,35899
5967,John Thompson,Customer Service,42114
9797,Emily Thompson,HR,140030
6541,Paul Hernandez,Sales,34331
777,Betty Perez,Engineering,98901
6476,Elizabeth Smith,Marketing,137266
683,Karen Hernandez,Research,96708
2285,Andrew Clark,Customer Service,137709
9865,Jessica Davis,Sales,30520
3887,Ashley Miller,IT,45950
3446,Andrew Harris,IT,61793
11,Amanda Walker,Sales,100196
3292,Christopher Brown,Engineering,111089
2904,Emily Jones,IT,127853
9796,David King,Sales,44998
9656,Robert Hernandez,IT,39008
5359,Jessica King,Marketing,52305
7092,Matthew Moore,Finance,79192
5860,Donald Martinez,Finance,36334
8851,Jennifer Wilson,Customer Service,125841
8592,Andrew Ramirez,Customer Service,65874
496,Jennifer Harris,Marketing,62561
1982,Matthew Perez,Customer Service,126798
947,Paul Garcia,Research,46524
1601,Andrew Perez,IT,107878
9848,Joshua Johnson,Marketing,125372
1587,Dorothy Clark,Engineering,39843
8883,Nancy Wilson,Research,104174
1987,Ashley Ramirez,Customer Service,47046
9295,Donald Taylor,HR,99227
2078,Andrew Clark,Operations,112185
3579,Emily King,Marketing,56522
7857,Sarah Robinson,HR,83911
2185,Karen Jackson,HR,147641
7627,Andrew Jones,IT,127131
7842,Jane Johnson,Engineering,131317
5338,Emily Jackson,Research,67271
6912,Anthony Wilson,Customer Service,126470
6199,Nancy Davis,Finance,120629
2237,Betty Jones,Engineering,122903
4218,Ashley Thomas,Research,56843
1588,Jennifer Martin,Research,133478
4174,David Smith,Finance,143820
1430,David Wilson,HR,52917
1185,Lisa Rodriguez,Engineering,103679
1977,Nancy Walker,Finance,113106
6683,Nancy Sanchez,Operations,91963
8687,Sarah Smith,Research,70976
9471,Anthony Moore,Engineering,89701
5776,Deborah Anderson,Customer Service,111774
6499,Paul Williams,Legal,133376
3958,John Taylor,Sales,116227
6204,Andrew Lopez,Sales,145410
4975,Sarah Lopez,Operations,60721
5814,Lisa Walker,Customer Service,112394
2101,Donald Hernandez,Customer Service,48262
3723,Christopher Allen,Engineering,74182
7088,Michael Jackson,Operations,109606
7587,James Martin,IT,80493
232,Donald Harris,Engineering,84832
1891,Christopher Jones,Marketing,98120
6187,Christopher Ramirez,Marketing,130455
3634,John Garcia,IT,59038
5585,Betty White,Marketing,40064
2818,Robert Moore,Finance,103220
8619,John Jackson,Sales,75462
9431,Joshua Ramirez,Finance,88833
3048,David Walker,Marketing,46325
8703,Matthew Williams,Marketing,51882
