EMP_ID,EMP_NM,DEPT_CD,SAL_AMT
674,Ashley Martin,Customer Service,126698
897,Anthony Hernandez,Operations,98184
9151,Jessica Smith,Marketing,128002
7055,Lisa Jackson,Legal,48352
592,Lisa Lopez,Engineering,33671
2264,Paul Davis,Customer Service,44666
5821,Paul Robinson,Customer Service,107022
8859,Christopher Lopez,Operations,61236
5212,Deborah Allen,Sales,103492
5487,James Lopez,Engineering,75907
2592,Emily Robinson,Sales,124667
4690,Ashley Taylor,IT,132926
4655,Paul Davis,Finance,142346
3282,Joshua Jones,Research,89836
4960,Andrew Walker,Research,74032
4957,Paul Rodriguez,HR,122697
7218,Dorothy Perez,HR,61102
8687,Lisa Miller,IT,31795
1072,Lisa Gonzalez,Research,86898
9794,Dorothy Gonzalez,Sales,60903
5124,Elizabeth Jackson,Sales,81001
4685,Jane Rodriguez,Customer Service,42294
1,Karen Ramirez,Legal,53011
4140,Daniel Rodriguez,Sales,127079
3969,Jessica Clark,IT,130798
3338,Sarah King,Engineering,84830
8058,Anthony Perez,Legal,51516
3357,Mark Thomas,Operations,146356
4839,Dorothy Hernandez,Sales,64151
1860,Christopher Hernandez,Engineering,83742
8658,Jessica Brown,Finance,74855
8804,Jane Walker,Research,83909
1782,James Allen,Operations,87181
3321,David Taylor,IT,97408
5662,Jessica White,Engineering,136973
1476,Mark Hernandez,Marketing,121462
3336,Christopher Thompson,IT,86281
2634,Andrew Taylor,Customer Service,146937
664,Michael White,IT,58749
8740,Amanda Jones,HR,104773
4818,Jessica Martin,Research,139502
2766,David Moore,Finance,40901
1491,Amanda Miller,Sales,89505
1536,Sarah Harris,HR,61917
6697,Michael Walker,Research,69983
9215,Jane Smith,Operations,128290
1491,Donald Lopez,Customer Service,103488
3394,Jennifer Gonzalez,Marketing,69842
2653,Elizabeth Gonzalez,IT,94097
4786,Paul Thompson,HR,88752
78,Jane Ramirez,Operations,61549
7741,Steven Rodriguez,Engineering,37719
8391,David Brown,Customer Service,76456
8019,Jessica Lopez,Research,114969
2939,Ashley Martinez,Marketing,37722
2249,John Sanchez,Legal,115946
321,Paul Rodriguez,Customer Service,137899
6134,Sarah Sanchez,Sales,99145
913,Emily Harris,Finance,144124
82,David Clark,Sales,118020
4378,Ashley Taylor,Operations,115840
3598,Amanda Young,Marketing,99720
3321,Lisa Clark,Marketing,65425
2607,Paul Thomas,Sales,133780
2575,Lisa Ramirez,IT,88454
3140,Joshua Ramirez,Legal,41749
3367,Steven Harris,Legal,89352
318,Lisa Davis,Operations,105619
4876,Michael Robinson,Marketing,81418
883,Andrew Harris,Operations,59425
7516,Matthew Anderson,Legal,98352
9343,Jessica Lee,Operations,55025
9030,Matthew Anderson,Finance,59405
8453,Michael King,Operations,70440
2423,Jennifer White,Operations,87436
4993,Dorothy Allen,Sales,101494
6213,Daniel Garcia,Finance,39410
3541,Emily Smith,Operations,124632
4176,Jennifer Miller,Customer Service,72412
373,Daniel Taylor,Engineering,98794
7749,Nancy Harris,Operations,149270
9146,Lisa Martin,IT,64274
5327,Robert Williams,IT,65903
1893,Anthony Harris,Marketing,106176
1183,John Jones,Legal,51680
4451,Joshua Johnson,Customer Service,112276
9365,Andrew Lopez,Operations,62746
1989,Betty Wilson,Finance,36557
351,Deborah Smith,HR,82885
2947,Karen Lee,Operations,89733
5941,Mark Garcia,Operations,63999
7941,John Sanchez,Research,57106
712,Betty Thompson,Finance,145123
1228,Anthony Williams,Engineering,89812
8868,Lisa Perez,HR,127573
9582,James Martinez,Customer Service,77095
7385,Jennifer Lee,Research,54964
7175,Steven Lopez,Finance,39820
8266,John Smith,Engineering,139856
7265,Jennifer Ramirez,Finance,133335
