EMP_ID,EMP_NM,DEPT_CD,SAL_AMT
2931,Anthony Walker,Engineering,119996
7584,Sarah Rodriguez,Finance,56345
5757,Lisa Smith,Sales,49489
5119,Nancy Sanchez,Customer Service,81307
8519,Dorothy Davis,Legal,75387
1176,Michael King,IT,143374
5388,Jessica Wilson,Operations,125226
9982,Christopher Ramirez,Legal,109155
1,Ashley White,IT,67045
7694,Lisa Martin,IT,55642
2331,Joshua King,Research,34512
1287,James Miller,Marketing,57179
6001,Elizabeth Williams,Research,118381
4,Elizabeth Moore,Customer Service,146474
6863,Emily King,Research,51974
3737,Michael Moore,Legal,129854
2776,Mark Lopez,Research,105426
5687,Joshua Jackson,Research,137964
5053,Michael Davis,Research,59789
1514,James Thomas,Sales,124781
4774,Lisa Sanchez,Finance,117921
5952,Amanda Ramirez,Customer Service,116803
2329,Emily Garcia,Finance,32886
190,Donald Davis,IT,38314
6380,Joshua Robinson,Customer Service,75447
8317,Amanda Williams,Sales,123078
1710,Robert Walker,Marketing,88298
1536,Robert White,Engineering,105659
4935,Donald Hernandez,Sales,133263
9501,Anthony Allen,HR,131862
2982,David Johnson,IT,146925
8733,Betty Garcia,Finance,79338
9852,Robert Gonzalez,Marketing,50368
9359,Anthony Wilson,Marketing,114337
6975,Dorothy Young,Legal,142611
6813,Robert Brown,Operations,30979
9118,Emily Young,Marketing,69192
8410,James Sanchez,IT,106781
8709,Lisa Thomas,Engineering,146035
858,James Allen,Customer Service,88707
2399,Nancy Allen,Finance,92617
8522,Anthony Thompson,Research,35259
7727,Michael Ramirez,HR,143914
7558,Deborah Allen,IT,102092
953,Robert Martin,Marketing,39425
1838,David Walker,Marketing,84351
6536,Anthony White,Sales,137768
6635,Mark Ramirez,Sales,31336
3690,Joshua Williams,Sales,65893
2318,Joshua Jackson,Research,107139
7027,Elizabeth Young,IT,111280
4678,Deborah Thompson,HR,143722
4398,Steven Clark,Operations,75017
2495,Donald White,Legal,52190
5992,Michael Anderson,Customer Service,141003
6759,Christopher Thomas,Engineering,97765
8815,Jane Harris,Operations,102788
2423,John King,HR,115560
848,Jessica Walker,Sales,74348
9674,Daniel White,HR,76110
3359,Mark Thomas,Engineering,55650
5216,Deborah Clark,Sales,125813
9873,James Lewis,IT,62476
2126,Christopher Thompson,Operations,125331
9794,Michael Martin,Finance,52007
5371,David White,Marketing,138481
4189,John Hernandez,HR,148237
146,Paul Robinson,Sales,119620
648,Daniel Sanchez,Operations,43905
4685,Emily Sanchez,Sales,104471
4132,Deborah Thompson,Sales,53764
7373,Anthony Allen,Sales,121557
8407,Lisa Clark,Marketing,131453
2479,Deborah Thomas,Legal,128878
9377,Daniel White,Engineering,118385
6038,Betty Hernandez,HR,91137
2935,Daniel Hernandez,HR,124214
9699,Andrew Jones,Research,93700
6169,Matthew Smith,Customer Service,65082
9586,Anthony Hernandez,Research,34186
9729,Elizabeth Gonzalez,Legal,75337
3322,Mark Taylor,Research,72210
2693,Lisa Clark,Research,45339
1101,Sarah Davis,Sales,77917
8424,Deborah Lee,Legal,130476
6863,Lisa Lewis,Engineering,61199
2848,James Rodriguez,Engineering,77916
7819,Jessica Thomas,Finance,105712
2990,Christopher Walker,Operations,67824
6620,Karen Lee,Legal,85639
3468,Lisa Perez,IT,72012
541,Lisa Miller,Sales,36667
8728,Sarah Smith,Marketing,62279
1231,Deborah Sanchez,Operations,112490
4423,Jane Rodriguez,Customer Service,95940
3579,Jane Smith,Customer Service,101748
9364,Donald Gonzalez,HR,42485
730,John Smith,HR,65638
1925,Anthony Sanchez,Finance,61157
4250,Jennifer King,HR,121863
