EMP_ID,EMP_NM,DEPT_CD,SAL_AMT
7267,Karen Johnson,Marketing,93056
5389,Matthew Martin,Research,146777
6175,Michael Williams,Research,82734
7628,Karen Brown,Engineering,136179
5243,Deborah Martinez,Finance,129101
6185,Ashley Lewis,Engineering,81256
2440,Karen Perez,Customer Service,108652
1849,Lisa Lewis,Legal,93858
4075,Nancy Allen,Marketing,47902
9605,Matthew Jackson,IT,136825
7205,Anthony Gonzalez,Sales,54748
606,Nancy Walker,Legal,73457
3143,Dorothy Davis,IT,61672
6852,Donald Martin,Research,95078
9233,Elizabeth Martin,Legal,130453
1479,Donald Rodriguez,HR,124134
3046,Steven Lewis,Sales,143606
2428,Emily Smith,Sales,35892
2849,Karen Lewis,Research,135149
6387,Christopher Moore,Research,68023
6290,James Smith,Operations,140591
6303,Christopher Harris,Finance,139924
2036,Joshua Martinez,HR,42061
4492,John Wilson,Finance,36755
3421,Lisa Rodriguez,Research,63369
3851,Joshua Davis,Customer Service,86228
9482,Dorothy White,Customer Service,54139
5197,Deborah Martin,Research,129760
3753,Daniel Thomas,Sales,99642
2179,James Gonzalez,Finance,47819
4290,Matthew Jones,HR,98680
9479,Deborah Hernandez,Engineering,91623
5291,Matthew Smith,Legal,77698
6679,Jessica Miller,Operations,109568
6745,Dorothy Martin,Sales,139271
1734,Daniel Thomas,Marketing,139443
5877,Andrew Smith,Legal,48468
6726,Jessica Lopez,Sales,39801
6253,Sarah Rodriguez,Marketing,79862
7740,Jessica Thompson,IT,138456
483,John Robinson,Engineering,120375
5774,Jessica Walker,Finance,106466
5729,Ashley Allen,IT,87546
9499,Paul Lewis,Finance,59266
6170,Jane Walker,Marketing,51170
2382,Deborah Martinez,Customer Service,48794
3551,Steven Walker,Sales,133998
6572,Daniel Martinez,Legal,69544
3532,Joshua Clark,Marketing,123257
1714,Dorothy Smith,Engineering,78430
7079,Donald Ramirez,Finance,73745
7265,Mark Robinson,Legal,136446
2203,Sarah Robinson,Operations,136392
8492,Jennifer Clark,Operations,68611
8248,David Moore,Marketing,70757
784,Ashley Thomas,Legal,120871
8489,Lisa White,IT,59048
2028,Elizabeth Clark,Finance,31739
4389,Elizabeth Anderson,Engineering,73169
8142,Mark Sanchez,IT,142481
9681,Paul Young,Customer Service,98035
5558,Matthew Anderson,Marketing,52676
1570,Dorothy Ramirez,Finance,111912
7616,Daniel Thompson,Operations,128857
572,Dorothy Allen,IT,140376
743,Paul Perez,Operations,120896
3066,Anthony Young,Finance,82731
1010,Jessica Jackson,Sales,103529
9645,Christopher Walker,Research,45392
3559,John Rodriguez,Research,105679
2956,Lisa Garcia,Operations,65747
7655,Andrew Miller,Marketing,104793
9493,Mark Thompson,HR,39590
1389,Elizabeth Williams,Engineering,132380
188,Deborah Brown,Research,31165
8353,Matthew White,Customer Service,37959
8464,Jennifer Williams,Finance,105388
1171,Amanda Smith,Marketing,81775
3281,Deborah Jones,IT,88281
2594,Betty Lewis,Legal,47435
9406,Daniel Smith,Legal,105064
7558,Donald Perez,Customer Service,103360
2095,Paul Taylor,Legal,111937
180,Karen Rodriguez,Sales,70680
6937,Daniel Lopez,Marketing,144112
9513,John Lewis,Finance,124189
9158,David Garcia,Operations,83071
2092,James Wilson,Legal,135218
7331,Nancy Miller,Legal,149373
6465,Jessica Thompson,Engineering,125072
2733,John Martinez,Sales,106880
499,Joshua Lewis,Customer Service,78404
4474,Dorothy Ramirez,Legal,73593
8756,Anthony Lopez,Sales,56933
1869,Amanda Martinez,Customer Service,117106
483,Nancy Thompson,Engineering,117819
8126,Amanda Williams,Finance,48761
2172,Emily Allen,Marketing,36583
8668,Elizabeth Wilson,Customer Service,35914
7601,David Gonzalez,Customer Service,55433
