EMP_ID,EMP_NM,DEPT_CD,SAL_AMT
3529,John Harris,HR,118291
7261,Robert Williams,Sales,66914
9694,Amanda Clark,Research,94043
3105,David Martin,HR,76871
5614,Elizabeth Gonzalez,IT,55389
2934,Elizabeth Walker,Finance,128916
4449,Sarah Jackson,Customer Service,69414
7650,Michael Lewis,Finance,97643
7196,Jessica Wilson,Finance,32080
5397,Donald Young,Operations,127836
3758,Andrew Gonzalez,Finance,47360
4907,Ashley Rodriguez,Research,53618
9039,Steven Brown,HR,136630
6140,Emily Walker,Research,75496
725,Joshua Gonzalez,Finance,92695
4252,Emily Sanchez,IT,129587
4758,James Robinson,Legal,123013
2376,Anthony Lee,Engineering,67769
5642,Lisa Walker,HR,105126
5941,Christopher Thompson,HR,35283
3530,Matthew Brown,HR,117731
5099,Michael Miller,Marketing,47356
8817,Jennifer Robinson,Marketing,81213
4222,Jane Smith,IT,109250
2934,Deborah Lopez,Engineering,84567
3024,Mark White,Research,98313
8385,Mark Taylor,Research,46833
5633,Lisa Sanchez,Operations,93586
7243,Steven White,IT,39310
8495,David Thomas,Finance,87216
3299,Matthew Davis,HR,39344
1315,Nancy Harris,Finance,118219
2613,Lisa Hernandez,Finance,94165
1518,Elizabeth Sanchez,Operations,56935
9690,Jennifer Moore,Marketing,144887
5194,John Walker,IT,54611
2499,Lisa King,Sales,123853
5810,Amanda Anderson,Finance,148845
6365,David Anderson,Operations,62374
2384,Elizabeth White,HR,128713
7985,Lisa Williams,Marketing,142804
6771,Anthony Garcia,Operations,128906
6526,Christopher Gonzalez,Research,79144
9030,Donald Allen,Research,135655
1886,Anthony Anderson,Finance,51612
9859,Steven Moore,HR,94042
2931,Donald Johnson,HR,105780
4275,Lisa Rodriguez,Engineering,86197
7593,Donald Smith,Finance,120250
4011,Jennifer Martinez,HR,77978
8590,Lisa Hernandez,Legal,147698
9515,Dorothy Thompson,Marketing,69581
5037,Amanda Jones,Finance,105922
5115,Daniel Jackson,Engineering,124673
9093,Amanda Young,Customer Service,43490
1999,Andrew Thompson,Engineering,82288
5726,Dorothy Perez,Operations,103340
5839,Lisa Robinson,Marketing,132651
2382,Amanda Lopez,Research,90515
7393,Lisa Smith,Marketing,129994
1609,Jennifer King,Marketing,96399
1315,Emily Anderson,HR,59126
5309,Robert Taylor,Research,30010
1480,Mark Martinez,Research,99562
3511,Jennifer Thomas,Engineering,42743
2019,John Martinez,Marketing,129823
5852,Dorothy Garcia,Marketing,125442
1391,Sarah Jackson,Operations,97519
7547,Betty Lopez,Operations,54437
8538,Dorothy Davis,Customer Service,128075
2876,John Davis,Marketing,105455
6836,Jessica Johnson,IT,39776
8985,Anthony Robinson,HR,42020
4250,Mark Lewis,Marketing,106261
9616,Lisa Miller,Marketing,38628
8649,Steven Rodriguez,Research,124397
4807,Jessica Taylor,IT,139871
1193,Anthony Ramirez,Engineering,78370
2566,Deborah Thomas,Legal,136355
304,Lisa Allen,HR,107696
4607,Paul Taylor,Sales,145288
9392,Donald Taylor,Legal,124915
2931,Christopher Ramirez,Legal,48976
3166,Elizabeth Jackson,Engineering,112441
7682,Anthony Lee,Finance,74393
476,Sarah Moore,Research,106377
3666,Jessica Moore,HR,75855
6181,Steven Jackson,Marketing,111066
7021,Deborah Harris,Marketing,96281
91,Mark White,Customer Service,66532
4415,Jane Williams,Legal,85584
7643,Paul Sanchez,Marketing,128807
9019,Christopher Lewis,Customer Service,129650
5295,Donald Jackson,Engineering,84057
5497,Karen Jones,Finance,103421
5876,Jane King,Finance,44520
3960,Daniel Lee,Finance,61478
8961,Joshua Robinson,HR,52700
4269,Steven Garcia,Research,143122
1929,Donald Anderson,Marketing,108238
