C_ID,C_NAME,AGE_YRS,LOC_CD,REG_DT
2594,Jessica Lewis,22,Los Angeles,2024-08-24
4080,Mark Sanchez,37,Phoenix,2020-12-24
8703,Andrew Sanchez,37,Denver,2022-04-05
9411,David Smith,20,San Diego,2022-11-04
9224,Jennifer Wilson,38,New York,2023-03-21
8022,Anthony Lewis,39,Boston,2022-10-22
7975,Anthony Miller,26,Philadelphia,2025-12-05
8373,Nancy King,22,Sacramento,2020-08-17
400,Ashley Lewis,31,Kansas City,2020-09-19
1310,Michael Martin,46,Boston,2024-07-05
7101,Jennifer Perez,48,Charlotte,2024-06-06
7940,Ashley Brown,61,Jacksonville,2021-09-10
2504,Robert Gonzalez,59,San Francisco,2023-02-28
67,Lisa Gonzalez,56,Denver,2025-08-15
5884,Deborah Lee,45,Kansas City,2021-02-21
1785,Nancy Gonzalez,21,Denver,2020-07-26
9253,Emily Moore,48,Charlotte,2024-12-16
8807,Robert Taylor,25,Austin,2021-03-27
9233,Christopher Walker,30,Albuquerque,2023-11-06
2946,Christopher Perez,41,Fort Worth,2024-04-22
4152,Andrew Sanchez,29,Philadelphia,2024-05-13
3843,Nancy King,42,Mesa,2025-02-07
6193,Robert Davis,33,San Antonio,2021-05-12
9265,Jessica Robinson,28,Phoenix,2025-06-17
6007,Andrew Walker,52,Albuquerque,2020-04-28
5947,Steven Jackson,31,Dallas,2023-12-06
6166,James Thompson,35,San Jose,2023-06-17
1525,Anthony Robinson,60,Louisville,2024-05-28
4380,Karen Allen,64,Fresno,2020-06-28
8203,Lisa Martin,61,Philadelphia,2025-04-11
5355,Robert Allen,30,Kansas City,2020-04-19
2407,Deborah Jackson,36,Philadelphia,2023-11-18
8088,Steven Gonzalez,63,Chicago,2021-10-18
8607,Dorothy Garcia,23,Portland,2025-11-24
5225,Dorothy Thomas,45,Phoenix,2021-11-02
5396,Lisa Hernandez,19,Seattle,2021-10-14
5419,David Brown,25,Fresno,2023-03-10
1064,James Lee,63,Albuquerque,2022-10-27
4508,Joshua Jones,19,Washington,2025-10-11
1079,Lisa Moore,63,Baltimore,2021-07-11
3306,Michael King,44,New York,2025-07-08
8887,Donald King,51,Oklahoma City,2023-08-06
6701,David White,30,Jacksonville,2022-02-16
8093,James Jones,28,Las Vegas,2023-10-18
4464,Betty Martin,44,Fresno,2022-01-19
1548,Jane Ramirez,51,Washington,2020-11-21
9306,Nancy Thompson,23,Las Vegas,2025-03-27
5344,Steven Lee,40,Kansas City,2024-05-15
5660,Mark Smith,53,Louisville,2022-06-26
759,David Garcia,58,Indianapolis,2024-12-03
29,Sarah Ramirez,66,Denver,2022-12-23
5993,John Young,58,Sacramento,2022-01-07
331,Jessica Gonzalez,21,San Jose,2021-11-19
9021,James Ramirez,33,Milwaukee,2024-05-28
8998,Mark Smith,22,Chicago,2025-07-17
8548,Lisa Johnson,22,Las Vegas,2024-12-11
5529,Emily Garcia,51,Sacramento,2020-07-24
6929,Andrew Smith,66,Chicago,2023-03-18
4465,Donald Wilson,21,Louisville,2025-10-16
4588,Elizabeth Harris,36,Albuquerque,2021-04-27
938,Jane Sanchez,43,San Jose,2024-02-23
1987,Mark Rodriguez,70,Dallas,2023-02-25
5663,Jane Smith,21,Kansas City,2022-10-20
4150,Emily Martinez,20,San Antonio,2024-05-05
5660,Elizabeth Thomas,42,Denver,2024-03-10
8371,Matthew Jackson,36,Charlotte,2020-03-22
4238,Amanda Thompson,23,Milwaukee,2021-05-05
7992,Jessica Robinson,32,Baltimore,2021-04-20
4875,Paul Clark,38,Sacramento,2025-04-23
8324,Ashley Garcia,48,Houston,2023-11-19
5125,Robert Miller,18,San Antonio,2024-01-16
1244,Steven Perez,54,Kansas City,2025-03-13
643,James Martinez,33,Los Angeles,2024-07-27
3839,Karen Lopez,70,Chicago,2023-08-09
4259,Robert Garcia,59,Philadelphia,2024-06-18
