EMP_ID,EMP_NM,DEPT_CD,SAL_AMT
4755,Betty Harris,Marketing,73099
4448,Andrew White,Marketing,31508
6296,Michael Allen,Research,103562
2535,Sarah Harris,HR,78014
335,Emily Garcia,Marketing,131571
7528,Anthony Williams,HR,149537
4062,Amanda Sanchez,Research,52320
84,Matthew Thompson,HR,148071
9863,Lisa Thompson,Legal,105162
233,Robert Smith,Finance,81914
1112,Elizabeth Garcia,IT,30755
2335,Michael Moore,Sales,103147
9630,Emily Garcia,Operations,57319
6500,Anthony Robinson,Marketing,70327
1565,Daniel Martinez,Legal,120617
293,Donald Gonzalez,Research,66008
6937,Karen Smith,Legal,127366
8809,Dorothy Lewis,Marketing,52057
1433,Deborah Clark,Finance,109921
9209,Donald Walker,Marketing,110182
9146,Matthew Ramirez,HR,81964
7621,Paul Martin,Customer Service,148554
5663,Michael Hernandez,IT,113082
7287,Lisa Garcia,Operations,52917
9275,Paul Hernandez,IT,45640
3427,Anthony Jackson,Customer Service,67685
213,Daniel Robinson,Marketing,38103
6816,Matthew Rodriguez,Legal,52158
4881,Mark Johnson,Operations,135574
476,David Clark,Research,52055
7631,Mark King,Customer Service,64134
6460,Elizabeth Smith,Engineering,122097
5744,Jennifer Smith,HR,130571
5764,Ashley Sanchez,HR,89615
6147,Amanda Ramirez,HR,100017
612,Daniel Ramirez,Customer Service,99413
5715,Steven Lee,Marketing,135907
3114,Robert King,Operations,113465
9847,Mark Williams,IT,83699
1757,Joshua Young,Research,69221
2874,Dorothy Davis,Customer Service,115979
8686,Deborah Moore,Operations,142189
6036,Joshua Allen,Legal,110146
2875,Robert Thomas,Sales,74676
4594,Nancy Brown,Sales,74787
601,Matthew Lewis,Customer Service,106681
6290,Matthew Anderson,HR,112742
411,Karen Lopez,IT,138898
3411,Jane Lopez,HR,44188
5865,Lisa Thompson,Customer Service,145225
8954,Daniel Moore,HR,100811
565,Emily Hernandez,Finance,35284
4000,Betty Ramirez,Marketing,135622
4006,Anthony Davis,Legal,137985
3262,Steven White,Operations,31081
4265,Amanda Perez,Research,94251
6601,John Harris,Sales,48162
9349,Dorothy Rodriguez,Customer Service,137399
9556,Nancy Robinson,Research,142050
4253,Jennifer White,Finance,110766
9244,Christopher Lopez,IT,117672
2739,Donald Anderson,Operations,82355
8101,Nancy Johnson,Finance,65814
3272,Anthony Gonzalez,Finance,134394
7852,Betty Moore,Operations,41884
7988,Nancy Walker,Marketing,79307
6930,Jane Gonzalez,Finance,80823
1810,Jennifer Clark,Operations,45412
7301,Paul Johnson,IT,103341
4680,Elizabeth Lewis,Customer Service,97058
1243,Jennifer Taylor,Marketing,144653
7702,Donald Taylor,IT,144369
753,Betty Miller,Finance,94321
8678,Lisa Lopez,Customer Service,36705
6519,Emily Thomas,Engineering,115511
929,Lisa Moore,Legal,109000
7112,Daniel Ramirez,Customer Service,136343
7322,Paul Perez,Finance,66994
3126,Paul Ramirez,IT,138846
867,Mark White,Legal,92336
2968,Joshua Ramirez,Operations,120645
9138,Daniel Ramirez,IT,45696
6113,Michael Jackson,Finance,37933
3143,Ashley Smith,Research,42414
6131,Robert Martinez,Sales,32935
7326,Christopher Brown,Marketing,64996
1144,James Harris,Engineering,65375
9355,David Harris,Engineering,97583
9541,Dorothy Harris,Finance,101426
8286,Ashley Martin,Operations,59198
6380,Sarah Davis,Legal,44650
775,Donald Garcia,Operations,81107
2345,Donald Wilson,Operations,68940
3874,Jennifer Miller,Engineering,124113
4232,Robert Johnson,Engineering,141228
7118,Jane Wilson,Marketing,148304
6943,Ashley Thomas,Research,69114
7356,Jessica Anderson,Marketing,56043
9067,Anthony Martinez,Legal,68859
6356,Christopher Thomas,Customer Service,126142
