EMP_ID,EMP_NM,DEPT_CD,SAL_AMT
6732,Daniel Perez,IT,95079
6392,Donald Rodriguez,Marketing,114631
1733,Mark Anderson,Sales,92805
7976,Deborah Moore,Legal,121969
2836,Ashley Lopez,IT,91716
8835,Michael Taylor,Operations,38383
6532,Sarah Gonzalez,HR,45150
7147,Jane Thompson,Finance,128354
3316,Paul Young,Sales,99968
226,Emily Sanchez,Marketing,109076
3820,David Thomas,Customer Service,114386
55,Lisa Walker,IT,40971
9293,Andrew Anderson,Sales,54063
5247,Amanda Walker,HR,57134
3157,Jane Hernandez,Legal,144579
2019,Elizabeth Jones,Legal,49672
805,Amanda Robinson,HR,112506
3770,Donald Jackson,Marketing,56994
8742,Steven Young,Marketing,134043
7881,Anthony Taylor,IT,55833
3841,Robert King,HR,139637
6249,Sarah Moore,Legal,133886
3513,Joshua Perez,Customer Service,101369
3949,Michael Walker,IT,120676
7101,David Brown,Marketing,138811
823,Amanda Walker,Finance,127242
1604,Donald White,IT,138296
1995,Amanda Young,Legal,131870
3694,Andrew Lee,Research,51234
734,Joshua Johnson,Customer Service,147864
5158,Anthony Johnson,HR,35357
5488,Mark Sanchez,Legal,91598
6049,Sarah Garcia,Finance,132873
1531,Mark Allen,Legal,90977
5899,Matthew Taylor,Operations,57569
3107,Joshua Miller,IT,112435
8357,Amanda King,Customer Service,88825
9441,Michael Moore,Marketing,64283
2416,Paul Young,Research,55948
4059,Jessica Wilson,Research,37370
5960,Daniel Taylor,Research,124217
4675,Michael Rodriguez,Sales,64910
2771,Deborah Perez,Finance,64709
5995,Andrew Young,Finance,131711
8435,Andrew Taylor,Marketing,135445
2021,Mark Wilson,Operations,91957
1964,Steven Miller,Legal,104713
9740,Jennifer Walker,Operations,43202
2158,Anthony Jackson,Marketing,105251
9972,Daniel Sanchez,Research,36499
9451,Joshua Lewis,Legal,63061
6676,Elizabeth Rodriguez,Marketing,104040
7106,Daniel Thompson,HR,36774
3113,Paul Garcia,Operations,122671
9592,Andrew Rodriguez,Engineering,85719
8753,Sarah Thomas,IT,149945
6036,Amanda Gonzalez,Operations,44851
5407,Steven Jackson,Research,50765
6852,Amanda Brown,IT,121278
3387,Paul Thomas,Sales,81529
7407,Matthew Perez,Engineering,53113
1513,Christopher Smith,Finance,119406
9128,Joshua Thomas,Marketing,79732
7176,David Rodriguez,HR,105099
4211,Karen Johnson,Engineering,79987
6527,Dorothy Anderson,Customer Service,93879
1752,Ashley Rodriguez,HR,131250
8148,Paul Perez,Engineering,69526
6152,Jessica Rodriguez,Finance,131548
6656,Dorothy Jackson,Operations,136477
8566,Elizabeth Miller,Marketing,80838
8093,Mark Young,HR,37483
4572,Lisa Lewis,Operations,31205
7528,Dorothy Young,Operations,137052
6458,Jennifer Williams,IT,44679
2205,Christopher Rodriguez,Operations,51004
1174,Betty King,Legal,94015
4069,Donald Williams,Marketing,113459
6812,Deborah Moore,IT,75678
2506,Ashley Jackson,HR,100375
2277,Emily Lewis,Finance,140922
8192,Andrew Smith,Customer Service,125372
4765,Sarah Clark,Operations,88113
4577,Lisa Johnson,Customer Service,32725
3496,Christopher Brown,Marketing,81917
798,Dorothy Sanchez,Operations,128078
5579,Jessica Thomas,Operations,83573
2046,Betty Anderson,Engineering,89667
6304,Jessica Martinez,Engineering,126897
876,Jennifer Smith,Research,106297
6129,Nancy Jones,Engineering,114882
6525,Andrew Gonzalez,Research,113254
6231,Amanda Robinson,Legal,139423
8412,Amanda Thomas,Marketing,84962
1121,John Gonzalez,Marketing,42785
9522,Andrew Clark,Marketing,74958
7649,Lisa Perez,IT,95178
1767,Jane Thomas,Operations,101527
2198,Jessica Thompson,HR,127206
5893,Elizabeth Smith,IT,53801
