C_ID,C_NAME,AGE_YRS,LOC_CD,REG_DT
9036,John Lewis,62,San Antonio,2022-05-05
6867,Deborah Moore,28,San Jose,2023-02-04
3756,Steven Hernandez,53,Austin,2022-10-28
1041,Deborah Young,63,Houston,2021-03-22
5860,Lisa Smith,31,Chicago,2020-07-17
3268,Emily Rodriguez,36,New York,2024-04-18
22,Ashley Hernandez,52,Milwaukee,2023-09-27
2983,Ashley Brown,44,Phoenix,2025-11-10
4413,Daniel Harris,43,Los Angeles,2022-05-22
5113,Jennifer Sanchez,29,San Jose,2022-05-14
3922,Lisa Walker,34,San Diego,2024-07-06
7100,Steven Young,48,Louisville,2022-03-24
4273,Steven Lewis,43,Tucson,2021-11-26
2713,Betty Miller,39,Washington,2020-12-09
5727,Christopher Allen,32,San Diego,2022-08-26
2918,Sarah Robinson,32,Albuquerque,2022-09-11
9010,James Jackson,44,San Diego,2021-08-15
4465,Nancy Harris,32,Nashville,2020-10-07
1096,Steven Smith,39,Denver,2023-09-12
1829,Christopher King,60,San Jose,2022-09-28
1835,Amanda Moore,30,Oklahoma City,2022-12-01
3345,Ashley Martin,65,Indianapolis,2025-08-20
8924,Amanda Harris,33,Baltimore,2022-08-08
1387,Emily Perez,33,San Antonio,2021-05-13
8675,David Martinez,51,Las Vegas,2024-08-23
4185,Andrew Martin,42,Milwaukee,2024-01-11
1600,Sarah Thompson,69,Louisville,2023-06-05
8410,Daniel Garcia,45,Fort Worth,2020-07-19
5274,Jennifer Lewis,20,Nashville,2022-06-11
4840,Nancy Harris,66,San Francisco,2023-11-28
3946,Lisa Smith,20,San Antonio,2021-08-07
3670,Donald Taylor,54,San Antonio,2024-08-17
210,Jane Johnson,57,Los Angeles,2021-05-12
5243,Lisa Perez,29,Washington,2021-02-03
2468,Donald Lopez,27,Chicago,2024-06-13
708,Sarah Wilson,23,Las Vegas,2020-09-04
7204,Anthony Johnson,57,Portland,2022-11-08
3262,James Martin,57,Mesa,2022-05-05
3161,Michael Williams,26,Boston,2025-03-08
6205,Robert Jackson,48,Tucson,2025-11-17
2033,Lisa Lewis,39,San Francisco,2025-10-23
1457,Jessica Taylor,64,Oklahoma City,2023-02-09
9086,Michael Taylor,24,Mesa,2021-07-11
2375,Karen Young,21,Portland,2024-08-17
5472,John Moore,48,Washington,2022-12-26
3182,Steven Anderson,25,San Jose,2024-07-06
2037,James Thompson,34,Jacksonville,2024-01-24
1376,Paul Ramirez,33,Chicago,2025-10-06
7938,Robert White,19,Milwaukee,2024-05-19
1517,Amanda Martin,57,Albuquerque,2020-01-01
7311,Christopher Smith,48,Indianapolis,2025-04-26
8933,Elizabeth Harris,42,Chicago,2023-05-20
6568,Amanda Martin,67,Dallas,2020-11-13
3906,Andrew Moore,47,Seattle,2020-07-21
3491,James Walker,50,Fort Worth,2021-03-28
7672,Robert Harris,31,San Diego,2022-11-26
1425,Paul Martinez,20,Fresno,2024-10-10
986,Christopher Young,45,Milwaukee,2021-03-02
3935,Matthew Robinson,50,Dallas,2022-06-14
2620,Jessica Williams,19,Oklahoma City,2021-11-07
718,Nancy Jones,31,Las Vegas,2024-04-12
5329,Andrew Martin,60,Oklahoma City,2022-01-09
190,Mark Sanchez,69,Austin,2025-02-08
4759,Joshua Davis,28,Oklahoma City,2023-03-17
8355,Amanda Davis,57,Oklahoma City,2024-03-19
2780,Elizabeth Thompson,55,Charlotte,2025-07-19
462,Sarah Taylor,38,Sacramento,2024-04-19
2115,John Walker,68,Albuquerque,2023-10-09
8294,David Brown,36,Boston,2020-07-25
610,David Taylor,38,Sacramento,2021-06-18
3865,Karen Walker,24,Columbus,2025-08-06
3239,Daniel King,29,Sacramento,2023-05-19
3406,Paul Lopez,43,Oklahoma City,2020-11-23
7975,Anthony Garcia,57,Seattle,2021-09-12
5370,Michael Jones,53,San Antonio,2024-10-03
