EMP_ID,EMP_NM,DEPT_CD,SAL_AMT
495,Amanda Wilson,Research,149907
757,Ashley Hernandez,Operations,78361
5656,Amanda Thompson,Operations,139704
1445,Dorothy Miller,Legal,142262
776,Donald Lee,Operations,87140
9073,James Allen,Engineering,94920
6011,Karen Davis,Sales,52016
2142,Mark Clark,IT,132797
5450,Sarah Lopez,Engineering,109569
927,David Martinez,HR,134358
8797,Robert Smith,HR,148471
150,Emily Robinson,Marketing,76343
1365,Andrew Lewis,Finance,63915
3569,Sarah Smith,HR,40124
9666,Daniel Ramirez,Legal,58376
1550,Deborah Garcia,Engineering,137075
888,Amanda Wilson,Customer Service,34805
7695,Dorothy Thomas,Sales,106267
8685,Daniel Lopez,Operations,66561
1155,Elizabeth Johnson,Sales,136378
1980,Christopher Johnson,HR,89340
2628,Lisa Smith,IT,118411
3802,David Thompson,Marketing,92222
4154,Elizabeth Lopez,Sales,64055
8194,Jane Taylor,Operations,47999
4491,John Williams,Legal,83810
4066,Betty Anderson,Finance,38032
3239,Matthew Anderson,Operations,78743
421,Michael Brown,Sales,41145
254,Daniel Robinson,Legal,123771
7807,John Hernandez,Research,65950
2381,Anthony Martin,Research,72309
2755,Dorothy Allen,HR,43193
9114,Daniel Thomas,Research,48684
6039,Lisa Davis,IT,109392
1869,Elizabeth Sanchez,Operations,139356
1909,Dorothy Thomas,Engineering,33600
5696,James Garcia,HR,116030
2041,Emily Brown,HR,112191
4896,Joshua Johnson,Sales,83515
8574,Anthony Martin,Research,41772
1021,Robert Davis,Finance,92213
4753,Dorothy Brown,Sales,50029
1718,Donald Ramirez,Customer Service,143729
1931,Matthew Anderson,Sales,46908
2334,Jane Thomas,Research,121849
2512,Elizabeth Clark,HR,124963
2326,Daniel Thomas,Sales,92845
9142,Deborah Hernandez,Engineering,139813
7039,Karen Martin,Operations,86269
1039,Jane King,IT,82306
5934,Amanda Lee,Customer Service,143701
1482,James Sanchez,Legal,74356
878,Lisa Garcia,Sales,87785
8758,Elizabeth White,Sales,61395
9765,Mark Lee,Research,85499
8545,Lisa Lewis,Sales,143576
8710,David Lee,Legal,57733
3287,Dorothy King,Legal,149329
343,Ashley Clark,Sales,101130
5889,Mark Martin,Marketing,103004
8562,David Thompson,Operations,61399
7036,Matthew Gonzalez,Customer Service,65849
8232,Emily Hernandez,Engineering,140767
1294,Christopher Rodriguez,Research,109353
3456,John Hernandez,IT,108345
2557,Steven Sanchez,Legal,128486
1249,Michael Jackson,Marketing,44063
274,James Lee,Customer Service,138886
6449,James Davis,Marketing,94035
2940,Andrew Jackson,Customer Service,55967
107,Anthony King,Legal,76128
8681,David Harris,Sales,145604
767,Matthew Moore,IT,94840
8903,Sarah Williams,Operations,30966
571,Andrew Rodriguez,Marketing,38438
6827,John Allen,IT,37103
6230,Mark Lopez,Sales,65286
4809,Amanda Wilson,Customer Service,91898
6484,Paul Taylor,Operations,42901
9856,Lisa Jones,Engineering,59992
7818,Emily Walker,IT,103743
9561,Jane Rodriguez,Finance,146851
3011,Jessica Rodriguez,Marketing,36180
2380,Lisa Rodriguez,IT,33592
6686,Karen Garcia,Marketing,105317
7507,Ashley Jackson,Finance,73193
5654,Joshua Perez,Marketing,86685
1113,Steven Smith,Marketing,63257
4247,Matthew Brown,Operations,117504
4232,Lisa Sanchez,HR,146664
1930,James Anderson,Sales,80678
974,David Williams,Customer Service,53458
4249,Betty Sanchez,Legal,51315
309,John Hernandez,Finance,50385
2475,Christopher Perez,Marketing,141962
2336,Jennifer Martin,Finance,120888
2665,Sarah Walker,Marketing,36813
5830,Elizabeth Allen,Sales,74220
8806,Matthew Williams,HR,61394
