EMP_ID,EMP_NM,DEPT_CD,SAL_AMT
3023,David Perez,Legal,76297
904,Lisa White,Finance,149755
8474,Ashley Martin,Legal,130577
8981,Jennifer Miller,Legal,129804
7916,David Thomas,Marketing,149138
5115,Dorothy Taylor,Customer Service,68009
9454,Jessica Wilson,HR,71541
9522,Andrew Martinez,HR,79834
5270,Karen Davis,Operations,54076
8862,Deborah Thomas,Operations,90138
6136,Michael Wilson,Customer Service,31645
1895,Deborah Miller,Marketing,132892
6671,Betty Davis,Engineering,105713
5588,Nancy Miller,Research,49816
7906,Michael Walker,IT,30946
8789,Jane King,IT,43811
9847,Steven Harris,Engineering,133719
8724,Sarah Young,Finance,53781
8485,Ashley Rodriguez,HR,99222
8058,Matthew Lee,Legal,140768
7708,Christopher Lopez,Operations,75831
3863,Sarah Anderson,Customer Service,121198
588,Mark Lopez,Customer Service,76297
3837,John Robinson,IT,77567
9892,Joshua Harris,Customer Service,72034
3381,Joshua Walker,Operations,32776
9940,Joshua Garcia,Engineering,147039
8189,James Robinson,Research,33507
325,Sarah Hernandez,Operations,75306
4188,Amanda Harris,HR,51737
5166,David Lopez,HR,91877
8687,Michael Gonzalez,Finance,53801
6461,Mark Brown,Engineering,109586
4739,Anthony Gonzalez,Research,95618
9400,Karen Clark,IT,41302
7419,Christopher Moore,Marketing,132009
6382,Paul Martinez,Legal,83158
6166,Matthew Ramirez,Research,58489
1864,Jessica Ramirez,Customer Service,83119
182,Sarah Garcia,Engineering,71074
5182,Paul Rodriguez,Operations,59028
5053,Betty Lee,Engineering,89933
6392,Anthony Lee,Legal,137601
2226,Christopher Jackson,Marketing,82274
1297,Anthony White,Marketing,131000
7234,David Gonzalez,Operations,60446
8492,Andrew Brown,Research,32208
601,Nancy Lee,Customer Service,115976
2734,James Allen,Engineering,38432
4428,Robert Williams,IT,49121
6721,Steven Allen,Customer Service,64852
9911,Donald Lewis,HR,144710
631,Michael Rodriguez,Research,80053
9195,Lisa Garcia,Sales,120057
9669,Nancy Taylor,Research,51528
3451,Amanda Allen,Customer Service,106982
7,Jane Brown,IT,53687
5600,Ashley Jackson,Research,40557
6629,James Taylor,IT,142185
8205,Dorothy Davis,Operations,102986
6006,Robert White,Operations,124052
5026,Amanda Smith,Operations,50223
5281,Lisa Jackson,Sales,36204
6360,Lisa Walker,IT,73236
2870,Matthew Harris,HR,119865
7547,Jennifer Gonzalez,Finance,113361
6680,Matthew Allen,Engineering,71191
5071,Amanda Moore,HR,149498
5577,Donald Miller,Legal,59216
2204,Anthony Ramirez,Sales,86673
9803,Joshua Sanchez,IT,128040
7140,Jennifer Harris,Engineering,146291
4834,John Brown,Research,31593
5493,Andrew Martinez,Finance,120467
6882,Lisa Davis,HR,67506
6431,Emily Martinez,Legal,45059
7473,Betty Jones,Operations,39843
1581,James Brown,Research,137407
6689,Dorothy Ramirez,HR,125238
4417,Karen Walker,Sales,91260
2598,Michael Williams,Research,91184
8628,Matthew Harris,Engineering,45348
8421,Sarah Johnson,Research,67553
1404,Betty White,Finance,138202
1843,Mark Hernandez,Operations,78394
2453,Jessica Williams,Research,89736
1518,Joshua Hernandez,Legal,128707
8950,Elizabeth Martin,HR,126517
1925,Jane Walker,Customer Service,132234
2796,David Brown,HR,98397
2776,Christopher Moore,Engineering,41557
6377,Christopher Gonzalez,Legal,89267
9039,Jennifer Thompson,Sales,140545
4727,Jane Robinson,Sales,47101
3109,Karen Harris,Engineering,59835
6902,David Smith,Marketing,45744
614,Elizabeth Robinson,Operations,138756
186,Lisa Miller,IT,118189
7780,Mark Walker,IT,90326
3931,Steven Lopez,Marketing,46289
