EMP_ID,EMP_NM,DEPT_CD,SAL_AMT
8634,Karen Thomas,Legal,77834
5026,Jane Hernandez,Marketing,138030
440,Deborah Ramirez,Operations,69857
6452,Emily Clark,Marketing,101306
2869,Daniel Miller,Engineering,103023
7526,Mark Johnson,Finance,110984
4932,Michael Harris,Marketing,78101
3217,Elizabeth Jackson,Legal,61993
7329,Paul Martin,HR,107690
6704,Jane Johnson,Finance,79237
7520,Robert Williams,Sales,46761
2117,Donald Moore,Marketing,56679
3430,Jessica Sanchez,Customer Service,146793
7583,Steven Rodriguez,Operations,79921
5362,Lisa Hernandez,Marketing,131454
9098,Christopher Jackson,Engineering,131639
3290,Jessica Miller,Engineering,143379
6112,Andrew Jones,Operations,30002
8222,Michael Thompson,Customer Service,56442
9679,Joshua Taylor,Legal,94604
8240,Ashley Brown,Research,137574
1920,Paul Gonzalez,Marketing,53511
7637,Jennifer Davis,Finance,92477
3314,Ashley Anderson,IT,84256
2883,Mark Martinez,Legal,137530
6891,Karen Taylor,Marketing,66505
9691,Betty Williams,Engineering,64801
2981,Karen Thompson,Engineering,97119
4006,Daniel Thomas,Customer Service,95860
9022,Donald Wilson,Finance,105183
3212,James Williams,IT,95895
317,Sarah Garcia,Engineering,147154
5734,Jessica Clark,Research,147637
1826,Nancy Miller,Finance,46745
2317,Nancy Lee,Marketing,134843
6563,Anthony Ramirez,Legal,95447
7556,Joshua Rodriguez,Legal,39405
9200,Mark Robinson,Research,75301
4843,Lisa Smith,Legal,90613
6403,Ashley Harris,Legal,90984
6965,Joshua White,Sales,123464
3840,Andrew Johnson,IT,62126
2853,Jessica Moore,Operations,66739
289,Betty Robinson,IT,114089
2949,Nancy Jackson,Customer Service,142280
6826,Mark Sanchez,Engineering,135355
5049,Betty Davis,HR,49469
5723,Anthony Martinez,IT,134387
5702,John Wilson,Legal,83169
6815,Deborah Anderson,Finance,120935
5890,Lisa Martinez,Operations,40853
9466,Daniel Moore,Legal,140821
9623,Paul Sanchez,Marketing,84885
3967,Jessica Gonzalez,Legal,144551
9917,Elizabeth Lopez,Legal,122577
2717,Sarah King,Legal,144127
8008,Christopher Smith,IT,96449
6306,David Williams,Engineering,134971
2924,Lisa Williams,Finance,72585
5098,Michael White,Research,89516
3216,James Taylor,Finance,84181
5567,Michael Wilson,Sales,114823
245,Betty Anderson,Sales,74485
233,Daniel Young,HR,39905
471,Dorothy Anderson,Finance,114017
1298,Amanda Martin,HR,67853
2176,Karen Martin,Finance,43802
9905,Sarah Harris,Operations,70891
5702,Michael Allen,Legal,71272
832,Lisa Sanchez,IT,133063
4812,Daniel Garcia,Sales,43666
6328,Karen Walker,Research,144510
2313,Sarah Harris,Customer Service,100202
5705,Ashley Anderson,Finance,58611
3017,James Martinez,Research,147847
9519,John Lewis,Customer Service,41554
2586,Steven Lewis,Sales,32082
5543,Ashley Brown,IT,67878
1254,Ashley Miller,Operations,51442
5269,Karen Smith,Sales,120735
8887,Nancy Taylor,Operations,121053
9436,Jessica Perez,Research,130284
1797,Lisa Ramirez,Sales,32110
8940,Nancy Sanchez,Engineering,67171
2886,Amanda Brown,Operations,116466
4591,Mark Davis,Legal,105055
2206,Betty Taylor,Sales,71914
81,Nancy Wilson,Engineering,48242
9845,Emily Moore,Finance,148492
7032,Lisa Brown,Research,118995
2831,Michael Hernandez,Customer Service,92140
5546,David Lewis,Operations,100584
4437,Andrew Williams,HR,143107
5719,Joshua Thompson,Customer Service,147347
3014,Jennifer Perez,Operations,84968
6576,Steven White,Finance,104735
1605,Lisa Smith,Research,44676
3800,Daniel Miller,HR,56883
4768,Joshua Thomas,Operations,48745
7371,Paul Johnson,HR,84812
