EMP_ID,EMP_NM,DEPT_CD,SAL_AMT
5039,James Smith,Legal,139000
9439,Matthew Brown,HR,107992
9747,Lisa Allen,IT,120703
6294,Emily Walker,Research,99309
6967,Dorothy Thomas,Marketing,69542
3222,Jessica Anderson,Customer Service,62739
2416,Betty Johnson,Marketing,99171
9860,Jessica Smith,HR,123557
8839,Lisa Smith,Finance,119974
5095,Andrew Harris,Sales,55008
7103,Deborah Lee,Sales,94603
853,Karen Perez,Engineering,133106
3725,David Lee,Research,144551
6705,Daniel Jackson,HR,71712
8149,Karen King,Research,39693
8274,Karen Martin,IT,75543
7153,Donald White,Customer Service,113357
4273,Lisa Thompson,Finance,83835
9029,Dorothy Johnson,Operations,96853
6064,Deborah Moore,Customer Service,98436
840,James Johnson,IT,120420
4349,Betty Thomas,Engineering,72912
7924,David Sanchez,Customer Service,78563
4448,Betty Sanchez,Research,60853
5922,Sarah Davis,IT,31889
8600,Mark Allen,Marketing,135875
6686,Nancy Taylor,Research,104125
9744,Ashley Allen,Customer Service,81180
9434,Jane Allen,Marketing,62857
6781,Steven Johnson,HR,108419
3630,Daniel Wilson,Marketing,55677
2384,Jennifer Moore,Engineering,136769
8751,Matthew Smith,Legal,56661
9624,Elizabeth Miller,Legal,67677
4261,Joshua Allen,Engineering,87116
9089,Mark Anderson,Legal,30346
5663,Robert Thomas,HR,58573
3049,Nancy Anderson,Legal,57875
106,Paul Miller,Operations,132736
5710,Betty Jones,Engineering,117109
2359,Paul Garcia,Marketing,105143
7177,Emily Lopez,Customer Service,105621
6733,Jane Lee,Research,118505
5651,Elizabeth Johnson,Legal,87405
8367,Christopher Thomas,Marketing,123562
3835,Steven Robinson,HR,79118
6690,Steven Jones,Sales,122607
1748,Lisa Williams,Sales,62116
7210,Daniel Thompson,Customer Service,65120
723,Nancy Harris,Engineering,106432
4109,James Thomas,Marketing,148536
926,Anthony Martin,Legal,121517
8506,Paul Anderson,Operations,85619
544,Robert Jackson,Finance,113601
3891,Betty Taylor,Sales,84327
8884,Mark Allen,IT,139545
4047,Ashley Miller,Marketing,64659
9776,Jane Thomas,Legal,85811
6571,Christopher Thompson,Marketing,32674
9639,Ashley Miller,Sales,121954
5093,Emily Clark,Operations,140186
5807,Dorothy Miller,HR,110198
7014,Michael Lee,Sales,100748
3217,Jane Young,HR,109694
503,Anthony Martin,Marketing,98947
764,Karen Taylor,Legal,78308
6480,Michael Thomas,Marketing,96652
2100,Jane Davis,Marketing,139469
3685,Andrew Lopez,IT,85249
9745,Karen Garcia,IT,98168
6642,Jennifer White,Customer Service,104363
6467,Betty Taylor,Customer Service,75880
3595,Jessica Harris,IT,48978
8809,Joshua Jackson,Customer Service,87481
283,Sarah Smith,Sales,68470
1329,Matthew Lewis,Research,113567
8612,James Martinez,Customer Service,126584
8988,David Perez,HR,100454
6686,Sarah Lee,Operations,93898
1665,Steven Miller,IT,136219
2882,Sarah Perez,Engineering,128043
5456,Lisa Lewis,Engineering,51685
9695,Elizabeth Walker,Finance,72268
2127,Karen Robinson,Marketing,64247
2659,Lisa Gonzalez,HR,111471
1507,Andrew Jones,Legal,129031
3076,Sarah Moore,Engineering,49719
9444,Anthony Martin,Operations,107473
3457,Karen Moore,IT,47305
4085,Karen Brown,Legal,114753
967,Dorothy Thomas,Marketing,112775
5415,Sarah Lee,Engineering,50259
5680,Ashley Martin,Marketing,52771
9042,Andrew Allen,Operations,94448
6438,Daniel Garcia,IT,65799
96,Donald Jackson,Sales,59623
5842,Elizabeth Miller,Customer Service,115183
1912,Lisa Williams,HR,118964
7409,Paul Rodriguez,Sales,83003
3812,John Martin,Engineering,134120
