EMP_ID,EMP_NM,DEPT_CD,SAL_AMT
825,Matthew Davis,Engineering,110401
9187,Deborah Lopez,Legal,92480
2297,John Jackson,Sales,48991
4114,Mark Brown,HR,54844
5385,Jessica Taylor,HR,48798
2898,Emily Lopez,Operations,101869
9293,Donald Thompson,IT,118783
78,Christopher Thompson,Engineering,61124
5170,Daniel Allen,Customer Service,134508
6636,Mark Perez,Sales,117054
5280,Donald Perez,HR,34311
3764,Joshua Wilson,IT,122300
4406,Karen Hernandez,Customer Service,113071
6283,Andrew Rodriguez,Legal,90616
62,Lisa Martin,Legal,111884
8391,Dorothy Jones,Customer Service,75754
2615,Christopher Miller,IT,74279
8297,Daniel Garcia,Legal,114823
8129,Jennifer King,Legal,123916
2032,Karen Taylor,Sales,123399
4065,Andrew Ramirez,Engineering,49978
9627,Donald Martinez,Sales,126894
1155,Paul Lewis,Legal,108018
8165,Ashley Lewis,Legal,62172
8524,Daniel Ramirez,Operations,124497
1658,Dorothy Brown,Research,112018
4577,Dorothy Miller,Customer Service,121561
2903,David Allen,Customer Service,30834
1992,Mark Anderson,Marketing,98685
9240,Emily Harris,Research,115703
1730,Amanda White,Research,66471
4771,Andrew Lopez,Marketing,149955
658,Daniel Wilson,HR,74242
4548,James Lee,Customer Service,122988
8182,John Harris,Customer Service,98447
6104,Michael Martin,Research,127717
9745,Jane Walker,HR,48226
2021,Emily King,Marketing,121061
7254,Christopher Smith,Legal,62404
8642,Andrew Jackson,Finance,102192
3530,Sarah Jones,Engineering,117832
3113,Lisa Taylor,IT,125471
8960,Dorothy Lee,IT,96362
5444,Mark Lewis,Sales,84072
8434,Dorothy Jackson,Customer Service,46324
137,Amanda Garcia,Research,83610
4434,Emily Taylor,IT,57481
477,Matthew Wilson,Operations,140183
4725,Steven Jones,Sales,51598
996,Joshua Clark,Research,105020
34,Lisa Clark,Research,137465
1397,James Wilson,Research,86398
8284,David Young,Operations,40289
9951,Lisa Walker,Operations,45050
1542,Betty Thompson,Sales,135580
3943,Robert Harris,Operations,92316
2635,Matthew Walker,Engineering,48106
1855,Robert Hernandez,Engineering,111154
6557,Joshua Sanchez,IT,62448
7928,Lisa Anderson,Operations,40608
980,Lisa Allen,Legal,148289
975,Michael White,Marketing,69984
1509,Steven Thompson,Marketing,133069
6752,Donald Lee,Engineering,135087
2064,Karen Rodriguez,Customer Service,117010
7145,Robert Gonzalez,Sales,119653
3796,Donald Martinez,Marketing,146226
606,Dorothy Allen,Marketing,71934
3284,Joshua Brown,Marketing,114908
6334,Joshua Johnson,Legal,67928
6444,Amanda Brown,Marketing,65556
6458,Emily Perez,HR,78040
4257,Emily Lewis,Research,124668
6981,Jane Thompson,Legal,51176
3666,Donald Garcia,HR,145031
2013,Paul Moore,Legal,77890
2748,Ashley Ramirez,Marketing,106006
5848,Paul Robinson,Customer Service,83638
2898,Steven Thomas,Finance,86700
1565,Jennifer Anderson,Customer Service,78671
5098,Ashley Lopez,Research,97944
5830,Ashley Anderson,Customer Service,58966
3351,Anthony King,IT,64281
5254,Steven Lee,Marketing,71860
3113,Ashley Lee,Customer Service,115536
6488,Robert Brown,Customer Service,131875
598,James Rodriguez,IT,54218
8359,Christopher Miller,IT,77621
9811,Mark Martin,Marketing,126375
980,Jessica Thompson,IT,125108
1374,Christopher Allen,Engineering,140778
6161,Robert Smith,Operations,96838
6478,Daniel Moore,HR,74120
5158,Robert Sanchez,Legal,135770
290,Amanda Ramirez,Sales,130076
6339,Christopher Hernandez,Research,37349
6072,Dorothy Williams,IT,35948
9884,Betty Williams,Engineering,89106
2153,Deborah Clark,Research,46099
8058,Ashley Perez,IT,96199
