C_ID,C_NAME,AGE_YRS,LOC_CD,REG_DT
8744,Christopher Garcia,32,Nashville,2022-01-07
558,Daniel Anderson,69,Los Angeles,2025-03-03
343,Michael Brown,28,Dallas,2024-05-18
1986,John Williams,46,Mesa,2025-01-05
7302,Andrew Jackson,39,San Diego,2024-11-13
9575,Robert Miller,30,Boston,2022-01-07
5883,Jessica Anderson,68,Houston,2025-02-07
9575,Michael Williams,56,Jacksonville,2023-02-17
9438,Robert Rodriguez,41,Dallas,2021-03-14
1217,Anthony Brown,69,Nashville,2025-11-28
8289,Donald Sanchez,22,Chicago,2022-09-11
8057,Paul Ramirez,43,Mesa,2025-03-02
546,Lisa Anderson,67,San Jose,2023-11-04
8017,Paul Moore,60,Nashville,2022-08-14
4700,Anthony Walker,66,Nashville,2025-09-24
7945,Mark Williams,31,Charlotte,2020-06-26
5913,Elizabeth Anderson,31,Baltimore,2020-03-16
8786,Andrew Taylor,63,Indianapolis,2023-02-26
4021,David Gonzalez,60,Dallas,2024-01-17
1353,Steven White,38,Nashville,2021-09-27
788,Joshua Jackson,48,Fresno,2024-12-09
3730,Daniel Young,22,Baltimore,2025-06-17
4359,Elizabeth Brown,70,Fort Worth,2020-07-05
8611,John Walker,57,Las Vegas,2022-07-15
500,Nancy King,57,Denver,2023-06-25
3175,Joshua Lee,34,San Francisco,2024-08-20
1546,Sarah Johnson,36,Dallas,2020-06-08
7980,Robert Taylor,63,Mesa,2023-04-27
6488,Steven Miller,53,Houston,2020-10-15
4852,Paul Robinson,32,San Francisco,2025-01-08
7699,Steven Lopez,27,Boston,2024-02-16
8331,Anthony Thomas,57,New York,2023-11-10
6507,Amanda Lopez,50,Kansas City,2021-11-08
1117,David Lee,32,Dallas,2025-03-02
7,Paul Martin,20,Jacksonville,2023-08-12
4706,Jennifer Young,45,Houston,2021-10-05
3921,Elizabeth Martin,18,New York,2023-09-03
177,Donald King,47,Albuquerque,2025-12-02
273,Dorothy Lewis,69,San Antonio,2023-12-12
2623,Joshua Hernandez,23,Las Vegas,2021-01-04
6339,Lisa Taylor,27,Dallas,2022-01-24
6946,John Rodriguez,50,Dallas,2022-10-01
3629,Robert Robinson,36,Baltimore,2025-08-24
6965,Deborah King,43,Louisville,2025-08-15
2583,Donald Davis,38,Austin,2020-05-28
8265,Elizabeth White,61,San Jose,2024-05-09
714,Christopher Garcia,22,San Diego,2021-02-17
9907,Andrew King,21,Columbus,2021-01-03
8005,Matthew Taylor,47,Indianapolis,2025-01-24
84,Paul Rodriguez,66,Los Angeles,2025-04-01
9361,Matthew Moore,28,New York,2023-01-27
9945,Mark Lewis,55,Austin,2024-03-28
2484,Christopher Clark,62,Seattle,2020-05-20
8549,Andrew Clark,26,Sacramento,2023-12-10
9853,Paul Wilson,42,Charlotte,2024-06-21
3025,Betty Jackson,57,Seattle,2025-12-14
9024,Deborah Anderson,44,Portland,2021-12-13
2156,Jane White,67,New York,2022-09-02
1652,Deborah Perez,36,New York,2024-02-18
6667,Nancy Jones,48,San Jose,2023-12-27
8149,Robert Anderson,50,Seattle,2021-01-02
7798,Elizabeth Martin,65,Jacksonville,2022-02-27
9510,Amanda Martin,24,Austin,2022-10-18
68,John Moore,22,Columbus,2025-04-10
7073,Jane Lee,29,San Francisco,2024-06-01
6979,Dorothy Miller,68,Washington,2024-09-18
7973,David Garcia,44,Austin,2021-10-11
6299,Steven Garcia,45,Portland,2022-12-13
6146,Michael Martin,50,Fort Worth,2022-01-22
7032,Donald Jones,54,Los Angeles,2023-11-22
2710,Ashley Anderson,48,Denver,2023-03-17
1018,Joshua Lewis,63,Washington,2021-09-21
8038,Ashley Lewis,52,Charlotte,2022-05-17
6865,Robert Jones,56,Portland,2022-01-08
6784,Elizabeth Gonzalez,65,San Jose,2022-07-27
