EMP_ID,EMP_NM,DEPT_CD,SAL_AMT
2153,Jennifer Martinez,Customer Service,91905
1168,Deborah Anderson,Operations,76646
1398,David Sanchez,Finance,129891
1077,David Thompson,Customer Service,49934
5935,Amanda Wilson,Sales,70580
8760,Robert Perez,Research,122038
1061,Andrew Miller,Customer Service,120917
8046,Betty Walker,Finance,103860
3480,Ashley Allen,Engineering,88129
6311,Anthony Walker,Customer Service,103542
1708,Dorothy Miller,Sales,108862
1563,Matthew Lewis,Legal,79411
5863,Joshua Smith,Legal,148095
6478,Andrew King,HR,32702
6419,Lisa Martin,Finance,138689
8963,Donald Davis,Legal,65084
8282,Christopher Robinson,Customer Service,109552
7130,Robert Thompson,Marketing,85346
9096,Robert Perez,Research,41019
9496,Daniel Smith,Finance,34015
9169,Robert Anderson,Research,136336
1892,Dorothy King,Sales,114950
8211,Emily Martinez,Legal,149592
8633,Jessica Lewis,Operations,59129
715,Betty Lee,Marketing,38718
8533,John King,Sales,32140
4585,Anthony Martinez,Sales,51701
1473,Betty Clark,Sales,85605
491,Christopher Rodriguez,HR,102206
9737,Michael Jackson,Engineering,61548
6437,Sarah Sanchez,Operations,119854
2936,Andrew Thomas,HR,144959
7021,Paul White,Customer Service,38531
9533,Dorothy Gonzalez,HR,140549
6561,Amanda Walker,Customer Service,111933
193,Joshua White,Engineering,90286
6547,Joshua Harris,Sales,53651
9689,Andrew Thomas,IT,66530
1389,Karen Gonzalez,Engineering,49795
8749,Matthew Rodriguez,Customer Service,62303
7834,Christopher Jackson,Legal,67586
2156,Michael White,Customer Service,32646
8219,Lisa Young,Sales,46989
5445,Betty Lewis,Sales,75041
3960,Deborah Gonzalez,Operations,100016
6602,Robert Allen,Operations,94064
6521,Deborah Walker,Sales,148750
3366,Nancy Sanchez,Legal,128767
8559,Ashley Clark,Legal,59470
6164,Daniel Moore,Sales,30156
7789,Jane Rodriguez,Operations,148669
6684,James Jones,Customer Service,123365
1651,Lisa White,Legal,127531
4927,Robert Moore,Marketing,49484
9966,Amanda Lopez,Marketing,132600
2327,Christopher Martinez,IT,122427
7,Lisa Jones,Marketing,52650
6349,Paul Lewis,Marketing,35780
9414,David Lewis,Research,101640
383,Amanda Davis,Customer Service,93497
6102,Christopher King,Research,85292
6613,Anthony Ramirez,Sales,94010
3930,Robert Lewis,Finance,46945
2353,Deborah Perez,Engineering,126917
3339,Elizabeth Brown,Legal,115051
2224,Amanda Williams,Operations,66234
5322,Elizabeth Lopez,Legal,42423
284,Jane Smith,Marketing,88353
3933,Nancy Davis,Sales,146641
5799,Robert Garcia,Marketing,69511
3576,Christopher Moore,HR,79009
8681,Andrew King,Finance,102125
8015,Mark Lee,Marketing,104364
6663,Ashley Miller,Marketing,130272
593,Deborah Anderson,Marketing,54108
290,Anthony Young,Finance,138371
4303,Andrew Young,IT,71367
9905,Elizabeth Perez,HR,130300
8018,Michael Rodriguez,Engineering,125927
5037,Karen White,Customer Service,82854
3730,Steven Brown,Marketing,127053
5483,Jane King,Sales,85101
7448,Sarah Sanchez,Engineering,127995
8196,Anthony Perez,Sales,103877
3017,Paul Jackson,Finance,73297
8701,Karen Hernandez,Finance,142784
3658,Sarah Clark,Engineering,123223
8830,Betty Miller,Sales,52016
8685,Paul Thompson,Marketing,79869
8672,Deborah Robinson,Sales,93492
8800,Lisa Jones,Legal,148270
3260,Karen Garcia,IT,33131
2895,Emily Jones,HR,133286
8142,Ashley White,Marketing,59053
8677,Mark Anderson,Sales,115752
379,Emily Ramirez,Finance,89610
1613,Michael Lewis,Customer Service,109584
5666,Karen Jackson,IT,116779
3125,Jessica Young,Sales,56611
8166,Christopher King,Sales,114609
