C_ID,C_NAME,AGE_YRS,LOC_CD,REG_DT
7108,Robert Young,18,Louisville,2023-01-23
4482,Jane Lopez,53,San Diego,2024-04-21
1456,Elizabeth Taylor,40,Milwaukee,2025-09-14
3902,Emily Thomas,54,Philadelphia,2020-10-11
9411,Robert Jones,38,New York,2023-03-03
7069,Christopher Garcia,38,San Francisco,2022-11-25
7525,James Martinez,41,Mesa,2024-05-01
8393,Lisa Lee,20,Columbus,2025-10-18
5573,Ashley Ramirez,18,Louisville,2024-06-20
7623,Ashley Sanchez,30,Jacksonville,2020-02-10
8748,Dorothy Martin,68,Denver,2024-12-13
2692,David Brown,60,Chicago,2023-09-12
2848,Anthony Robinson,20,New York,2020-03-25
6719,Daniel Walker,60,Seattle,2025-08-17
9092,Paul Clark,56,Portland,2024-05-05
9521,Dorothy Martinez,52,Boston,2022-02-16
2727,Elizabeth Lee,59,Houston,2024-08-10
7469,Mark Davis,67,Boston,2021-06-14
5931,Robert Robinson,24,Albuquerque,2025-05-07
2083,Elizabeth Lewis,43,Oklahoma City,2022-07-21
9622,Sarah Gonzalez,33,Denver,2024-07-16
2972,David Perez,54,Austin,2024-09-16
7422,David Anderson,41,Chicago,2020-01-25
784,Christopher Perez,46,Washington,2022-03-10
9355,Mark Lewis,58,Kansas City,2022-05-13
6300,Sarah Ramirez,61,Austin,2020-06-06
5210,Jessica Davis,23,Milwaukee,2024-08-02
4031,John Thompson,35,San Antonio,2025-03-05
9304,Steven Walker,46,Indianapolis,2022-10-17
9494,Andrew Thomas,52,Philadelphia,2023-02-23
1172,Mark Jones,66,San Antonio,2021-11-06
2537,Sarah Lewis,43,Baltimore,2023-02-04
197,Jennifer Anderson,45,Denver,2021-02-16
2100,Karen Walker,33,Sacramento,2022-11-01
5651,Jennifer Williams,60,Las Vegas,2024-09-12
1450,Anthony Thomas,18,Austin,2022-01-06
7952,Lisa Hernandez,48,Phoenix,2020-03-10
4795,Elizabeth Perez,42,Washington,2023-08-24
6894,Lisa Young,53,Boston,2023-01-20
1030,Deborah Martinez,54,Kansas City,2020-10-12
8930,Michael Young,27,San Antonio,2022-02-06
8517,Christopher Walker,26,Denver,2023-11-26
9822,Andrew Johnson,21,Fort Worth,2023-12-20
9498,Dorothy Brown,46,Baltimore,2021-12-26
2751,David Anderson,31,Albuquerque,2020-06-06
4802,Andrew Brown,25,Houston,2024-10-14
3365,Andrew Perez,32,Mesa,2021-03-15
8510,Robert Lewis,66,Philadelphia,2025-04-03
5240,James Walker,40,New York,2024-02-18
5620,Karen Martin,49,Tucson,2021-09-04
1286,Karen Taylor,27,Indianapolis,2022-11-26
9025,Christopher Rodriguez,24,Chicago,2020-11-17
7485,Robert Davis,70,Oklahoma City,2023-12-28
1035,Mark Young,22,Columbus,2020-03-27
9527,Amanda Ramirez,40,Las Vegas,2021-12-14
259,Ashley Perez,61,San Antonio,2020-09-09
6081,Robert Anderson,57,Washington,2021-08-01
3947,Mark Robinson,32,Seattle,2025-07-10
8680,Lisa Williams,55,San Francisco,2021-08-04
4299,Robert Sanchez,19,Oklahoma City,2025-03-17
505,Michael Young,53,San Francisco,2022-08-24
7466,Steven Martinez,66,Mesa,2023-09-08
9703,Paul Lopez,30,San Diego,2021-01-24
4510,Joshua Lopez,26,Albuquerque,2025-05-25
601,Karen Hernandez,26,Los Angeles,2022-07-11
877,Lisa Martinez,35,Louisville,2024-10-22
7662,Jessica Rodriguez,26,Charlotte,2024-09-20
2414,Betty Harris,59,Seattle,2024-12-24
1056,Michael Lee,50,Albuquerque,2022-04-02
7209,Christopher Lee,22,Baltimore,2025-07-05
7707,Lisa Williams,22,Baltimore,2022-08-15
1319,Christopher Gonzalez,48,Los Angeles,2025-07-05
150,Mark Harris,36,Sacramento,2020-12-08
8437,Robert Brown,49,Louisville,2025-11-06
6247,Sarah Taylor,24,Nashville,2025-12-01
