C_ID,C_NAME,AGE_YRS,LOC_CD,REG_DT
8109,Sarah Robinson,24,Baltimore,2021-02-02
3985,Betty Jones,31,Kansas City,2022-03-27
2414,Dorothy Wilson,58,Phoenix,2024-01-08
216,Emily Allen,49,Mesa,2020-03-15
7445,Matthew Smith,21,Indianapolis,2022-04-14
2528,Michael Thomas,52,Austin,2020-09-12
9496,Daniel Anderson,57,Nashville,2021-05-07
7558,Matthew Lewis,41,Austin,2023-07-15
8191,Dorothy Moore,32,Tucson,2021-10-16
6600,Deborah Lee,36,San Antonio,2023-12-09
5398,Daniel Ramirez,42,Portland,2024-08-19
2368,Paul Martin,67,Kansas City,2024-01-11
9197,Paul Johnson,67,Boston,2025-10-14
1514,Amanda Thomas,46,Indianapolis,2020-12-06
8203,Lisa Walker,51,Sacramento,2025-11-15
3201,Andrew Harris,64,Los Angeles,2021-01-18
9564,Elizabeth Walker,36,Charlotte,2025-10-10
8784,Andrew Wilson,19,Austin,2021-05-24
2982,James Lewis,28,Phoenix,2025-03-01
8629,Ashley Brown,55,Baltimore,2025-04-18
1433,Mark Wilson,55,Tucson,2023-05-05
3901,Nancy Allen,41,San Jose,2022-01-11
6389,Christopher Perez,26,Tucson,2022-08-22
1070,Mark Smith,49,Denver,2022-02-02
4038,Emily Miller,22,Austin,2025-05-23
7168,Lisa Clark,57,San Diego,2025-08-26
8711,Joshua Walker,21,Albuquerque,2024-02-25
7518,Dorothy Lewis,67,Milwaukee,2023-12-05
5819,Michael Clark,22,San Antonio,2025-11-22
205,James Harris,62,Houston,2022-06-08
9366,Sarah White,69,Baltimore,2023-01-12
7603,James Ramirez,66,Houston,2024-10-19
4309,Betty White,58,Albuquerque,2024-08-17
8973,Mark Moore,37,Jacksonville,2023-04-25
9754,John Thomas,24,Mesa,2023-11-24
6167,Paul Lopez,55,Albuquerque,2024-11-14
4863,Betty Lopez,30,Baltimore,2021-09-19
3017,Matthew Garcia,55,San Francisco,2025-07-22
4324,Lisa Hernandez,28,San Diego,2025-11-18
842,Andrew Miller,30,Los Angeles,2024-07-05
7076,James Johnson,24,Milwaukee,2023-06-26
9822,Deborah Hernandez,53,San Jose,2022-01-05
1954,Karen Martinez,61,Washington,2024-07-24
3736,James Martin,43,Jacksonville,2024-06-01
2446,Ashley White,37,Fresno,2022-09-12
3473,Ashley Williams,53,Dallas,2020-08-12
9396,Mark Walker,21,Chicago,2024-01-04
496,Anthony Sanchez,57,Washington,2022-11-13
8202,Ashley Moore,55,Austin,2024-08-05
5220,Donald Ramirez,42,Fort Worth,2024-06-13
8820,Dorothy Allen,59,Washington,2023-10-20
1893,Dorothy Davis,56,Columbus,2022-09-01
6910,Deborah Smith,18,Los Angeles,2023-03-20
3784,Donald Garcia,22,Fort Worth,2020-02-12
2359,Nancy Garcia,45,Baltimore,2021-09-05
4951,Anthony Lewis,39,Fort Worth,2025-11-03
6500,John Davis,53,Jacksonville,2025-04-21
2281,Ashley Martin,61,Jacksonville,2022-01-23
5275,Sarah Williams,21,Milwaukee,2024-10-14
1496,Anthony Clark,38,Tucson,2021-05-05
7767,Mark Lee,35,Louisville,2021-05-20
3262,Robert Thompson,65,Chicago,2021-12-19
3643,Michael Lewis,39,Oklahoma City,2020-11-21
7508,Amanda Allen,24,Portland,2025-12-07
5284,Donald Brown,25,San Francisco,2020-08-06
1209,Sarah Wilson,59,Boston,2020-06-04
2026,Sarah Harris,68,San Francisco,2022-06-19
5753,Andrew Johnson,60,New York,2022-05-09
9872,Emily Brown,46,Albuquerque,2025-10-24
5355,Michael Miller,58,Albuquerque,2020-11-26
874,Michael Young,21,Philadelphia,2025-03-28
9906,Emily Moore,67,Denver,2022-06-06
5585,Mark Gonzalez,28,Oklahoma City,2024-12-28
4738,Ashley Clark,37,Milwaukee,2021-06-09
4258,James Clark,23,Los Angeles,2022-04-20
