C_ID,C_NAME,AGE_YRS,LOC_CD,REG_DT
3682,Michael Anderson,41,Columbus,2021-05-03
8784,Ashley Davis,30,San Jose,2025-09-06
5936,David Lee,57,Houston,2020-05-08
3756,Robert Miller,40,Oklahoma City,2022-07-16
6302,Karen Garcia,40,Los Angeles,2020-04-25
4005,Matthew Young,63,San Jose,2022-06-20
113,David Perez,52,San Antonio,2021-03-23
2873,Donald Gonzalez,58,Kansas City,2022-09-21
9326,Steven Brown,44,Philadelphia,2025-08-12
8336,Ashley Lopez,55,Philadelphia,2020-10-09
4088,Andrew Thompson,27,Los Angeles,2020-08-03
6410,David Moore,68,Baltimore,2024-02-15
5190,Christopher Robinson,31,Boston,2024-05-05
1660,Steven Rodriguez,37,Columbus,2024-07-11
3626,Lisa Lee,37,Austin,2020-11-07
6450,Joshua Perez,38,Oklahoma City,2021-07-15
7124,Elizabeth Sanchez,66,Charlotte,2020-03-03
7019,Anthony Harris,66,Denver,2024-01-28
5863,Daniel Johnson,38,Albuquerque,2024-03-01
8515,Elizabeth Lee,59,Sacramento,2024-07-19
8784,Donald Lewis,39,Oklahoma City,2024-01-17
4957,Amanda Lopez,47,Charlotte,2020-07-01
5571,Amanda White,35,Seattle,2024-10-23
1363,Donald Sanchez,69,Mesa,2022-11-07
3857,Steven Davis,63,San Antonio,2025-01-04
6271,Michael King,60,San Jose,2021-10-04
8757,Paul Perez,40,Indianapolis,2022-08-24
7070,Anthony Jackson,66,Baltimore,2020-09-17
4336,Ashley Wilson,33,Fresno,2021-11-07
225,Paul Clark,64,Fresno,2024-10-04
2509,Jennifer White,60,Albuquerque,2022-12-21
5331,Anthony Lee,52,Tucson,2024-01-28
1077,Jennifer White,70,Austin,2022-11-27
5993,James Wilson,23,New York,2023-04-16
3377,Jane Clark,50,Fort Worth,2022-12-15
3288,Robert Sanchez,48,Philadelphia,2020-05-25
6141,Deborah Taylor,22,San Antonio,2020-03-21
1725,Andrew Walker,33,Phoenix,2023-07-20
3433,Jane Thomas,55,Austin,2024-07-09
3390,David Martin,49,Austin,2020-08-27
5108,Robert Walker,43,Seattle,2020-06-09
2110,Nancy White,24,Charlotte,2020-01-01
2720,Christopher Williams,54,San Jose,2025-02-08
5706,David Jackson,27,New York,2020-02-06
4291,Dorothy Hernandez,18,Oklahoma City,2020-05-02
5695,John Allen,67,Tucson,2021-01-21
1086,John Walker,36,Austin,2023-06-03
5540,James Martin,28,Kansas City,2025-12-05
6762,Jennifer Lopez,70,San Francisco,2020-09-04
1140,Jennifer Harris,26,Louisville,2025-09-10
3902,Lisa Harris,46,Mesa,2024-01-14
1439,Joshua Moore,33,Las Vegas,2023-11-16
8545,Jennifer Ramirez,53,Phoenix,2025-05-02
7295,John Miller,57,Phoenix,2025-01-15
8702,Emily Williams,34,Nashville,2023-09-24
9659,Ashley Jackson,26,Boston,2024-07-12
5240,Robert Allen,70,Sacramento,2024-10-18
6252,Daniel Brown,55,Milwaukee,2022-09-28
98,Andrew Anderson,50,Albuquerque,2021-04-22
918,Jennifer Johnson,49,Milwaukee,2024-09-05
7705,Betty Ramirez,70,Philadelphia,2022-07-19
3404,Andrew White,53,Seattle,2024-01-09
8584,Ashley Jones,34,Phoenix,2025-03-02
8883,Betty Lewis,36,Philadelphia,2023-06-27
2706,Christopher Martinez,19,Denver,2022-09-11
542,Mark Anderson,37,Philadelphia,2021-02-02
4487,Betty Williams,33,Fort Worth,2022-07-14
8194,Andrew Davis,23,Indianapolis,2020-01-27
5609,Daniel Clark,36,Kansas City,2023-12-14
1978,Amanda Hernandez,57,San Jose,2021-02-09
797,Jane Martinez,59,Boston,2023-08-27
2198,Amanda Hernandez,31,Phoenix,2022-02-15
3590,Betty Garcia,51,New York,2021-03-25
5348,John Clark,53,Las Vegas,2021-02-26
6713,Jane Ramirez,64,Columbus,2021-09-15
