C_ID,C_NAME,AGE_YRS,LOC_CD,REG_DT
1181,Steven Perez,37,Boston,2025-07-16
7248,Steven Gonzalez,23,Columbus,2021-11-04
7363,Robert Thompson,26,Fort Worth,2021-02-04
5724,Steven Martin,40,Nashville,2021-10-21
9487,John Davis,50,Chicago,2020-09-28
8074,Steven Allen,40,San Francisco,2024-12-02
4754,Andrew Wilson,67,Oklahoma City,2020-01-09
5153,Deborah Garcia,43,Kansas City,2025-02-11
651,Mark Anderson,60,Dallas,2024-04-13
6270,Sarah Walker,34,San Diego,2023-05-15
5217,Donald Brown,30,Kansas City,2020-04-22
3092,Betty Brown,51,Albuquerque,2020-11-24
7682,Lisa Clark,61,Oklahoma City,2024-01-11
304,Dorothy Clark,52,New York,2020-06-17
4217,Deborah Davis,50,Boston,2023-01-21
2866,Elizabeth Walker,69,Charlotte,2021-04-19
5618,Betty Hernandez,59,Chicago,2025-02-05
7234,Christopher Smith,36,Nashville,2025-05-07
8071,Amanda Brown,64,Boston,2021-12-14
6284,Jane Lewis,44,San Diego,2024-03-07
7946,Michael King,27,Baltimore,2024-05-28
8003,Donald Rodriguez,20,Louisville,2021-06-17
5821,Betty Walker,50,Boston,2022-02-18
7968,Paul Harris,19,Portland,2020-05-10
3587,Daniel Jones,34,Houston,2022-04-19
1844,Paul Jackson,46,San Diego,2020-07-20
6826,Christopher Wilson,33,Washington,2022-03-09
304,Joshua Garcia,69,Baltimore,2025-03-14
484,Joshua Thomas,65,San Francisco,2022-07-04
9177,Robert Anderson,62,Austin,2022-10-13
5691,Christopher Moore,41,Albuquerque,2020-06-10
1741,John Taylor,66,Las Vegas,2024-08-28
2147,Jane Wilson,43,Las Vegas,2025-07-22
1029,Betty Smith,47,Austin,2024-05-08
2384,Sarah Lewis,25,Philadelphia,2022-01-07
2479,Daniel Perez,20,Indianapolis,2025-08-18
5522,Karen Lopez,28,Houston,2024-10-16
932,Mark Thomas,62,Las Vegas,2024-09-09
7278,Mark Harris,67,San Diego,2021-05-23
3931,Lisa Anderson,64,Jacksonville,2022-04-25
4038,Mark Rodriguez,50,San Francisco,2025-11-12
707,Andrew Jones,21,San Antonio,2022-01-07
1825,Nancy Thompson,43,San Francisco,2021-04-08
9157,Sarah Robinson,27,Fresno,2025-09-09
7295,John Lewis,35,Seattle,2022-06-11
8440,Christopher Rodriguez,43,Indianapolis,2021-03-10
6540,James Hernandez,53,San Antonio,2025-10-07
9483,Deborah Sanchez,68,Oklahoma City,2022-04-01
9965,Anthony Harris,44,Fresno,2025-04-10
1659,Lisa Perez,67,Louisville,2025-01-08
8191,Matthew Johnson,33,Austin,2022-01-15
1596,Dorothy Thompson,34,Kansas City,2023-03-11
5648,Deborah Thompson,54,Tucson,2022-10-03
4309,Elizabeth Miller,28,San Francisco,2020-11-02
5345,Donald Allen,57,Fresno,2025-12-16
7289,Lisa Anderson,19,New York,2022-05-27
1000,Deborah Johnson,38,Portland,2021-12-14
7888,John Harris,28,Philadelphia,2020-03-20
7580,Nancy Anderson,29,Jacksonville,2021-11-19
9250,Matthew Clark,48,San Diego,2025-10-26
2547,Jennifer Walker,58,Louisville,2021-12-01
9640,Karen Harris,59,Houston,2021-02-24
1062,Christopher Sanchez,66,Albuquerque,2025-10-04
6392,David Hernandez,31,Jacksonville,2022-07-13
827,Daniel Allen,36,Boston,2020-11-02
1106,Ashley Ramirez,69,Nashville,2024-12-18
7217,Paul Robinson,52,Mesa,2024-10-03
1177,Emily Davis,22,San Diego,2025-06-15
3343,Paul Williams,59,San Antonio,2025-08-01
4301,Michael Miller,30,Los Angeles,2020-08-12
760,Daniel Hernandez,48,Milwaukee,2020-07-15
3483,Michael Johnson,68,Las Vegas,2022-11-13
9723,Elizabeth Ramirez,57,Seattle,2024-07-09
3725,Sarah Ramirez,48,Charlotte,2020-02-01
4897,David Sanchez,21,Austin,2025-01-10
