EMP_ID,EMP_NM,DEPT_CD,SAL_AMT
6858,Jessica Jones,Legal,144358
7260,James Garcia,Operations,132573
4861,Karen Anderson,Sales,115052
9800,Ashley Harris,Legal,110940
4691,Steven Ramirez,Sales,59920
7656,Donald King,Operations,45239
7136,Sarah Johnson,Marketing,69941
2416,Joshua Garcia,IT,59090
7648,Anthony Thompson,Customer Service,146058
4259,Matthew Lewis,Sales,139031
32,Betty Gonzalez,IT,48214
6372,John Smith,Finance,54593
6367,Amanda White,Finance,88374
4821,Steven Lee,Customer Service,31113
7355,Christopher King,Marketing,85290
9836,Daniel Young,Research,119642
4909,Dorothy Allen,Engineering,107065
4005,James Wilson,HR,80397
720,Paul Davis,HR,88443
2569,Ashley Allen,Sales,40593
985,Deborah Thomas,Customer Service,103704
6271,Amanda Taylor,Customer Service,52413
960,Andrew Williams,Finance,140346
7805,Jennifer Jackson,Sales,55913
1456,Robert Johnson,IT,145654
9433,Mark Ramirez,IT,143816
4706,Christopher Thompson,Customer Service,138381
8650,Sarah Garcia,Marketing,37883
9122,John Lewis,Research,58016
6097,Joshua Sanchez,Finance,56494
7183,Christopher Brown,Sales,104790
8244,Christopher Miller,Customer Service,102356
8976,Steven King,Finance,68993
8270,Mark Allen,Customer Service,139042
6472,Michael Sanchez,Finance,133642
1322,Deborah Davis,Research,96167
7206,Joshua Allen,Sales,49269
2355,Donald Smith,Finance,139681
4413,James Brown,Marketing,95888
6300,Anthony King,HR,119861
3283,Christopher Young,Sales,30791
6575,Ashley Robinson,IT,38544
6561,Amanda King,Marketing,116263
2699,Jessica Williams,Operations,61866
82,Michael Allen,IT,127936
1964,Elizabeth King,Finance,113905
3845,Matthew Garcia,Finance,127653
1704,Anthony Robinson,Sales,92373
7701,Emily Jackson,Marketing,138960
4612,Paul Lopez,HR,92645
9303,Lisa Williams,IT,97173
6789,Deborah Martin,HR,58081
7370,Dorothy Robinson,Customer Service,47792
6116,Lisa Davis,HR,76173
7068,Donald Sanchez,Marketing,149073
1109,Ashley Brown,HR,114029
4979,James Taylor,Research,66539
3189,Michael Wilson,Customer Service,82255
3088,Ashley Martin,Finance,47108
7294,Deborah Miller,Marketing,39660
988,Christopher Wilson,Engineering,116833
766,Steven Harris,Research,67801
8006,Robert Thompson,HR,104846
6992,Paul Clark,HR,103329
289,Joshua Anderson,Finance,67104
1576,Daniel Lopez,Research,112797
9778,Nancy Harris,Legal,107336
1357,Mark Ramirez,Marketing,147214
7734,Jane Thompson,Engineering,110744
9254,Deborah White,Sales,106533
3923,Jane Moore,Engineering,123866
4831,Jane King,IT,56387
9234,Andrew Sanchez,Customer Service,63708
9653,Mark Johnson,Sales,35795
4585,Lisa King,Marketing,117059
4576,Matthew Hernandez,Marketing,74917
7212,Ashley Walker,Sales,101909
7287,Dorothy Moore,HR,38605
213,Lisa Lopez,Operations,44054
2932,Robert Taylor,Finance,146730
4858,Michael Allen,Operations,98988
4621,Betty Martinez,Operations,117065
3134,Dorothy Perez,Legal,130687
6397,Steven Gonzalez,Engineering,131281
7675,Amanda Smith,Marketing,123169
3452,James Smith,HR,147300
5762,Anthony Ramirez,Customer Service,107853
9523,Mark Lee,Engineering,54803
1736,Nancy Johnson,Research,31536
5814,Sarah Anderson,Legal,79774
3360,Paul Lee,HR,127888
7245,Emily Moore,Marketing,130973
360,Donald Lewis,Research,85904
9796,Lisa Taylor,Legal,61240
7222,Sarah Martinez,Legal,70528
846,Christopher Perez,Customer Service,143338
301,David Clark,Marketing,38810
9063,Betty Jones,HR,82735
5446,Andrew Allen,Sales,92730
1081,David Garcia,Finance,127107
