C_ID,C_NAME,AGE_YRS,LOC_CD,REG_DT
1043,John Rodriguez,66,Phoenix,2024-05-09
2975,Lisa Williams,59,San Jose,2022-01-15
2938,Matthew Rodriguez,66,Oklahoma City,2024-01-17
7460,Mark Lopez,70,Fresno,2022-05-28
6685,Matthew Miller,34,Seattle,2023-06-22
5703,Jane Ramirez,67,Albuquerque,2024-03-25
6335,Mark Jackson,36,Mesa,2025-09-10
8515,Christopher Garcia,19,Sacramento,2021-12-23
7713,Lisa Lewis,45,Kansas City,2025-11-16
5802,Steven Allen,31,San Jose,2025-05-05
5471,Deborah Lewis,51,Washington,2020-08-19
9937,Donald Brown,64,Tucson,2024-12-03
7953,Betty Lee,56,Phoenix,2022-10-24
3657,Matthew Davis,48,Jacksonville,2021-08-17
1288,Steven Thompson,64,Boston,2022-12-12
2561,David Miller,27,San Antonio,2023-08-15
3735,Lisa Smith,41,Seattle,2024-05-22
6093,Lisa Martinez,28,Dallas,2023-11-23
1510,Steven Lopez,61,Boston,2022-04-23
4395,Steven Johnson,33,Charlotte,2020-09-26
3752,Joshua Robinson,42,Fort Worth,2023-01-07
1252,Jane Lee,50,Washington,2025-09-10
9731,Jennifer Young,64,Indianapolis,2021-09-12
1115,Joshua Ramirez,66,Philadelphia,2024-03-18
723,Deborah Perez,21,Indianapolis,2024-02-15
2692,Christopher Gonzalez,44,Tucson,2020-07-27
6155,Robert Lewis,42,Jacksonville,2025-11-16
1283,Amanda Thompson,70,Denver,2024-11-01
8876,Christopher Taylor,23,San Diego,2024-06-03
1521,Betty Johnson,67,San Jose,2025-04-11
3564,Karen Brown,41,Philadelphia,2023-12-07
5887,Jessica Wilson,31,Sacramento,2025-09-20
2296,Donald Brown,37,Boston,2021-07-24
7560,Daniel Ramirez,24,Fresno,2021-12-03
9733,David Williams,26,Louisville,2022-05-24
5201,Lisa Perez,40,Boston,2020-05-17
20,Karen Sanchez,53,Portland,2020-09-20
2452,Amanda Sanchez,57,Portland,2020-05-27
3875,Amanda Moore,59,Louisville,2021-08-06
6579,Karen Lee,57,Sacramento,2021-06-23
3308,Elizabeth Brown,57,Austin,2023-08-10
8816,Christopher Smith,49,Washington,2024-08-15
2199,Amanda Ramirez,40,Chicago,2023-03-14
3845,Mark Garcia,37,Fresno,2021-10-16
7062,Paul Clark,19,Baltimore,2023-12-20
3099,Anthony Martinez,37,Denver,2020-01-07
9119,Betty Harris,24,Albuquerque,2021-04-22
8947,Amanda Garcia,36,Kansas City,2024-01-27
7227,Lisa Allen,68,Albuquerque,2021-02-18
5607,Joshua Sanchez,20,Albuquerque,2025-03-17
9448,David King,32,Seattle,2024-10-27
6838,Jessica Miller,33,Indianapolis,2023-12-07
7956,James Wilson,47,Mesa,2023-11-23
439,Karen Robinson,38,Baltimore,2021-06-20
3763,Steven Smith,56,Kansas City,2021-06-23
3089,Lisa Clark,53,San Diego,2024-07-05
1943,Daniel Miller,34,Portland,2021-02-26
1,Nancy Johnson,26,Louisville,2022-03-20
4345,Emily Martinez,47,Nashville,2022-04-01
1343,Ashley Jones,44,Phoenix,2022-12-02
5537,Jennifer Lee,25,Dallas,2021-06-07
6063,Emily Rodriguez,22,Seattle,2025-05-22
9994,Steven Lopez,25,Boston,2023-06-27
8103,Elizabeth Walker,34,Houston,2022-02-14
6910,Christopher Lewis,26,Columbus,2020-11-17
249,Donald Williams,27,Louisville,2025-03-07
3370,Lisa Moore,55,Washington,2022-07-01
9148,Donald Allen,46,Washington,2022-11-22
5518,Ashley Martinez,67,Indianapolis,2023-03-12
6658,Betty Smith,34,Kansas City,2021-12-16
6758,Matthew Lewis,63,Fresno,2023-03-07
3591,Joshua Gonzalez,55,Kansas City,2025-02-16
7514,Amanda Smith,31,Seattle,2025-01-03
461,David Miller,34,Los Angeles,2020-02-10
3550,Ashley Allen,49,San Francisco,2021-03-23
