C_ID,C_NAME,AGE_YRS,LOC_CD,REG_DT
6004,David Martinez,31,Tucson,2021-10-15
2608,Christopher Wilson,38,San Francisco,2025-11-10
6754,Lisa Young,28,Tucson,2023-01-05
2519,Matthew Taylor,43,Louisville,2021-12-25
3728,Andrew Gonzalez,57,Dallas,2025-11-02
8026,Matthew Smith,67,San Jose,2023-02-05
5013,Donald Smith,65,Denver,2021-06-16
6824,Andrew Johnson,27,San Antonio,2021-04-08
1415,Lisa Hernandez,37,Las Vegas,2025-09-15
5114,Amanda Brown,49,Kansas City,2025-07-23
8220,Karen Johnson,62,Washington,2025-08-12
1292,Joshua Martinez,65,Louisville,2021-07-25
1956,Jessica Jackson,22,San Francisco,2022-12-25
6902,Michael Brown,64,San Francisco,2025-09-28
4127,Steven Smith,37,Los Angeles,2024-04-02
1292,Mark Martinez,69,Mesa,2022-10-03
2600,Anthony Thompson,66,San Diego,2022-07-16
9730,Lisa Brown,44,Austin,2020-03-25
397,Donald Brown,49,Denver,2024-04-20
21,Joshua King,57,New York,2022-01-09
7705,Elizabeth White,45,Austin,2024-12-27
6550,John Clark,69,Las Vegas,2020-03-26
5251,Mark Davis,68,New York,2024-01-21
964,Donald Clark,51,Las Vegas,2021-10-18
9423,Steven Miller,21,Albuquerque,2020-06-09
3599,Jennifer Wilson,66,San Jose,2021-07-15
3230,Jessica Allen,29,Baltimore,2022-02-22
9118,Mark Smith,61,Charlotte,2022-12-10
7836,Robert Thompson,55,Phoenix,2022-05-06
9896,Sarah Jackson,55,Kansas City,2025-07-20
5588,James Taylor,38,Fresno,2025-12-25
2181,Lisa Martinez,62,Seattle,2024-06-24
846,Emily Thomas,58,Austin,2021-10-23
3179,Emily Smith,28,Dallas,2023-02-28
7055,Daniel Smith,64,New York,2022-11-04
7803,Ashley Allen,39,Kansas City,2020-06-10
7440,Donald White,33,Houston,2024-07-27
6639,Joshua Walker,49,Chicago,2020-06-20
5277,Dorothy Ramirez,20,Kansas City,2024-04-07
176,John Brown,32,Columbus,2025-04-04
8756,Deborah Clark,51,Kansas City,2022-06-06
2014,Paul Robinson,56,Columbus,2021-03-27
1375,John Ramirez,62,San Jose,2020-06-22
4659,Amanda Martinez,23,Louisville,2024-07-14
8033,Daniel Davis,20,Dallas,2024-07-24
8716,Lisa Moore,65,Oklahoma City,2020-11-18
8586,Jessica Ramirez,18,Fort Worth,2023-04-04
3138,Steven Anderson,60,Las Vegas,2020-06-27
2800,Matthew Martinez,67,San Jose,2021-10-20
7225,Sarah Moore,46,Columbus,2024-06-15
7736,Matthew Taylor,20,Tucson,2025-10-06
9106,Deborah Harris,52,Columbus,2022-01-23
1759,Betty Sanchez,69,Albuquerque,2022-08-14
6573,Amanda Miller,34,Charlotte,2022-05-08
296,Matthew Brown,67,San Francisco,2020-11-08
4494,Elizabeth Rodriguez,64,Los Angeles,2023-04-22
6748,Ashley White,21,Kansas City,2023-02-13
716,John Williams,24,Las Vegas,2023-08-01
5564,Amanda Harris,48,Boston,2023-07-05
3050,Anthony Moore,25,San Antonio,2023-01-15
886,James Thomas,53,Denver,2021-06-04
8699,Steven White,66,Washington,2023-05-19
1650,Dorothy Hernandez,24,Austin,2025-09-28
7379,Betty Thompson,19,Milwaukee,2021-06-14
6670,Sarah Garcia,18,Fort Worth,2024-01-16
8703,Anthony Johnson,46,San Antonio,2020-08-08
5459,Paul Martinez,61,Washington,2025-05-04
7402,Jennifer Clark,28,Milwaukee,2021-09-09
4351,Sarah Sanchez,69,Boston,2020-08-25
29,Elizabeth Allen,28,San Diego,2020-08-26
6700,Robert Martin,46,Oklahoma City,2023-06-23
2038,Lisa Jones,31,Austin,2024-10-02
7619,Sarah Martinez,35,Los Angeles,2021-09-25
7571,Andrew Lee,59,Fort Worth,2020-07-22
5660,Betty Thompson,20,San Jose,2024-03-08
