EMP_ID,EMP_NM,DEPT_CD,SAL_AMT
6930,Steven Lopez,Finance,70746
5400,Anthony Robinson,Customer Service,139125
6906,Elizabeth Davis,Finance,117681
7240,Emily Taylor,Legal,148878
3832,Elizabeth Walker,HR,59427
5397,Donald Davis,IT,95107
4626,John Anderson,Finance,56630
8204,Robert Jackson,Operations,103850
3058,David Smith,Marketing,63842
9352,Ashley Harris,Sales,110828
3611,Elizabeth Allen,Research,69695
5106,Anthony Jones,Customer Service,148348
7493,Joshua Lopez,Sales,141346
2350,Ashley Williams,Legal,33990
382,Elizabeth Gonzalez,Customer Service,43712
3344,Robert Smith,Finance,149281
5452,Amanda Jackson,Research,56432
1844,Amanda Thompson,Research,127195
4987,Emily Miller,Research,141325
215,Christopher Gonzalez,Operations,64038
8495,Donald Harris,Legal,89812
1974,Paul Perez,Customer Service,40237
5127,Daniel Gonzalez,Research,58493
2125,Lisa Smith,Sales,80257
4279,Emily Jackson,Legal,126445
1070,Jane Moore,Legal,138544
698,Robert Thomas,Finance,35072
9129,Andrew Wilson,Finance,119509
863,Elizabeth Jackson,Legal,39645
6913,Matthew Thompson,Engineering,145633
8473,Anthony Harris,Operations,83969
6770,Daniel Jones,Finance,72960
3049,Joshua Martin,Marketing,101991
24,Dorothy Hernandez,Research,87566
6377,Paul Anderson,Operations,49181
3456,Donald Thomas,HR,59375
5752,Jessica Sanchez,Engineering,59082
5661,Lisa Anderson,Legal,32407
7064,Betty Johnson,Marketing,80239
5615,Betty Ramirez,Finance,98539
6682,Donald Garcia,Research,106510
1855,Lisa Lee,Legal,59320
6147,Dorothy Lewis,IT,88905
7114,Nancy Harris,Marketing,65494
1747,Anthony Davis,Research,80061
1677,Daniel Brown,Marketing,123057
9118,Michael Davis,HR,87066
5140,Lisa Perez,Marketing,140105
9305,Ashley Taylor,IT,139249
5071,John Jones,HR,81053
2079,Daniel Sanchez,Finance,98074
8351,Dorothy Brown,Customer Service,83798
5352,Karen Taylor,Finance,133089
5878,Andrew Robinson,Customer Service,31657
1050,David Brown,HR,61720
8674,Emily White,Marketing,44361
9338,Elizabeth Anderson,HR,108803
9016,Andrew Lopez,Customer Service,55000
8549,Amanda Moore,Legal,104698
1572,Jane Miller,Customer Service,68538
4885,Joshua Thompson,Marketing,101195
7849,David Martinez,Engineering,118725
4939,Amanda Sanchez,HR,101208
9164,Amanda Rodriguez,Customer Service,34329
7304,Jessica Johnson,Research,45726
5720,Anthony Davis,IT,137665
6640,Betty Martinez,Marketing,129893
2998,Robert Jones,Legal,116191
4058,Matthew Jones,Marketing,74273
5725,Christopher Sanchez,Sales,105260
1725,James Lewis,HR,78552
97,Mark Moore,Marketing,124557
1735,John Moore,Marketing,72358
3688,Dorothy Moore,Customer Service,108303
1206,Ashley Rodriguez,IT,94062
8320,Jane Thomas,Sales,75128
385,James Taylor,Customer Service,36029
854,Lisa Garcia,Finance,59233
6260,Joshua Williams,Legal,32268
6371,Jennifer Jackson,Customer Service,140818
7488,Lisa Lopez,Finance,113388
7635,Emily Allen,Engineering,135056
4893,Karen Miller,Finance,106710
602,Anthony Sanchez,IT,56905
4528,Steven Wilson,Customer Service,64510
9336,Matthew Anderson,Operations,36618
3247,Andrew Thompson,Marketing,147050
2291,Anthony King,Finance,98873
2699,Deborah Allen,Research,135338
8269,Sarah Ramirez,Engineering,75907
9171,Joshua Garcia,Research,97296
5019,Andrew Johnson,Customer Service,55163
5322,Anthony Thompson,Sales,89255
7884,Ashley Taylor,Marketing,99244
6914,Karen Sanchez,IT,100153
2213,Jessica King,Finance,88888
1264,Ashley Martinez,Customer Service,87968
3101,Betty Allen,Operations,74101
5779,Sarah Allen,Operations,38680
1272,James Young,Finance,145436
