C_ID,C_NAME,AGE_YRS,LOC_CD,REG_DT
5094,Andrew Lewis,27,Las Vegas,2025-04-14
8234,Amanda Martin,30,Chicago,2023-03-07
265,Jennifer Hernandez,68,San Antonio,2021-03-13
2301,Jessica Young,56,Washington,2022-06-18
429,Mark Williams,19,Charlotte,2025-03-24
2410,Jessica Robinson,56,Fresno,2023-01-25
8471,Lisa Allen,62,Kansas City,2022-01-27
9711,Paul Allen,63,Chicago,2023-12-25
5614,Lisa Clark,67,Austin,2021-01-13
8247,Nancy Johnson,64,Sacramento,2024-07-10
8217,Nancy Taylor,23,Charlotte,2024-08-18
1379,Ashley Perez,64,Louisville,2023-03-19
7473,Jennifer Clark,38,Los Angeles,2023-10-17
8917,Jane White,53,Jacksonville,2022-12-25
5054,Amanda Miller,55,Jacksonville,2025-07-09
8955,Jessica Gonzalez,46,Baltimore,2023-06-02
6844,Daniel Thomas,41,Austin,2022-08-04
9007,David Williams,51,San Francisco,2025-02-02
2200,Lisa Taylor,32,Nashville,2024-10-24
6620,Karen White,50,Austin,2023-10-08
8851,Robert Martinez,69,Indianapolis,2021-10-25
146,Nancy Thompson,58,Albuquerque,2024-06-10
7977,Daniel Taylor,51,Kansas City,2020-12-25
4116,Mark Gonzalez,25,Mesa,2021-06-24
7150,Robert Perez,32,Seattle,2024-07-15
4970,Jane Anderson,46,Albuquerque,2020-12-07
7021,Betty Taylor,62,San Francisco,2024-07-25
2148,Mark Robinson,32,Albuquerque,2025-12-20
7669,Lisa Thomas,56,Phoenix,2024-04-13
3793,Dorothy Johnson,19,Washington,2021-01-17
5591,Betty Gonzalez,58,Seattle,2022-07-23
2654,Andrew Martin,50,Dallas,2023-10-15
3053,Sarah White,22,San Francisco,2022-06-02
6601,Donald Garcia,42,New York,2025-10-09
6871,Mark Rodriguez,53,Las Vegas,2021-03-26
3212,Donald Lewis,48,Denver,2025-10-15
288,Joshua Wilson,63,San Antonio,2025-02-13
392,Christopher Robinson,64,San Antonio,2021-12-07
9800,Robert Lewis,69,San Antonio,2024-04-15
9225,Daniel White,25,Boston,2024-03-16
6867,Jane Anderson,47,Phoenix,2025-12-12
9881,Deborah Smith,66,Dallas,2024-12-19
2727,Paul King,44,Milwaukee,2020-06-09
7896,Dorothy Brown,28,Fresno,2022-02-05
529,Michael Thomas,20,Sacramento,2022-09-22
7738,John Williams,47,Oklahoma City,2024-06-06
5622,Amanda Thomas,68,Jacksonville,2020-01-12
1171,Steven Lewis,43,Phoenix,2022-11-05
5487,Deborah Jackson,64,New York,2025-05-20
8931,Nancy Davis,35,Albuquerque,2023-03-10
1862,John Lopez,22,Albuquerque,2023-02-20
9495,Matthew Sanchez,54,Denver,2024-12-11
2820,Emily White,67,Austin,2020-12-15
1903,John Lewis,59,Philadelphia,2023-09-04
444,James Johnson,37,Seattle,2021-02-14
3822,Jane Martin,67,New York,2020-10-13
6155,Andrew Clark,42,Oklahoma City,2022-01-06
5852,Michael Thompson,30,Houston,2022-05-26
8406,Steven Martinez,42,San Antonio,2022-02-05
2358,Nancy Rodriguez,33,Boston,2024-05-25
8469,Karen Perez,51,Los Angeles,2024-09-01
1333,Jennifer Lee,20,Albuquerque,2023-03-19
1161,James Sanchez,20,Tucson,2020-05-25
4107,Lisa Jackson,50,Boston,2020-10-28
686,Donald Jackson,40,Denver,2020-02-10
5738,James Johnson,18,Sacramento,2024-07-11
1007,Anthony Rodriguez,19,San Diego,2024-12-24
7066,Mark King,29,Portland,2024-10-18
4840,Emily Anderson,22,Chicago,2024-05-04
6643,Jessica Johnson,38,Nashville,2021-08-05
1939,Steven Lewis,51,Portland,2021-08-15
2610,Deborah Martinez,48,Fort Worth,2021-06-13
9977,Dorothy Taylor,23,San Diego,2024-08-24
878,Christopher Ramirez,30,San Jose,2021-06-15
9836,Daniel Smith,18,Washington,2023-08-26
