C_ID,C_NAME,AGE_YRS,LOC_CD,REG_DT
2721,Mark Clark,59,Albuquerque,2023-06-21
6002,Betty Jackson,43,Baltimore,2025-11-07
2360,Robert Lopez,61,Oklahoma City,2021-10-24
4931,Robert Clark,47,Milwaukee,2024-05-12
3817,Andrew Allen,27,Philadelphia,2020-01-23
3076,Elizabeth Brown,31,Albuquerque,2024-03-12
3125,Steven Sanchez,49,Boston,2021-11-25
6118,Joshua Taylor,53,Columbus,2020-09-26
5607,Dorothy Brown,48,New York,2025-02-28
8926,Jane Sanchez,66,Oklahoma City,2024-09-12
171,Karen Harris,69,San Francisco,2021-05-19
944,Robert Davis,45,Seattle,2023-06-27
2039,Nancy Taylor,39,Los Angeles,2020-04-03
899,Christopher Jones,52,San Antonio,2021-01-09
29,Sarah Harris,47,Milwaukee,2025-01-19
3355,Matthew Sanchez,30,San Diego,2024-03-11
7938,Deborah Hernandez,18,Philadelphia,2023-05-10
5291,Christopher Robinson,56,Las Vegas,2024-08-03
112,Emily Hernandez,19,Denver,2024-03-28
8145,Deborah Wilson,69,Boston,2023-11-10
6968,John Moore,69,Los Angeles,2025-05-20
5132,Karen Allen,60,Chicago,2023-01-22
3347,Lisa King,35,Austin,2022-10-08
8250,Ashley Johnson,39,San Antonio,2025-02-08
7940,Ashley Miller,55,Oklahoma City,2024-01-15
5531,Daniel Rodriguez,54,Fort Worth,2023-03-26
7995,Christopher Martinez,22,Austin,2021-03-01
2559,Anthony Miller,19,Nashville,2023-12-14
5720,Emily Lee,51,Portland,2022-10-02
2962,Elizabeth Jones,40,Dallas,2022-02-06
7046,Anthony Robinson,55,Milwaukee,2025-10-01
4795,Joshua Lewis,65,Washington,2023-06-13
3733,Daniel Jackson,52,Los Angeles,2024-04-03
9724,Paul Martinez,67,Philadelphia,2024-10-23
3888,Robert Wilson,54,Austin,2022-11-14
5795,Anthony Johnson,69,Austin,2023-07-05
637,Jessica Sanchez,39,Portland,2021-07-21
118,Lisa Perez,22,San Diego,2022-04-09
7438,John Davis,49,Charlotte,2024-07-02
1811,Sarah Harris,18,Mesa,2021-07-13
3144,Donald Perez,26,Milwaukee,2021-11-23
2347,Nancy Lopez,21,Boston,2021-11-15
7433,Emily Johnson,61,San Jose,2024-09-10
2309,Donald Young,19,Los Angeles,2020-11-24
9620,Betty Jackson,36,Mesa,2021-02-28
9444,Christopher Taylor,49,San Diego,2021-06-06
4582,John Lewis,18,Houston,2022-06-03
4719,Ashley Taylor,42,Nashville,2021-04-05
3496,Mark Young,27,Nashville,2023-10-23
8303,Michael Taylor,22,Dallas,2022-09-06
4988,Steven Gonzalez,42,Houston,2022-04-26
8562,Mark Lewis,50,Washington,2024-04-20
303,John Smith,53,Milwaukee,2021-02-11
9539,Deborah Thompson,47,Oklahoma City,2020-04-17
8014,Daniel Smith,63,Jacksonville,2022-03-12
2229,Amanda Garcia,38,San Jose,2022-02-09
7197,Deborah King,67,Charlotte,2022-06-26
8049,Sarah Martinez,57,Chicago,2021-05-12
9035,Jane Anderson,51,Houston,2023-03-25
865,Amanda Harris,66,Oklahoma City,2025-12-22
4941,Nancy Wilson,58,Seattle,2023-05-28
1648,Jennifer Anderson,37,San Jose,2024-10-14
6214,Jennifer Anderson,27,Jacksonville,2022-04-22
7216,Robert Young,60,Houston,2024-03-17
9154,Andrew White,34,Tucson,2024-09-07
6835,Robert Harris,24,Nashville,2020-08-11
2640,Steven Walker,61,Houston,2023-06-10
687,Karen Thomas,50,Houston,2021-03-13
5978,Dorothy Anderson,64,San Diego,2025-10-03
8304,Betty Ramirez,50,Kansas City,2023-09-11
7020,Paul Brown,56,Boston,2020-03-27
1026,Amanda Johnson,44,San Diego,2021-09-23
2260,Karen Davis,37,Milwaukee,2020-04-06
5517,Jennifer Jackson,19,Fort Worth,2024-03-06
8429,Christopher Davis,56,Austin,2023-05-19
