C_ID,C_NAME,AGE_YRS,LOC_CD,REG_DT
8242,Lisa Garcia,62,Las Vegas,2020-01-07
1169,Andrew Martin,54,Nashville,2024-08-14
2423,David Rodriguez,25,Indianapolis,2023-11-04
627,Lisa Wilson,40,San Diego,2021-06-14
7372,Andrew White,19,San Jose,2022-12-04
6636,Steven Lopez,20,Boston,2025-08-11
175,Anthony Harris,63,Los Angeles,2025-10-03
5360,Emily Hernandez,51,Las Vegas,2020-02-13
5648,Nancy Davis,48,New York,2020-07-16
2094,David White,41,Portland,2024-05-05
7537,Jessica White,61,San Francisco,2021-02-12
9043,Paul Jones,64,Tucson,2022-01-04
6835,Steven White,62,Portland,2023-03-05
1649,Anthony Gonzalez,31,Sacramento,2021-03-23
7888,Michael Walker,44,Milwaukee,2022-05-10
2561,Lisa Davis,63,Louisville,2024-08-19
5357,John Anderson,48,Baltimore,2025-11-16
4607,Daniel Lee,51,Houston,2023-07-08
461,John Walker,53,Washington,2024-09-22
2262,Andrew Sanchez,36,San Diego,2022-02-04
6356,Joshua Hernandez,38,Seattle,2020-01-17
9324,Elizabeth Brown,37,Milwaukee,2022-09-23
803,Betty Johnson,68,Kansas City,2022-02-11
2116,Robert Thompson,28,Milwaukee,2024-11-20
5654,David Jones,19,Tucson,2022-07-17
2113,Donald Lewis,45,Portland,2025-05-17
5755,Ashley Moore,33,Houston,2025-05-17
8496,Lisa Anderson,36,San Antonio,2020-02-05
168,Anthony Martin,38,Jacksonville,2021-12-25
3705,Daniel White,37,Indianapolis,2020-08-26
3016,James Jones,64,Sacramento,2022-05-17
7869,James Miller,37,Phoenix,2022-02-28
805,Christopher Miller,34,Tucson,2020-12-22
6242,Steven Ramirez,18,Dallas,2020-04-28
5092,Joshua Hernandez,63,Denver,2022-12-22
487,Michael Martinez,44,Nashville,2021-09-14
8062,Jennifer Hernandez,33,San Antonio,2020-11-02
7270,John Lee,61,Las Vegas,2021-08-07
4171,Elizabeth Anderson,24,Charlotte,2024-11-08
6801,Anthony Martin,47,Jacksonville,2020-11-04
1024,Lisa Williams,36,Austin,2023-08-16
1806,Emily Ramirez,55,Washington,2020-09-17
6184,Sarah Perez,58,Houston,2023-08-20
4699,Michael Hernandez,31,Denver,2025-02-20
1075,Jane Moore,66,Fresno,2020-08-20
239,Steven Thompson,18,Philadelphia,2024-05-25
2326,Michael Harris,35,Houston,2020-11-17
2554,Paul King,57,Sacramento,2023-07-05
4492,Jane Brown,69,San Jose,2021-10-22
6440,John Walker,31,Philadelphia,2021-02-05
2249,Betty Allen,59,Dallas,2022-10-15
1565,James Sanchez,55,Louisville,2021-07-19
9015,Jennifer Walker,47,Dallas,2024-06-08
1409,Steven Hernandez,39,Houston,2022-11-27
7720,John Robinson,24,Los Angeles,2025-05-28
6699,Ashley Miller,31,Houston,2023-01-25
3309,Elizabeth Thompson,39,Seattle,2023-05-02
2583,Christopher Martin,52,Sacramento,2020-06-27
9933,Jessica King,18,Las Vegas,2024-10-26
9153,Dorothy Martinez,40,Seattle,2025-08-12
6843,Betty White,31,Fresno,2024-02-07
7154,Michael Brown,49,Portland,2025-01-27
4168,Daniel Clark,66,Las Vegas,2021-05-14
4945,Daniel Robinson,24,Fresno,2022-03-26
4072,Christopher King,41,Las Vegas,2025-04-10
6669,James Johnson,64,Fort Worth,2025-10-27
3677,Emily Hernandez,34,Kansas City,2023-10-16
8819,Jane Perez,38,Charlotte,2023-11-28
3757,Karen Moore,29,Chicago,2022-08-11
99,David Anderson,21,Austin,2020-11-08
1626,Sarah Lee,18,San Jose,2022-07-25
8229,Karen Moore,31,Seattle,2025-04-15
3630,Amanda Sanchez,26,Indianapolis,2021-12-28
4511,Paul Williams,53,Fort Worth,2022-07-28
3184,Matthew Thompson,34,Baltimore,2021-09-25
