EMP_ID,EMP_NM,DEPT_CD,SAL_AMT
7322,Donald Smith,Sales,41062
4772,Emily Smith,Marketing,46924
7209,Jessica Martin,Legal,106133
226,Sarah Clark,HR,45816
5061,Jane White,Sales,143800
104,Paul Thomas,HR,49014
6095,Michael Jackson,Customer Service,51878
9124,Michael Moore,Engineering,70182
1978,Betty Clark,Customer Service,139459
9043,Jane White,Engineering,80242
4297,Sarah King,Customer Service,46038
3963,Christopher Taylor,Sales,137168
2389,Daniel Thomas,Legal,42787
5549,Daniel Ramirez,Finance,147907
310,Betty Garcia,Research,132534
1931,David Ramirez,Research,34146
281,Amanda Thompson,Research,137294
5186,Steven Martin,Sales,42346
5630,Lisa Anderson,Finance,40595
1902,Emily Perez,Operations,109658
297,Betty Hernandez,HR,64827
6939,Mark Thompson,IT,47665
5937,Donald Davis,Legal,73985
9661,James Perez,IT,50209
7385,Emily Lee,Finance,55291
3261,Mark Rodriguez,Research,109584
1345,Jennifer Walker,Operations,108268
2154,Daniel Moore,Customer Service,75831
2804,John Ramirez,Operations,55315
3319,Jane Allen,Marketing,145740
7341,Sarah Hernandez,Engineering,113896
7883,Amanda Lopez,Legal,112946
3143,Lisa Gonzalez,Research,148470
3079,Emily Garcia,IT,143927
338,Daniel Jones,Legal,76240
5049,Daniel Taylor,Operations,124298
8250,Jennifer Young,IT,78963
1424,Donald White,Operations,110625
4520,Karen Sanchez,Customer Service,134625
2862,Karen Rodriguez,Research,137618
2288,Dorothy Johnson,Customer Service,91850
5958,Ashley Lewis,Operations,38159
345,Betty Anderson,Legal,142416
5981,Paul Taylor,Research,50293
9739,Christopher Lee,Engineering,144159
6456,Nancy Smith,Marketing,141334
7066,Christopher Gonzalez,Legal,85858
8614,Steven Sanchez,Finance,134089
9173,Jennifer Lee,Legal,94613
1136,Anthony Allen,Finance,93041
6946,Nancy Moore,Finance,117388
5330,Joshua Johnson,Legal,78762
5028,Paul Allen,Engineering,105108
7674,Matthew Gonzalez,Engineering,128911
4094,Andrew Brown,IT,89016
2805,Donald Allen,Engineering,144297
5846,Christopher Young,Research,72713
4919,Lisa Lewis,Marketing,59906
2759,Dorothy Ramirez,Customer Service,120936
8888,Karen Clark,Sales,35673
9899,James Allen,Legal,74139
5730,Ashley Lopez,Legal,44495
1111,Lisa Hernandez,Operations,149941
5101,Mark Young,Engineering,148173
5854,Betty Miller,Sales,46309
2686,Elizabeth Johnson,Sales,41016
7970,Christopher Young,Research,60240
3413,Lisa King,Marketing,70740
1364,Ashley Allen,Customer Service,81955
6868,James Hernandez,IT,39373
1484,Anthony Wilson,Customer Service,30356
3227,Dorothy Martin,Operations,38915
1875,Steven Thomas,Sales,69881
124,Donald Wilson,Engineering,117805
3555,Karen Allen,HR,135206
385,Deborah Williams,HR,133707
3091,Paul Thompson,Legal,64510
4141,Jane Gonzalez,Finance,81115
5556,Robert Harris,Marketing,68528
2495,Lisa Moore,Engineering,70577
7628,Jane Lee,Sales,76742
2147,Amanda Jones,Marketing,47753
3824,Anthony Lopez,Finance,91188
281,Emily Jones,Sales,87352
7610,Amanda Hernandez,Engineering,30805
367,Anthony Ramirez,Customer Service,37291
3013,Lisa Miller,Marketing,37334
481,Karen Thomas,Engineering,43068
5843,Emily Thomas,Operations,145329
4811,Jane Martinez,Legal,52864
4302,Anthony White,IT,75898
543,Anthony Perez,IT,78690
3972,Lisa Lopez,IT,45572
5494,Anthony Davis,Sales,59870
6309,Matthew Anderson,Operations,108450
8669,Robert Williams,Engineering,70471
6894,Ashley Rodriguez,Research,64941
1396,Michael Gonzalez,Engineering,133557
6938,Karen Harris,HR,138684
9480,Dorothy King,Customer Service,131888
