C_ID,C_NAME,AGE_YRS,LOC_CD,REG_DT
73,Matthew Jackson,36,Los Angeles,2023-05-20
7437,Betty Rodriguez,45,Indianapolis,2022-09-09
9417,Deborah Garcia,46,Kansas City,2021-11-21
7894,Mark White,53,Portland,2025-01-21
4545,Nancy Sanchez,58,Philadelphia,2024-01-13
525,Amanda Thomas,52,Seattle,2024-12-24
1921,Jane Taylor,64,Portland,2024-06-21
1132,Elizabeth Rodriguez,41,Chicago,2024-06-04
1578,Joshua Garcia,26,San Jose,2024-09-20
2691,Jane Gonzalez,23,Charlotte,2022-07-05
419,Paul Jackson,49,Oklahoma City,2023-05-19
6421,Betty Anderson,28,Tucson,2020-03-17
3259,Dorothy Garcia,53,Oklahoma City,2020-12-02
4493,Andrew Rodriguez,30,New York,2025-08-14
3717,Donald Ramirez,68,Dallas,2023-12-10
7404,Jane Martinez,49,Columbus,2022-10-05
8095,Deborah Thompson,25,Charlotte,2022-03-26
102,Joshua Thomas,52,Phoenix,2020-02-20
7374,Amanda Rodriguez,65,Milwaukee,2021-07-13
5561,James Moore,46,San Diego,2021-12-01
5823,James Sanchez,24,San Jose,2021-11-15
8685,Karen Rodriguez,34,Las Vegas,2021-08-15
2081,James Lopez,30,Indianapolis,2021-07-18
9609,Christopher Garcia,31,Las Vegas,2022-09-15
9786,Elizabeth Thomas,28,Las Vegas,2025-10-03
6353,Lisa Allen,38,Kansas City,2024-10-09
9290,Anthony Miller,47,Philadelphia,2022-08-25
1318,John Taylor,27,Chicago,2022-03-20
5690,David Young,47,Louisville,2023-12-22
7168,Emily Smith,57,Houston,2025-05-21
2669,Ashley Moore,38,Houston,2023-02-01
2257,Andrew Johnson,55,New York,2023-02-12
1210,Jennifer Wilson,37,Las Vegas,2023-02-15
5801,Donald Brown,23,Houston,2023-10-02
3693,Betty Ramirez,46,Nashville,2021-11-02
155,Emily Johnson,53,Boston,2025-03-18
5607,Elizabeth Jackson,40,Oklahoma City,2023-11-22
7692,Amanda Taylor,62,Louisville,2022-08-13
7387,Lisa Brown,21,San Jose,2025-07-24
1219,Jennifer Jackson,39,Louisville,2025-02-05
6372,Lisa Sanchez,35,Tucson,2024-04-24
5827,Robert Jones,50,Dallas,2025-04-13
3960,Lisa Williams,60,Sacramento,2025-05-04
2865,Matthew Sanchez,43,Boston,2020-01-06
4458,Paul Martinez,62,New York,2024-06-09
3088,Donald Davis,43,Mesa,2021-06-21
3061,Dorothy Lopez,61,Las Vegas,2023-10-16
2161,Nancy Davis,44,Milwaukee,2024-05-18
4590,Ashley White,67,Kansas City,2022-09-23
951,Amanda Wilson,24,Dallas,2022-08-02
7507,Mark Lopez,19,Milwaukee,2024-10-21
4689,Lisa Harris,41,Fresno,2025-05-09
3205,Nancy Brown,40,Houston,2025-06-24
7610,Anthony Allen,21,Chicago,2020-06-24
1556,David Clark,65,Portland,2020-08-03
6413,Steven Sanchez,66,Columbus,2022-09-12
853,Jessica Jackson,36,Chicago,2025-04-20
6450,Mark Brown,39,Oklahoma City,2022-05-19
1916,Andrew Wilson,23,Denver,2024-09-28
4586,Sarah Taylor,50,Charlotte,2022-09-24
618,Steven Harris,68,San Jose,2024-03-20
6787,Mark Ramirez,40,San Francisco,2022-12-27
7011,Andrew Perez,45,Nashville,2023-06-02
4302,Jennifer Allen,32,Tucson,2021-03-07
3666,Lisa Gonzalez,47,Chicago,2024-02-13
7634,James Brown,31,Phoenix,2023-01-19
5970,Deborah Gonzalez,41,Portland,2020-11-03
695,Betty Taylor,68,Seattle,2022-03-17
6255,Mark Garcia,22,Houston,2021-05-24
5499,Jennifer Smith,57,Indianapolis,2021-05-25
1239,Elizabeth Lopez,31,Boston,2023-01-09
902,Andrew Smith,61,San Jose,2023-07-12
8857,Steven Garcia,60,San Diego,2020-10-25
5617,Mark Davis,37,Oklahoma City,2022-12-12
2101,James Moore,57,Louisville,2025-07-02
