EMP_ID,EMP_NM,DEPT_CD,SAL_AMT
5595,Jennifer King,HR,142244
5281,Joshua Lee,Sales,30517
1935,Jennifer Williams,Sales,59860
6317,Steven Lee,Sales,47861
7624,Elizabeth Hernandez,HR,107957
6282,David King,Sales,67057
3124,David Allen,IT,54808
7711,Amanda Wilson,Legal,122490
1792,Dorothy Lewis,Research,143205
1325,Anthony Clark,HR,42221
5687,Emily Robinson,Engineering,129447
8345,Ashley Clark,Engineering,66097
2836,David Lewis,Operations,110646
481,Lisa Garcia,Sales,39628
3866,Christopher Miller,Engineering,40286
850,Mark Clark,Marketing,76911
7388,Elizabeth Rodriguez,IT,95912
8857,Lisa Jackson,IT,44816
1375,Dorothy Martin,Operations,52670
9235,Donald Johnson,Operations,55646
1746,John Clark,Operations,60109
2122,Lisa Ramirez,Marketing,106183
9541,Mark Moore,Legal,119402
591,Jessica Jones,Customer Service,129408
7004,Andrew Harris,Research,127716
1314,Donald Martinez,Research,89912
926,David White,Operations,77433
6964,Christopher Martinez,Finance,78172
3844,Joshua Allen,Marketing,79973
4160,Sarah Brown,Sales,97162
6603,Lisa Sanchez,IT,139711
6427,Anthony Robinson,Marketing,134794
6590,Anthony Jones,Legal,142066
3173,Sarah Lewis,Sales,76201
6034,Christopher Hernandez,Legal,80092
431,James Wilson,IT,77083
4156,Paul Perez,Engineering,68521
9442,Jane Moore,Legal,138434
3651,Robert Davis,IT,102691
2230,John Miller,Research,121241
7702,Dorothy Rodriguez,Research,62219
1330,Mark Clark,Finance,77056
8339,Amanda Wilson,Legal,45518
6630,James Moore,HR,108410
677,Robert White,Finance,66499
9231,Ashley Davis,Sales,76177
3218,Joshua Brown,Finance,77253
4472,Amanda Martinez,Operations,42376
7397,John Johnson,Finance,115482
6912,Betty Smith,Engineering,92966
4504,Daniel Hernandez,Finance,114428
5485,Anthony Taylor,Customer Service,38205
9714,Christopher Williams,IT,120535
6880,Ashley Gonzalez,HR,67838
7423,Andrew White,IT,30900
8289,Betty Moore,HR,130315
4499,Donald Rodriguez,Operations,96667
938,Elizabeth Lopez,IT,124334
9799,Matthew Miller,Engineering,43737
9391,Ashley Jones,Sales,127836
6186,Michael Thompson,Operations,97613
3524,Jennifer Robinson,Legal,139541
1256,Lisa Young,IT,131023
4399,Amanda Walker,Sales,30824
438,Lisa Garcia,Customer Service,58172
3493,Paul Perez,IT,64857
7113,Elizabeth Robinson,Finance,127299
5667,Dorothy Ramirez,Customer Service,55073
7983,Paul Gonzalez,Marketing,82915
2344,Dorothy Anderson,Customer Service,48530
6523,Robert White,Operations,74003
5197,Paul Smith,Operations,32550
371,Michael White,HR,149789
120,Paul Moore,Marketing,68325
5644,Amanda Anderson,Marketing,46123
6047,Nancy Taylor,Operations,69848
7343,Deborah Brown,Sales,147276
5569,Mark Anderson,Engineering,59903
305,Andrew Sanchez,Engineering,81440
6576,Lisa Moore,Customer Service,106960
9217,Emily Taylor,Marketing,49099
4454,Christopher Lewis,Legal,98346
5060,Lisa Wilson,Engineering,63195
2210,Robert Sanchez,Engineering,79629
1398,Karen Young,Sales,146278
6268,Lisa Lee,Engineering,99294
4127,Anthony Jones,Marketing,126897
3730,Dorothy Johnson,Engineering,31688
819,John Rodriguez,Marketing,134419
4731,Jane Lopez,Engineering,80143
7202,Nancy Miller,Finance,69564
5738,Lisa Sanchez,Engineering,66202
1943,Donald Jackson,Operations,95776
8136,Donald Johnson,Operations,88654
9171,Paul Wilson,Marketing,93492
2277,Anthony Davis,Customer Service,33617
4111,Betty Jackson,Finance,56542
9694,John Perez,Customer Service,94238
5640,Jennifer Harris,Legal,39290
9601,James Walker,Sales,56178
