EMP_ID,EMP_NM,DEPT_CD,SAL_AMT
2985,Deborah Williams,Research,48301
2657,Ashley Brown,Research,91904
6202,Donald Miller,IT,70779
9753,Robert Moore,Legal,133062
2044,James Allen,Finance,78893
3689,Michael Robinson,Operations,45064
9079,James Davis,Customer Service,112860
8777,Karen Miller,IT,72635
1367,Karen Jackson,Legal,86726
4292,Michael King,Research,80470
1445,Karen Clark,Finance,118054
26,Matthew Garcia,Finance,129240
5007,Betty Rodriguez,Research,51383
1203,Christopher Taylor,Finance,77470
7886,Amanda Taylor,Operations,87638
4773,Michael Thompson,Operations,101890
9338,Jessica Johnson,Operations,116092
1850,Andrew Hernandez,HR,35135
1050,Paul Davis,Customer Service,63546
4212,Andrew Smith,IT,117531
9723,Joshua Ramirez,Customer Service,44212
1928,Dorothy Taylor,Legal,95887
4897,Lisa Lewis,Marketing,107623
6148,Anthony Hernandez,Legal,116448
2455,Jane Young,Operations,106681
92,Jane Robinson,Engineering,95301
7505,Paul Jones,Customer Service,101721
5240,Steven Davis,HR,113679
6933,Elizabeth Jones,Customer Service,120869
7461,Paul Garcia,Research,111324
6896,Robert Taylor,Engineering,130723
9484,Andrew White,Marketing,134986
9187,Elizabeth Clark,Sales,144380
8286,Joshua Taylor,Finance,128770
9402,Sarah Taylor,Customer Service,65548
5633,Amanda Ramirez,Customer Service,31888
6448,Sarah Davis,Customer Service,145660
9862,Dorothy White,Operations,147743
1092,Michael Jones,Sales,41978
8165,Daniel Perez,Customer Service,57909
8376,Deborah Thompson,Engineering,97417
4914,Daniel Brown,Finance,129386
8010,David White,Marketing,119587
2023,Anthony Taylor,Marketing,96143
2447,Paul Sanchez,Customer Service,39503
6252,Betty Lee,HR,102392
5581,Paul Martinez,IT,132887
8162,Amanda Harris,Finance,127056
3502,John Thompson,HR,31565
9814,James Clark,Finance,75985
8644,Paul Wilson,Research,38447
8971,Amanda Young,Customer Service,145323
8727,Deborah Jackson,IT,148054
9282,Lisa Sanchez,HR,39552
299,Ashley Thomas,Finance,31943
2017,Mark Wilson,Operations,132757
4261,Andrew Lewis,Legal,100458
4730,Betty Perez,Research,65399
5358,Karen Anderson,Research,51788
23,Nancy Robinson,IT,36503
7840,Nancy Martin,Legal,91346
8495,Deborah Lee,Engineering,34712
6860,Nancy Robinson,Legal,140808
6912,Nancy Lee,Research,112544
3467,Amanda Harris,Research,122055
1016,James Thompson,Finance,40024
7872,Elizabeth Jackson,Marketing,66088
9490,Steven Hernandez,Legal,147340
4623,Lisa Lopez,Research,63493
7436,Donald Young,IT,30705
6517,Steven Sanchez,Legal,95854
4426,Emily Allen,Legal,110038
7757,Lisa Taylor,Customer Service,118324
826,Betty Miller,Finance,147312
4916,Elizabeth Perez,Engineering,33010
8276,Jessica Jones,HR,33824
9313,Steven Anderson,Operations,130068
9195,Lisa Smith,Sales,43702
6383,Betty Allen,HR,134314
2252,Anthony Taylor,Marketing,55716
3799,Daniel Young,HR,46245
3324,Matthew Ramirez,Research,60273
2532,Steven Smith,Research,131021
8632,Steven White,Marketing,144523
9443,Nancy King,Customer Service,42344
7637,Dorothy Perez,Finance,61665
3335,Jessica Perez,Research,125223
1851,James Anderson,Engineering,76301
2695,David Martinez,Marketing,66274
6414,David Williams,Legal,137512
7880,Donald Miller,Customer Service,126300
1372,Karen Garcia,HR,91715
409,Ashley Johnson,Engineering,87091
3707,Andrew Jackson,Operations,34764
5445,Karen Johnson,Engineering,62105
327,Karen Brown,Marketing,45916
8194,Dorothy Lee,Sales,92585
7072,Elizabeth White,IT,80683
1009,Sarah Smith,HR,149061
8172,Paul Young,Sales,115133
