C_ID,C_NAME,AGE_YRS,LOC_CD,REG_DT
2918,Andrew Lewis,45,Fresno,2025-12-18
2726,Andrew Hernandez,46,Phoenix,2020-08-19
7299,Matthew Johnson,59,Oklahoma City,2023-09-01
9919,Joshua Martin,34,San Diego,2022-06-05
2430,Michael Young,36,Indianapolis,2021-08-10
2545,Dorothy Lopez,55,San Francisco,2020-11-05
8406,Steven Miller,49,Fort Worth,2022-02-01
9440,Michael Jackson,31,Phoenix,2021-09-15
4580,Steven Moore,37,Dallas,2023-01-03
1257,James Robinson,66,Seattle,2023-10-04
4944,James Robinson,60,New York,2025-07-15
3826,Michael Garcia,19,Tucson,2021-04-02
9911,Christopher Martinez,39,San Diego,2023-10-10
8964,Emily Anderson,34,Philadelphia,2025-04-01
5775,David Perez,60,Louisville,2024-06-11
3176,Jennifer Hernandez,31,Dallas,2025-04-10
6296,Daniel Harris,40,Denver,2020-10-15
3476,Andrew Moore,56,Philadelphia,2023-03-11
1142,Jane Lewis,60,Charlotte,2024-01-05
7365,Jane Lewis,64,Oklahoma City,2021-02-12
2764,Betty Garcia,47,Chicago,2021-12-08
246,Sarah Walker,60,Indianapolis,2023-06-11
4038,Christopher Walker,56,Fort Worth,2022-05-12
7535,Nancy Smith,23,Kansas City,2025-06-15
2575,Jennifer Jackson,66,Austin,2025-03-08
4458,David Taylor,63,Mesa,2020-11-12
7480,Mark Martin,42,San Francisco,2023-03-25
9683,Joshua Clark,47,Fresno,2025-04-05
7951,Joshua Jackson,47,Chicago,2025-08-15
4911,Steven Lee,38,Oklahoma City,2022-01-19
5199,Deborah Lopez,23,Denver,2025-07-10
8010,Joshua Thomas,26,San Jose,2022-08-20
1332,Mark Harris,28,Fort Worth,2024-12-19
6097,Paul Anderson,35,Phoenix,2021-06-05
1019,James Williams,37,Kansas City,2023-05-22
5683,Paul Davis,31,San Diego,2025-10-18
6399,Sarah Jones,41,Sacramento,2020-02-23
5032,Ashley Lopez,28,Los Angeles,2022-05-17
5154,Anthony Thomas,23,Austin,2022-08-18
8642,Lisa Moore,65,Boston,2020-02-08
9135,James Thomas,52,Columbus,2024-02-26
8609,Donald Gonzalez,64,San Jose,2024-08-25
379,Jane Sanchez,23,Phoenix,2021-02-01
8187,James Johnson,70,Jacksonville,2025-02-01
7035,Mark Sanchez,61,Oklahoma City,2021-07-10
6551,Joshua Clark,59,New York,2020-12-13
2961,Christopher Rodriguez,45,Kansas City,2023-03-21
1465,Deborah Wilson,70,Phoenix,2023-09-01
7240,Andrew Ramirez,29,Las Vegas,2021-04-22
4342,Daniel Robinson,45,Portland,2021-05-13
9399,Ashley Garcia,31,Jacksonville,2022-04-08
8024,Amanda Wilson,22,Houston,2023-01-06
3074,Amanda Young,42,San Diego,2022-06-17
1335,Emily Brown,38,Oklahoma City,2023-01-23
2970,David Rodriguez,63,Louisville,2023-03-20
4893,Steven Williams,67,Tucson,2025-05-18
4671,David Thomas,19,Denver,2024-10-02
3400,Jane King,39,Austin,2021-03-08
5903,Lisa Ramirez,70,New York,2022-12-04
2476,Lisa Thompson,19,Louisville,2020-09-20
2513,Dorothy Garcia,53,Portland,2025-10-17
7415,Christopher Davis,22,Dallas,2023-07-14
7563,Dorothy Thompson,55,San Jose,2025-04-05
1307,Daniel Anderson,55,Houston,2022-04-05
435,Robert Allen,43,Seattle,2024-11-22
9519,Michael Ramirez,33,San Diego,2022-09-21
7934,Elizabeth Garcia,57,Boston,2020-11-05
3113,Lisa Young,49,Albuquerque,2020-06-17
4523,Nancy Sanchez,68,Charlotte,2021-06-19
8709,Dorothy Ramirez,54,Philadelphia,2025-05-20
5108,Lisa Anderson,37,Albuquerque,2022-02-07
3917,Amanda Smith,31,Albuquerque,2025-07-04
5955,Jane Wilson,19,Oklahoma City,2022-09-07
2222,Nancy Thompson,61,Sacramento,2020-04-26
4749,Lisa Perez,61,Nashville,2024-02-12
