C_ID,C_NAME,AGE_YRS,LOC_CD,REG_DT
3266,David Harris,38,Nashville,2024-10-05
8338,John Smith,35,Dallas,2020-02-05
9317,Robert Taylor,47,Austin,2024-08-20
8745,Daniel Gonzalez,56,Las Vegas,2025-11-12
9908,Paul Lopez,25,Portland,2021-05-07
3100,Jane Lewis,19,Denver,2022-12-08
1764,Joshua Thomas,19,Chicago,2023-05-13
966,Sarah Robinson,61,Fort Worth,2022-03-20
2724,James Clark,53,Washington,2021-04-24
460,James Thomas,63,Philadelphia,2021-08-22
6740,Christopher Williams,43,Kansas City,2023-01-05
4153,Joshua Martinez,37,Mesa,2020-06-17
7986,Emily Young,19,Portland,2024-06-15
4172,Paul King,48,Philadelphia,2020-10-02
2384,Betty Martinez,70,Indianapolis,2021-11-20
2708,Elizabeth Lopez,20,Chicago,2020-12-27
5251,Jennifer Martin,40,Dallas,2022-04-18
3024,Ashley Thompson,35,Fort Worth,2020-09-10
2938,Mark Perez,54,Nashville,2025-01-15
9194,Amanda Taylor,38,Jacksonville,2023-04-07
8591,Jane Clark,41,Los Angeles,2025-06-11
5466,Andrew Johnson,58,Columbus,2025-11-19
2452,Robert Lopez,63,Philadelphia,2021-06-04
143,John Moore,69,Milwaukee,2025-05-26
925,Daniel Miller,19,Albuquerque,2020-06-15
9253,Betty Wilson,27,Indianapolis,2024-10-14
489,Andrew Walker,24,New York,2022-07-05
7905,Joshua Smith,68,Jacksonville,2025-12-18
1011,Lisa Perez,30,San Jose,2020-07-15
9686,Christopher Sanchez,43,Portland,2023-05-24
4754,Jessica Lee,66,Houston,2025-03-10
3438,David Brown,19,New York,2022-03-17
7010,Christopher Young,53,Tucson,2020-07-03
5372,Donald Allen,53,Dallas,2025-03-04
1563,Nancy Smith,52,Columbus,2025-10-11
7060,Sarah Williams,42,Boston,2022-06-14
4596,Karen Garcia,47,Indianapolis,2023-10-02
8675,Matthew Jones,27,Charlotte,2021-02-14
4712,Lisa Martin,43,Columbus,2022-04-19
3310,Robert Rodriguez,18,Columbus,2021-07-07
5269,Paul Lee,68,Charlotte,2021-12-21
1041,Paul Walker,36,Sacramento,2022-08-06
7357,Robert Hernandez,33,San Antonio,2020-09-02
9080,Paul Thompson,43,Los Angeles,2023-03-01
1821,Michael Taylor,24,Indianapolis,2025-12-08
2567,Dorothy Williams,38,Baltimore,2020-11-17
2540,David Williams,32,Kansas City,2024-07-24
2939,Sarah Miller,29,Portland,2020-09-21
2933,Karen Walker,56,Louisville,2021-04-12
1373,David Thomas,60,Tucson,2024-08-17
6272,Michael Moore,38,Seattle,2023-10-26
5061,Jennifer Harris,24,Milwaukee,2023-03-27
9994,David Allen,64,Sacramento,2024-07-03
8458,James Allen,46,Nashville,2022-02-23
9094,Christopher Sanchez,54,Milwaukee,2021-02-14
2356,Dorothy Robinson,39,Kansas City,2024-08-24
5219,Christopher Davis,52,Kansas City,2022-10-23
9228,Emily Rodriguez,33,Milwaukee,2022-10-04
948,Lisa Clark,36,San Jose,2020-06-10
7627,Mark Lopez,70,Charlotte,2023-05-27
1635,Christopher Johnson,25,Louisville,2020-08-01
2468,Elizabeth Anderson,43,Las Vegas,2023-10-14
3864,Jennifer Thompson,24,Houston,2024-03-08
7182,Amanda Sanchez,33,Fort Worth,2025-07-11
4364,Lisa Perez,28,Chicago,2022-06-11
6226,Jennifer Jackson,32,San Francisco,2022-03-12
9320,Elizabeth Jackson,48,Fort Worth,2025-07-26
5986,Elizabeth Miller,61,Louisville,2025-03-09
1434,Jessica Moore,29,Milwaukee,2020-07-09
8464,Andrew Miller,33,Los Angeles,2025-06-01
9249,Steven Walker,26,Jacksonville,2021-01-26
8256,Donald Lee,68,Dallas,2025-09-20
3165,James Smith,56,Nashville,2025-10-06
6314,Jane White,45,San Francisco,2020-03-23
9706,Anthony Harris,25,Seattle,2023-10-25
