C_ID,C_NAME,AGE_YRS,LOC_CD,REG_DT
8311,John Thompson,50,Louisville,2024-07-18
4096,Karen Brown,62,San Diego,2020-02-19
2869,Deborah Moore,37,Phoenix,2025-04-14
9100,Michael Jones,24,San Antonio,2025-10-20
8769,Jane Garcia,48,Indianapolis,2020-11-12
5997,Jennifer Gonzalez,36,Fresno,2023-01-21
8025,Joshua Jones,20,Las Vegas,2021-04-28
2123,Deborah Taylor,55,Denver,2022-12-26
3442,Robert Lee,35,Columbus,2022-07-27
2439,Michael Clark,48,Indianapolis,2020-04-05
4973,Lisa Moore,53,Milwaukee,2024-04-04
378,Andrew Garcia,43,Columbus,2021-08-12
1493,Christopher Clark,37,Baltimore,2023-08-24
8225,Joshua Robinson,46,San Jose,2020-02-25
4084,James Gonzalez,45,Austin,2020-04-03
9461,Karen Harris,59,San Francisco,2020-01-15
5387,John Garcia,23,Fort Worth,2021-09-26
1935,Joshua Lee,30,Chicago,2025-01-25
8361,Dorothy Johnson,49,Dallas,2022-11-18
629,Matthew Walker,55,Milwaukee,2020-11-28
3099,Daniel King,28,Jacksonville,2023-12-05
7513,Deborah Lee,25,Portland,2025-05-06
1882,Lisa Young,67,San Jose,2020-09-24
4591,Deborah Lewis,52,Fort Worth,2024-10-02
1383,Elizabeth Walker,47,Austin,2020-04-20
9306,Michael King,68,Columbus,2021-05-05
3592,Anthony Williams,47,Washington,2025-04-04
6481,Ashley Sanchez,26,Indianapolis,2025-08-16
4804,Donald Anderson,42,Las Vegas,2022-08-07
9109,Sarah King,21,Los Angeles,2022-11-01
6414,Lisa Young,56,San Francisco,2025-04-26
3616,Jane Ramirez,53,Indianapolis,2023-11-05
6924,Amanda Martinez,21,Charlotte,2020-11-24
5923,Robert Wilson,23,Milwaukee,2023-06-11
952,Ashley Jackson,34,San Diego,2024-07-08
401,Amanda Martin,66,Washington,2024-07-24
2508,Anthony Thompson,23,Boston,2022-09-19
3473,Donald Taylor,65,New York,2022-02-17
8101,Betty Jones,55,Jacksonville,2021-08-02
1731,Anthony Sanchez,52,Houston,2021-02-10
9527,Jane Allen,69,Chicago,2025-06-21
208,Anthony Hernandez,48,Los Angeles,2020-12-11
6623,Ashley Perez,67,San Jose,2022-10-18
7763,Mark Walker,51,Kansas City,2022-01-18
7082,Mark Smith,54,Milwaukee,2023-12-22
9834,Betty Martinez,50,San Jose,2022-08-04
791,Daniel Hernandez,46,Mesa,2022-04-11
1057,Lisa Jackson,32,San Jose,2020-11-04
5471,Dorothy Ramirez,36,Jacksonville,2024-07-19
6735,Paul King,45,Houston,2023-06-03
1702,Michael Ramirez,23,San Diego,2021-05-01
9933,Sarah Martinez,27,Mesa,2024-10-12
2635,Nancy Davis,44,Nashville,2023-04-26
7760,Donald Williams,40,Los Angeles,2024-09-27
7375,Mark Walker,20,Indianapolis,2025-01-09
7324,Matthew Garcia,47,Phoenix,2022-02-10
1091,Betty Brown,62,San Francisco,2020-02-02
9287,James King,61,Tucson,2022-06-19
2684,Betty Sanchez,43,Philadelphia,2020-06-01
7620,Paul Jones,23,Seattle,2025-11-20
9357,John Taylor,44,Sacramento,2025-05-01
9505,Paul Anderson,41,Las Vegas,2021-11-27
2865,John Jackson,46,Fort Worth,2021-09-04
306,Steven Perez,38,Milwaukee,2023-12-23
7521,Jessica Sanchez,49,Albuquerque,2024-07-28
3070,Jessica Thompson,46,Fort Worth,2023-06-14
1860,Betty Anderson,23,Portland,2021-11-11
5432,Betty Garcia,45,Boston,2024-07-28
9377,Nancy Gonzalez,21,Fort Worth,2024-09-24
341,Joshua Harris,54,Seattle,2024-04-18
2511,Nancy Allen,56,Denver,2021-08-01
7286,John Thompson,54,Mesa,2022-01-10
4465,Donald Miller,18,Nashville,2021-01-05
3299,Jessica Lee,32,Chicago,2022-12-19
202,Deborah Anderson,35,San Antonio,2023-02-24
