C_ID,C_NAME,AGE_YRS,LOC_CD,REG_DT
4078,Daniel Young,56,Fort Worth,2020-04-01
1486,Anthony Martinez,63,Seattle,2025-12-09
7635,Robert Ramirez,22,Los Angeles,2020-05-11
2890,David Harris,49,Tucson,2023-12-01
726,Christopher Johnson,66,Sacramento,2021-05-04
6037,Emily Miller,35,Albuquerque,2023-05-18
2816,Lisa Moore,36,Nashville,2023-09-20
4035,Mark Harris,54,Houston,2020-03-19
3708,John Taylor,60,Mesa,2022-01-01
9319,Anthony Brown,58,Dallas,2020-12-17
3169,Elizabeth Jackson,55,Houston,2025-08-18
564,Mark Davis,47,Seattle,2022-09-05
7628,Matthew Perez,32,Louisville,2022-02-13
3072,Nancy Jones,59,Columbus,2022-07-12
6501,Karen Miller,70,Baltimore,2022-10-08
5314,Daniel Lewis,67,New York,2025-02-04
788,Christopher Robinson,62,Milwaukee,2023-07-11
923,John Anderson,44,Sacramento,2023-10-12
7496,James White,27,Sacramento,2022-06-16
8455,Andrew Johnson,26,Chicago,2023-10-12
8564,Steven Jones,38,Nashville,2022-01-24
823,Anthony Sanchez,35,Oklahoma City,2024-08-12
9665,Donald Jones,25,Kansas City,2020-10-19
7610,Nancy Martinez,60,San Diego,2021-12-26
8244,Emily White,60,San Diego,2024-04-26
8007,David Martinez,63,San Antonio,2023-04-24
5225,Andrew Walker,70,Baltimore,2023-04-22
9326,Donald Garcia,29,Phoenix,2023-04-10
4373,Daniel Jones,53,Philadelphia,2025-10-23
7233,Mark Brown,45,Boston,2022-05-01
9394,Christopher Robinson,54,Denver,2023-07-21
6560,Donald Robinson,21,Portland,2023-01-17
8539,Christopher Smith,51,San Francisco,2020-08-28
8525,Jennifer Anderson,43,Washington,2025-05-12
6739,Nancy Miller,37,Mesa,2022-10-06
9067,Michael Jackson,24,Baltimore,2021-01-21
9012,Steven Robinson,67,Boston,2022-09-10
5437,Ashley Lewis,45,Denver,2020-01-02
4455,Dorothy Williams,21,Phoenix,2024-06-23
7996,Lisa Johnson,54,San Antonio,2020-04-22
5517,Joshua Ramirez,67,Austin,2025-08-05
1326,Elizabeth Thomas,50,Oklahoma City,2022-10-14
2543,Deborah Thompson,24,Mesa,2023-12-17
5915,Joshua Anderson,29,Fresno,2024-04-02
3690,Daniel Harris,39,Dallas,2025-08-09
2322,James Thompson,58,Denver,2023-05-10
3115,Daniel Anderson,69,San Francisco,2024-10-13
3887,Jane Robinson,37,Philadelphia,2023-03-14
2317,Paul Lewis,23,New York,2024-11-07
3518,Ashley Martin,29,Boston,2023-05-16
6717,Christopher Lee,64,Las Vegas,2025-09-18
8099,Anthony Davis,47,San Diego,2022-09-16
7901,Jessica Ramirez,34,San Francisco,2021-09-09
3962,Andrew Young,25,Baltimore,2025-10-10
6560,Amanda Perez,51,New York,2023-06-27
3829,Lisa Robinson,70,Milwaukee,2025-10-25
4836,Amanda Smith,51,Indianapolis,2021-09-20
5083,Karen Martin,61,Dallas,2024-02-23
4010,Donald Lopez,52,Seattle,2022-10-22
6708,Steven Moore,23,Denver,2022-11-20
405,Daniel Martinez,51,Nashville,2021-11-13
640,Ashley Clark,68,Phoenix,2020-11-12
8330,Steven Williams,24,San Jose,2024-08-02
3812,Ashley Anderson,60,Boston,2022-02-11
960,Jennifer Ramirez,70,Charlotte,2021-03-16
3773,Mark Thomas,52,Las Vegas,2022-12-16
9327,Joshua Wilson,47,San Francisco,2024-12-27
4505,Nancy White,20,Kansas City,2023-03-11
1983,Anthony White,23,Baltimore,2020-06-24
3556,Paul Lopez,68,San Antonio,2022-06-16
8399,Amanda Allen,33,Fort Worth,2022-05-15
8372,Emily Clark,27,Los Angeles,2024-11-28
9110,Paul White,54,Oklahoma City,2021-12-26
4224,Ashley Harris,47,San Antonio,2022-03-13
2066,Mark Perez,69,Sacramento,2020-07-11
