EMP_ID,EMP_NM,DEPT_CD,SAL_AMT
7489,Lisa Miller,Research,56405
1916,Jessica Clark,IT,125455
9161,Ashley Davis,Operations,69128
3276,Christopher Thomas,Operations,46624
7563,Steven Jackson,Customer Service,83915
8270,Emily Johnson,Sales,78907
9408,Anthony Moore,Legal,118700
6567,Jessica Martin,Legal,49662
4328,Joshua Martinez,Legal,127924
9036,Dorothy Davis,Operations,97465
2144,Christopher Hernandez,Marketing,79768
4556,Robert Hernandez,Finance,54177
6520,Joshua Davis,HR,106344
8464,Amanda Wilson,Marketing,128468
8098,Sarah Ramirez,Legal,103759
4034,Lisa Martinez,HR,117428
2639,Steven Gonzalez,Marketing,125657
2446,Mark Thomas,Sales,51153
7352,David Hernandez,Legal,121018
7881,Ashley Allen,Research,35175
4272,James Gonzalez,Marketing,91890
2540,Betty Martinez,IT,96843
6865,Daniel Lewis,Sales,85168
5273,Donald Martin,Marketing,128271
5868,James Gonzalez,Research,85488
6656,Christopher Jones,Legal,128099
8659,Lisa Rodriguez,Marketing,82442
2414,Nancy Lewis,Legal,41529
1405,Christopher Johnson,Sales,72414
7860,Mark King,Customer Service,34845
9477,Jane Allen,HR,111812
4223,Lisa Hernandez,HR,83926
4923,Mark Sanchez,Engineering,83653
9420,Ashley Martin,Engineering,39802
1107,Betty Miller,IT,54335
9571,Mark Miller,Marketing,48861
5933,Jennifer Smith,Operations,115832
3994,Betty Perez,Research,81653
8144,Michael Johnson,HR,127675
3422,Mark Lewis,Finance,75616
6344,Matthew Martinez,Engineering,51473
3587,Nancy Wilson,IT,103032
7015,Deborah Clark,Customer Service,32777
749,Lisa Allen,Operations,130870
9492,Amanda Garcia,Customer Service,108449
7459,Dorothy Rodriguez,HR,129442
4986,Lisa Jones,Sales,118918
9113,Deborah Johnson,HR,53911
7347,Deborah Martinez,Finance,84092
3106,Ashley Gonzalez,Engineering,72312
7674,Donald Thomas,Engineering,73651
7950,David Rodriguez,IT,114120
8167,Mark Lee,Legal,107520
9056,Sarah Ramirez,Sales,82380
1123,David Ramirez,HR,59965
1873,Mark Jackson,Finance,147966
3848,Karen Walker,Operations,110661
1776,Lisa Sanchez,Finance,94040
8352,Daniel Lewis,Legal,33794
8564,Michael Lopez,Finance,137082
306,Sarah Perez,IT,61960
7867,Karen Davis,IT,46447
422,Elizabeth Thomas,Legal,38919
4773,Christopher Gonzalez,Sales,122406
6053,Karen Allen,IT,116317
8072,Anthony Smith,Sales,139399
8901,David Clark,Operations,61486
2405,Paul Clark,Customer Service,92324
4781,Michael Thomas,HR,125798
3397,Joshua Garcia,Operations,100730
2068,James Thompson,Customer Service,78826
8480,Emily Anderson,Marketing,98721
93,Dorothy White,Customer Service,146130
5634,Anthony Lee,Sales,54524
8131,Joshua Thomas,Customer Service,72323
6119,Matthew Johnson,Engineering,57096
7220,Jane Lee,HR,143070
5471,Karen Lee,HR,32632
8992,Elizabeth Walker,Sales,35586
7294,John Williams,IT,107053
674,Lisa Walker,Operations,59437
4837,Nancy Smith,Customer Service,138094
5514,Amanda Sanchez,Customer Service,148263
9315,Mark Perez,Operations,133730
9446,Karen Ramirez,HR,98177
9669,Karen Garcia,Research,67048
4901,Andrew Rodriguez,Operations,44738
4045,Lisa Williams,IT,79066
6508,Elizabeth Hernandez,Operations,71445
8391,Daniel Hernandez,Customer Service,33635
1862,Sarah Miller,Legal,92729
3998,Emily Walker,Engineering,127271
8253,Nancy Wilson,Operations,75472
4170,David Clark,Engineering,57103
779,Jane Smith,Customer Service,149120
8629,Steven Davis,Legal,33137
627,Christopher Miller,HR,127966
4409,Betty Rodriguez,Sales,133730
2468,John Lee,Engineering,59709
1749,Karen Miller,Sales,144174
