EMP_ID,EMP_NM,DEPT_CD,SAL_AMT
4125,Daniel Thompson,Marketing,61526
7438,Karen Rodriguez,Engineering,69328
912,Donald Gonzalez,Research,60073
1059,Lisa Martinez,Research,56709
4649,Daniel Rodriguez,Marketing,130260
330,Robert Harris,Research,75559
2920,Michael Harris,Marketing,46294
5885,Lisa Young,Marketing,56639
7504,Mark Jackson,Legal,132854
4174,Betty White,Sales,63834
228,Elizabeth Sanchez,Customer Service,103266
622,Elizabeth Young,Sales,92737
8196,Joshua Young,Sales,105615
6991,Betty Smith,Research,34263
9115,Sarah Martinez,Legal,105984
5948,Lisa Garcia,Marketing,44371
896,Nancy Sanchez,Engineering,72879
5752,Michael Gonzalez,Marketing,43398
414,Michael Robinson,Finance,125731
1749,Dorothy Martin,Finance,104897
153,Deborah Moore,Sales,106296
6699,Sarah Harris,Legal,114718
394,Jessica Walker,IT,32727
7021,Joshua Martin,Operations,123168
85,Steven Harris,Engineering,134582
2826,Jennifer Hernandez,HR,44666
7242,Amanda Rodriguez,Customer Service,118824
2350,Emily Johnson,HR,85515
3333,Jennifer Sanchez,Finance,105280
3219,Emily Taylor,Marketing,140721
9157,Donald Lee,HR,72233
5285,Nancy Ramirez,HR,83349
1448,Elizabeth Robinson,Customer Service,73740
7561,Joshua Hernandez,HR,66483
8011,Sarah King,Legal,126041
5459,Christopher Perez,Engineering,140836
812,Nancy Thomas,Research,96476
2400,John Martinez,HR,56844
5872,Christopher Rodriguez,Finance,142663
4539,Matthew Smith,Legal,76355
6032,Betty Rodriguez,Engineering,46335
1461,Elizabeth Hernandez,Legal,109784
8825,Nancy Ramirez,Marketing,50142
6956,Amanda Jones,Sales,124453
2248,Lisa Walker,Legal,102540
8904,John Ramirez,Legal,88250
4666,Karen Jackson,Legal,140630
7007,Daniel Williams,Engineering,147370
2399,Mark Brown,Legal,58827
4541,John Williams,Customer Service,114532
8574,Elizabeth Sanchez,HR,57387
8035,John Wilson,Legal,61402
1189,Christopher Thomas,Engineering,32287
998,Emily Lewis,HR,53573
2333,Anthony Clark,Sales,57383
1053,Andrew Harris,IT,91403
8664,Deborah Moore,IT,60587
9379,Joshua Moore,Sales,67235
9180,Dorothy Smith,Engineering,50542
9266,John Walker,IT,135955
2201,Karen Lewis,Marketing,98661
5663,Karen Davis,Legal,93258
6436,Karen Jones,Legal,69590
724,Steven Clark,Marketing,49231
5757,Betty Ramirez,Research,90255
6835,Paul Jackson,Legal,89738
1065,David Young,HR,87088
1472,Jane Allen,Customer Service,31892
3429,Amanda Moore,Legal,33271
161,Emily Lewis,Marketing,130073
3111,Christopher Brown,Operations,124835
2020,Paul King,Engineering,45773
5829,Matthew Hernandez,Marketing,31602
5672,Matthew Thompson,HR,46835
1611,Deborah Thomas,Research,100534
4993,Nancy Harris,Marketing,33419
8360,Christopher Jackson,HR,99053
1475,Matthew Lewis,Customer Service,133893
22,Christopher Thomas,Engineering,127398
493,John Anderson,Operations,131755
6813,Karen Jones,Marketing,80004
6623,Daniel Young,HR,52282
3812,Amanda Allen,IT,134930
5709,Jennifer Smith,Sales,84324
9513,Paul Taylor,Marketing,115355
2283,Mark Brown,Research,118649
9695,Jennifer Hernandez,Customer Service,79434
4886,Jennifer Miller,Finance,51236
2780,John Lopez,Legal,111826
7824,John Martin,HR,112107
2908,Joshua Davis,Sales,43999
4837,Emily Harris,HR,65430
8988,Sarah Lopez,Research,59458
4767,Deborah Miller,Research,145548
1242,Anthony Thomas,Marketing,44661
4900,Lisa Lopez,Customer Service,38790
6971,Donald Moore,Engineering,64417
2562,Steven Martin,Finance,105735
8144,Donald Clark,HR,149415
1464,Robert Martinez,Engineering,47830
