C_ID,C_NAME,AGE_YRS,LOC_CD,REG_DT
180,Lisa Ramirez,45,Fresno,2022-03-21
3710,James Gonzalez,54,Kansas City,2023-11-22
112,Andrew Jones,32,San Jose,2021-05-11
7242,Deborah Sanchez,29,San Diego,2020-02-04
9720,John Harris,50,Denver,2020-06-21
8006,David Davis,49,Washington,2023-12-08
8457,Deborah Young,69,Los Angeles,2024-02-19
6276,Lisa Martin,41,Jacksonville,2022-09-28
1773,Lisa Wilson,56,Sacramento,2024-02-26
4160,Lisa Lopez,48,Milwaukee,2021-06-15
7542,Christopher Sanchez,27,Columbus,2021-08-15
6266,Jane Anderson,36,New York,2024-08-01
151,Andrew Williams,21,Milwaukee,2021-04-10
8236,James Sanchez,66,Dallas,2022-10-15
6687,Joshua Robinson,59,Jacksonville,2022-07-27
4678,Ashley Lewis,69,Baltimore,2021-04-05
7068,Jennifer Robinson,19,Washington,2022-03-16
8699,Nancy Walker,29,Houston,2021-01-21
5597,Elizabeth Gonzalez,59,Oklahoma City,2024-03-21
4544,David Walker,66,Kansas City,2023-05-01
7908,David Gonzalez,52,Houston,2021-11-15
9835,Matthew Thompson,35,Chicago,2024-10-27
6238,Joshua Lopez,64,Dallas,2021-02-25
6445,Deborah Allen,57,Seattle,2024-07-26
6580,Christopher Anderson,20,Chicago,2025-08-03
6741,Elizabeth Thompson,61,San Jose,2021-09-13
3387,Daniel Martinez,50,Kansas City,2023-08-28
4261,Deborah Rodriguez,57,Seattle,2024-09-09
3307,Sarah Jackson,52,San Jose,2022-05-01
2825,Emily Lopez,22,Boston,2021-07-03
1135,Matthew Lee,68,Los Angeles,2024-10-25
451,Elizabeth Harris,59,Austin,2020-06-07
4392,Donald King,28,Mesa,2020-09-21
462,Paul Johnson,21,Houston,2023-04-27
1706,Michael Jones,66,Tucson,2020-04-13
7618,Andrew Harris,63,Seattle,2022-02-04
5244,John Young,65,Philadelphia,2025-10-23
6478,Anthony Davis,37,Los Angeles,2023-06-09
9578,Mark Smith,39,Washington,2024-05-21
2971,Ashley Brown,38,Chicago,2025-11-24
4181,Robert Allen,47,Jacksonville,2023-01-19
6659,Jessica Wilson,53,Houston,2020-10-13
198,James Perez,23,Fresno,2023-01-10
9806,Sarah Lopez,52,Fort Worth,2025-03-28
3524,Amanda Anderson,67,Chicago,2021-06-22
8592,Steven Ramirez,70,Denver,2022-03-07
4563,Mark Moore,39,Dallas,2024-10-23
8047,Donald Sanchez,29,Philadelphia,2025-09-24
1506,Lisa Walker,39,Portland,2022-09-09
1884,Betty Thomas,69,Chicago,2020-11-22
3575,Donald Thompson,32,Austin,2023-01-12
5918,Lisa Gonzalez,63,Las Vegas,2024-02-12
2625,Andrew Smith,34,Denver,2021-03-15
5492,David Williams,19,Louisville,2023-03-23
5606,Andrew Williams,60,Tucson,2022-09-04
6392,Elizabeth Lopez,66,Milwaukee,2025-02-05
6583,Lisa Thompson,57,Denver,2024-12-28
446,Dorothy Martin,68,Mesa,2021-12-05
7978,Anthony Thompson,44,Phoenix,2023-01-07
8346,Lisa Allen,62,Mesa,2021-10-10
5943,Jessica Miller,21,Philadelphia,2020-04-19
2183,Amanda Taylor,38,Kansas City,2024-03-13
9502,Sarah Martin,40,Kansas City,2022-09-07
4768,Emily Jones,50,Chicago,2025-04-05
1081,Jennifer Miller,64,Tucson,2021-04-03
5694,Deborah Garcia,46,Dallas,2025-01-08
9486,David Lewis,43,Oklahoma City,2023-05-12
2585,James Jones,42,Albuquerque,2020-05-28
8455,Michael Lopez,58,Fresno,2020-07-08
3127,Paul Lewis,60,Oklahoma City,2023-05-21
2580,Amanda Young,31,Seattle,2022-10-08
9669,Christopher Thompson,50,Oklahoma City,2023-02-07
4784,John Wilson,49,Boston,2020-10-11
5632,Elizabeth Thompson,23,San Antonio,2025-07-24
2700,Ashley Rodriguez,32,Fresno,2022-07-16
