C_ID,C_NAME,AGE_YRS,LOC_CD,REG_DT
2023,Jane Perez,62,San Antonio,2020-07-15
7252,Deborah Anderson,67,New York,2020-11-05
3866,Donald Young,58,Oklahoma City,2024-06-16
8594,John Clark,30,Oklahoma City,2025-12-04
3082,Lisa Jackson,58,Columbus,2025-12-27
5499,Mark Lee,27,Charlotte,2024-12-18
3301,Michael Jackson,34,Louisville,2020-07-08
7243,John Gonzalez,30,Philadelphia,2022-04-14
1645,Michael Miller,40,Tucson,2020-11-20
6491,David Davis,27,Houston,2020-04-21
3722,Dorothy Lewis,34,Portland,2020-05-11
7259,Deborah Anderson,18,Seattle,2021-07-01
9234,Mark Clark,52,Kansas City,2024-07-16
8414,Joshua Young,27,Mesa,2020-10-21
8085,James Lewis,48,Oklahoma City,2025-11-28
7415,Emily Perez,18,Jacksonville,2024-10-11
7394,Karen Martin,39,Milwaukee,2025-02-08
7363,Ashley Sanchez,29,Denver,2021-07-06
8651,Steven Rodriguez,50,Houston,2021-11-24
7499,Jane Moore,62,Albuquerque,2020-05-04
8562,Jane Hernandez,23,Fort Worth,2025-05-15
7791,Nancy Robinson,39,Houston,2020-04-12
6992,Anthony Moore,65,Portland,2022-05-14
9749,Elizabeth Smith,40,Charlotte,2023-10-19
6199,Daniel Moore,34,Oklahoma City,2021-02-11
4204,David Wilson,26,Portland,2022-05-10
3318,Michael Jones,18,San Francisco,2022-09-16
3651,Jane Hernandez,25,Portland,2021-07-01
2532,Nancy Williams,27,Austin,2022-08-19
4636,Deborah Jones,66,San Francisco,2021-03-06
2394,Michael Anderson,25,Oklahoma City,2021-04-03
4441,Amanda Sanchez,57,San Jose,2020-12-22
5200,Emily Moore,39,Charlotte,2022-05-04
7726,Anthony Ramirez,40,Kansas City,2024-09-07
4520,Robert Gonzalez,69,Sacramento,2025-07-14
3895,Lisa Perez,65,Phoenix,2022-12-15
1226,Betty Williams,29,Fresno,2023-03-27
1578,James Martinez,46,Sacramento,2021-04-13
7432,Betty Perez,26,Columbus,2020-03-09
8559,Amanda Taylor,52,Charlotte,2022-08-11
5955,Sarah Thomas,53,Phoenix,2025-05-07
828,David Martinez,36,San Jose,2020-11-28
2627,Robert Harris,47,San Francisco,2021-03-24
4900,Nancy Martinez,32,Kansas City,2020-06-09
6223,Lisa Garcia,59,Albuquerque,2023-12-04
6364,Matthew Thompson,31,Milwaukee,2021-10-20
5385,Andrew Clark,38,Mesa,2021-02-19
305,Matthew White,31,New York,2020-08-25
3944,Emily Johnson,60,Portland,2021-09-09
7866,Lisa Clark,43,Los Angeles,2023-10-17
6019,Paul Miller,43,New York,2025-03-19
3073,Dorothy Davis,65,Boston,2021-07-19
7917,Deborah Anderson,65,Kansas City,2022-04-24
3049,Jennifer Allen,20,Washington,2024-05-18
2266,Steven Martinez,51,San Francisco,2023-01-12
9722,Michael Sanchez,26,Tucson,2025-06-07
4466,Amanda Miller,59,Kansas City,2022-10-04
9275,Robert Walker,33,Dallas,2021-08-28
1258,Elizabeth Rodriguez,69,Chicago,2023-09-01
7655,Mark Thompson,38,Indianapolis,2022-06-25
9011,Christopher Garcia,60,Albuquerque,2022-04-06
7501,Donald Moore,46,Charlotte,2022-07-10
1412,Paul Sanchez,54,Philadelphia,2025-03-07
9661,Deborah Brown,18,Los Angeles,2024-12-13
9703,David Clark,58,Louisville,2020-11-19
2031,Elizabeth Rodriguez,38,San Francisco,2022-03-13
1626,Dorothy Garcia,41,Seattle,2022-12-17
1605,Jane Anderson,24,Milwaukee,2021-09-08
9414,Emily Harris,29,Dallas,2025-11-03
2336,Steven Hernandez,42,Austin,2025-01-27
1915,John Harris,39,Baltimore,2022-06-19
2904,Nancy Clark,68,Columbus,2024-07-24
976,David Brown,39,Tucson,2022-11-11
888,Mark Williams,65,Louisville,2020-08-17
9469,Ashley Thomas,35,Houston,2020-10-03
