EMP_ID,EMP_NM,DEPT_CD,SAL_AMT
9354,Lisa Robinson,HR,100120
6766,Anthony Ramirez,Research,84355
1576,Deborah Thomas,Research,139805
6783,Steven White,Operations,43008
2089,Mark Smith,Engineering,85156
4283,Matthew Thompson,Engineering,81290
2898,Betty Smith,Operations,83423
7331,Matthew Clark,Research,54682
7901,Matthew Smith,Customer Service,141288
7045,Emily Davis,Engineering,46930
250,Jane Thompson,IT,58013
7084,Jennifer Johnson,Research,41946
4417,David Taylor,Customer Service,116339
6799,Jessica Brown,IT,141253
862,Paul Johnson,Engineering,101595
2273,Joshua Thompson,IT,88250
8687,Nancy King,Research,64130
3746,Steven Ramirez,Operations,85003
422,Anthony Harris,Legal,37370
2284,Daniel Walker,Operations,91102
9183,David Clark,Customer Service,97058
4326,Christopher Thomas,IT,31900
7456,Betty Harris,Finance,149608
7756,Robert Miller,Operations,69256
1433,Paul Allen,Legal,44097
5018,Betty Robinson,Research,40429
8425,Paul Johnson,Legal,31315
7134,Jessica King,Customer Service,71525
5997,Sarah Moore,Engineering,54450
5070,Michael Davis,Customer Service,35463
7916,Christopher Rodriguez,Finance,98539
2103,Nancy Perez,Customer Service,118777
5493,Paul Davis,Engineering,30367
5884,Anthony King,Sales,34005
9840,Joshua Williams,Research,136741
5440,Ashley White,Marketing,140942
9665,James Garcia,Customer Service,36048
5601,Robert Ramirez,Finance,117198
7402,Andrew Garcia,Engineering,142108
3950,Nancy Robinson,Finance,103639
7459,Amanda Walker,Research,72137
1463,Nancy Rodriguez,HR,83977
2961,Ashley Moore,Finance,66087
6182,Daniel Martin,Legal,30550
7760,David Walker,Finance,101207
5818,Betty Davis,Legal,59493
5713,Elizabeth Harris,Sales,83626
1072,James Walker,Research,121899
4903,Emily Harris,Research,78942
4467,Christopher Young,HR,34517
9636,Karen Williams,Sales,91312
8288,Robert Perez,Research,70930
5564,Matthew Rodriguez,IT,38059
8489,Mark Harris,HR,32305
430,Jane Harris,Legal,42675
4815,Sarah Clark,Operations,46478
8784,Deborah White,Marketing,73346
9430,Betty Martin,Sales,131886
8722,Andrew Sanchez,Marketing,66165
706,Jessica Perez,Finance,127659
8625,Christopher Clark,Marketing,50033
6986,Lisa Thompson,Finance,140642
8424,Daniel Perez,Sales,45371
2214,Joshua White,IT,37393
6074,Donald Davis,Operations,72983
6332,Karen Jones,IT,109374
3451,Betty Martin,Legal,97779
1479,Michael Martinez,Finance,106097
3089,Jessica Perez,Research,50257
3321,Anthony Taylor,HR,137734
6425,David Davis,Finance,77225
5114,Karen Davis,Research,123240
447,Deborah Allen,Operations,80925
1040,Amanda Moore,Marketing,97855
87,Daniel Davis,Customer Service,48163
8390,David Davis,Legal,138028
3092,Dorothy Thomas,Marketing,146407
463,Jessica Moore,IT,55046
5729,Deborah Rodriguez,Marketing,104491
1994,Nancy Ramirez,Marketing,97521
664,Donald Williams,HR,149165
5594,Amanda Rodriguez,HR,78408
3881,Steven Young,Customer Service,89955
5949,Betty Anderson,Operations,76906
9877,Anthony Wilson,Legal,135898
1252,Jessica Anderson,Legal,116572
2910,Emily Anderson,Marketing,58552
3531,Betty Ramirez,Customer Service,103281
9761,Joshua Sanchez,Customer Service,95698
2921,Nancy Jackson,HR,120930
6212,Lisa Garcia,Research,76618
3276,Michael Clark,Engineering,66120
1455,Ashley White,Customer Service,45292
7905,Daniel Lewis,IT,85529
2978,Dorothy Lewis,Legal,60384
3482,Robert Johnson,Sales,73686
6521,Matthew Clark,Sales,76670
384,Deborah Moore,HR,82330
7718,Mark Jones,Customer Service,114167
1402,James Williams,IT,64367
