EMP_ID,EMP_NM,DEPT_CD,SAL_AMT
4717,Daniel Walker,Sales,63694
3638,Andrew Anderson,HR,105596
3022,Robert Lewis,Sales,146180
4574,Michael Walker,Engineering,70124
3577,Daniel Anderson,Research,119472
5318,Jessica Perez,Sales,130964
6890,Nancy Lopez,Research,76289
2886,Matthew Garcia,Marketing,38463
4569,Jennifer Johnson,Finance,50385
9168,Matthew Brown,HR,70872
4764,Nancy Young,Marketing,146667
5711,Elizabeth Jones,Research,103522
5,Dorothy Garcia,Sales,42050
1720,Jessica Harris,HR,75752
1835,Mark Rodriguez,Customer Service,52295
8545,Amanda Lewis,IT,94676
9226,Dorothy Jackson,Research,119247
4538,Amanda Moore,Research,86344
5759,Karen Perez,HR,122583
944,Daniel Jones,Engineering,147613
3229,Emily Rodriguez,HR,107360
8218,Matthew Ramirez,Finance,115073
5711,Jennifer Martinez,Legal,148825
4072,Anthony Jones,Engineering,90691
4450,Emily Williams,Operations,86021
3377,Robert Jones,IT,125062
4244,Daniel Smith,HR,149120
2815,Paul Walker,Operations,103874
1401,Daniel Miller,Customer Service,47955
8514,Sarah Moore,Operations,146410
6622,Joshua Young,IT,134678
4598,Emily Brown,Sales,59722
5649,Mark Rodriguez,Research,82520
9800,Nancy Robinson,Sales,145288
9740,Karen Lee,Sales,66614
1842,Emily Perez,Engineering,133663
9498,Nancy Hernandez,Research,107502
7662,Matthew Williams,HR,145904
6357,Christopher Clark,Finance,121664
7110,Jennifer Harris,Marketing,44163
1682,Michael King,HR,115800
8,Steven Garcia,Operations,61894
9861,Karen Martinez,Legal,91027
8567,Emily Johnson,Sales,73160
9976,Amanda Lewis,Legal,47596
807,Ashley Williams,Sales,147360
2362,Anthony Rodriguez,Customer Service,73458
6366,Emily Wilson,Marketing,87016
5137,Jennifer Jones,Marketing,82778
6194,Dorothy Wilson,Customer Service,82802
5707,Steven King,Finance,77782
4585,Donald Sanchez,Engineering,140272
4356,Ashley Lopez,Finance,76142
3317,Mark Thompson,Customer Service,37198
6407,Christopher Martinez,Finance,136967
1609,Jennifer Robinson,Customer Service,125930
9819,Daniel Sanchez,Marketing,79041
443,Amanda Lewis,HR,102602
1416,Ashley Young,Engineering,112246
8815,John Moore,Marketing,121827
3820,Jennifer Taylor,Research,90725
3590,Anthony Johnson,Operations,49359
8626,Nancy Lee,Engineering,118335
9599,Paul Taylor,Research,148079
2095,Lisa Smith,Sales,61707
7506,Paul Clark,Marketing,131702
8547,Donald Anderson,Research,131451
3013,Ashley Robinson,Research,128524
7315,Joshua Moore,IT,130667
9334,Deborah Young,Research,39226
7039,Jessica Perez,Research,136454
4368,Robert Davis,Sales,111698
6586,Jennifer Lee,Sales,118580
6249,Lisa Lee,IT,98707
6686,Paul Gonzalez,Sales,146138
6387,Donald Garcia,Research,141198
1281,Donald Moore,Engineering,108428
813,Joshua Anderson,Operations,90963
3358,Robert Anderson,Legal,48486
837,James Lewis,Operations,104504
5334,Deborah Martin,Sales,146862
3687,Matthew Clark,IT,119903
8226,Anthony Ramirez,Marketing,47817
4232,Andrew Davis,Finance,138144
6957,Donald King,Operations,125937
1709,Christopher Lewis,Legal,111844
4501,Dorothy Smith,Research,85781
6199,Michael Martin,Legal,76189
8451,Sarah White,Legal,112965
177,Matthew Martin,HR,123710
6246,Daniel Lewis,Legal,101284
3120,Deborah Williams,Sales,120637
8484,Andrew Gonzalez,IT,80915
7789,Nancy Hernandez,IT,32560
3857,James Sanchez,IT,142248
2947,John Moore,Finance,129517
1715,Anthony Allen,HR,79940
6244,Paul Taylor,Marketing,101895
7122,Amanda White,IT,87245
6986,Emily Johnson,Sales,45509
