C_ID,C_NAME,AGE_YRS,LOC_CD,REG_DT
344,Steven White,45,Oklahoma City,2025-01-20
2055,Steven Davis,34,Dallas,2020-05-12
135,Emily Martin,19,Sacramento,2021-07-21
6838,Sarah King,61,Boston,2021-03-28
7643,Dorothy Brown,51,Phoenix,2025-02-15
5914,Robert Johnson,32,Mesa,2024-10-25
3065,Christopher Lopez,32,Sacramento,2021-06-09
4687,James Lopez,24,San Francisco,2021-05-10
1285,Anthony Young,39,Boston,2024-09-09
1432,Robert Wilson,49,San Francisco,2021-01-16
8557,Paul Lee,57,Kansas City,2021-04-05
3831,Betty Jones,37,San Antonio,2020-05-17
317,Jessica Robinson,45,Baltimore,2022-08-02
9241,James Lee,25,Baltimore,2025-11-09
6476,John Taylor,36,Milwaukee,2023-11-25
1290,Robert Walker,18,Baltimore,2023-11-09
2773,John Allen,51,Philadelphia,2025-02-23
7302,Betty Walker,39,Oklahoma City,2020-08-27
7852,Lisa Lopez,20,Mesa,2023-05-20
7689,Paul Gonzalez,47,Denver,2023-06-24
652,David Martin,33,San Diego,2021-03-03
3260,Jessica Rodriguez,41,Mesa,2023-12-04
1078,Karen Thompson,29,Washington,2020-07-24
5500,Matthew Perez,27,Phoenix,2023-11-04
3951,Robert Lee,49,Nashville,2025-03-03
3713,Robert Young,42,San Francisco,2024-11-15
6509,David Jones,20,Indianapolis,2021-03-15
9031,Paul Clark,67,Kansas City,2023-10-12
7411,Nancy Martinez,41,Philadelphia,2020-10-18
3529,Lisa Hernandez,69,Nashville,2023-10-03
3658,Jessica Smith,59,New York,2025-07-15
9505,Betty Robinson,46,San Antonio,2022-10-06
7746,Lisa Jones,43,Denver,2024-09-23
5638,Jennifer Miller,35,Boston,2022-05-12
172,James Jackson,68,Houston,2025-02-18
1315,James Lewis,27,Baltimore,2022-10-06
8529,David Harris,60,Las Vegas,2020-01-14
4402,Christopher Miller,65,Albuquerque,2020-03-17
3206,Lisa Williams,22,Albuquerque,2024-08-01
4884,Matthew Moore,18,San Diego,2024-08-09
8164,Steven Allen,37,Baltimore,2022-12-02
3679,John Allen,29,San Jose,2024-12-11
1748,Elizabeth Martinez,25,Denver,2021-10-06
8251,John Allen,42,Louisville,2020-06-08
3870,Steven Ramirez,18,San Francisco,2022-02-03
121,Paul Harris,40,Seattle,2020-03-02
3589,Joshua Allen,37,San Diego,2024-04-10
9241,Elizabeth Thomas,41,Tucson,2024-11-25
432,Emily Garcia,64,Phoenix,2024-07-10
2816,Ashley Jackson,69,Las Vegas,2025-05-26
3810,Nancy Taylor,38,Baltimore,2024-11-22
7969,Sarah Davis,40,Seattle,2022-12-26
6007,Lisa Walker,33,Tucson,2022-05-11
9281,Matthew Lopez,31,San Jose,2024-02-04
9467,Lisa Moore,33,Boston,2025-04-22
1634,Amanda Gonzalez,39,Washington,2024-12-19
4796,Lisa Thompson,48,Kansas City,2025-01-24
8080,Jane Clark,20,Oklahoma City,2022-10-22
8871,Dorothy Rodriguez,58,Washington,2020-12-01
3564,Christopher Moore,27,Oklahoma City,2025-07-13
8108,Jennifer Williams,46,Portland,2025-07-04
9430,Deborah Jackson,50,Los Angeles,2020-01-13
1377,Anthony Thomas,65,Mesa,2020-10-14
1449,Mark Williams,23,Kansas City,2021-07-11
3402,Matthew Wilson,45,San Antonio,2023-09-04
5432,John Gonzalez,32,Phoenix,2023-12-27
4767,Daniel Perez,61,Denver,2022-07-03
2870,Matthew Jackson,22,Jacksonville,2021-06-05
6535,Daniel Martinez,44,Philadelphia,2025-10-28
6638,Robert Williams,32,Charlotte,2020-05-01
6310,John Smith,53,Austin,2023-03-08
7512,Matthew Martinez,60,Milwaukee,2022-12-07
923,Michael Lee,23,Seattle,2021-02-04
1157,Dorothy Lewis,28,Louisville,2022-02-18
2509,Robert Gonzalez,61,San Francisco,2024-02-04
