EMP_ID,EMP_NM,DEPT_CD,SAL_AMT
9223,Christopher Anderson,Engineering,58925
6001,Dorothy Williams,Marketing,53196
5254,David Brown,IT,112857
9901,Andrew White,Engineering,108119
8864,Paul White,Legal,116382
710,Daniel Harris,Customer Service,61064
5768,Dorothy Brown,Customer Service,30402
7825,Daniel Anderson,Finance,67191
4837,David Taylor,Legal,131790
4819,Jennifer White,Operations,102633
2081,Nancy Moore,Legal,80635
2365,John Hernandez,Engineering,139220
8639,Deborah Taylor,Sales,63712
9124,James Wilson,Research,46719
7102,Ashley Brown,Legal,101418
6052,Joshua Martinez,Customer Service,94941
9048,Paul Lewis,IT,130840
6778,Ashley Robinson,Legal,83196
7379,Michael Davis,Operations,53120
8911,Matthew Thomas,Legal,118694
6748,Michael Wilson,Engineering,44387
4753,Lisa Smith,Research,96675
7063,Lisa Thompson,HR,57305
4462,Lisa Brown,Engineering,149339
6772,Karen Thompson,IT,41084
1765,Daniel Davis,IT,54760
2996,Sarah Smith,HR,118624
1894,David King,Finance,101108
8447,Lisa Brown,Research,106978
2220,Dorothy King,Sales,91439
9387,Paul Allen,HR,117048
5616,Daniel Martinez,Finance,132319
5256,Steven Wilson,Customer Service,92880
107,Ashley Williams,Research,123520
6727,Dorothy Brown,Finance,71781
6076,Amanda Perez,Operations,61107
8365,Matthew King,Engineering,101316
1426,Andrew Allen,Engineering,104303
2905,Steven Anderson,Customer Service,117043
8087,Mark Sanchez,Engineering,34448
252,Deborah Perez,Finance,140561
5909,Steven Williams,Marketing,137457
1751,Lisa Perez,Marketing,94773
4014,Deborah Rodriguez,Engineering,57980
9003,Jane Miller,Legal,46380
4527,Betty Lee,HR,97032
2751,Steven Young,Legal,138274
436,Donald Robinson,Legal,77157
6523,Mark Walker,IT,63782
7178,Robert Jackson,Operations,137661
6246,Michael Rodriguez,Finance,68219
6542,Sarah Johnson,Marketing,37737
4750,Deborah Williams,Customer Service,85232
3100,Anthony Anderson,IT,91567
1374,Deborah Lopez,HR,63353
3779,Jane Thomas,Finance,147911
9963,Jane Martin,Operations,62402
4652,Andrew Gonzalez,HR,64625
1879,Jennifer Thomas,Finance,68530
6926,Elizabeth Ramirez,Research,122534
9943,Daniel Miller,Sales,40474
8868,John Taylor,IT,46717
3517,Mark Thompson,IT,79117
304,Anthony Anderson,Marketing,57929
5024,Robert Walker,Legal,95608
832,Deborah Allen,Research,84343
3387,Ashley Jackson,HR,90333
7328,Emily Rodriguez,Customer Service,114758
2400,Donald Moore,HR,119920
117,Deborah Davis,HR,62668
6386,Jane Lopez,Customer Service,140873
4575,Karen Perez,Customer Service,93208
6920,Jessica Miller,Research,110648
9222,David Rodriguez,Engineering,98251
5498,David Robinson,Engineering,32350
9289,Karen Walker,Operations,92662
3617,Emily Robinson,Legal,69500
512,Christopher Lopez,Research,147383
1602,Jane Wilson,Operations,133563
2445,Karen Lewis,HR,117260
7909,Sarah Jackson,IT,30919
151,Joshua Johnson,Engineering,48783
5145,Mark Hernandez,Sales,130264
8543,Sarah King,Marketing,30450
5088,Michael Hernandez,Legal,102646
8234,Emily Taylor,Finance,133165
6798,Mark Robinson,Legal,43160
1473,James Lee,HR,86707
1609,Steven Robinson,Research,62637
2436,Mark Gonzalez,Operations,39871
177,Paul Martinez,Research,79671
3055,Dorothy Jackson,Marketing,37203
7863,Jennifer Gonzalez,Legal,41750
3193,Matthew Walker,IT,42251
5404,Christopher White,Marketing,148605
6657,Robert Anderson,Customer Service,101395
359,Nancy Rodriguez,Legal,118038
7586,Anthony King,Legal,145787
2560,Robert White,IT,118864
3083,Karen Williams,Marketing,125977
