EMP_ID,EMP_NM,DEPT_CD,SAL_AMT
20,Emily Wilson,Research,56265
9904,David Thompson,HR,49369
7038,Michael Martinez,Research,131462
671,Donald Young,Marketing,111494
431,David White,Research,33131
8589,Michael Walker,IT,136809
558,Elizabeth Anderson,Research,42389
8907,Daniel Jackson,Engineering,85235
1475,Donald Miller,Sales,116605
7826,Jane Hernandez,Operations,68058
5733,Betty White,Research,84991
2178,Joshua Walker,Operations,75576
2112,Mark Jones,Sales,143770
6070,Ashley Williams,Legal,42183
2104,Anthony Jones,Engineering,65130
1178,Daniel Brown,Sales,44129
2930,Daniel Rodriguez,Research,126291
1737,Karen Jones,Sales,34552
8860,Christopher Allen,HR,45901
3824,Steven Lopez,Engineering,37603
5528,Joshua Martin,Customer Service,54942
2290,Lisa Martin,Finance,51215
6759,Emily Perez,Customer Service,82798
4225,Christopher Williams,HR,79168
2179,Steven Allen,Engineering,73334
6728,James Jones,Customer Service,143863
6671,Matthew Perez,Sales,120115
5334,Nancy Moore,Finance,49346
6572,John Hernandez,Customer Service,51867
8306,Robert Johnson,Marketing,30035
9932,Mark Jones,HR,32507
9080,Michael Lopez,IT,60223
8966,John Miller,Engineering,54480
3592,Daniel Martinez,HR,95829
4335,James Williams,Finance,45032
5514,Betty Sanchez,Engineering,30346
8629,Andrew Martinez,Finance,134467
1458,Lisa Davis,IT,121408
7729,Deborah Lopez,Legal,64629
5651,Nancy Garcia,Legal,108488
3958,Anthony Jackson,Sales,102569
1335,Ashley Smith,Finance,70421
7380,Deborah Martinez,Finance,56320
111,Ashley Lopez,Legal,68629
3285,David Johnson,Sales,100833
389,Lisa Walker,Customer Service,100544
4411,Joshua Walker,Marketing,48766
2593,Dorothy Harris,Finance,126414
1436,Ashley King,HR,123248
2796,Jennifer Lee,Sales,107466
4781,Daniel Sanchez,IT,135773
8404,Daniel Jones,IT,53512
3073,Robert Allen,Sales,86917
7667,Elizabeth Perez,Sales,65363
7912,Nancy White,Legal,70995
1620,David Gonzalez,Legal,117351
8318,Jennifer King,Legal,34643
1142,Dorothy Moore,Sales,43093
1700,Nancy Wilson,IT,138986
7886,Elizabeth Lewis,Sales,144777
6582,Jennifer Anderson,Sales,148194
7127,Nancy Lewis,Customer Service,97259
9223,Amanda Walker,HR,73392
3109,Paul Johnson,Customer Service,85079
2003,Sarah Taylor,Engineering,44421
5419,Dorothy Jackson,Sales,80604
6981,Elizabeth Thompson,Engineering,48332
2721,Michael Williams,Legal,128531
9764,David Thomas,HR,122325
2087,Donald Rodriguez,Operations,149523
7870,Steven Moore,Operations,83035
7824,Elizabeth Johnson,HR,92041
3411,John Allen,Research,41822
6690,James Smith,Engineering,83025
3465,Anthony Gonzalez,Legal,98541
6554,Lisa Johnson,Marketing,50130
2719,Amanda Jones,Customer Service,87365
3189,Michael King,Sales,132409
5983,Matthew Walker,Marketing,76911
1151,Matthew Gonzalez,Research,118017
7447,Elizabeth Gonzalez,Sales,85217
1032,Jennifer Sanchez,HR,83351
8565,Robert Gonzalez,IT,75100
4856,Anthony White,Sales,146871
6124,Deborah Martin,Operations,37621
3753,Jennifer Martin,HR,51177
5619,Steven Young,HR,36082
4481,Lisa Martinez,HR,70567
9518,Anthony Ramirez,Research,80161
7879,Karen Davis,IT,147917
9718,Karen Gonzalez,Customer Service,126897
5453,Elizabeth Jones,IT,122227
7189,Anthony Anderson,IT,111647
2060,Karen Sanchez,Marketing,94004
6099,James Sanchez,Operations,65873
6650,John Johnson,Legal,128332
6695,Donald Thomas,Legal,39259
416,Nancy Clark,Sales,148377
110,John Miller,Customer Service,86639
397,Donald Williams,Research,130627
