C_ID,C_NAME,AGE_YRS,LOC_CD,REG_DT
1798,James Martin,40,Oklahoma City,2025-12-24
2143,Emily Moore,38,Milwaukee,2022-07-05
334,Paul Martinez,29,Fresno,2025-04-26
1007,Michael Miller,58,Indianapolis,2022-05-14
4452,Karen Lewis,27,Phoenix,2022-05-17
7160,Mark Jackson,70,Boston,2020-12-14
1014,Michael King,20,Seattle,2022-02-20
1404,Lisa Jones,48,Houston,2023-04-05
3189,Michael Garcia,46,Denver,2023-09-07
11,Joshua Williams,46,Boston,2024-11-05
2801,Matthew Moore,64,Baltimore,2022-04-14
8116,Andrew Brown,63,New York,2021-01-14
5814,Jane Martin,51,Charlotte,2023-11-19
812,Karen White,29,San Diego,2021-11-01
4030,Betty Brown,30,Seattle,2023-07-14
7697,Lisa Rodriguez,26,Indianapolis,2023-04-25
1573,Jane Jones,68,Washington,2021-12-10
4750,Mark Jones,31,Washington,2020-02-16
634,Emily Young,66,Las Vegas,2023-05-05
7530,James Martin,59,Mesa,2020-04-20
6175,David Moore,50,San Francisco,2024-03-19
5792,Emily Miller,34,Albuquerque,2022-02-18
9827,Dorothy Jones,60,Houston,2024-03-16
7375,Robert Rodriguez,49,Baltimore,2021-05-14
7918,John Lopez,41,Las Vegas,2021-01-13
4024,David Smith,40,Indianapolis,2023-04-01
5772,John Sanchez,58,Charlotte,2025-03-26
9980,Amanda Clark,60,Los Angeles,2023-08-21
5989,James Miller,37,Chicago,2025-09-21
2129,Daniel Sanchez,22,Albuquerque,2020-10-17
5100,Jane White,67,Charlotte,2020-12-28
1206,David Davis,33,Los Angeles,2021-09-15
8064,Nancy Gonzalez,42,Mesa,2023-11-12
8963,John Lee,29,Oklahoma City,2023-11-10
927,Andrew Jackson,60,Boston,2025-11-01
7367,Steven Rodriguez,65,New York,2020-10-07
4198,Donald Robinson,18,Washington,2023-10-23
8059,Betty Smith,37,Sacramento,2024-09-17
9787,Betty Walker,24,Las Vegas,2023-03-14
2895,James Moore,19,Dallas,2020-07-26
7865,Robert Brown,63,Oklahoma City,2020-02-17
8649,Paul Ramirez,31,Los Angeles,2020-12-17
8330,Lisa Robinson,60,Portland,2022-06-23
2832,Sarah Allen,27,Baltimore,2021-11-05
6464,Robert Lewis,64,Fresno,2021-07-16
2272,Michael Jackson,65,Sacramento,2024-06-13
9446,Paul Rodriguez,50,Tucson,2020-08-25
7659,Nancy Harris,20,Portland,2020-02-04
5412,Karen Young,57,San Diego,2024-03-21
6850,Paul Ramirez,22,Portland,2020-01-19
8829,Robert Johnson,27,Milwaukee,2022-10-28
9983,Donald Young,21,Portland,2020-07-05
6879,Steven Martin,39,Sacramento,2023-03-26
9447,James Miller,37,San Francisco,2023-08-23
3126,Michael Anderson,63,Los Angeles,2020-02-21
8701,Matthew Young,69,Las Vegas,2020-10-02
6251,Karen Brown,30,Philadelphia,2023-05-14
463,Steven Garcia,55,Kansas City,2021-12-04
714,Joshua Miller,52,San Jose,2023-01-05
7436,Jane Rodriguez,46,Chicago,2022-12-10
1036,Steven Thompson,51,Nashville,2024-05-19
8280,Steven Smith,69,San Jose,2020-10-20
9799,Jane Clark,20,New York,2025-12-24
5615,Amanda Young,55,Fort Worth,2020-07-25
4483,Dorothy Thompson,29,San Jose,2024-11-25
399,Robert Miller,54,Los Angeles,2022-03-26
1495,Sarah Lewis,31,Seattle,2023-04-21
4861,Dorothy Gonzalez,63,Louisville,2023-11-12
7023,Nancy Taylor,18,Mesa,2023-06-21
2590,Joshua Thomas,60,Boston,2022-09-24
6279,Joshua Thomas,31,Austin,2022-01-03
1948,Matthew Walker,29,Mesa,2020-12-05
8351,Daniel Harris,53,Portland,2021-07-16
5731,Emily Johnson,25,Albuquerque,2024-04-28
4431,Andrew Moore,21,Columbus,2023-10-17
