EMP_ID,EMP_NM,DEPT_CD,SAL_AMT
8424,James Brown,IT,119652
2294,Mark Miller,HR,126138
8914,John Sanchez,Marketing,93659
8796,Jessica Brown,Engineering,146394
2621,Nancy Brown,HR,125742
6624,Christopher Brown,Engineering,86113
4562,Joshua Lewis,Sales,56278
3732,John Jackson,Marketing,81428
4892,Joshua Perez,Marketing,141090
8160,Lisa Allen,Marketing,53114
2358,Robert Lopez,Sales,69004
1321,Jane Taylor,Operations,144853
9688,James Taylor,IT,75855
6317,Donald Hernandez,HR,67561
6776,Anthony Martin,Engineering,106568
1602,Andrew Lee,Operations,107950
9520,Lisa Brown,HR,65806
7372,Ashley Brown,Research,131520
8309,Amanda Johnson,Customer Service,104530
6875,Ashley Hernandez,Research,56659
9535,Deborah Davis,Research,98013
5739,Andrew Thomas,Finance,145178
6275,Ashley Garcia,Research,62126
318,Dorothy Hernandez,Legal,131099
3867,Daniel Davis,Operations,106017
8798,Elizabeth Thompson,Marketing,59153
1614,John King,Finance,115170
6754,Christopher Garcia,Legal,148705
5503,Jennifer Miller,Engineering,141494
5295,Donald Allen,HR,62714
7051,Daniel Johnson,Operations,86156
7772,Christopher Davis,Operations,141604
6020,Mark Moore,Marketing,132324
9019,Emily Miller,Customer Service,32403
9437,Nancy Wilson,IT,109809
1363,Lisa Ramirez,Research,47533
8717,Daniel Sanchez,IT,48210
6086,Andrew Young,Engineering,148062
545,Sarah Martin,IT,78967
9947,Paul Brown,Legal,97054
9741,Christopher Miller,HR,71986
9957,Matthew Brown,HR,66932
9073,Daniel Smith,Research,113476
5887,Betty Hernandez,Operations,117643
2666,Betty Davis,Operations,142966
921,Steven Moore,Engineering,147544
8997,Robert Martinez,Sales,43222
6836,Jennifer Wilson,HR,118678
2591,Lisa Clark,Legal,42989
9663,Elizabeth Sanchez,Legal,138316
4560,Lisa Thompson,HR,35165
684,Donald Wilson,Customer Service,45137
7194,James Anderson,Marketing,149307
1697,Paul Smith,Research,134359
2638,Michael Clark,Customer Service,72700
6955,Donald Garcia,Customer Service,103953
6822,Mark Harris,Engineering,46549
3880,Nancy Brown,Operations,74053
8903,Jane Clark,Marketing,117376
3907,Karen Robinson,Research,55586
7413,Elizabeth Wilson,Legal,45578
9213,Jessica Robinson,Research,149678
2064,Emily Martin,IT,34740
3598,Andrew Moore,Marketing,70791
9046,Michael Williams,Research,44040
1088,Joshua Moore,Research,77658
4159,Joshua Perez,Legal,45423
2681,John Taylor,Marketing,91062
2057,Jennifer Wilson,IT,123761
3310,Lisa Jackson,Marketing,69182
877,Jennifer White,Operations,42661
6513,Karen Ramirez,Sales,68492
9344,Robert Lewis,IT,50183
9066,Jane Brown,Operations,109259
6527,Daniel Brown,Customer Service,87995
399,Andrew Sanchez,IT,128106
2943,Robert Moore,Customer Service,130488
1119,Lisa Brown,Marketing,62992
4521,Lisa Johnson,Marketing,33891
4179,Lisa White,Research,104677
565,Lisa Young,Legal,107619
1566,Emily Garcia,HR,43556
9104,Nancy Anderson,Marketing,92667
5594,Emily Rodriguez,Legal,92963
6984,Steven Thomas,Marketing,52258
7528,Ashley Robinson,HR,53144
5426,Michael Young,Engineering,63343
3392,Jessica Thomas,Finance,92579
7883,Elizabeth Rodriguez,Operations,114044
4649,Robert Garcia,Research,108756
3497,Deborah Sanchez,Customer Service,82862
613,Deborah Gonzalez,Sales,33766
1323,Karen Lee,Marketing,98682
3240,Sarah Lopez,Sales,39494
1742,Paul Thomas,Legal,120194
7258,James Robinson,Research,53966
8266,James Young,Sales,115022
1288,Amanda Martin,Legal,137240
4610,Elizabeth White,Legal,81587
1745,Matthew Perez,Research,74649
