C_ID,C_NAME,AGE_YRS,LOC_CD,REG_DT
744,Michael Harris,18,Milwaukee,2024-03-21
2645,Deborah Lee,21,Tucson,2021-11-07
8247,James Martinez,70,Mesa,2025-10-21
9432,Elizabeth Jones,27,Portland,2021-07-20
331,Jessica Jones,25,Portland,2022-06-23
8988,Anthony Clark,57,Los Angeles,2020-03-14
9357,Karen Davis,48,Tucson,2025-11-12
5801,Lisa Lee,37,San Jose,2024-02-09
3271,Emily Clark,27,Austin,2023-09-13
1787,Anthony Robinson,24,Oklahoma City,2022-06-11
4228,Donald Harris,23,Seattle,2025-07-17
7375,James Perez,50,Houston,2020-06-27
7957,Elizabeth Gonzalez,54,New York,2021-01-27
108,Andrew Clark,38,Austin,2021-12-02
5962,Mark Jones,63,Indianapolis,2022-06-02
8396,Dorothy Lewis,28,Milwaukee,2025-12-01
6799,Michael Anderson,19,Fort Worth,2024-09-24
4965,Lisa Sanchez,56,Columbus,2022-11-05
3151,Christopher Clark,44,Columbus,2024-07-18
4306,Mark Anderson,45,Baltimore,2020-11-23
1503,James Hernandez,18,Fresno,2024-02-11
1866,Lisa Harris,56,Las Vegas,2023-08-08
6409,Sarah Johnson,31,San Francisco,2022-10-22
7510,Matthew Williams,47,Louisville,2021-11-11
2213,Steven Taylor,39,Oklahoma City,2021-10-08
5904,Dorothy Lee,47,Portland,2023-06-13
3831,Emily Robinson,44,New York,2022-08-27
4919,Christopher Thomas,67,Philadelphia,2020-08-26
5822,Mark Harris,48,Chicago,2021-08-21
7344,Donald Lewis,48,Milwaukee,2024-10-08
8952,Jessica Johnson,47,Seattle,2025-10-24
7788,Deborah Sanchez,46,Seattle,2020-05-09
4566,Paul Moore,66,Oklahoma City,2020-07-02
6735,Andrew Walker,58,Tucson,2024-07-02
1891,Christopher Martin,40,Sacramento,2023-08-08
1095,Joshua Robinson,42,Tucson,2021-06-01
801,Lisa Lewis,66,San Diego,2025-03-09
8040,Lisa Jackson,66,Milwaukee,2021-05-19
4607,Nancy Gonzalez,26,Baltimore,2021-11-17
3965,Nancy Sanchez,25,Mesa,2020-05-18
8461,Matthew Taylor,44,New York,2021-01-09
6858,Nancy Jones,54,Milwaukee,2024-02-17
474,Lisa Gonzalez,36,Chicago,2024-10-21
3813,Betty Smith,31,Baltimore,2021-01-09
1721,Amanda King,40,Nashville,2021-03-19
907,Jane Lopez,44,Dallas,2022-02-17
2120,Jane Lewis,18,Milwaukee,2023-08-09
1123,Jennifer Martin,47,Seattle,2021-12-26
7034,Elizabeth Thomas,27,Austin,2021-02-26
2580,Lisa Walker,65,Charlotte,2024-07-06
9226,James Thomas,57,Austin,2025-11-23
2302,Donald Anderson,58,Fort Worth,2022-12-16
1968,Donald Martinez,26,Oklahoma City,2020-09-19
9518,Paul Anderson,32,Tucson,2025-06-23
1952,Christopher Harris,20,Washington,2023-12-19
1891,Nancy Lee,65,Kansas City,2022-10-07
3601,Donald Robinson,42,Albuquerque,2021-08-18
759,Robert Lee,47,Jacksonville,2020-07-18
7469,Steven Harris,58,Indianapolis,2025-11-16
7519,David Hernandez,26,Denver,2020-05-07
3698,Emily Perez,50,San Jose,2024-07-13
9333,Mark Rodriguez,54,Denver,2021-02-10
2976,Matthew Rodriguez,50,Louisville,2025-02-06
8885,Jessica Smith,67,Albuquerque,2025-11-18
1919,Christopher Smith,39,Austin,2021-05-23
9487,Andrew King,48,Philadelphia,2022-08-02
5443,Lisa Rodriguez,50,Nashville,2025-11-14
9210,Donald Gonzalez,36,San Jose,2022-10-13
7872,Donald Williams,32,Nashville,2020-01-04
3861,Sarah Perez,63,Las Vegas,2025-11-25
4382,Lisa Taylor,53,Seattle,2022-11-12
7417,Michael Lee,32,Columbus,2020-08-12
7164,Lisa Jackson,35,Fort Worth,2025-03-28
8785,Mark Harris,50,Chicago,2022-04-18
2957,Robert Moore,23,Philadelphia,2021-08-05
