EMP_ID,EMP_NM,DEPT_CD,SAL_AMT
7929,Deborah Walker,Customer Service,31975
9112,Mark Martin,Customer Service,141532
9585,Matthew Taylor,Operations,36996
1211,Matthew Martinez,Sales,41631
1064,Paul Taylor,Operations,99212
7391,Sarah Lewis,Finance,75135
7859,Donald Ramirez,Operations,83043
4032,Jennifer Clark,IT,148794
4181,David Gonzalez,Engineering,95435
9842,David Martin,Research,40248
9140,James Wilson,HR,72091
3733,Andrew Allen,Finance,51344
9175,John Sanchez,HR,52240
5350,Nancy Ramirez,Research,124297
59,Karen Harris,Finance,137532
5967,Nancy Young,Sales,42254
5038,Jessica Smith,Sales,53316
5751,Nancy Martin,Engineering,146734
1506,Anthony White,HR,143605
2913,Amanda Hernandez,Operations,49738
2512,Mark Wilson,IT,130626
2880,David Anderson,IT,95014
7424,Anthony Walker,Marketing,89319
5357,Matthew Anderson,Legal,69395
9435,Daniel Harris,Legal,135657
2197,Sarah Anderson,Sales,93603
8869,Matthew Perez,Legal,130223
3394,Jennifer Clark,Finance,72916
461,Joshua Harris,Research,43720
5633,Joshua Ramirez,Operations,52626
86,Jane Martin,Engineering,67995
8228,Emily Brown,Operations,122857
5633,Betty Thomas,Sales,50883
8194,Jane Davis,Research,99991
3628,Nancy Robinson,Engineering,119622
2413,Jennifer Allen,Marketing,73105
9247,Deborah Jones,Customer Service,124033
8367,Steven Thomas,Research,115191
8795,Emily Allen,IT,142030
3274,Elizabeth Hernandez,Finance,91222
1631,Ashley White,Engineering,75256
8193,James Robinson,Customer Service,112642
1038,Lisa King,Sales,124950
8322,Donald Sanchez,Engineering,64589
5860,Sarah Garcia,HR,119309
1046,Sarah Martinez,Legal,68579
9004,David Harris,Engineering,89743
6947,Sarah Walker,Research,114306
2306,Elizabeth Rodriguez,HR,30965
2191,Lisa King,Marketing,102786
9590,Donald Clark,Sales,67697
2650,Robert Martin,IT,93124
1488,Joshua Thompson,Finance,56545
8075,Daniel Lewis,Engineering,75362
100,Daniel Moore,Sales,50745
4051,Mark Walker,IT,50884
919,John Rodriguez,Marketing,118655
6572,Dorothy Taylor,Finance,93697
4614,Jane Allen,Operations,86031
1280,Robert Miller,Sales,44128
378,Jane Davis,Customer Service,121388
1454,Lisa Young,Sales,92508
3847,James Williams,Marketing,40388
7524,Andrew Williams,Legal,36182
9561,Anthony Anderson,HR,93281
9814,Jennifer Jones,HR,111354
8133,Andrew Lee,Customer Service,55746
142,Nancy Martin,Engineering,33490
9886,Christopher Sanchez,Finance,129687
3918,Sarah Anderson,Legal,53725
6299,Nancy Taylor,Marketing,139435
529,Karen Perez,Operations,129064
3172,Christopher Perez,IT,60373
771,David Walker,Research,83095
6299,Joshua Thomas,HR,99242
6186,Christopher Allen,IT,37963
7141,John Johnson,Legal,69047
6826,Jessica Williams,Customer Service,140041
1689,Deborah Johnson,Research,62619
1131,Anthony Robinson,Operations,34892
5643,Karen Clark,Research,96615
8493,Donald Smith,Legal,140576
1886,Joshua Hernandez,Customer Service,137073
7706,Jane King,IT,74135
6114,Matthew Robinson,Engineering,81789
2235,Nancy Smith,Legal,62073
6202,Nancy Sanchez,Legal,85938
1,Emily Lopez,Legal,129879
9306,Lisa Robinson,Finance,48240
1422,Donald Taylor,Sales,125274
2634,Donald Moore,Operations,145726
5641,John White,HR,85971
155,Ashley Martinez,Legal,68938
5509,Karen Moore,Research,78777
5229,Joshua Thompson,Marketing,117003
1649,Deborah Garcia,Customer Service,96178
1367,Dorothy Lee,Customer Service,123635
5985,Karen Rodriguez,Operations,35791
4775,Steven Moore,Research,74071
2940,Steven Lee,Marketing,51157
