C_ID,C_NAME,AGE_YRS,LOC_CD,REG_DT
3583,Jessica Clark,40,San Jose,2020-06-21
940,Matthew Moore,63,Charlotte,2021-09-13
5143,Donald Ramirez,31,Charlotte,2022-12-07
4095,Anthony Johnson,26,Oklahoma City,2020-02-22
9,Amanda Smith,23,Indianapolis,2021-08-15
9365,Karen Perez,57,Houston,2022-06-28
8448,Joshua Ramirez,46,Columbus,2022-02-19
7653,Andrew Lewis,47,Albuquerque,2023-07-27
9533,Jennifer Davis,50,Philadelphia,2023-02-27
1582,John Anderson,28,Columbus,2024-10-25
5072,Amanda Smith,60,Indianapolis,2024-08-11
2135,Paul Hernandez,51,Portland,2024-05-13
4816,Steven Martinez,29,Baltimore,2023-03-19
6120,Sarah Taylor,49,Nashville,2024-12-08
6492,Amanda Hernandez,69,New York,2022-10-10
5187,Joshua White,44,Sacramento,2022-01-17
9841,Dorothy Hernandez,45,Austin,2024-08-24
6202,Elizabeth Allen,61,Boston,2023-04-12
9528,Michael Taylor,70,Charlotte,2020-05-21
2544,Jane King,48,Columbus,2024-08-19
6536,John Wilson,39,Mesa,2023-12-25
5103,Joshua Walker,37,Louisville,2022-12-02
8531,Paul Johnson,62,Philadelphia,2024-10-22
4600,Betty Taylor,67,Las Vegas,2023-01-11
9532,James Young,64,Indianapolis,2023-04-04
7001,Andrew Walker,57,Kansas City,2020-03-11
6737,Dorothy Gonzalez,51,Tucson,2021-06-18
6893,Lisa Anderson,35,Kansas City,2022-10-11
1647,Lisa Harris,25,Sacramento,2021-08-04
4084,Jessica Taylor,37,Charlotte,2025-01-15
4718,Daniel Rodriguez,53,Milwaukee,2025-05-12
5547,Robert Robinson,40,Portland,2023-07-15
8646,Daniel Anderson,44,Baltimore,2025-06-01
2554,James Taylor,34,San Antonio,2024-01-16
542,John Jones,35,Fresno,2020-09-25
7887,Lisa Allen,19,Louisville,2021-03-07
7503,Matthew Johnson,26,Los Angeles,2020-12-23
5141,Anthony Thomas,67,Columbus,2024-07-22
2952,Jessica King,29,Chicago,2020-06-11
2337,Betty Thompson,34,San Jose,2020-07-10
6079,Mark Jones,36,Houston,2020-10-12
2503,David Robinson,27,Columbus,2024-11-15
5343,John Young,19,Dallas,2025-01-05
570,Andrew White,43,Tucson,2025-10-12
5791,Donald Brown,41,Columbus,2021-10-10
8596,Robert Lewis,35,San Antonio,2022-12-24
6484,Anthony Hernandez,51,Denver,2024-12-04
6332,Anthony Martinez,51,Mesa,2024-08-15
3438,Lisa Taylor,42,Kansas City,2024-08-01
2343,Ashley Walker,50,Mesa,2024-01-26
1,Daniel Miller,61,Jacksonville,2024-04-08
498,Elizabeth Martinez,48,Austin,2021-05-21
7255,James Perez,34,Louisville,2022-12-19
49,Paul Wilson,61,San Jose,2025-02-16
2977,Amanda Perez,61,San Jose,2025-10-25
5562,Paul Miller,36,Louisville,2025-12-12
8481,Lisa Garcia,40,San Diego,2024-04-26
5259,David Walker,49,Albuquerque,2020-09-28
7395,Ashley Lee,63,Philadelphia,2024-09-21
9229,Deborah Davis,46,Albuquerque,2024-07-17
361,Betty White,23,Baltimore,2023-05-15
4695,Robert Taylor,21,Milwaukee,2021-03-02
1052,Deborah King,51,Oklahoma City,2020-02-06
8217,John Lewis,64,Washington,2023-01-12
6,Robert White,49,Phoenix,2025-11-06
8036,Sarah Thompson,27,Albuquerque,2023-08-04
7682,Elizabeth Garcia,33,Milwaukee,2021-12-06
3712,Sarah Robinson,63,Houston,2023-11-04
4441,Lisa Moore,58,Boston,2024-09-14
2962,Deborah Perez,34,Los Angeles,2025-12-10
3374,Donald Gonzalez,31,San Francisco,2022-08-25
5011,Daniel Ramirez,22,Indianapolis,2021-06-17
2148,Jane Walker,53,Austin,2021-08-09
2146,James White,54,Charlotte,2023-04-06
518,Amanda Young,18,Louisville,2022-05-04
