EMP_ID,EMP_NM,DEPT_CD,SAL_AMT
922,Elizabeth Rodriguez,Sales,141675
5096,Amanda Lewis,Engineering,92461
9709,Lisa Lopez,Marketing,66126
8197,Robert Garcia,Engineering,102538
19,Emily Smith,Engineering,71135
7821,Elizabeth Allen,Sales,52439
4327,Jane Miller,Sales,85496
7074,David Walker,Engineering,134674
1176,Robert Miller,Research,144895
6793,Karen Williams,Legal,105843
8264,Mark Wilson,Customer Service,142272
4220,Mark Garcia,IT,94262
704,Matthew Young,IT,75534
5777,Lisa Johnson,Sales,55698
1272,Sarah Ramirez,Engineering,99554
4223,David Gonzalez,Customer Service,148966
4371,Betty Lopez,Research,114228
4128,Jennifer Rodriguez,Operations,143825
6347,Emily Gonzalez,Marketing,145349
8141,Mark Rodriguez,Finance,149839
656,James Moore,IT,45567
3005,Sarah Walker,Sales,127661
2014,Steven Martin,Sales,73487
6256,Christopher Jones,IT,91785
1306,James Lewis,Finance,64119
9268,Betty Wilson,IT,36898
9171,John Anderson,Legal,145141
5319,Deborah Garcia,Sales,57863
2362,Elizabeth Davis,Operations,109732
2503,Daniel Taylor,Marketing,98774
3701,David Lee,Sales,40290
9297,Robert Young,Marketing,142275
5663,Ashley Garcia,HR,90348
3241,Jessica Martinez,Marketing,100665
1911,Jessica Wilson,Customer Service,103843
2132,Betty Ramirez,IT,62551
7512,Jane King,IT,116322
2632,Christopher Ramirez,Engineering,85575
7782,Emily Williams,HR,50712
5710,Michael Lopez,Customer Service,55906
3529,James Gonzalez,Engineering,81644
1223,Anthony Thompson,Customer Service,43080
6803,Robert Martin,Customer Service,72858
8985,Andrew Lee,HR,92326
5817,Amanda Robinson,Engineering,108152
576,Donald Martinez,Operations,59941
7199,Daniel Lewis,Customer Service,104274
3768,James Miller,Research,108195
7638,John Harris,IT,39694
1980,Christopher Johnson,IT,30049
7283,Ashley Jones,HR,110980
9306,Steven Johnson,Marketing,94758
1538,Joshua Moore,Customer Service,43482
883,Anthony Young,Operations,76359
3135,James Martinez,Operations,60524
6953,Deborah Thomas,Operations,108027
5629,Andrew Harris,Legal,72331
3864,Jessica Jones,Operations,138499
6074,Jessica Lopez,Customer Service,93448
3102,Steven Rodriguez,IT,46413
9177,Joshua Garcia,Legal,79671
6810,Emily Martin,Customer Service,69421
3981,Emily Brown,IT,83471
9928,Andrew Clark,Customer Service,79379
7364,Emily Jones,Sales,146489
9200,Jennifer Moore,Research,61161
7568,Elizabeth Johnson,Legal,100793
6973,Matthew Garcia,Legal,58684
5298,David Allen,Finance,76577
2039,Betty Young,Operations,112639
8030,David Thompson,IT,104175
5110,Karen Walker,Research,133128
9663,Dorothy Miller,IT,104529
611,Karen Davis,Research,48956
6506,Deborah Martin,Research,95142
1260,Mark Thomas,HR,115342
321,Emily Clark,HR,106526
1014,Christopher Lee,Sales,107553
5474,Andrew Brown,Legal,89893
9345,Amanda Hernandez,Marketing,133562
8119,Andrew Lee,Engineering,138802
3551,Lisa Williams,Legal,147141
9010,Matthew Ramirez,Legal,125912
1331,Daniel Brown,Legal,32897
3663,Jessica Gonzalez,Sales,59974
9542,Joshua King,Research,78402
6614,Dorothy Williams,Finance,34014
3561,Anthony Jones,Engineering,92887
6948,Michael Allen,Operations,43133
6338,Dorothy Jackson,Sales,40272
5841,Matthew Johnson,Marketing,39663
6270,Nancy Jackson,Legal,34706
9533,Andrew Wilson,HR,101303
6001,Jane Allen,Customer Service,34808
4544,Daniel Lopez,Engineering,120851
8186,Deborah Walker,Legal,69880
6924,Jennifer Sanchez,Research,131543
5919,Steven Gonzalez,Customer Service,59132
1330,Michael White,Legal,100428
7226,Andrew Thomas,IT,74443
