C_ID,C_NAME,AGE_YRS,LOC_CD,REG_DT
8054,Paul Walker,66,Portland,2020-10-09
7648,Paul Taylor,64,Las Vegas,2021-03-22
8700,Sarah Smith,23,San Diego,2024-08-19
6273,Ashley Lee,44,Jacksonville,2020-07-28
1900,Paul Smith,39,Washington,2025-02-03
4863,Andrew Young,62,Las Vegas,2020-01-25
2818,John Walker,25,Jacksonville,2023-04-07
5740,Emily Gonzalez,33,Nashville,2022-09-24
5204,John Johnson,69,San Diego,2022-02-11
8179,Donald Rodriguez,49,San Diego,2024-10-03
7564,Daniel Smith,38,Sacramento,2023-11-12
9680,Jane Hernandez,47,Houston,2024-04-08
2065,Michael Taylor,22,Austin,2024-06-16
4774,James Garcia,63,Chicago,2025-09-04
5170,Jessica Moore,64,Boston,2022-02-16
7274,Christopher Clark,45,Austin,2025-07-23
6365,David Rodriguez,57,Fort Worth,2021-09-20
4797,John Gonzalez,67,Nashville,2021-05-05
6594,Daniel Johnson,25,Jacksonville,2023-10-08
9548,Joshua Martinez,62,San Diego,2024-08-09
8095,Robert Martinez,65,Kansas City,2023-04-08
2909,Karen Allen,35,Mesa,2022-06-23
4418,Paul Lee,32,Houston,2021-05-17
6843,Sarah King,57,Louisville,2020-06-15
1649,Matthew Miller,30,Baltimore,2021-05-01
3501,Emily Allen,33,Los Angeles,2020-03-14
571,Christopher Jones,28,Austin,2023-08-07
2845,Lisa Lewis,21,Columbus,2023-04-14
9817,Jane Lewis,60,Seattle,2024-05-27
1742,David Brown,36,Mesa,2024-11-25
3698,Nancy Robinson,42,San Jose,2022-01-11
6771,Dorothy Moore,28,Phoenix,2025-09-08
719,Andrew Wilson,61,New York,2020-01-03
3117,Ashley King,70,New York,2023-10-15
1105,David Miller,50,San Jose,2022-09-26
7181,Nancy Miller,18,San Antonio,2020-01-10
8812,Elizabeth Thompson,51,Jacksonville,2022-01-27
2371,Steven Hernandez,29,Denver,2020-09-25
6094,Andrew Clark,48,Jacksonville,2023-11-28
2298,Lisa Anderson,21,Jacksonville,2024-02-17
989,Daniel Jackson,59,Columbus,2022-05-16
2211,David Hernandez,56,Las Vegas,2025-09-28
613,Anthony Gonzalez,31,Philadelphia,2025-02-09
9187,David Martin,39,Mesa,2024-08-20
8732,Karen Clark,43,Chicago,2023-04-04
1341,Anthony Thompson,49,Denver,2020-11-28
9687,Jessica Lee,23,Baltimore,2024-04-04
4813,Lisa Taylor,39,Columbus,2020-07-13
5730,Nancy Sanchez,31,Sacramento,2021-09-26
9906,Lisa Wilson,48,Milwaukee,2020-06-03
6824,Sarah Williams,49,Mesa,2023-10-06
1045,John Hernandez,33,Indianapolis,2020-07-26
6074,Michael Brown,61,San Jose,2021-01-07
8654,Dorothy Miller,22,Fresno,2024-07-02
5249,Jane King,47,Austin,2022-10-26
8148,David Martin,66,Boston,2024-01-24
6556,Daniel Jackson,51,Las Vegas,2022-01-07
850,Joshua Allen,67,Mesa,2020-06-06
3339,Lisa Sanchez,35,Seattle,2024-01-21
1391,Michael Jackson,25,Milwaukee,2020-10-27
4846,Anthony Johnson,65,New York,2024-04-15
3020,Mark Jackson,31,Los Angeles,2025-11-23
6832,Dorothy Martin,32,Houston,2021-07-14
4675,Ashley King,42,Albuquerque,2025-03-24
9393,Nancy Davis,36,Albuquerque,2020-08-11
7085,Karen Harris,27,Jacksonville,2024-09-09
683,Anthony Gonzalez,66,Philadelphia,2024-04-19
8746,Nancy White,22,San Francisco,2025-02-18
113,Deborah Ramirez,39,Louisville,2025-11-04
7866,John Miller,33,Los Angeles,2025-07-09
2126,Jennifer Thomas,28,San Francisco,2025-12-10
6128,Lisa Martin,66,Columbus,2023-11-19
8551,Anthony Rodriguez,41,San Antonio,2021-12-16
3112,Jane Harris,48,Mesa,2024-12-08
3815,Dorothy Garcia,22,Chicago,2025-01-01
