EMP_ID,EMP_NM,DEPT_CD,SAL_AMT
2067,James Lee,Finance,33245
6978,Nancy Brown,Engineering,34713
1871,Emily Perez,IT,130448
6552,Steven Brown,Marketing,56973
9160,Steven Perez,IT,63987
5347,Elizabeth Hernandez,HR,126834
3720,Elizabeth Jones,Research,82175
554,Daniel Robinson,HR,92811
2731,Robert Garcia,Operations,112404
8337,Lisa Gonzalez,Research,105148
7076,Ashley Martin,Customer Service,146425
6350,Anthony Brown,Sales,85548
7046,Sarah Robinson,Operations,94547
1311,Deborah Davis,Sales,49291
7864,Ashley Allen,Legal,33418
7591,Jennifer Davis,HR,45523
3387,Joshua Williams,Operations,120162
39,Amanda Clark,Operations,50436
9091,Nancy Harris,Engineering,143647
1967,James Anderson,Finance,95449
5435,Jane Clark,HR,92778
5717,Matthew Smith,HR,97864
239,Paul Robinson,Sales,49285
7834,Michael Rodriguez,Research,100194
329,Amanda Ramirez,Finance,63717
309,Nancy Robinson,Engineering,148904
3802,James Williams,Finance,143173
1158,John Smith,Finance,76975
1714,Sarah Moore,Engineering,116110
7926,John Williams,Finance,64907
845,Emily Garcia,Finance,42811
3741,Amanda Miller,Finance,36981
1565,Matthew Lopez,Engineering,57517
9296,Jane Hernandez,Legal,82676
5185,Deborah Brown,Research,81606
9606,Lisa Miller,HR,131019
2190,Dorothy Harris,HR,84361
842,Steven Miller,Research,97853
281,Paul Lopez,Customer Service,57585
5773,Sarah Williams,Research,103289
6660,Joshua Allen,Customer Service,60359
5449,Deborah Williams,Operations,84302
9540,Emily Taylor,Marketing,147223
5323,James Brown,Sales,50611
1499,Donald Walker,Engineering,43422
2995,James Taylor,Operations,104391
657,Emily Martinez,Legal,105518
3299,John Young,Marketing,119629
8669,Matthew Davis,Legal,60972
3192,Karen Ramirez,Finance,69364
586,John Young,Customer Service,109663
1533,Emily Lopez,IT,143617
7862,Lisa Garcia,Engineering,93834
9310,Matthew Jones,Engineering,117055
1283,Nancy Anderson,Finance,80970
1462,Lisa Williams,IT,91068
2118,Emily Perez,Engineering,48931
9786,Sarah Rodriguez,Sales,60328
4679,David Smith,Legal,83724
7646,Christopher Martin,Finance,114688
3833,Nancy Jackson,Legal,141363
5612,Lisa Lewis,Sales,100447
7636,Betty Clark,Customer Service,90697
9096,Amanda Smith,Customer Service,84754
7793,Emily Smith,Finance,58569
6353,Donald Walker,Legal,54779
3766,Michael Martin,Research,65662
7672,Sarah Allen,Customer Service,72264
9360,Steven Lee,Research,149341
4425,Dorothy Williams,Operations,134599
5730,Betty Clark,Sales,74139
7082,Jessica Thompson,Customer Service,114179
6761,Christopher Taylor,Finance,142865
5163,John Davis,Legal,54979
5370,Robert Perez,IT,50292
5944,Ashley Jones,IT,82327
4406,David Smith,Finance,146214
4835,Sarah Johnson,Sales,52290
5742,Robert Lewis,IT,63565
81,Lisa Sanchez,Customer Service,142170
9311,Amanda Walker,Legal,123508
7477,Paul Ramirez,Engineering,141362
4974,Lisa King,Marketing,91284
8638,Paul Allen,Engineering,52972
7065,Donald King,Engineering,56034
5748,David Martin,Operations,115273
5444,Deborah Thomas,Legal,112224
1343,Lisa Taylor,IT,77420
9256,Anthony Wilson,Sales,123562
918,Ashley Clark,HR,86038
6691,Dorothy Thomas,HR,123613
6013,Joshua Garcia,Finance,64291
6224,John Lee,Customer Service,149679
3318,Donald Lewis,Research,89491
8139,Ashley Moore,Research,127589
5691,Robert Martin,Customer Service,83354
7897,Amanda Gonzalez,Research,38510
7830,Deborah Lewis,Finance,90143
3447,Steven Garcia,IT,80210
128,Dorothy Johnson,Operations,86836
