C_ID,C_NAME,AGE_YRS,LOC_CD,REG_DT
4954,Robert Johnson,39,San Diego,2022-12-10
2887,Lisa Thompson,47,San Jose,2021-04-24
4618,Betty Perez,32,Oklahoma City,2020-07-03
4843,Jennifer Davis,51,Portland,2023-09-18
4383,Lisa Thompson,20,Dallas,2024-08-23
7997,Emily Ramirez,53,Indianapolis,2023-04-07
8718,Deborah Jones,31,Boston,2021-12-14
3430,Emily Rodriguez,29,Indianapolis,2022-09-14
8054,Dorothy Wilson,48,Baltimore,2023-10-27
4789,Betty Ramirez,43,Columbus,2023-11-18
1667,David Jackson,51,Washington,2021-11-06
463,John Anderson,47,Oklahoma City,2020-01-15
7088,Betty Miller,38,Boston,2022-04-11
9779,Jane Johnson,38,Milwaukee,2021-09-25
3797,Jennifer Moore,28,New York,2025-05-14
4219,Lisa Johnson,32,Kansas City,2023-02-04
2825,Joshua Williams,56,Seattle,2022-09-15
6540,James Martinez,57,San Francisco,2024-05-23
5737,Karen Robinson,49,San Jose,2024-01-10
5390,Nancy Gonzalez,21,New York,2020-08-13
9815,Lisa Robinson,32,Chicago,2021-06-22
6041,Steven Moore,19,Albuquerque,2021-07-19
6510,Nancy Clark,39,Kansas City,2020-09-01
2436,Andrew Jones,48,Nashville,2022-02-10
4236,Sarah Gonzalez,57,Austin,2020-12-15
443,Andrew Walker,38,Austin,2022-06-04
1959,Amanda Harris,65,San Francisco,2025-03-25
4904,Christopher Martin,41,Washington,2023-02-26
145,Jennifer Martinez,47,Tucson,2022-06-06
7490,Nancy Thompson,19,Louisville,2022-08-25
6260,Joshua Sanchez,30,Philadelphia,2022-02-03
3575,Jessica Martinez,58,Louisville,2025-01-25
4463,Deborah Jones,24,Philadelphia,2025-05-09
9568,Christopher Garcia,41,Fresno,2020-05-18
5258,Karen Garcia,41,Baltimore,2020-11-15
4399,Deborah Sanchez,58,San Antonio,2024-11-25
7584,Mark Hernandez,64,Austin,2024-03-17
2468,Daniel Smith,20,Washington,2025-05-08
7158,Lisa Clark,35,Milwaukee,2020-08-02
595,Jennifer Allen,69,Columbus,2025-10-21
2982,John Martin,39,Philadelphia,2021-06-21
4984,Amanda Martin,43,Seattle,2022-03-15
3826,David Rodriguez,42,Washington,2024-03-28
4353,Robert Davis,29,Tucson,2025-02-04
8869,Robert Davis,25,Chicago,2025-03-12
7416,Paul Anderson,70,Tucson,2022-03-20
2134,Joshua Wilson,57,Tucson,2024-04-23
6329,David Williams,44,Boston,2022-01-19
5244,Matthew Thomas,36,Phoenix,2022-10-23
3480,Jessica Jones,55,San Antonio,2025-04-01
4595,Deborah Perez,28,Baltimore,2023-04-02
5864,Dorothy Sanchez,38,San Jose,2025-11-06
9267,Nancy Smith,25,Fort Worth,2025-04-25
5927,David Robinson,44,New York,2025-11-10
3883,Elizabeth Thomas,29,Boston,2022-06-09
81,Lisa Rodriguez,46,Fresno,2021-12-01
8687,David Smith,54,Chicago,2022-01-25
1281,Anthony Jackson,20,Tucson,2021-01-10
1775,Steven Robinson,37,San Francisco,2020-12-21
5685,Dorothy Martinez,39,Philadelphia,2021-02-15
5551,Michael Martinez,64,Fort Worth,2024-04-03
5416,Paul Ramirez,53,Phoenix,2023-04-14
6403,Andrew Moore,26,Denver,2024-04-13
8048,Betty Martinez,23,Dallas,2021-05-25
863,Ashley Lewis,66,Chicago,2025-07-25
5821,Robert Garcia,30,Los Angeles,2023-07-08
9983,Donald Thomas,61,Albuquerque,2022-06-02
6054,Mark Smith,49,Kansas City,2023-02-06
8365,John Thompson,29,Portland,2024-06-23
4066,Jessica Johnson,56,Portland,2024-07-22
2462,John Walker,42,Seattle,2023-04-27
344,Jane Young,21,Sacramento,2024-12-21
7144,Mark Lee,44,Oklahoma City,2024-10-16
7974,Jessica Perez,39,Phoenix,2025-05-20
535,Michael White,52,Indianapolis,2023-04-05
