EMP_ID,EMP_NM,DEPT_CD,SAL_AMT
6858,Amanda Williams,Finance,105193
8361,Andrew Johnson,IT,88827
5733,Mark Smith,IT,46083
5262,Karen Harris,Operations,85547
9395,Betty Johnson,HR,104170
5812,Dorothy Ramirez,Finance,50996
7538,Ashley Wilson,IT,145974
9594,Dorothy Davis,Marketing,85440
7655,Daniel Robinson,Marketing,37930
3238,Nancy Miller,Research,128273
2545,Dorothy Miller,Legal,60675
8756,Robert Lopez,Marketing,98771
721,Paul White,Marketing,34942
8375,Daniel Williams,Finance,124775
3200,Jennifer Martinez,Finance,68781
8959,Jane Jones,Legal,81534
6319,Anthony Anderson,HR,110914
8737,Mark Hernandez,Legal,64736
2400,Jennifer Harris,Legal,41597
5308,Deborah Gonzalez,Finance,33227
8800,Nancy Rodriguez,Sales,93515
2683,Betty White,HR,32187
5140,Jessica Wilson,Finance,36549
8439,Robert Lewis,IT,138264
445,Jessica Lewis,Engineering,110313
3163,Lisa Rodriguez,Legal,84898
5207,Elizabeth Ramirez,Customer Service,79658
7703,Amanda Jackson,Research,32842
8178,Paul Smith,Legal,66824
1554,James Johnson,HR,59650
3483,Matthew Perez,Operations,60962
1180,Donald Wilson,Research,44325
996,Steven White,IT,69292
5679,Nancy Jackson,Engineering,90230
1548,Christopher White,IT,62670
6191,Lisa White,Customer Service,111226
1160,David Thompson,HR,77470
23,Christopher Martinez,Sales,132742
1419,Christopher Anderson,Research,34060
227,Dorothy Clark,Research,124597
2906,Lisa Jones,Finance,54705
5726,Jessica Jackson,Marketing,73026
1834,Karen Davis,HR,39188
6630,Nancy Davis,Sales,81548
463,Jessica Brown,IT,126883
8449,Jennifer Moore,Operations,135155
6148,Donald Lewis,Operations,101315
463,James Williams,Engineering,92802
112,Betty Rodriguez,Finance,72137
3570,Steven Perez,Marketing,47246
5327,Ashley Sanchez,HR,44291
8298,Amanda Hernandez,Finance,45795
1117,Mark Allen,Finance,128829
6809,Anthony Thomas,Legal,94208
2166,Amanda Allen,Finance,139377
6953,Joshua Hernandez,Engineering,114242
7883,Michael Smith,HR,66433
1614,Anthony Anderson,Marketing,96979
8060,Ashley Jackson,Marketing,134262
413,Lisa White,Customer Service,138595
9380,David Anderson,Marketing,88121
2610,Sarah Robinson,Finance,71571
2720,Elizabeth Johnson,Finance,119059
9130,Jennifer Anderson,IT,54343
4057,Anthony Ramirez,Operations,37754
9078,Jessica Taylor,Operations,127080
2840,Andrew Brown,Customer Service,50028
5697,Donald Thompson,Operations,73813
1941,David Walker,Customer Service,116452
8477,Joshua Thompson,Finance,92294
7523,Betty Garcia,Finance,112579
4796,Lisa Martinez,Finance,34561
5933,Paul Davis,IT,31476
6985,Lisa Moore,Legal,125166
279,Donald Allen,Research,37449
9084,Daniel Thomas,Engineering,68770
7694,Michael Walker,Sales,112062
4834,Dorothy Williams,Legal,119657
7780,Anthony Martin,Finance,91440
5759,Matthew Walker,Legal,57766
8873,Michael Wilson,HR,124750
268,Paul Thomas,Engineering,96368
5332,Anthony Gonzalez,Sales,103497
5727,Lisa Garcia,Customer Service,58875
2921,Paul Smith,Legal,38091
8060,Jane Moore,Marketing,100067
1508,Lisa Johnson,Sales,93742
3212,Amanda Walker,IT,109373
8691,Sarah Martinez,Operations,51358
1984,Jane Wilson,Operations,102875
2724,Daniel Smith,Sales,92987
1176,Deborah Lewis,Finance,99489
6929,Elizabeth Moore,IT,111212
3026,Jessica Miller,Finance,68918
2687,Steven Young,HR,127478
5518,Andrew Allen,Engineering,39204
645,Andrew Anderson,Engineering,102909
9189,John Rodriguez,IT,94552
2004,Jennifer Clark,Engineering,109974
6815,James Perez,Research,96035
