EMP_ID,EMP_NM,DEPT_CD,SAL_AMT
597,Sarah Jackson,Engineering,77651
8322,Robert Hernandez,Finance,107875
16,Donald Allen,IT,78848
9434,Joshua Jones,Engineering,69396
3782,Jane Walker,Marketing,108489
8759,Joshua Taylor,Research,130478
805,Sarah Gonzalez,Legal,145532
6850,Karen Taylor,Legal,136980
3294,Dorothy Lee,Sales,107060
3143,John Brown,Engineering,135812
7802,Betty Anderson,IT,79325
2874,Emily Allen,Operations,116419
9111,Robert Gonzalez,Finance,134968
7656,Ashley Jackson,IT,30398
6339,Christopher Garcia,Operations,135200
3228,Lisa Thomas,Engineering,73055
157,David Martin,Legal,103965
9351,Jessica Lee,Finance,50814
5303,Karen Lopez,IT,129103
873,Daniel Anderson,Sales,35858
6860,Jennifer Moore,HR,53395
6138,Lisa Garcia,Engineering,48008
3587,Lisa Martin,Research,71059
2816,Karen Johnson,Engineering,80519
3786,Amanda Smith,Marketing,116384
5459,Betty Lewis,HR,45171
9478,Matthew Davis,Sales,57017
4441,Lisa Anderson,Finance,134817
5355,Andrew Brown,Engineering,137789
5459,Elizabeth Smith,Marketing,146155
2923,Betty Garcia,Legal,117449
6314,James Young,Customer Service,33982
2661,Steven Davis,Customer Service,74502
3219,Joshua Thomas,HR,122688
8008,Paul Sanchez,Legal,38127
2652,Christopher White,Operations,123179
8419,Emily Hernandez,HR,103573
5370,Andrew Harris,Legal,103713
7619,James Lewis,Marketing,87734
1052,Karen White,Finance,123993
8545,Donald Gonzalez,Sales,52902
6083,Donald Thompson,Marketing,48519
801,Nancy Harris,IT,86621
1373,Jennifer Lee,Customer Service,64305
6678,Ashley Johnson,Engineering,141992
5417,Steven Thompson,Research,146457
2029,John Allen,Research,128904
2639,Deborah Wilson,Operations,138543
5486,Emily White,Marketing,100391
5045,Robert Robinson,Operations,40866
5142,Sarah Martinez,HR,123686
658,Dorothy Walker,Customer Service,125694
8902,John Anderson,Marketing,124383
3643,David Perez,HR,36625
6016,John Thompson,HR,99581
4570,Deborah Lopez,Research,52376
3298,Lisa Wilson,Marketing,67922
2610,Sarah White,Marketing,63469
817,Jennifer Johnson,Finance,71095
7805,Lisa Robinson,Operations,97530
3922,Daniel Gonzalez,Engineering,50376
4869,Ashley Smith,Engineering,123080
5739,David Williams,HR,147876
489,Amanda Anderson,Marketing,94068
7502,John Gonzalez,HR,94603
1000,Lisa Davis,Legal,95752
6598,Michael Martinez,Customer Service,112027
6423,Elizabeth White,Marketing,78615
5263,Steven Thomas,Operations,134728
2045,Joshua Robinson,Finance,144806
6287,Sarah Rodriguez,Customer Service,49198
8327,David Brown,Operations,123514
2269,Michael White,Operations,110707
2484,Paul Miller,Sales,68292
2124,Jane Anderson,HR,99620
7360,Michael Harris,Legal,38142
4905,Betty Robinson,Marketing,50065
1645,David King,HR,115231
7953,Elizabeth Moore,Engineering,77965
8095,Mark Gonzalez,HR,129636
3880,Andrew Wilson,Engineering,74823
4204,John Moore,Legal,89005
1761,Ashley Wilson,Marketing,126839
9180,Jane Lewis,IT,86443
277,Daniel Rodriguez,Operations,147760
4996,Sarah Robinson,HR,34504
8655,Karen Lopez,HR,105044
5163,Steven Allen,Sales,112032
5879,Ashley Lee,Legal,73582
9258,Elizabeth Taylor,Sales,148742
3272,Donald Wilson,Legal,92232
7466,Anthony Taylor,Research,128778
721,Amanda Thomas,Sales,44909
7841,Karen Lopez,Finance,111464
1235,Michael Anderson,Sales,136208
8456,Elizabeth Thomas,HR,80901
1483,Lisa Perez,Research,35302
3251,Robert Hernandez,IT,140010
6392,Mark Davis,Marketing,61863
3519,Daniel Thomas,IT,58542
