EMP_ID,EMP_NM,DEPT_CD,SAL_AMT
5027,Nancy Martin,Legal,97993
6121,David White,Finance,114221
968,Andrew Williams,Operations,87412
2373,Michael Taylor,Legal,141924
6474,Paul Anderson,Finance,144931
1011,Paul Jones,Engineering,80335
1710,Nancy Hernandez,Research,149265
1469,Daniel Smith,Engineering,65674
157,Christopher Thomas,Finance,76734
797,Mark Wilson,IT,113227
3213,Elizabeth Harris,Legal,98653
4123,Mark Jackson,IT,102553
7699,James Davis,Finance,135489
8793,Andrew Anderson,HR,131849
6956,Emily Johnson,HR,103435
5007,Lisa Harris,Engineering,39128
7677,Sarah Ramirez,Marketing,79377
8185,Steven Smith,Customer Service,76309
1537,Dorothy Jones,IT,90171
5023,Jessica Jones,Sales,48946
4774,Jessica Harris,IT,32885
7111,Mark Clark,Research,78081
1819,Matthew Lewis,Sales,87480
2581,James Thomas,Finance,81086
1944,Deborah Young,IT,94582
4827,Deborah Anderson,Legal,132216
2299,James Brown,Operations,33619
3576,Donald Robinson,Research,107696
2555,Paul White,Legal,116409
7906,Emily Gonzalez,Finance,67254
5607,James Lee,Customer Service,54340
1424,Andrew Martinez,Engineering,149153
992,Sarah Brown,Sales,136679
4648,Jane Lee,Customer Service,30196
4880,Matthew Sanchez,HR,37631
2424,Robert Clark,Customer Service,47880
4001,Anthony Lopez,Customer Service,58314
6917,Andrew Jackson,Legal,137613
5312,Jessica Lopez,IT,34941
5117,Ashley Brown,Research,103998
5496,Michael King,Engineering,68983
3423,Karen Lewis,Finance,68596
8027,Anthony Lewis,HR,71772
7901,John Clark,Research,46260
1100,Deborah Brown,Operations,114937
1513,Robert Taylor,HR,56680
7997,Nancy Ramirez,HR,90300
2438,Michael Harris,Legal,82912
9639,Jennifer Taylor,Finance,63080
2746,Daniel Wilson,Engineering,131488
6778,Jennifer King,Finance,105631
2542,Paul Allen,Operations,99930
6615,John Jones,Research,39992
7160,Nancy Allen,IT,58855
2881,Amanda Gonzalez,Marketing,147432
2411,Emily Jones,Engineering,107952
3611,Lisa Martinez,Marketing,93922
7270,Steven Martin,Legal,82816
6826,Lisa Lee,Legal,104652
2691,John Smith,Engineering,49295
809,Karen Harris,Engineering,50256
9558,John Thompson,IT,72785
2638,Anthony Thomas,Research,108924
4092,Andrew Jackson,Operations,97145
3089,Jessica Smith,Sales,128113
3895,Matthew Allen,Sales,52297
7725,Karen Lewis,Sales,137401
806,Emily Jones,IT,59966
6212,James Wilson,Legal,131153
1223,Emily Walker,Research,45934
279,Mark Lopez,Research,88363
9926,James Martin,Finance,58524
3464,Emily Harris,IT,62493
4179,Andrew Lee,Engineering,68763
1043,Sarah Martinez,Finance,130790
8430,Lisa Taylor,Engineering,148461
4368,Emily Johnson,Engineering,50275
5373,Emily Taylor,HR,79170
2163,Jessica Robinson,Customer Service,36781
3387,Lisa Taylor,Marketing,40861
8111,Lisa Garcia,Customer Service,99540
7763,Christopher Jackson,Legal,147783
5364,Mark Gonzalez,Sales,108403
5761,Jessica White,HR,37857
3640,David Gonzalez,Marketing,74284
8970,Jennifer Smith,Research,118138
9313,Andrew Wilson,Research,43826
3025,Donald Johnson,Marketing,30680
6610,Jennifer Taylor,Operations,48076
966,Michael Garcia,Engineering,85710
613,Joshua Jackson,Legal,65702
8949,Christopher Thompson,HR,123432
3652,Andrew Gonzalez,Sales,65734
5871,Amanda Rodriguez,Legal,68560
3796,Matthew Clark,Engineering,52134
7908,Elizabeth King,Operations,131942
9483,Elizabeth Martin,IT,129987
8270,Sarah Garcia,HR,39124
3168,Sarah Young,Research,132284
1036,James Johnson,Research,147734
