EMP_ID,EMP_NM,DEPT_CD,SAL_AMT
4940,Elizabeth Martin,Legal,129504
4694,Ashley Lewis,Finance,93466
6224,Steven Jackson,HR,132194
4506,John Jones,Finance,133894
8172,Joshua Robinson,Engineering,120999
9274,Matthew Lewis,Legal,82729
7765,Amanda Jones,Finance,113917
9890,Steven Robinson,Engineering,45810
136,Christopher Jones,Customer Service,118024
441,Donald Wilson,Sales,32008
5794,Nancy Harris,IT,134178
3544,Sarah Garcia,Operations,118172
7812,Betty Wilson,Engineering,63252
9751,Lisa Sanchez,Research,36217
1097,Lisa Gonzalez,HR,39459
7756,Amanda Clark,HR,90674
2867,Paul Williams,Sales,57601
7874,Amanda Moore,Customer Service,139225
2380,Lisa King,Engineering,40574
5423,Robert Wilson,IT,100393
7018,Ashley Miller,Operations,49787
5461,Daniel Moore,Legal,53809
2073,Emily Lopez,Marketing,121091
2296,James Taylor,Operations,117557
9220,John Wilson,Engineering,45117
1192,Steven Lee,HR,146773
190,James Johnson,HR,80232
6694,Dorothy Rodriguez,Legal,98005
1021,Mark Ramirez,Sales,84326
5336,Michael Moore,Operations,32848
7495,Jennifer Martinez,IT,76218
9638,Lisa Martin,HR,71150
7815,Lisa Martinez,HR,60195
91,Donald White,Sales,144735
3197,Matthew White,Sales,131930
312,Betty Sanchez,Finance,81125
3835,Lisa Jones,Engineering,46504
4774,Lisa Walker,Marketing,87406
9057,Jessica Martinez,Finance,142216
2226,Lisa Walker,Operations,72912
3220,Dorothy Young,Engineering,138508
4933,Lisa Hernandez,Legal,63046
2633,Sarah Robinson,Operations,70595
8210,Mark Hernandez,Engineering,136587
6411,Emily Young,IT,129803
4180,Lisa Williams,IT,86520
9580,James Perez,Customer Service,132590
8430,Robert Martinez,Finance,147244
878,Matthew Davis,HR,124344
2354,Donald Perez,Marketing,48902
3803,Karen Thomas,Marketing,103032
5352,Deborah Gonzalez,Finance,53236
4799,Emily Lee,Sales,147749
6715,Amanda Taylor,Marketing,96871
6632,Nancy Williams,HR,119594
3196,Dorothy Sanchez,Operations,72495
4075,Steven Lee,Marketing,52629
8478,Deborah King,Customer Service,66504
2271,Ashley Ramirez,Finance,40332
4715,Karen Moore,HR,46402
5392,Ashley Jones,Research,80134
4611,Karen Anderson,Marketing,69284
2793,Lisa Garcia,Research,41356
5255,Dorothy Williams,Operations,48825
3377,John Martinez,Engineering,133839
1218,Matthew Sanchez,Customer Service,96082
749,Jane Moore,Legal,53974
3557,Betty Davis,Finance,94323
7478,Michael Brown,Engineering,149568
7255,Lisa Lopez,Operations,105996
791,Mark Walker,Customer Service,80126
1781,Deborah Lopez,Operations,48709
997,Paul Thompson,Operations,132521
4497,David Gonzalez,Customer Service,141556
911,Steven Williams,Sales,80183
1875,David Lewis,Research,86513
2932,Paul Ramirez,Sales,99415
2389,John Wilson,IT,144524
5798,Steven Thomas,Engineering,89537
5905,Karen Taylor,Research,128898
6876,Lisa Hernandez,HR,44701
6435,Deborah Sanchez,Research,75248
6260,Jennifer Jackson,Marketing,76542
1641,Betty Wilson,HR,127492
7982,Betty White,Research,98922
1647,Paul King,Research,62173
1274,Christopher Lewis,Finance,52108
1769,Lisa Moore,Marketing,105715
5374,Ashley Johnson,Operations,94427
6554,Christopher Moore,Sales,113869
5315,Mark Martinez,Research,119268
8429,Amanda Lopez,Marketing,142693
4300,Daniel Gonzalez,Legal,117227
4538,Dorothy Lewis,Finance,69656
7541,Jane Jones,Legal,58386
3860,Nancy Wilson,Sales,47943
2680,Lisa Hernandez,Customer Service,86595
7814,Robert Williams,Operations,149236
118,James Gonzalez,Customer Service,97921
5612,Donald Davis,Marketing,106086
