EMP_ID,EMP_NM,DEPT_CD,SAL_AMT
5840,Emily Williams,HR,140098
1761,Emily White,HR,88170
9155,Lisa Perez,Finance,65211
3145,Daniel Martinez,Customer Service,65035
9659,Matthew Allen,Research,38136
4373,Lisa Moore,Engineering,65381
5655,Ashley Johnson,Finance,121390
4624,Andrew Allen,Marketing,88224
5143,Donald Martinez,Engineering,136148
4592,Jane Johnson,Marketing,73999
7608,Paul Rodriguez,Legal,34700
9324,Daniel Martinez,IT,149930
6662,Daniel Harris,Research,44163
6126,John Thompson,Engineering,146652
2816,Lisa Allen,Marketing,94476
4332,Jennifer Walker,Engineering,66685
100,Donald Ramirez,IT,40620
8772,Dorothy Allen,Research,82310
5075,Betty Anderson,HR,36097
4082,Lisa Thompson,Finance,48651
1932,Paul Sanchez,Finance,137860
2088,Jane Rodriguez,HR,117391
4270,Anthony Johnson,IT,108117
6912,Emily Lewis,Sales,102279
9863,Christopher Allen,Engineering,42574
9879,Robert Harris,Finance,66853
4182,Emily Lee,Operations,51218
6848,Donald Martin,HR,136917
7167,Steven Gonzalez,Finance,41369
3110,Dorothy Hernandez,Sales,48623
1095,Steven Martinez,Research,85481
9755,Christopher Johnson,Engineering,92189
6371,Karen Thomas,Finance,119727
2746,Ashley Taylor,Legal,63189
3927,Anthony Robinson,Operations,65616
6498,Dorothy Walker,Finance,49027
9754,Jane Taylor,Finance,76842
1480,Steven Lopez,Marketing,137456
7009,Lisa Young,Finance,36099
5737,Karen Johnson,Research,122257
8479,Jennifer Moore,IT,40061
6592,Joshua Brown,Engineering,130978
5823,Anthony Gonzalez,IT,62174
4005,Betty Sanchez,Legal,101438
1538,Jessica Smith,Research,56031
1532,Steven Hernandez,Engineering,73128
2318,David Robinson,Legal,72532
8472,Joshua Moore,Marketing,124311
1301,Karen Johnson,HR,126193
7504,Robert Garcia,Marketing,111612
2924,Andrew Taylor,Sales,97599
4757,Steven Miller,HR,34323
3836,Lisa Gonzalez,Legal,91034
9435,Dorothy Lewis,Finance,56195
2552,Matthew Thompson,IT,101371
6239,Jane King,Research,115182
593,Jessica Sanchez,Customer Service,103099
5280,Karen Johnson,Operations,149818
5554,Elizabeth Smith,Operations,70735
3623,Robert Rodriguez,Sales,76931
4526,Betty Johnson,Research,56828
8035,Emily Davis,Sales,93245
744,Mark Rodriguez,Engineering,118107
2451,Jessica Davis,HR,116361
7294,Christopher White,Legal,125394
2483,Christopher Smith,Marketing,35652
7774,Robert King,Sales,116925
6043,Andrew Thomas,Operations,86589
1385,Andrew Moore,Finance,39055
6454,Andrew Ramirez,Research,130842
7970,Andrew Perez,HR,78133
2013,Paul Hernandez,Operations,130048
2725,James Smith,IT,125519
7121,Dorothy Robinson,Legal,129781
9927,Dorothy King,Sales,104876
2313,Jessica Taylor,Legal,127251
5323,Andrew Jones,Engineering,110490
5264,Karen Walker,Operations,85907
6440,James Brown,Research,47538
6975,Michael Sanchez,Legal,80996
3530,Betty Moore,IT,88335
5430,Mark Thomas,Marketing,67942
9348,Jennifer Garcia,IT,124725
7825,Sarah Hernandez,Operations,34687
9394,Jane Lewis,Legal,106094
5991,David Smith,Engineering,75289
8259,Dorothy Gonzalez,Customer Service,143015
9505,Lisa Lewis,Customer Service,33024
3111,Jennifer Lee,Legal,146494
636,Jessica Martinez,Sales,119267
4773,Ashley Jackson,Engineering,86270
1081,Andrew Ramirez,Marketing,57869
8713,Deborah Garcia,Finance,116098
9643,Lisa Moore,Research,92398
2981,Nancy Perez,Legal,118538
880,Michael Taylor,Customer Service,120038
3976,Nancy Martinez,Engineering,89364
8018,Joshua Wilson,Customer Service,99386
247,Dorothy King,HR,109876
5040,Matthew Davis,Research,77539
