C_ID,C_NAME,AGE_YRS,LOC_CD,REG_DT
4340,Elizabeth Sanchez,23,New York,2023-05-27
9528,Daniel Thomas,34,San Francisco,2022-06-26
2609,Daniel Miller,25,Milwaukee,2020-11-08
3831,Christopher Johnson,23,Austin,2025-10-12
9767,James Jackson,41,Kansas City,2025-02-10
7578,Michael Ramirez,59,Mesa,2021-03-20
2325,Jennifer Hernandez,22,Jacksonville,2020-07-07
3833,Deborah Anderson,65,Washington,2024-11-22
914,Jennifer Lewis,58,Chicago,2025-02-15
7610,Emily Smith,24,Kansas City,2025-10-26
9068,Jessica Thompson,39,Philadelphia,2022-10-10
5924,Anthony Young,43,Indianapolis,2022-04-10
4712,Ashley Perez,68,Denver,2020-09-15
8207,Jennifer Perez,30,Boston,2021-03-08
4327,David Johnson,21,San Diego,2025-12-21
4953,Jessica Taylor,37,Chicago,2023-12-05
6819,Karen Harris,56,Dallas,2024-05-27
8873,Jane Allen,41,Kansas City,2023-08-10
7088,Dorothy Sanchez,38,Boston,2025-02-09
4013,Mark Wilson,19,Nashville,2022-12-20
6200,Michael Lewis,49,Los Angeles,2022-06-09
4158,Daniel Young,49,Portland,2023-05-08
7704,Joshua Smith,23,Baltimore,2024-09-11
4386,Karen Miller,35,San Francisco,2024-10-05
6695,Donald Brown,44,Indianapolis,2021-05-03
4367,David Sanchez,56,Albuquerque,2023-09-21
761,James Brown,26,Seattle,2022-06-11
9642,Andrew Moore,29,San Antonio,2020-11-03
7053,Mark Martinez,38,San Jose,2021-02-01
970,Nancy Smith,61,Mesa,2025-10-05
4908,John Johnson,30,Austin,2022-08-22
7174,Karen Lopez,21,Phoenix,2020-06-15
2749,Michael Lewis,52,Milwaukee,2023-07-03
9147,Michael Johnson,40,Tucson,2024-05-24
1880,John Wilson,29,Seattle,2025-02-09
6645,Betty Clark,55,Kansas City,2021-08-27
9316,Ashley Williams,46,San Jose,2025-10-24
3768,David Lewis,65,Nashville,2023-07-27
4807,Jessica Jackson,63,Nashville,2022-12-17
5148,James Johnson,39,Austin,2024-03-25
8318,Sarah Smith,65,Charlotte,2021-03-24
2848,Anthony Lopez,27,San Diego,2020-10-16
4459,Lisa Hernandez,53,Milwaukee,2023-06-15
5729,Daniel Lewis,33,Jacksonville,2022-09-19
7298,Jessica Clark,46,San Diego,2021-03-14
5856,Michael Lee,65,Louisville,2024-05-27
4804,Nancy King,21,Las Vegas,2021-03-13
6966,Lisa Martinez,65,Phoenix,2020-02-16
154,Nancy Thomas,25,San Francisco,2023-10-09
41,Michael Gonzalez,44,Baltimore,2025-12-05
2902,Lisa Walker,23,Oklahoma City,2021-01-11
5579,John Robinson,48,Columbus,2023-08-05
6857,Jennifer Wilson,19,Tucson,2025-09-20
3471,Dorothy Robinson,39,Jacksonville,2023-01-05
7063,Jennifer Martinez,68,Fort Worth,2020-05-19
3890,Dorothy Martin,40,Fort Worth,2025-06-13
1180,Jessica Lewis,21,Tucson,2021-04-03
9115,Deborah Harris,31,Columbus,2023-12-14
2962,Steven Walker,28,Oklahoma City,2021-06-18
3343,Amanda Harris,34,Los Angeles,2020-07-21
6262,Dorothy Harris,43,Oklahoma City,2022-01-04
1772,Amanda Perez,23,Los Angeles,2021-06-22
6098,Joshua Lewis,64,Baltimore,2025-07-27
8492,Elizabeth Lee,22,Milwaukee,2021-02-10
1691,Joshua Johnson,45,Washington,2020-02-23
9963,Anthony Perez,54,Columbus,2021-09-12
1054,Ashley Ramirez,44,Las Vegas,2021-08-15
8427,Jessica Smith,52,Oklahoma City,2020-06-08
3626,John Martinez,32,Portland,2020-06-14
905,Joshua Thompson,55,San Diego,2021-10-15
8750,Daniel Jones,61,Chicago,2024-09-06
6705,Steven Williams,49,Oklahoma City,2024-12-12
2800,Lisa Thomas,47,Oklahoma City,2025-12-14
4619,Michael Rodriguez,66,Houston,2021-07-09
7335,Nancy Lee,58,Oklahoma City,2021-09-04
