EMP_ID,EMP_NM,DEPT_CD,SAL_AMT
6567,Sarah Gonzalez,Operations,61617
8984,Deborah Moore,IT,73650
7621,Michael Martinez,Marketing,148527
4770,James Thomas,Engineering,58135
9514,Jessica Johnson,Finance,35226
7771,Lisa Perez,Research,135869
86,Jessica Sanchez,HR,120132
6625,Elizabeth Ramirez,Customer Service,96894
8525,Dorothy Gonzalez,Finance,84272
8780,Jane Perez,Sales,33816
8982,Emily Taylor,Engineering,132574
831,Dorothy Gonzalez,Customer Service,126702
5842,James Gonzalez,Research,74894
3023,Jessica Ramirez,Finance,53417
6013,Daniel Robinson,HR,30894
2092,Karen Harris,Sales,84597
2543,Amanda Wilson,Engineering,77503
4894,Michael Gonzalez,Finance,51654
5707,Lisa Clark,Research,146595
7048,Michael Hernandez,Finance,80795
4139,James Rodriguez,Finance,116182
3101,Robert Hernandez,Operations,74595
7947,Betty Brown,IT,76538
2108,Christopher Clark,IT,143756
8131,Lisa Allen,Engineering,111745
3637,Sarah Moore,Sales,35051
5156,Christopher Johnson,HR,96716
7517,Jennifer Lee,Marketing,128284
6918,James Lopez,Customer Service,143938
5382,Ashley Walker,IT,116777
6550,Jane Miller,Marketing,36337
2138,Karen Taylor,Operations,141601
2309,Ashley Martin,Marketing,122088
2224,Emily Young,IT,140292
9206,Mark Allen,Marketing,138235
9845,Emily White,Finance,148026
7186,Mark Sanchez,Engineering,50053
7188,Sarah Sanchez,HR,46564
4651,Christopher Smith,Engineering,81237
8464,Jennifer Young,Finance,78812
5840,Steven Lopez,Marketing,98109
2918,Joshua Taylor,Legal,59424
4501,Jennifer King,Operations,73214
1144,Karen Hernandez,HR,93788
7168,Michael Thomas,IT,49572
7353,James King,Marketing,67573
3446,Anthony Garcia,Sales,71337
7022,Jennifer Perez,Research,124510
18,Jennifer Hernandez,Finance,45851
9478,Donald Jones,Customer Service,98704
1598,Donald Thompson,Research,110302
2498,Lisa Thomas,Operations,122971
5721,Ashley Brown,HR,78674
8786,Elizabeth Taylor,Research,90092
6557,Ashley Smith,Marketing,131240
3375,Michael Harris,Marketing,86336
8818,Deborah Harris,IT,122426
9610,Karen Lewis,Legal,80274
774,Betty Anderson,Legal,52068
2231,Lisa Taylor,Operations,134373
6766,Emily Allen,Sales,38476
3125,Sarah Williams,Operations,90923
1923,Jane Gonzalez,Legal,91066
395,Steven Williams,Research,39274
8842,Matthew Lopez,Finance,123574
8958,Karen Davis,Finance,44567
5924,Daniel Lee,Operations,106592
7762,Christopher Lewis,Engineering,57261
6760,James Jackson,Research,74898
4498,Amanda Taylor,Marketing,107014
4346,Karen Lee,Operations,112472
7276,Deborah Garcia,Research,73720
3260,Lisa Young,Marketing,134358
2512,Emily Lee,Operations,39835
8843,Lisa Lewis,Finance,36062
1449,Michael Harris,Operations,136982
6248,Nancy Wilson,Sales,69477
7735,David Miller,Engineering,77689
3253,Deborah Walker,Marketing,124363
7617,Jennifer Martin,HR,135499
5764,Michael Hernandez,Customer Service,51984
3718,Nancy Davis,Research,89695
1102,Emily Rodriguez,Sales,90366
4250,Jessica Clark,IT,136674
6631,Joshua Walker,Legal,133005
9152,Jessica Taylor,Research,94777
336,Deborah Young,Sales,72880
8103,Jessica Thomas,Customer Service,91563
1522,Jennifer Davis,Legal,115214
3009,Anthony Walker,HR,123990
6362,Deborah Thomas,Operations,111398
5384,Robert Sanchez,Sales,110475
3732,Karen Thomas,HR,71153
9925,Michael Lewis,Sales,139428
9653,Jane Harris,Engineering,112438
5250,Jane Jones,Marketing,82090
8564,Karen Martin,IT,102298
8083,Andrew Martin,Marketing,149224
9592,Daniel Lewis,Legal,54648
4239,James Jones,HR,74524
