C_ID,C_NAME,AGE_YRS,LOC_CD,REG_DT
4058,Christopher Robinson,59,Houston,2025-07-27
4310,Jane Moore,21,Sacramento,2025-03-07
518,Jennifer Garcia,25,Austin,2022-04-18
8918,Ashley Jackson,66,Columbus,2023-12-23
7565,Donald Lewis,60,Mesa,2022-06-02
8517,Ashley Thomas,25,Mesa,2020-11-27
658,Andrew Davis,20,Oklahoma City,2020-06-15
37,Deborah Jackson,62,Oklahoma City,2021-08-22
6293,Paul Davis,29,Louisville,2021-06-15
769,Ashley Brown,52,Philadelphia,2023-11-19
7623,Anthony Robinson,63,Charlotte,2023-06-21
152,Jennifer Brown,51,Washington,2020-09-24
8638,John King,66,Seattle,2021-08-14
4022,Jessica Rodriguez,67,Los Angeles,2025-02-23
27,Elizabeth Harris,33,New York,2023-05-20
1935,Dorothy Rodriguez,43,Seattle,2023-08-07
7878,Robert Allen,41,Washington,2023-02-23
2243,Donald Young,57,Chicago,2020-12-08
4722,Jessica Miller,47,San Francisco,2023-10-12
3374,Sarah Thompson,62,Philadelphia,2024-07-13
3028,Steven Moore,67,Los Angeles,2025-07-25
8216,Ashley Martinez,36,Phoenix,2020-02-22
2813,Michael Davis,39,Albuquerque,2023-09-11
3267,Nancy Davis,33,Columbus,2023-05-14
5852,Matthew White,23,Tucson,2024-02-13
7272,Andrew Davis,38,Baltimore,2020-04-21
6669,Ashley Anderson,20,Philadelphia,2023-04-04
2625,Deborah Hernandez,29,Fresno,2020-02-26
5641,Daniel Clark,50,Las Vegas,2024-09-09
8436,David Lopez,70,Boston,2020-02-24
4880,Anthony Allen,23,Boston,2022-10-05
5811,James King,48,Washington,2024-09-27
4640,Jennifer Davis,39,Louisville,2021-07-08
1063,Deborah Lee,30,Austin,2023-06-24
8660,Daniel Miller,59,Fort Worth,2024-05-23
5777,John Ramirez,56,Louisville,2021-03-25
5555,Deborah Perez,28,Fresno,2021-01-02
6166,Steven Martin,29,Charlotte,2025-07-06
5345,Paul Young,48,Denver,2020-08-09
9632,Jessica White,51,Dallas,2023-11-24
8622,Robert Lewis,31,Boston,2021-06-22
9705,Christopher Young,65,Philadelphia,2020-12-05
5013,Paul Wilson,52,Jacksonville,2025-11-20
6043,Jessica Jackson,25,Louisville,2020-05-21
6850,Dorothy Taylor,30,San Antonio,2020-01-26
4962,Matthew Moore,69,Nashville,2023-06-02
5375,Paul Wilson,24,Indianapolis,2023-11-08
465,Anthony Hernandez,35,Houston,2024-08-19
7996,Jessica Perez,50,Oklahoma City,2021-06-28
3067,Christopher Clark,48,Jacksonville,2025-07-10
225,Christopher Rodriguez,20,Boston,2023-06-25
8532,Paul Young,28,San Antonio,2022-06-21
2006,Betty King,63,Columbus,2025-03-13
8239,Amanda Rodriguez,44,Chicago,2024-02-08
7001,Karen Taylor,33,Baltimore,2020-09-28
9472,Jane Brown,53,Tucson,2025-04-15
3521,Donald Martinez,51,Sacramento,2025-10-03
2097,Jennifer Moore,26,Milwaukee,2022-07-13
4494,Lisa Johnson,44,Kansas City,2020-06-15
7248,Michael Harris,70,Los Angeles,2020-03-10
3396,Michael Garcia,67,Sacramento,2025-04-19
1903,Nancy Williams,45,Oklahoma City,2022-01-08
650,Paul Gonzalez,49,Houston,2024-01-18
9715,Lisa Jackson,50,Kansas City,2022-02-20
1766,Deborah Garcia,29,Dallas,2020-03-21
8706,Andrew Johnson,33,Seattle,2020-11-10
125,Nancy Lewis,58,San Francisco,2022-02-23
2772,Elizabeth Rodriguez,22,Fresno,2020-08-10
8543,John Lee,41,Mesa,2022-06-06
9161,Jennifer Martin,61,Washington,2021-05-26
893,Karen Anderson,37,Albuquerque,2021-04-12
4966,Jennifer Allen,57,Denver,2024-01-12
449,Jennifer Johnson,57,Dallas,2025-10-16
9130,Robert Harris,70,Seattle,2022-08-20
4253,Anthony Rodriguez,44,Fresno,2024-08-14
