C_ID,C_NAME,AGE_YRS,LOC_CD,REG_DT
1929,Andrew Sanchez,41,Charlotte,2022-11-20
8389,Christopher Brown,54,San Diego,2021-07-13
5127,Andrew Smith,27,Philadelphia,2025-12-27
1346,Deborah Garcia,51,Portland,2025-10-28
2391,Daniel Sanchez,44,Oklahoma City,2025-11-23
5220,Emily Taylor,42,Columbus,2022-04-10
8873,Lisa Rodriguez,40,Albuquerque,2021-03-05
5785,Mark White,37,Las Vegas,2022-04-21
6504,Karen Thompson,33,Chicago,2025-08-12
1468,Elizabeth Moore,33,Philadelphia,2023-02-09
9771,Jessica Jones,59,Baltimore,2020-09-08
9583,Joshua Miller,29,Indianapolis,2022-12-13
8014,John Thompson,26,Mesa,2023-09-25
2599,Dorothy Gonzalez,52,Las Vegas,2025-02-24
5462,Jane King,66,Fort Worth,2023-03-18
4710,Karen Jackson,38,Nashville,2020-12-27
4446,James Thomas,42,Houston,2023-06-12
5177,Robert White,25,Seattle,2022-07-25
1531,Karen Allen,51,Nashville,2020-07-26
729,Elizabeth Young,23,Phoenix,2025-05-18
4346,Paul Jones,35,Phoenix,2025-02-17
1708,John Hernandez,55,Portland,2021-09-20
4014,Steven Martinez,38,Austin,2023-06-20
3246,Christopher Taylor,59,Jacksonville,2021-07-12
7884,Mark Smith,29,Fresno,2024-04-28
1043,Daniel Garcia,37,Austin,2021-01-02
9794,Deborah Jackson,23,Baltimore,2023-06-07
1826,Sarah Robinson,53,Columbus,2024-04-13
5715,Jessica Walker,41,Baltimore,2025-11-14
4466,Amanda Robinson,66,Sacramento,2021-04-18
2972,Lisa Johnson,47,Oklahoma City,2020-02-27
1310,Steven Miller,20,Mesa,2023-01-28
9103,Dorothy Taylor,29,Nashville,2022-02-05
5184,Daniel Rodriguez,32,Boston,2023-01-18
1916,Karen Smith,31,Las Vegas,2024-12-07
7266,Deborah Hernandez,56,Phoenix,2020-02-02
647,Lisa Lopez,42,Houston,2025-01-12
7215,David Lopez,32,San Antonio,2022-12-19
3153,Lisa Martin,45,Dallas,2024-01-09
6711,Robert Lopez,20,Fresno,2024-02-16
749,Dorothy Lopez,63,Kansas City,2025-12-08
5753,Nancy Brown,66,San Jose,2020-03-14
1884,Paul King,59,Louisville,2020-02-08
5909,Emily Perez,51,Boston,2024-07-18
1304,Daniel Moore,38,Dallas,2020-09-19
9205,Steven Lopez,46,Baltimore,2023-08-13
7965,Daniel Walker,19,Columbus,2020-01-02
1900,Jennifer Moore,46,Portland,2024-11-11
3139,Robert Johnson,65,Fort Worth,2024-01-12
5969,Nancy Jones,63,San Antonio,2024-11-01
9159,Joshua Anderson,28,Columbus,2021-12-24
9464,Matthew Young,69,Fort Worth,2024-05-18
960,Deborah Lopez,68,Las Vegas,2024-05-09
6766,Christopher Taylor,39,Mesa,2024-10-12
296,Lisa Rodriguez,29,Baltimore,2025-11-18
3961,Amanda Johnson,22,Kansas City,2024-02-22
9661,David Allen,46,Denver,2023-07-16
2849,Michael Williams,25,Tucson,2024-08-11
382,Lisa Allen,26,Phoenix,2021-08-11
7932,Andrew Brown,40,Houston,2020-01-25
249,Sarah King,21,Houston,2025-12-05
5671,Deborah Anderson,45,Charlotte,2022-01-02
8563,Jennifer Anderson,25,Mesa,2023-01-16
6928,Emily Perez,55,Mesa,2022-11-22
6566,Mark Clark,64,San Francisco,2024-11-10
6589,Betty Lopez,35,Nashville,2023-01-10
1823,Lisa Garcia,62,Oklahoma City,2020-03-17
3572,Nancy Jackson,61,San Antonio,2020-08-16
3105,Karen Smith,33,Dallas,2023-11-07
6009,Karen Lopez,40,Phoenix,2025-08-27
2912,James Thomas,52,Tucson,2022-11-08
1280,Mark Anderson,57,Jacksonville,2020-07-15
1126,Matthew Lewis,18,Phoenix,2023-02-22
9670,Elizabeth Ramirez,65,Chicago,2024-03-28
9753,Elizabeth Anderson,26,Oklahoma City,2025-12-04
