EMP_ID,EMP_NM,DEPT_CD,SAL_AMT
6054,Paul Smith,Operations,132562
1890,Lisa Allen,IT,38019
4559,Karen Perez,Engineering,111799
9081,Karen Young,Finance,76876
2278,Karen Allen,Finance,136541
1456,Steven Davis,IT,67078
8338,Jennifer Clark,HR,53210
5779,Jessica Hernandez,Finance,73314
2197,John Young,Finance,43406
4457,Matthew Walker,IT,45227
5838,Paul Sanchez,Marketing,39158
1919,Daniel Thomas,Research,132191
3963,Lisa Lewis,Legal,69460
1705,Joshua White,Research,74654
5765,Matthew Jones,IT,33951
1702,Sarah Young,Research,142618
1715,Donald Harris,Finance,55274
9027,Mark Young,Engineering,56033
5155,Andrew Jackson,Research,124927
5142,Betty Smith,Legal,147294
1650,Amanda Rodriguez,Operations,89958
9598,Daniel Young,Finance,128048
5935,Donald Harris,Sales,98112
9591,Elizabeth Lee,Legal,134684
274,Daniel Thomas,Research,85297
3055,Jennifer Martinez,IT,78161
9733,Emily Johnson,Research,130321
4780,Anthony Moore,Finance,116844
4732,Elizabeth Thompson,Engineering,38777
8778,Nancy Jones,Research,91674
1397,Daniel White,Operations,75763
8862,Steven White,Sales,128092
9227,Karen Walker,IT,87520
6790,Andrew White,Legal,95227
3106,Emily Clark,Legal,89219
7098,Lisa Thompson,Finance,35758
7735,Robert Gonzalez,Customer Service,34147
2177,Deborah Allen,Sales,132123
3677,Anthony Walker,Legal,65541
9502,Deborah Williams,Legal,93100
2033,Jane Sanchez,Finance,38720
9149,Karen Hernandez,Marketing,41780
6183,Deborah Walker,Sales,123635
482,Steven Young,Engineering,71255
6119,Jennifer Martinez,IT,82662
419,Elizabeth Rodriguez,Customer Service,133638
4216,Mark Robinson,Finance,101574
5337,Nancy Jackson,Marketing,141708
7925,Ashley Walker,Marketing,65828
4720,Ashley Taylor,Customer Service,88720
4215,Daniel Hernandez,Legal,41934
1000,Robert Thompson,HR,39041
5482,Jennifer Sanchez,Operations,133301
2825,Elizabeth White,Legal,126807
7392,Andrew Moore,Sales,67818
1362,Elizabeth Jones,Research,87753
41,Jennifer Davis,IT,58141
3881,Matthew Thomas,Marketing,120049
8432,Dorothy Martinez,Customer Service,77064
8233,Anthony Ramirez,Operations,69447
3964,Donald Martin,Sales,114419
5215,Lisa Anderson,Operations,130905
4929,Emily Lee,Finance,110416
8797,Anthony Davis,Legal,126075
5323,Jessica Ramirez,Marketing,95670
9360,Jennifer Young,HR,135622
9781,Anthony Garcia,Customer Service,59404
5847,Emily Davis,Legal,147703
3743,Anthony Walker,Operations,148512
9706,Amanda Taylor,Customer Service,108624
2717,John Sanchez,Engineering,67206
2848,Robert Martinez,Sales,65842
2105,Dorothy Sanchez,HR,89426
2730,James Smith,Engineering,117664
638,Paul Young,Customer Service,114411
7714,Andrew White,Operations,50092
1230,Daniel King,Research,55398
1281,Amanda Lee,Operations,144591
1461,Robert Davis,Sales,144768
1857,David Anderson,Marketing,34759
9561,Paul Gonzalez,Engineering,83968
1962,Ashley Rodriguez,Legal,104172
4531,Joshua Johnson,IT,104962
9682,Daniel Jones,IT,61408
2953,Paul Jones,Operations,51657
7919,Robert Lewis,Research,78947
2797,Michael Martin,Operations,90955
9654,Steven Taylor,IT,122655
2549,Karen Taylor,IT,119652
5105,Amanda Sanchez,IT,39121
565,David Garcia,Operations,54003
9763,Karen Taylor,Operations,40293
7632,Nancy Sanchez,Research,73702
4798,Lisa Miller,Engineering,102937
5364,Mark Garcia,Sales,90457
3339,Michael King,Legal,114671
533,Dorothy King,Finance,120581
4526,Nancy Harris,Research,71507
2765,Robert Jones,Operations,133123
7053,Jessica White,Marketing,83099
