EMP_ID,EMP_NM,DEPT_CD,SAL_AMT
9693,Robert Johnson,Engineering,122333
7805,James Hernandez,Marketing,60382
7553,Andrew Lewis,Legal,54485
406,Andrew Davis,Customer Service,63436
8051,John Moore,Operations,50831
6867,Steven Taylor,Marketing,55214
8644,Karen Johnson,HR,78881
6577,Nancy Lewis,HR,107411
3239,Andrew Robinson,Legal,137981
4458,Dorothy Jones,Engineering,91605
2923,Paul Anderson,IT,124722
5544,Paul Wilson,HR,65408
2459,Betty Gonzalez,Sales,72008
1350,Lisa Garcia,Customer Service,89414
7616,Lisa Allen,Legal,44108
5954,Ashley Hernandez,Legal,113591
8233,Jane Williams,Research,79722
3294,Nancy Anderson,Marketing,110605
8509,Betty Taylor,Sales,80771
8200,Nancy Perez,HR,93805
4489,Donald Smith,Marketing,85308
7925,Emily Miller,Marketing,125303
7133,Christopher Sanchez,HR,141947
7142,Sarah White,Legal,80821
1496,Dorothy Young,Customer Service,141604
5692,Steven Moore,Operations,63146
9925,Christopher White,Customer Service,82200
1365,Jennifer Jones,Research,138107
5101,Lisa Allen,Sales,107418
2411,Daniel Anderson,Marketing,70622
4358,Christopher Rodriguez,Research,144840
8525,Michael Rodriguez,Operations,71734
5488,Ashley White,HR,90662
5262,Daniel Perez,Marketing,114654
6471,John Lee,HR,38119
4637,Dorothy Lewis,HR,135171
6160,Jane Brown,Sales,89933
1990,Mark Davis,HR,126123
4435,Sarah Anderson,Research,148636
388,Robert Williams,IT,62483
7272,Elizabeth Thomas,Engineering,85640
4192,Nancy Lewis,HR,115111
9979,Dorothy King,Customer Service,36996
5267,Lisa Rodriguez,Customer Service,45241
4949,Lisa Clark,Finance,101798
4094,Dorothy Allen,Finance,145056
192,Daniel Lewis,Legal,78637
1590,Ashley Brown,Legal,59220
507,John Jackson,Finance,95173
5091,Daniel Robinson,Research,47208
354,John Clark,Operations,142631
1544,Amanda Sanchez,Finance,42135
9243,Donald Johnson,Finance,92107
497,Lisa Walker,Customer Service,103433
1517,Emily Walker,Operations,130783
158,Dorothy Davis,Engineering,41592
5226,Karen Taylor,IT,73208
703,Daniel Martinez,Marketing,47716
1590,Andrew Young,IT,99030
5984,Lisa King,HR,96604
3605,Robert King,Marketing,133604
332,Anthony Gonzalez,IT,81553
536,Robert Lee,Marketing,87820
5409,Christopher Lopez,Sales,72098
4106,Elizabeth Lopez,HR,71697
4272,Jessica Brown,Legal,141253
385,Dorothy Wilson,Finance,114865
457,John Brown,Finance,98573
6639,Michael Smith,Legal,91024
3194,Emily Thompson,Sales,76991
3638,Robert Brown,Engineering,32013
7491,Karen Allen,HR,95891
1821,James Gonzalez,IT,112243
4464,Dorothy Johnson,Sales,114970
4558,Andrew Jones,Legal,140254
4658,Jane Jones,Legal,82438
3516,Deborah Jackson,Engineering,46732
4551,Matthew Wilson,Research,114445
3064,Michael Perez,Sales,112709
395,Sarah Martin,Operations,89876
9698,Dorothy Martin,Engineering,59588
6419,Andrew Miller,Marketing,86729
7616,Lisa Allen,Operations,49685
5854,David Harris,Customer Service,69892
7513,Robert Garcia,Customer Service,139421
3917,James Sanchez,Legal,111527
7573,Amanda Ramirez,IT,128432
7417,Lisa Jackson,HR,98688
6900,Matthew Clark,Customer Service,46062
1640,Michael King,Finance,116214
1514,Jennifer Gonzalez,Marketing,87862
2218,Dorothy Martin,Sales,34400
2752,Lisa Smith,HR,79062
897,Ashley Lewis,Legal,99143
8216,Amanda Williams,Operations,83299
6720,Matthew Gonzalez,Marketing,119051
1504,Joshua Allen,Finance,51118
4071,Lisa Wilson,HR,147471
219,Lisa Davis,Sales,48487
2389,Paul Hernandez,Marketing,124408
