C_ID,C_NAME,AGE_YRS,LOC_CD,REG_DT
2334,David Robinson,62,Fresno,2023-06-09
7820,Steven Jones,51,Fresno,2024-04-26
7618,Karen Harris,24,Fresno,2020-04-10
4963,Jennifer Walker,18,Seattle,2023-03-27
5595,Amanda Sanchez,66,Jacksonville,2025-02-13
9006,Mark Lee,59,Sacramento,2020-06-28
2541,Amanda Moore,66,Las Vegas,2024-09-17
2553,James Brown,69,Oklahoma City,2025-01-15
6328,Emily Smith,27,Charlotte,2022-01-15
8727,Steven Perez,60,New York,2025-04-03
5143,Jessica Martinez,62,Baltimore,2023-09-18
1084,Amanda Ramirez,65,Boston,2025-04-07
8400,Andrew Taylor,54,Chicago,2024-05-22
8628,Christopher Hernandez,69,Louisville,2025-11-13
7812,Daniel Taylor,54,Tucson,2023-06-18
3836,Christopher Martinez,33,Louisville,2023-10-28
9813,Amanda Clark,64,Kansas City,2020-06-22
7651,Jane Brown,29,Seattle,2023-10-04
3177,Sarah Young,43,Charlotte,2025-04-18
7605,James Anderson,47,Tucson,2024-06-08
2492,Nancy Davis,33,Sacramento,2023-06-12
3189,Lisa Wilson,60,San Antonio,2020-06-16
5494,Christopher Wilson,25,New York,2023-08-09
3371,Emily Miller,52,Dallas,2024-01-14
1845,Nancy Lopez,40,Nashville,2020-05-02
1516,Robert Moore,20,Tucson,2021-06-21
228,Mark King,67,Denver,2022-08-15
9079,Steven Walker,29,Sacramento,2021-02-10
9902,David Smith,54,Denver,2024-07-01
97,Anthony Smith,45,Los Angeles,2021-09-06
1161,Donald Hernandez,45,San Antonio,2024-11-23
9329,Anthony Walker,48,Dallas,2022-06-19
2006,Joshua Perez,65,Philadelphia,2020-05-20
1557,Betty Davis,57,Oklahoma City,2022-12-08
9625,Steven Hernandez,35,Mesa,2025-05-22
9941,John Jones,53,Denver,2025-08-05
8955,Donald Lewis,62,San Francisco,2025-08-23
9871,Jessica Thomas,64,Kansas City,2024-04-04
918,Anthony Clark,59,Oklahoma City,2020-05-22
9925,Sarah King,65,San Jose,2025-12-07
3446,Joshua Clark,27,Albuquerque,2025-08-04
3781,Sarah Miller,62,Los Angeles,2021-10-27
2993,Amanda Garcia,26,Albuquerque,2023-10-23
8193,Mark Lewis,20,Sacramento,2020-12-15
6190,Amanda Taylor,47,Houston,2025-01-22
7537,Lisa Wilson,60,Albuquerque,2025-07-25
7248,Matthew Walker,49,Washington,2022-10-20
7685,Dorothy Smith,22,Nashville,2025-10-16
1199,Nancy Clark,43,Albuquerque,2022-02-07
9794,Robert Robinson,36,Nashville,2022-08-06
1834,Donald Ramirez,21,San Jose,2021-12-25
5987,Nancy Perez,23,Phoenix,2020-07-26
8926,Andrew Brown,57,Charlotte,2020-12-23
1763,Mark Harris,66,Indianapolis,2020-03-09
844,Sarah Ramirez,19,Charlotte,2022-11-27
2817,Matthew Lee,37,Philadelphia,2022-10-01
3845,Christopher Gonzalez,29,San Antonio,2022-12-13
9886,Emily Harris,62,New York,2024-07-11
7211,Lisa Martin,51,Houston,2025-10-02
6588,Jessica Hernandez,57,Fresno,2025-05-14
270,James Davis,42,Las Vegas,2023-02-17
9484,Joshua White,43,Indianapolis,2024-09-05
1309,John Rodriguez,31,Fort Worth,2025-04-11
9266,Lisa Martinez,64,Dallas,2022-09-12
3895,Mark Gonzalez,36,Tucson,2023-12-22
2599,Amanda Rodriguez,27,Los Angeles,2020-06-01
4059,James Walker,53,San Francisco,2024-12-27
4742,Anthony Lee,68,Charlotte,2025-07-06
8277,Robert Perez,22,Dallas,2023-12-10
8496,Sarah Johnson,46,Dallas,2020-04-26
9507,James Clark,51,Fort Worth,2020-06-06
3642,John Allen,52,Austin,2020-11-20
4828,Andrew Harris,51,Charlotte,2022-11-17
9292,Robert Hernandez,35,Portland,2022-04-15
4208,Lisa Taylor,54,Albuquerque,2021-12-13
