EMP_ID,EMP_NM,DEPT_CD,SAL_AMT
2675,John Taylor,Marketing,148393
5555,Matthew Martin,Customer Service,141469
8729,Jessica Rodriguez,Legal,87231
342,Jessica Harris,IT,135966
4302,Daniel Jones,HR,98565
2859,Anthony Perez,Sales,143429
7090,Amanda White,Operations,78982
5712,Jessica Williams,Research,120216
5547,Amanda King,IT,108433
4901,Dorothy Jackson,Marketing,146938
4387,Christopher Lee,Engineering,30519
3961,Jessica Davis,Customer Service,109859
887,Emily Garcia,Engineering,93841
3289,Betty Rodriguez,Legal,39140
2432,Amanda Thompson,HR,63603
3611,Michael Young,Research,129139
2353,Daniel Hernandez,Marketing,104582
8741,David Rodriguez,IT,103034
3037,Michael Martin,HR,64089
4269,Karen Harris,Marketing,72899
8681,Karen Smith,Finance,83964
6236,Karen Williams,Research,56791
2821,Christopher Thomas,HR,105433
7907,Joshua Williams,Sales,79324
6686,Mark White,Research,149319
7108,Paul Clark,Sales,53467
2565,Matthew Martin,Legal,59996
9245,Ashley Davis,IT,104074
7648,Dorothy White,Operations,54567
8884,Betty Rodriguez,Engineering,72642
7887,Dorothy Rodriguez,Engineering,118130
3870,Deborah Martinez,Engineering,96620
9256,Elizabeth Thomas,Sales,140031
9077,Robert Martinez,Legal,139154
9725,Lisa Gonzalez,Marketing,75254
9728,Christopher Taylor,Operations,83339
1750,Elizabeth Rodriguez,Research,91439
2553,Betty Lewis,Sales,116852
5429,Sarah Lewis,HR,142281
5459,Michael Wilson,Engineering,69010
9928,Lisa Ramirez,Sales,137335
3294,Nancy Williams,Marketing,100948
4018,James Williams,Legal,123360
1580,Jessica Brown,Engineering,135962
9198,Betty Martinez,Operations,98120
6292,David Thomas,IT,145907
3156,Sarah Jackson,Sales,136464
7963,Lisa Gonzalez,HR,52394
8766,Jessica Jones,Sales,143612
8796,Lisa Thompson,IT,32088
1095,Mark Robinson,Marketing,36303
156,Ashley Harris,HR,131368
8908,Betty Allen,IT,99100
8039,Amanda Thompson,Finance,60768
5523,Donald Taylor,Research,46705
6287,Amanda Lee,Sales,48468
4228,John Perez,Research,108197
735,Joshua Young,IT,141981
2198,Amanda Smith,Marketing,60736
2177,Betty Perez,Engineering,59068
9834,Jennifer Martin,Research,105660
1918,Lisa Brown,Legal,73790
512,Elizabeth Anderson,Engineering,30613
3028,Donald Lewis,IT,117842
1095,Elizabeth Walker,Legal,125117
3443,Jessica Allen,Marketing,93536
4422,Betty Hernandez,Marketing,45053
6736,Steven Williams,HR,137771
8383,Sarah Lewis,Sales,42331
2136,Betty Ramirez,Research,112429
482,John Moore,HR,36510
7245,Anthony Miller,Sales,108992
102,Elizabeth Allen,HR,114277
6370,John Johnson,Operations,103187
8223,Michael White,IT,146166
8471,Anthony Jackson,Research,141906
5417,Michael White,Operations,132920
3945,Elizabeth Taylor,Engineering,44322
4565,Betty Lopez,HR,72360
6398,Karen Martinez,Marketing,84107
1833,James Allen,IT,115574
3290,Amanda Wilson,Engineering,36410
7928,Joshua Smith,Finance,105792
4970,Donald Gonzalez,IT,93845
5174,Paul Jones,Research,64994
8094,Daniel Miller,Marketing,80650
6721,Amanda Smith,Operations,67085
1943,Elizabeth Clark,Legal,138216
3657,Christopher Allen,Customer Service,100740
867,Matthew Lewis,Customer Service,38553
8684,Christopher Sanchez,Customer Service,68951
2432,Dorothy Taylor,Research,56948
3939,Elizabeth Walker,Customer Service,65906
3405,Sarah Williams,Customer Service,35394
313,John Taylor,Customer Service,69860
1795,Joshua Garcia,IT,142266
7246,Nancy Gonzalez,HR,58605
7504,Sarah King,Operations,34454
9678,Jane Lopez,Marketing,117868
2042,Emily Davis,Engineering,61520
