EMP_ID,EMP_NM,DEPT_CD,SAL_AMT
168,Donald Jones,Research,144209
6554,Lisa White,IT,46558
3422,Nancy Perez,HR,107000
9745,Lisa Lopez,Operations,63915
4289,Jane Martin,Customer Service,107842
9182,Deborah Robinson,Legal,142454
4675,Robert Smith,Engineering,61758
4493,Emily Thompson,Legal,89795
8610,Deborah Jones,Legal,103906
2004,James Brown,Sales,121163
8112,Mark Ramirez,Finance,138451
9360,Daniel Jackson,HR,119721
9491,Betty White,HR,140440
7290,David Hernandez,HR,102616
4877,Deborah Young,Engineering,116307
8202,David Walker,Sales,39367
1069,Dorothy Brown,Legal,90588
377,Christopher Garcia,Engineering,60008
7320,Lisa Rodriguez,Customer Service,44779
8732,Sarah Gonzalez,Operations,118687
6223,Daniel Jackson,IT,147300
9924,Lisa King,Sales,92803
7516,Sarah King,Research,52222
2932,Robert Jones,Operations,127425
1692,Amanda Clark,Legal,127028
3904,Steven Johnson,Legal,149198
7709,Amanda Lewis,Customer Service,40477
7656,John Lee,HR,80327
5498,Jane Rodriguez,Sales,123656
3013,Daniel Young,IT,47496
8158,Lisa White,Engineering,82523
6284,Andrew Jones,Customer Service,141763
7292,Andrew Johnson,Finance,40834
9473,Karen Smith,Finance,126545
1528,Sarah Walker,IT,85156
9803,Sarah Lewis,Engineering,47331
9601,Sarah Martinez,Marketing,84177
985,Andrew Sanchez,Research,42338
7822,Jessica Jackson,Legal,52502
75,Christopher Clark,Customer Service,65681
5995,Elizabeth Johnson,Sales,135242
1367,Daniel Wilson,Sales,106258
8202,Donald Ramirez,Finance,57534
3264,Karen Rodriguez,Engineering,67907
8391,Amanda Anderson,Sales,110744
23,Daniel Thomas,HR,113861
3613,Deborah Clark,Operations,86891
7227,Daniel Harris,Research,38603
942,Christopher Gonzalez,Customer Service,112603
2191,Lisa Thompson,Customer Service,118119
6394,Nancy Lewis,IT,80838
4534,Mark Brown,Research,135701
4722,Daniel Johnson,Operations,94711
9452,Daniel Brown,Research,135062
6871,Karen Johnson,Research,39625
2791,Karen Rodriguez,Customer Service,120026
2371,Amanda Lewis,HR,128656
1267,Dorothy Garcia,Legal,88002
6873,James Williams,IT,72647
4860,John Hernandez,Sales,31416
7798,Anthony Thomas,Operations,36235
856,Emily Smith,Operations,79320
7982,James Walker,Engineering,136667
8691,Karen Thompson,Legal,148313
3396,Jennifer Garcia,Marketing,94354
5527,Dorothy Robinson,Sales,137550
8394,Joshua Martinez,Finance,59046
4202,Betty Hernandez,Engineering,77842
3468,Dorothy Jackson,Customer Service,121318
3906,Jane Gonzalez,Sales,94862
1956,Nancy Martin,Engineering,103395
2199,Paul Jackson,Research,142405
1898,James White,Marketing,76183
4804,Christopher Harris,Engineering,122498
5929,Michael Lewis,Marketing,65234
1810,Emily Miller,Marketing,124263
5636,James Allen,Customer Service,103419
1917,Amanda Martin,Customer Service,43546
1595,James Rodriguez,Research,107701
5357,Lisa Gonzalez,Engineering,110455
4223,Deborah Rodriguez,Research,120575
4908,David Johnson,HR,35714
5507,Emily Davis,Customer Service,63719
5127,James Davis,Marketing,51836
1134,Dorothy Robinson,Legal,120482
9142,Karen Lewis,Customer Service,118468
4538,David Jones,Research,84801
1012,Betty Perez,HR,85887
667,Karen Taylor,Sales,61866
3113,Anthony Allen,Customer Service,134136
3210,Lisa Rodriguez,Operations,95210
495,Mark White,Customer Service,73084
6614,Joshua Harris,Finance,95626
7221,Daniel Martinez,Marketing,52109
5438,Christopher Hernandez,Legal,89068
2825,Sarah Martinez,Marketing,50176
6532,Jane Lopez,Operations,66399
767,Mark Perez,Finance,114882
7069,Jennifer Gonzalez,Sales,140551
6646,John Harris,Sales,134309
