C_ID,C_NAME,AGE_YRS,LOC_CD,REG_DT
9525,Nancy Gonzalez,62,Sacramento,2022-01-04
4703,Mark Thomas,56,Baltimore,2020-07-09
3131,Ashley Williams,32,Los Angeles,2020-08-09
5019,Daniel Lewis,70,Mesa,2024-10-18
2040,Joshua Lopez,52,Chicago,2021-04-02
605,Dorothy Hernandez,38,Houston,2025-04-14
5351,Emily Smith,48,Fresno,2025-09-20
8504,Betty Moore,30,Jacksonville,2023-10-05
6092,Karen Allen,37,Washington,2021-01-07
1332,Jane Jones,66,Portland,2023-10-01
5749,James Thomas,20,Washington,2022-09-14
9584,Daniel Rodriguez,55,Jacksonville,2025-10-25
2582,Donald Jones,67,San Diego,2023-04-15
9312,Jane King,26,Boston,2022-06-19
5463,Mark Jones,63,Washington,2020-11-02
3975,Michael Lopez,45,Mesa,2020-07-23
8112,Nancy White,53,Fresno,2025-06-07
4298,Christopher Martin,52,Nashville,2021-01-06
4862,Christopher Smith,24,Kansas City,2024-11-23
7354,Daniel Smith,65,Washington,2022-01-20
8368,Steven Lopez,21,Philadelphia,2020-04-20
9664,John Clark,43,Philadelphia,2022-01-01
8228,Joshua Martinez,60,Washington,2024-03-18
1017,Karen Moore,50,San Francisco,2024-05-11
5860,John Rodriguez,49,Jacksonville,2022-10-21
198,Elizabeth Hernandez,33,Sacramento,2020-10-01
3981,Ashley King,57,Columbus,2022-12-13
6677,Andrew Anderson,64,Oklahoma City,2022-06-02
4018,Sarah Lewis,56,Nashville,2020-06-27
9057,Nancy Brown,50,Seattle,2021-06-08
7603,Robert Lopez,42,Columbus,2021-04-02
9137,Anthony Taylor,66,Los Angeles,2025-08-14
4396,John Lewis,22,Washington,2021-07-10
2267,Joshua Martin,68,Fort Worth,2022-05-15
7509,Lisa Sanchez,26,Denver,2020-12-03
9187,Robert Rodriguez,59,Boston,2020-11-23
2158,Amanda Hernandez,22,Louisville,2020-06-26
237,Paul Williams,36,Kansas City,2021-09-28
8608,Jessica Anderson,61,Albuquerque,2025-10-05
2433,Anthony Davis,65,Baltimore,2025-10-08
5603,James Allen,26,Mesa,2022-04-10
7806,Dorothy Young,38,Dallas,2025-08-05
1807,Elizabeth Martinez,19,Seattle,2022-04-16
9136,Elizabeth Brown,48,Sacramento,2025-02-26
7276,Joshua Miller,63,Nashville,2021-07-04
6715,Anthony Hernandez,46,Nashville,2024-08-10
8032,James Miller,23,Las Vegas,2025-09-19
4379,Matthew Moore,18,Jacksonville,2024-07-14
8941,Michael Jackson,29,Portland,2022-01-11
5735,John White,34,Louisville,2021-08-10
4851,Lisa Clark,41,Fresno,2025-11-02
3793,Jennifer Martin,40,Kansas City,2024-11-22
5661,Anthony Anderson,32,Mesa,2025-05-12
5687,Amanda Brown,20,Denver,2025-05-15
243,David Walker,30,Las Vegas,2025-11-03
487,Nancy Lewis,67,Denver,2024-09-07
8639,Lisa Allen,18,Oklahoma City,2025-02-25
3735,Karen Walker,27,Baltimore,2020-07-17
1539,James Moore,58,Chicago,2024-11-15
7063,David Hernandez,58,Louisville,2023-06-09
7559,Matthew Robinson,31,Austin,2020-07-06
8999,Donald Perez,39,Indianapolis,2021-09-07
7423,Ashley Johnson,55,Fort Worth,2025-04-28
5377,Karen Miller,65,Seattle,2020-02-23
1175,Daniel Jackson,59,Sacramento,2023-12-20
6626,Lisa Lopez,68,Boston,2025-11-18
3546,Steven Jones,65,Portland,2021-12-03
6285,David Martinez,41,Louisville,2022-05-18
319,Karen Davis,22,Washington,2024-09-14
1538,Christopher Johnson,68,Boston,2025-04-21
9605,Sarah Martinez,45,San Diego,2024-04-24
673,Steven Johnson,67,Louisville,2020-08-28
3785,David Lopez,36,Louisville,2023-07-16
3960,Steven Harris,46,Milwaukee,2021-12-14
688,Andrew Clark,65,San Antonio,2023-11-28
