C_ID,C_NAME,AGE_YRS,LOC_CD,REG_DT
4046,Emily Robinson,57,Kansas City,2024-06-04
5555,Matthew Wilson,56,Sacramento,2020-03-03
2233,Jennifer Martin,44,San Jose,2023-07-09
4748,Lisa Young,61,Dallas,2022-10-03
1570,Paul Gonzalez,31,Dallas,2022-01-01
288,Joshua Johnson,60,Fort Worth,2024-04-19
6253,Matthew Jackson,28,Charlotte,2020-06-17
1524,Daniel Perez,27,Kansas City,2020-07-23
2619,Amanda Garcia,46,Tucson,2023-11-12
6116,Donald Clark,47,Boston,2022-01-06
7656,Emily Hernandez,35,San Antonio,2020-11-02
6779,Deborah Perez,31,Boston,2025-05-18
4920,Robert Wilson,63,Oklahoma City,2025-11-16
2319,Nancy Thompson,50,San Antonio,2021-01-20
2255,Sarah Hernandez,48,Philadelphia,2020-03-15
2761,Michael Anderson,38,Fresno,2025-12-09
7690,Amanda Young,38,Portland,2024-03-12
4502,Amanda Hernandez,19,Mesa,2024-09-17
323,Dorothy Rodriguez,49,Columbus,2022-05-21
6892,Deborah Johnson,35,Austin,2024-12-26
9628,Deborah Gonzalez,57,Washington,2020-06-16
7705,Anthony Young,30,Dallas,2023-03-11
1481,Donald Lewis,32,Columbus,2023-12-25
8260,Steven Anderson,28,Austin,2021-04-01
9396,Karen Allen,39,Seattle,2024-08-12
9326,Ashley Lewis,45,Dallas,2020-10-07
1649,Donald Perez,41,Jacksonville,2025-02-11
169,Christopher Harris,35,Phoenix,2025-05-06
6471,Jennifer Harris,23,Houston,2022-03-13
6650,Lisa Clark,22,New York,2024-04-16
7548,Karen Jackson,66,Jacksonville,2023-07-07
3762,Steven White,63,San Antonio,2025-08-04
7483,Amanda Wilson,38,Indianapolis,2024-03-11
1456,Christopher Gonzalez,27,Columbus,2021-08-09
9946,Andrew Robinson,66,Austin,2023-07-13
7632,Elizabeth Rodriguez,19,Columbus,2024-09-19
8700,Christopher Allen,54,Chicago,2024-12-27
9174,Deborah Harris,21,Columbus,2023-03-11
6924,Dorothy Young,25,Austin,2021-11-02
8167,Andrew Jackson,42,Portland,2021-02-26
1083,Donald White,34,Albuquerque,2021-07-01
7450,Deborah Hernandez,35,Washington,2020-03-14
6811,Matthew Lopez,59,Dallas,2020-10-04
3550,Mark Robinson,48,Philadelphia,2025-04-19
9687,Nancy Allen,33,Phoenix,2022-01-04
6252,John Clark,35,Austin,2025-03-24
2794,Andrew Gonzalez,19,Columbus,2023-03-15
3794,Steven Gonzalez,64,Indianapolis,2020-05-17
9491,Dorothy Robinson,49,Oklahoma City,2022-12-01
9255,Betty White,53,Houston,2020-05-26
8,James Jackson,44,Las Vegas,2024-10-17
1977,Ashley Clark,25,Fort Worth,2022-11-02
2176,Christopher Robinson,51,San Jose,2021-02-06
8701,Jessica Davis,41,Fort Worth,2024-06-18
8954,Robert Ramirez,69,Milwaukee,2024-11-16
5610,Michael Clark,26,San Francisco,2021-02-27
5679,Ashley Anderson,33,Austin,2024-07-11
6649,Mark Ramirez,54,Baltimore,2021-07-28
927,Ashley Jones,25,Milwaukee,2023-07-03
4583,Joshua Moore,60,Sacramento,2025-01-25
6030,Jessica White,25,Milwaukee,2023-10-28
359,Steven Lewis,32,Sacramento,2025-05-16
6078,Betty Lee,66,San Jose,2024-07-09
6429,Emily Ramirez,43,New York,2020-06-20
4879,Anthony Johnson,33,Chicago,2023-01-27
6136,Lisa Johnson,30,Fresno,2021-02-27
4840,Jessica Wilson,18,San Diego,2023-10-02
5967,Jessica Taylor,43,Nashville,2024-04-26
7139,Daniel Smith,43,Philadelphia,2025-11-01
848,Donald Williams,47,Fresno,2025-04-14
5770,Andrew Allen,48,Washington,2021-09-06
3509,Betty Williams,39,Fresno,2023-06-18
2375,Elizabeth Jones,55,Denver,2020-09-14
5210,Elizabeth Garcia,43,Oklahoma City,2021-02-12
2963,David White,69,Indianapolis,2021-11-18
