EMP_ID,EMP_NM,DEPT_CD,SAL_AMT
2698,James Perez,HR,46401
307,Betty Jackson,IT,48892
3737,Betty Thomas,Research,51954
5154,Amanda Johnson,Marketing,146848
8054,Andrew Brown,Operations,36341
1094,John Garcia,Operations,62155
6981,James Allen,Marketing,34049
4260,James Jones,Operations,117541
7090,Mark Lewis,Marketing,67581
1958,Andrew King,Operations,73158
1129,Andrew Johnson,Engineering,41662
4946,Robert Jones,Finance,116477
7629,Amanda Hernandez,Research,81231
4931,Daniel Martin,Operations,111539
5205,Amanda Lopez,Legal,128593
1966,Jessica Taylor,Customer Service,56974
8892,Mark Martinez,Legal,54750
2308,Daniel Thompson,Sales,110347
5029,Jane Lewis,Marketing,45111
3842,Sarah Wilson,Operations,117855
8825,Anthony Thompson,Customer Service,60239
6058,Karen Thompson,Sales,100373
527,Daniel Harris,Finance,72115
1015,John Lee,HR,101247
5875,Donald Lee,IT,67539
8033,Jane Garcia,Sales,141371
4282,Elizabeth Sanchez,Legal,95157
9929,Steven Perez,Sales,138616
4492,Michael King,HR,115692
9735,James Smith,Operations,98029
7473,Daniel Robinson,HR,39241
4625,Andrew Smith,Research,90404
9540,Andrew Lee,Customer Service,115271
6572,Jane Young,Operations,143720
7879,Andrew Johnson,Engineering,103959
6871,Anthony Jones,HR,71563
9761,Christopher Thompson,Operations,126028
8592,Jane Walker,Research,139848
6539,Nancy Garcia,Customer Service,85552
9530,Christopher Lopez,Research,75784
4177,Jessica Brown,Marketing,38968
9128,Mark King,Research,46991
1117,Nancy Harris,Legal,91608
7806,Jennifer Young,Engineering,145232
9070,Anthony Taylor,Engineering,73588
4017,David Brown,Operations,36414
3248,Mark Walker,Finance,97827
4583,Paul Miller,Customer Service,46323
1872,Michael Rodriguez,Marketing,117356
9718,David Robinson,HR,98720
6549,James Thompson,Sales,112107
9593,Matthew Brown,Research,114796
3025,Dorothy Thomas,Finance,64643
2879,Daniel Allen,Customer Service,55744
653,Jessica Taylor,HR,126141
6824,Elizabeth Perez,Sales,85969
4633,Dorothy Lopez,Customer Service,89094
4616,Michael Thompson,Sales,60403
9967,Matthew Sanchez,Marketing,136289
2223,Anthony White,Operations,95133
224,Joshua Walker,Legal,86078
5924,Lisa Sanchez,Operations,133053
1469,James Allen,Sales,87873
752,Jennifer Walker,HR,128395
2532,Amanda Gonzalez,Legal,134413
8829,Amanda Johnson,Engineering,89406
9239,Michael Robinson,Research,73746
4176,Deborah Jackson,Finance,137527
9987,Sarah Clark,IT,64825
6322,Joshua Young,Marketing,115511
6826,Mark Clark,Legal,61195
3444,James Lopez,HR,59957
1158,Paul Martinez,Customer Service,132195
4450,Emily Lewis,HR,37638
2364,Andrew Williams,Engineering,83045
4567,Nancy Martinez,Engineering,52944
7697,Nancy Davis,Operations,120146
3376,David Perez,Legal,101238
4042,Michael Williams,Legal,123227
2002,Daniel Williams,Operations,34067
2607,Steven Perez,IT,134539
351,Nancy Johnson,Operations,108646
3056,Nancy Perez,Operations,139831
371,Mark Martinez,Operations,67237
4989,Donald King,HR,119254
5926,Paul Thompson,Legal,41088
7348,Michael Lewis,Engineering,59461
9143,David Ramirez,Operations,83550
180,Joshua Martinez,Sales,78944
8717,Mark Brown,Sales,34788
5143,Ashley King,Legal,111711
9882,Lisa Sanchez,Marketing,132785
4940,Jane Jackson,Research,144086
9174,James Walker,HR,111190
807,Dorothy Brown,Operations,147424
5549,Steven Lopez,Finance,62390
5225,Ashley Robinson,Legal,82516
1100,Robert Anderson,Engineering,135670
3576,Daniel Sanchez,IT,149624
2190,David Rodriguez,IT,63746
