C_ID,C_NAME,AGE_YRS,LOC_CD,REG_DT
6579,Emily Davis,48,Dallas,2022-12-15
2069,Betty Sanchez,54,Phoenix,2020-12-10
9131,Nancy Clark,23,San Jose,2024-10-20
7942,Mark Robinson,58,Washington,2021-01-03
719,Jennifer Allen,34,Columbus,2025-01-10
9948,Amanda Jackson,28,Houston,2023-09-15
1680,Anthony Thomas,24,Dallas,2020-09-03
8316,Lisa Williams,70,Louisville,2020-08-21
2758,Dorothy Miller,38,Philadelphia,2020-04-15
652,Ashley Clark,37,Houston,2021-10-25
6911,John Moore,60,Indianapolis,2020-06-07
1046,Daniel Lewis,56,Columbus,2024-10-06
4203,Andrew Garcia,38,San Diego,2025-03-14
6288,Elizabeth Young,36,Austin,2024-05-20
2993,Emily King,36,Seattle,2021-10-14
7848,Daniel Sanchez,26,Indianapolis,2024-08-19
6594,Sarah King,29,San Jose,2021-05-26
4742,Betty Davis,51,Nashville,2025-03-10
4550,Lisa Harris,42,Charlotte,2025-10-12
5245,Michael Anderson,29,Nashville,2024-08-06
6307,Dorothy Wilson,37,Louisville,2025-01-01
5818,Daniel Thomas,43,Louisville,2022-02-02
7336,Ashley Harris,35,Philadelphia,2025-08-13
7165,Michael King,36,San Francisco,2021-10-08
5287,Lisa Taylor,23,San Antonio,2024-02-06
5617,Lisa Davis,40,Milwaukee,2020-06-10
1273,Dorothy King,39,Phoenix,2022-10-25
8339,Matthew Walker,32,Las Vegas,2023-11-15
2605,Elizabeth Walker,38,Phoenix,2025-01-10
6324,Jessica Young,67,Phoenix,2023-06-11
6588,Mark Sanchez,39,Fort Worth,2025-03-28
58,Jessica Harris,22,Oklahoma City,2024-05-20
6310,Christopher Gonzalez,28,New York,2024-10-13
5643,Mark Brown,39,Charlotte,2020-06-11
2730,Joshua Clark,44,Dallas,2021-09-18
880,Steven Perez,59,Kansas City,2021-05-11
9973,Elizabeth King,53,Indianapolis,2025-11-12
4788,David Hernandez,60,Mesa,2025-03-03
4450,Jane Lee,20,Chicago,2021-02-23
9645,Matthew Davis,23,Indianapolis,2025-11-07
6525,Jennifer Smith,23,Los Angeles,2023-04-20
2795,Paul Hernandez,62,Jacksonville,2025-12-28
6324,David White,68,New York,2021-02-20
9741,David Anderson,38,Phoenix,2020-12-13
3950,Dorothy Hernandez,34,Las Vegas,2020-10-02
656,John Lopez,45,Washington,2023-12-14
1647,Paul Garcia,34,Boston,2023-07-21
4869,Mark Lewis,21,Washington,2023-03-28
505,Anthony Allen,60,New York,2020-05-12
6080,Anthony Harris,33,San Francisco,2024-04-16
2348,Betty Martinez,26,Fresno,2025-03-27
6890,Steven Wilson,55,Kansas City,2021-09-25
8472,Lisa Sanchez,53,Boston,2024-10-23
5889,James Rodriguez,62,San Diego,2024-09-05
6602,Daniel Moore,49,San Jose,2020-09-18
4404,Robert Davis,57,Jacksonville,2025-01-25
925,John Thomas,36,Fresno,2024-07-28
6841,Betty Walker,37,Philadelphia,2023-09-19
406,Lisa Taylor,57,San Diego,2023-06-18
1678,Jane Clark,22,New York,2022-01-03
7400,Donald Miller,44,Portland,2022-02-09
5859,Robert Smith,22,Columbus,2024-02-26
2822,Jennifer Young,67,Baltimore,2021-06-21
8569,Matthew Allen,53,Austin,2020-01-26
3865,James Allen,20,Houston,2025-10-18
1324,Robert Anderson,60,Milwaukee,2021-09-28
3033,Daniel Harris,27,Chicago,2020-01-15
7489,Anthony Miller,65,Boston,2025-09-09
8684,Matthew White,38,Jacksonville,2024-02-27
9251,Sarah Jackson,45,Austin,2024-07-27
6286,Joshua Taylor,37,Fort Worth,2021-09-14
5339,Sarah Robinson,29,San Diego,2020-03-18
358,Jessica Walker,19,Seattle,2023-05-27
542,Jennifer Smith,53,Los Angeles,2022-11-17
1719,Mark Jones,28,Denver,2022-12-05
