C_ID,C_NAME,AGE_YRS,LOC_CD,REG_DT
9573,Amanda Anderson,65,Jacksonville,2025-04-01
8337,Deborah White,25,Las Vegas,2023-12-10
7243,James Young,52,Dallas,2022-03-25
4237,David Jackson,53,Baltimore,2021-02-26
1524,Jennifer Ramirez,22,San Diego,2021-10-18
7106,Karen Brown,30,Charlotte,2025-07-10
248,Andrew Lopez,34,Dallas,2023-04-25
3479,Paul Williams,64,San Antonio,2021-03-28
5664,Lisa Sanchez,43,San Diego,2024-09-05
2757,Deborah Martinez,20,Sacramento,2022-02-02
8754,David Smith,48,Mesa,2020-11-11
1347,Ashley White,18,San Jose,2023-01-13
6285,Mark Rodriguez,60,San Antonio,2023-11-25
9561,John Ramirez,24,San Diego,2024-08-14
3381,Deborah Harris,20,San Antonio,2024-02-04
5703,Lisa Ramirez,70,Oklahoma City,2021-11-10
8851,Sarah Sanchez,53,Los Angeles,2025-06-23
9547,Betty Ramirez,63,Washington,2025-02-19
7081,Matthew Rodriguez,33,Los Angeles,2022-05-23
2861,Daniel Walker,70,San Antonio,2024-02-07
663,Emily Martinez,50,Boston,2025-10-26
7878,Daniel Wilson,66,San Antonio,2021-07-09
8811,Paul Gonzalez,42,Los Angeles,2022-11-08
414,Christopher Garcia,35,Phoenix,2021-08-20
3164,Christopher Moore,48,Milwaukee,2023-09-07
4510,Joshua Perez,32,Houston,2021-02-10
9975,Christopher Martin,65,Milwaukee,2023-06-18
7858,Nancy Walker,41,Los Angeles,2021-12-09
3155,Donald Walker,70,Indianapolis,2025-10-04
9234,Anthony Moore,64,Austin,2022-09-03
5413,Betty Jackson,37,Los Angeles,2021-08-23
4475,Elizabeth Anderson,58,Charlotte,2020-12-10
2778,Dorothy Sanchez,23,Mesa,2020-10-24
7967,Sarah Johnson,44,Houston,2020-07-01
168,Sarah Johnson,26,Albuquerque,2023-07-19
2843,James Gonzalez,24,Washington,2021-10-09
7258,Matthew Garcia,21,Charlotte,2024-05-19
4603,Jane Sanchez,40,San Antonio,2021-03-10
438,Lisa Lee,54,Houston,2025-09-18
8228,Elizabeth King,21,Oklahoma City,2020-01-15
3401,Donald Allen,45,Las Vegas,2024-02-09
4158,Matthew Anderson,49,San Antonio,2025-05-17
5090,Robert Wilson,57,Albuquerque,2020-06-14
4968,Joshua Lee,37,Fort Worth,2025-11-20
1577,Jane Lee,56,Las Vegas,2022-05-04
7618,Ashley Williams,32,Albuquerque,2025-02-01
4898,Ashley Sanchez,70,Louisville,2021-11-07
597,Jennifer Moore,27,Tucson,2024-09-12
4799,Andrew Martinez,25,Milwaukee,2025-01-24
7312,Dorothy Johnson,52,Austin,2023-02-13
421,Paul Taylor,66,Louisville,2024-08-16
4184,Lisa Thomas,49,Seattle,2024-12-28
8812,Daniel King,29,Albuquerque,2024-09-18
3821,Lisa Allen,61,Jacksonville,2021-03-11
5575,Daniel Miller,24,Tucson,2020-07-22
5061,Lisa Gonzalez,49,Las Vegas,2022-12-05
9028,Daniel Moore,67,Tucson,2024-05-26
1856,Betty Thompson,46,Los Angeles,2021-12-19
3176,Amanda Perez,70,Jacksonville,2024-12-17
5019,Dorothy Gonzalez,46,Milwaukee,2021-03-04
7375,Michael Johnson,46,San Antonio,2022-09-13
5728,Jennifer Brown,23,Nashville,2020-12-23
5171,Anthony Lopez,38,San Diego,2022-12-11
978,Christopher Rodriguez,36,Indianapolis,2024-08-28
4968,Donald Anderson,31,Tucson,2025-11-21
865,Deborah Walker,36,Charlotte,2025-03-07
6281,Betty Lopez,37,Seattle,2020-06-01
2229,Amanda Smith,68,Kansas City,2020-03-23
2950,Steven Johnson,52,Milwaukee,2021-08-15
8616,Matthew Anderson,44,Boston,2020-08-11
1195,Donald Ramirez,40,Nashville,2022-10-20
6160,Betty Ramirez,51,New York,2022-12-28
6234,David Wilson,70,Chicago,2023-04-12
9999,David Allen,46,Portland,2025-07-04
1937,Deborah Williams,33,San Diego,2023-01-01
