C_ID,C_NAME,AGE_YRS,LOC_CD,REG_DT
4839,Donald Thomas,67,Portland,2024-10-15
3195,Donald Hernandez,36,Fresno,2024-10-04
6711,Anthony Robinson,32,New York,2023-11-10
4491,Jane Rodriguez,68,Tucson,2020-08-03
7880,Paul Anderson,35,Kansas City,2025-02-21
4007,Anthony Thompson,37,Portland,2024-06-23
2677,John Smith,39,Indianapolis,2022-06-12
8408,Paul Young,66,Kansas City,2022-02-22
2184,Andrew Garcia,49,Denver,2023-09-24
1567,Karen Rodriguez,69,San Antonio,2021-04-23
3275,James Robinson,61,Kansas City,2025-10-09
2219,Andrew Wilson,64,Louisville,2024-04-12
8022,Mark Clark,61,San Jose,2020-09-24
8300,Elizabeth Gonzalez,67,Fresno,2022-07-27
7365,Matthew Lopez,32,New York,2021-01-13
6779,Deborah Thomas,24,Dallas,2020-12-01
9709,Emily Perez,38,Milwaukee,2020-09-27
5896,Donald Johnson,27,Albuquerque,2023-06-05
4055,Ashley Robinson,57,Los Angeles,2024-10-08
627,Sarah Lee,55,Charlotte,2021-04-03
8278,Joshua Thomas,55,Charlotte,2021-08-07
9157,Christopher Williams,23,New York,2022-07-26
9196,Joshua Williams,64,Milwaukee,2022-03-03
3448,Anthony Perez,45,Portland,2023-08-16
6611,Mark Jones,63,Chicago,2023-02-13
8911,Elizabeth Young,38,Nashville,2021-10-07
3612,Matthew Davis,40,Kansas City,2020-03-14
5127,Michael Jackson,40,Indianapolis,2021-08-11
2293,David Smith,68,Indianapolis,2023-01-06
1793,Christopher Williams,57,Dallas,2022-07-26
8360,Sarah Martinez,67,Sacramento,2020-04-14
2100,Joshua Rodriguez,47,Portland,2025-07-25
1296,Sarah Martinez,58,Milwaukee,2025-12-21
3755,Paul White,51,Jacksonville,2021-12-18
4576,Paul Garcia,43,San Jose,2021-03-23
2087,David Davis,26,Las Vegas,2020-10-05
935,Anthony Thompson,45,Kansas City,2020-02-04
3440,Donald Smith,28,Fresno,2021-03-11
8461,Amanda Clark,48,Kansas City,2024-04-01
149,Ashley Brown,30,Washington,2023-01-22
745,James Davis,31,Nashville,2025-09-09
7771,Joshua Johnson,64,Seattle,2025-08-10
8408,Andrew Walker,38,Boston,2024-03-17
2980,Lisa Taylor,70,Baltimore,2024-11-13
9324,Michael Moore,65,Columbus,2022-01-05
4905,Amanda Anderson,34,Chicago,2021-11-26
8118,Andrew Martinez,68,Chicago,2021-10-09
4206,Andrew Lopez,41,Chicago,2020-09-16
7908,John Rodriguez,52,Las Vegas,2022-05-21
2641,Amanda Gonzalez,34,Chicago,2024-03-11
3385,Christopher Brown,45,Boston,2023-01-20
9013,Betty Sanchez,46,Nashville,2025-02-21
6673,Michael Harris,39,Sacramento,2023-12-21
1969,John Sanchez,68,Austin,2024-07-06
4509,Emily Taylor,32,Philadelphia,2025-02-11
2143,James White,24,Baltimore,2020-04-20
933,James Gonzalez,64,San Diego,2020-02-22
9027,Steven Lopez,32,Columbus,2024-03-05
7197,Jennifer Hernandez,30,Boston,2023-04-16
9008,Robert Martinez,57,Sacramento,2023-09-15
2625,Amanda Harris,60,Seattle,2020-04-23
9577,Deborah Garcia,52,Jacksonville,2020-04-25
2209,Nancy Taylor,27,Jacksonville,2020-12-11
6457,Joshua Walker,20,Louisville,2020-09-04
5563,James Walker,19,Chicago,2022-03-27
954,Nancy Davis,30,Louisville,2022-03-28
5922,David Ramirez,31,Sacramento,2020-11-13
7986,Daniel Allen,42,Nashville,2025-11-23
5361,Emily Walker,36,Chicago,2025-09-12
8673,Jessica Walker,62,Dallas,2020-06-01
8114,Amanda King,67,San Antonio,2023-12-02
1339,Mark Gonzalez,54,Seattle,2023-05-08
5461,Daniel Jones,27,Kansas City,2022-04-26
9833,Nancy Anderson,45,Albuquerque,2025-04-26
7820,John Brown,63,Los Angeles,2025-05-13
