EMP_ID,EMP_NM,DEPT_CD,SAL_AMT
6580,David Gonzalez,Research,56905
4888,Daniel Moore,Operations,84743
4003,Robert Martin,Marketing,38799
338,Michael Miller,Customer Service,57658
4474,Ashley Sanchez,IT,73571
7166,Robert Young,Operations,140942
4946,Lisa Hernandez,Customer Service,118718
1898,Robert Martin,Research,41526
3193,Mark Young,IT,133354
2251,Robert Hernandez,Operations,78714
7897,Robert Rodriguez,Customer Service,86304
1179,Elizabeth Lopez,IT,147900
3108,Amanda Thompson,Engineering,51975
6972,Lisa Gonzalez,Engineering,125623
3486,Michael Thomas,Operations,141672
6781,Michael Williams,Legal,115774
6132,Robert Brown,Finance,51023
4754,David Johnson,Legal,54875
5470,Matthew Rodriguez,Customer Service,65913
691,Jane Walker,Sales,81052
3001,Sarah Jones,Marketing,140942
9968,Jessica Smith,Sales,145897
803,Michael Harris,Operations,70548
9230,Lisa Sanchez,Sales,105320
4381,Ashley Williams,Research,135182
5943,Amanda Thomas,IT,72085
6906,Andrew Lee,Customer Service,89651
515,Dorothy Lee,Finance,123757
6985,Dorothy Ramirez,Marketing,123072
4905,Lisa Garcia,Legal,136487
6876,Nancy Lopez,Customer Service,91394
4771,Lisa Lewis,Marketing,70521
8638,Robert Robinson,HR,64589
4724,Jennifer Young,IT,49619
9948,Christopher Davis,IT,108620
5587,Deborah Martinez,IT,138231
3566,Nancy Walker,Finance,75793
1990,Karen Lee,Engineering,90055
8986,Robert Garcia,Sales,32445
2121,Amanda Sanchez,HR,109505
4628,Joshua Young,Engineering,58366
5979,Mark Young,Sales,51473
7019,Michael Jones,IT,148808
4397,Robert White,Engineering,64247
892,Mark Jackson,Sales,104615
5844,Jennifer Hernandez,IT,114331
6374,Sarah White,Legal,67159
8089,Emily Martin,Customer Service,34769
1326,Dorothy Young,Operations,63219
5271,Matthew Perez,Operations,64645
9473,John Anderson,IT,102959
3380,Lisa Sanchez,Operations,141350
1434,Robert Williams,Customer Service,134530
2905,Anthony Johnson,Sales,113636
7664,Anthony Sanchez,Engineering,55415
2421,Nancy Lee,IT,107673
4024,Lisa Hernandez,Sales,130825
6577,Andrew Allen,Operations,67313
7916,Anthony Brown,IT,92979
23,Emily Jones,Operations,125288
432,Lisa Garcia,Sales,85176
9846,John Thompson,Sales,94819
365,Andrew King,Engineering,34806
8822,David Walker,HR,79275
8265,Elizabeth Anderson,IT,75793
7279,Ashley Brown,IT,97240
5720,Jennifer Jones,HR,107357
4920,Mark Moore,Engineering,56093
8197,Donald White,HR,85269
5422,Sarah Harris,Marketing,91292
3579,Karen Lewis,Customer Service,118773
6735,Joshua Harris,Engineering,96592
9072,Jessica Thompson,Legal,63793
7002,Anthony Garcia,Marketing,134602
5708,Anthony King,Sales,134960
4164,Sarah Hernandez,HR,103508
5517,Karen King,Operations,85025
9093,Robert Walker,Sales,64053
8168,Paul Garcia,HR,75650
3184,Andrew Thompson,Marketing,50096
8301,Lisa Allen,Engineering,83418
781,Mark Perez,Legal,130099
7945,Betty Brown,Marketing,57139
8676,Jessica Robinson,Engineering,106277
6793,Sarah Young,Engineering,129023
8530,Lisa Young,Engineering,145606
3130,Karen Hernandez,Customer Service,89106
1877,Deborah Davis,Sales,80503
241,Betty Lewis,Operations,44205
7288,Deborah Martinez,Finance,142641
5534,John Allen,Marketing,42973
3169,David Lewis,IT,52510
8672,Joshua Lopez,HR,62136
8862,Donald Moore,Legal,134881
6383,Emily Sanchez,Engineering,99506
8121,Betty Martinez,Legal,127527
8948,Anthony Ramirez,Customer Service,65816
4961,Michael Moore,IT,147644
3058,Deborah Clark,Engineering,64190
3054,Christopher Smith,Sales,44587
