EMP_ID,EMP_NM,DEPT_CD,SAL_AMT
2532,Donald Johnson,IT,122921
6539,Steven Lopez,IT,132987
1218,Mark Taylor,Finance,82826
2566,Deborah Garcia,Customer Service,33109
25,Karen Sanchez,Research,36049
8341,Elizabeth Anderson,Research,145883
9432,Robert Wilson,HR,112088
2299,Paul Ramirez,Customer Service,103842
4416,Joshua Martinez,Customer Service,97540
9095,Anthony White,Legal,96160
9543,James Ramirez,Customer Service,53472
8157,Anthony Martinez,Engineering,49740
4536,Jennifer Gonzalez,Customer Service,71740
1210,Anthony Perez,Engineering,95717
4984,James Garcia,Customer Service,118182
3266,Daniel King,Research,104772
8726,Joshua Rodriguez,Marketing,54368
3634,Matthew Hernandez,Operations,31231
6626,Mark Robinson,Research,38488
1076,James Brown,IT,141145
351,Ashley Ramirez,Marketing,94511
2899,Jessica Brown,Marketing,106840
2723,Matthew Thomas,HR,127874
3283,Jane Gonzalez,Engineering,125975
946,Steven Lopez,Engineering,57217
5869,Betty Thomas,Legal,62307
7031,Joshua Miller,Legal,122197
1010,Jessica Smith,Sales,130965
6412,Robert Harris,Engineering,91522
5231,Robert King,Research,131820
4710,John Harris,Customer Service,137883
5788,David Young,Operations,94620
2684,Jessica Smith,Engineering,64899
7418,Joshua Thompson,Legal,83780
9231,Amanda Smith,HR,117912
473,David Hernandez,Operations,73474
571,David Martinez,Sales,115513
9750,Donald King,Legal,136805
8044,Matthew Wilson,Marketing,131943
8895,Robert Harris,Customer Service,128424
5083,Emily White,IT,140930
193,Michael Martin,Operations,38723
7252,Jennifer Anderson,Marketing,80901
4434,Sarah Miller,Operations,129810
7927,Robert Allen,Legal,42542
4625,Joshua Lewis,Legal,95952
8422,Betty Lee,Research,39887
8628,Deborah Johnson,HR,51641
1575,Deborah Thompson,Legal,99023
5784,Lisa Ramirez,IT,76308
4031,Elizabeth Taylor,IT,80524
6623,Michael Miller,HR,36907
5946,Robert Davis,Sales,34384
8503,Elizabeth Clark,Marketing,52159
3098,Robert Smith,HR,76616
2134,Dorothy Williams,Marketing,134082
4129,Elizabeth Brown,IT,66940
423,Karen Jackson,Customer Service,35822
2045,Joshua Williams,IT,91656
1430,Robert Moore,Engineering,126621
5159,Michael Williams,Marketing,102343
1406,Anthony Rodriguez,Research,91250
8652,Lisa Johnson,Finance,111861
9516,Ashley Gonzalez,Sales,129672
4796,Andrew Miller,Engineering,107186
3676,Nancy Hernandez,IT,71965
3072,Sarah Jackson,Operations,47307
9897,Jessica Martin,Marketing,137630
762,Ashley Perez,Legal,91709
1303,Matthew Harris,Legal,144754
5138,Donald Taylor,HR,95500
5979,Jessica Ramirez,Engineering,88118
5784,James Smith,Legal,146005
5836,Ashley Lee,Finance,36152
5808,Jane Johnson,Sales,42264
194,Mark Rodriguez,Sales,107199
2218,Betty Wilson,Engineering,94594
4863,Jane Lee,Sales,79234
999,Nancy Johnson,Legal,116694
5048,Deborah Harris,IT,90346
4109,James Davis,Customer Service,90653
62,Jessica Perez,Engineering,129464
4309,James Martinez,Customer Service,120317
4633,Daniel Clark,IT,99852
5300,Jennifer Smith,Marketing,48855
933,Jennifer Rodriguez,Legal,134407
4478,Emily Anderson,Engineering,101454
9555,Karen Walker,IT,59760
4569,Anthony Davis,Sales,128005
8698,Donald Thompson,Customer Service,42450
6196,Jessica Perez,Finance,128580
4358,Lisa Taylor,Sales,79709
7076,Joshua Jackson,Sales,109187
8136,Ashley Garcia,Engineering,35956
2822,Christopher Lee,Finance,94350
6986,Nancy Taylor,Sales,106985
9607,Donald Harris,Operations,131060
3253,Anthony Jackson,Marketing,113610
3911,Steven Brown,Sales,140085
4492,Mark Clark,Legal,77219
