C_ID,C_NAME,AGE_YRS,LOC_CD,REG_DT
6414,Ashley Taylor,48,Albuquerque,2020-06-10
790,Matthew Moore,21,Jacksonville,2023-08-28
4600,Michael Lewis,20,Charlotte,2021-09-05
10,Elizabeth Miller,25,Albuquerque,2024-01-22
1483,Christopher Harris,55,Milwaukee,2022-03-24
5627,Christopher Lewis,66,Sacramento,2020-05-09
487,Jessica White,27,Albuquerque,2020-06-08
2094,Andrew White,62,Chicago,2024-01-20
5631,James Allen,23,Indianapolis,2020-01-02
4597,John Miller,37,Columbus,2023-07-26
1344,Nancy Jackson,32,San Antonio,2021-04-06
1640,Jane Brown,69,Baltimore,2022-08-20
1462,Mark Brown,36,Kansas City,2021-07-11
2700,Anthony Davis,50,New York,2025-04-13
8379,Lisa Lopez,30,San Francisco,2025-08-19
368,Steven Jones,69,San Jose,2023-05-18
4346,James Jones,40,Philadelphia,2022-04-28
9009,Jessica Wilson,66,Nashville,2021-12-11
5748,Joshua Jackson,19,Columbus,2022-02-04
3721,Anthony Garcia,39,Milwaukee,2021-06-08
9700,Michael Gonzalez,43,Albuquerque,2024-10-14
3794,Andrew Taylor,60,Portland,2023-03-07
4220,Lisa Robinson,54,Washington,2025-04-12
4726,Jessica Robinson,39,Kansas City,2022-02-02
9258,Matthew Clark,63,Charlotte,2021-02-04
3974,Matthew Jones,44,Los Angeles,2025-08-02
9265,Ashley Martinez,50,Milwaukee,2021-02-01
9649,Sarah Anderson,46,Dallas,2020-09-26
8504,Robert Clark,21,Nashville,2021-03-23
752,Daniel Walker,32,Baltimore,2024-07-12
694,Nancy Miller,18,Philadelphia,2025-10-05
7616,Christopher Lee,39,New York,2020-08-01
2527,Emily Martinez,48,Philadelphia,2025-10-24
3040,Jessica Gonzalez,43,Sacramento,2025-06-12
7141,Andrew Jackson,22,Houston,2025-11-26
9494,Steven Williams,33,Philadelphia,2021-11-11
2094,Christopher Garcia,56,San Antonio,2023-02-10
3132,Amanda Smith,36,San Francisco,2024-01-09
9086,Anthony Williams,39,Sacramento,2025-07-22
9970,Elizabeth Thompson,38,Fresno,2020-02-23
8713,Joshua Young,34,Seattle,2023-12-11
5840,Deborah Clark,22,Mesa,2025-04-21
5275,Lisa Davis,41,Jacksonville,2023-08-09
3007,Nancy Smith,43,Oklahoma City,2025-03-28
277,Jessica Jones,38,Austin,2021-07-08
9271,Dorothy Anderson,45,Washington,2022-06-28
3927,Nancy Jackson,24,San Antonio,2020-03-15
5140,Donald Garcia,49,Houston,2024-06-14
8024,Paul King,58,Denver,2022-05-11
583,Emily Jones,65,New York,2021-04-27
5364,James Gonzalez,31,San Diego,2020-10-10
9528,Christopher White,44,Charlotte,2024-10-12
1361,Sarah King,26,Mesa,2023-07-04
853,John King,43,Tucson,2025-11-27
1099,John Young,28,Los Angeles,2021-07-03
7040,James Thomas,58,San Antonio,2020-03-25
1618,Deborah Taylor,35,San Francisco,2020-03-02
766,Emily Lopez,48,Philadelphia,2022-11-27
9817,David Hernandez,57,Boston,2024-11-25
813,Betty Davis,40,Phoenix,2024-12-02
4078,Nancy Smith,64,Houston,2024-08-18
454,Emily King,36,Houston,2024-10-19
7092,Matthew Perez,18,Charlotte,2023-10-22
7123,Daniel Rodriguez,69,Austin,2022-10-23
1478,Lisa King,26,Albuquerque,2020-03-10
9876,Mark Rodriguez,37,Tucson,2021-02-26
5168,Steven King,65,Tucson,2022-06-26
7483,Andrew Taylor,61,Kansas City,2023-12-13
2520,Betty Jones,67,Louisville,2022-07-22
2086,Karen Walker,19,Houston,2021-06-16
8397,David Robinson,35,Houston,2023-10-09
2947,Anthony Martin,18,Denver,2020-04-07
970,Robert Martin,32,Charlotte,2021-02-03
9395,Sarah Robinson,48,Fort Worth,2025-07-06
3518,Jennifer Allen,39,Nashville,2023-05-11
