EMP_ID,EMP_NM,DEPT_CD,SAL_AMT
7995,Karen Davis,Finance,36064
4259,Jennifer Martin,Marketing,71043
5434,Dorothy King,Marketing,132591
6276,Matthew Davis,Finance,94027
1743,Mark White,Legal,36184
2877,Mark Lopez,Legal,136582
8669,Donald Hernandez,HR,35930
5927,Nancy Moore,HR,146129
4032,David Miller,Marketing,125541
4714,James Wilson,Research,56713
5765,James Harris,Operations,94024
8364,Sarah Allen,Finance,114390
5964,James Martinez,HR,137266
6723,Lisa Hernandez,Customer Service,82143
7649,Donald Allen,Marketing,123865
5899,Christopher Taylor,Operations,138927
4580,Steven White,Marketing,50017
9,Lisa Walker,Marketing,144707
7220,Lisa Miller,Finance,119767
6546,Dorothy Martinez,Finance,129319
6278,Michael Gonzalez,IT,134267
2204,Dorothy Anderson,Marketing,62200
2559,Lisa Lopez,Operations,31969
9970,Emily Smith,Operations,45960
4915,Amanda Taylor,Marketing,109188
6411,Amanda Sanchez,Research,114049
6076,Paul Clark,Sales,127094
4890,Daniel Harris,HR,123083
6864,James Robinson,Marketing,91620
2494,Steven Robinson,Engineering,147930
9594,Jessica Taylor,HR,76982
5386,Matthew Thompson,HR,49043
5456,Daniel Taylor,Finance,130908
4311,James Brown,Legal,39202
4363,Paul Allen,Sales,53492
7307,Karen Smith,Customer Service,41073
1828,Lisa Robinson,Customer Service,93898
5310,Andrew Brown,HR,127138
8596,Robert Williams,Sales,129050
3669,Lisa Jones,Operations,111987
8077,Steven Thomas,Engineering,142925
485,Andrew White,Research,142647
3755,Amanda Thompson,Finance,104766
318,Karen Moore,Finance,49085
8618,Emily Ramirez,Sales,90867
705,Ashley Martin,Sales,43813
4619,James Young,Legal,50480
649,Robert Brown,Customer Service,99351
8829,Betty Thompson,HR,51894
4501,Mark Young,Research,144215
7971,Elizabeth Gonzalez,Customer Service,87730
3727,Betty Williams,Engineering,92275
9158,David Lewis,Marketing,63086
8059,Jennifer White,Operations,66952
9388,Lisa Williams,Operations,115274
9587,Elizabeth Young,Engineering,82700
2110,Jane Gonzalez,HR,55296
792,Sarah Lee,Operations,60976
800,Daniel Wilson,Sales,141448
3491,Lisa Garcia,Legal,113952
4737,Robert Perez,IT,61645
9514,David Sanchez,Customer Service,138257
2156,Paul Taylor,Legal,43711
2446,Emily Martin,Finance,107671
7688,Emily Taylor,IT,133073
6381,Sarah Taylor,Engineering,45553
7664,Christopher Perez,HR,44489
3167,Christopher Sanchez,IT,146524
1688,Daniel Hernandez,Customer Service,89432
7090,Emily Lee,Operations,70438
9713,Michael Clark,Research,97232
309,Karen Hernandez,Legal,135856
9347,Donald Rodriguez,Engineering,137195
2413,Joshua Gonzalez,IT,128374
6962,Michael King,Legal,44381
7247,Jane Davis,Customer Service,141171
1908,Lisa Martin,HR,68187
4094,Lisa Moore,Marketing,86354
3427,Betty Smith,Customer Service,63012
9074,Donald Clark,Customer Service,78224
5019,Ashley Perez,HR,88948
9698,Matthew Martinez,Engineering,71068
3342,Deborah Williams,Marketing,61147
2053,Paul King,Sales,111529
1205,Amanda Smith,Sales,37119
7427,Michael Young,Research,138862
3080,James Allen,HR,89259
5755,Joshua Jackson,HR,80799
8303,David Perez,IT,132269
3615,Robert Sanchez,HR,86241
6883,Deborah Wilson,HR,149027
5900,Michael Brown,Engineering,110107
8205,Robert Smith,Sales,58421
4459,Anthony Allen,Operations,32065
7388,John Walker,Engineering,34750
8612,Donald Clark,Operations,35564
6613,Lisa Thompson,Operations,96433
2403,Ashley Jackson,Engineering,68805
8234,Emily Jackson,IT,130732
7460,Steven King,Operations,97617
