EMP_ID,EMP_NM,DEPT_CD,SAL_AMT
293,Daniel Rodriguez,HR,129939
5986,Daniel Wilson,HR,72848
7200,Jane Martinez,Research,130829
5103,Lisa Jones,Customer Service,140772
21,Lisa Moore,Sales,58598
8538,Michael Garcia,Customer Service,48305
9272,David Ramirez,IT,110956
7958,Elizabeth Lee,HR,107643
1994,Betty Taylor,Sales,87309
1968,Lisa Lee,Customer Service,105919
9974,Andrew Taylor,Finance,110455
6743,Daniel Thomas,IT,37423
9394,Sarah Miller,Sales,135145
3419,Lisa White,Engineering,58783
524,Paul Williams,Marketing,63758
9131,Jessica Martinez,IT,128806
557,Jane Garcia,IT,83038
6865,Jennifer Lewis,Engineering,89087
2777,Dorothy Perez,Finance,145614
99,Steven Garcia,Marketing,36398
5168,Jennifer Johnson,Marketing,105927
7250,Robert Thompson,Finance,72137
4059,Lisa Walker,IT,61665
348,Amanda Davis,Customer Service,32661
2122,Lisa Garcia,Legal,55128
6319,Jessica Garcia,Sales,35689
7862,Jane Sanchez,Customer Service,71968
7692,Emily Lewis,Sales,67413
8138,Ashley King,Customer Service,68219
8382,Nancy Hernandez,Marketing,117077
6364,Donald Martinez,Sales,49146
8711,Steven Walker,Legal,40913
1354,Matthew Clark,Customer Service,130677
771,James King,Legal,120622
8146,Karen Walker,Marketing,54056
5178,Ashley Robinson,Operations,114513
2921,John Lopez,Legal,144359
2188,Betty Taylor,Engineering,140655
5871,Betty Rodriguez,Customer Service,42404
4812,Lisa Wilson,Legal,106805
5480,Robert Lee,Customer Service,117837
1011,Emily White,Operations,103256
7080,Lisa Robinson,Operations,117252
8117,Betty Smith,HR,72580
4871,Elizabeth Allen,HR,135185
9241,Ashley King,Customer Service,49784
8881,Daniel Perez,Finance,142012
7816,Robert Perez,Engineering,75229
8798,John Thompson,Engineering,78025
7955,Sarah Young,Customer Service,96407
2934,Anthony Williams,Operations,49376
1794,Matthew Anderson,Operations,128057
2025,Christopher Martinez,IT,148584
6361,Donald Clark,Finance,86688
2040,Ashley Lee,Legal,40749
7943,Joshua Lee,Customer Service,142553
3869,Amanda Gonzalez,Operations,43864
3596,David Sanchez,IT,120365
1558,Amanda Wilson,IT,61029
2758,Paul Sanchez,Finance,51912
2469,Elizabeth Jones,Marketing,142410
6071,Robert Lee,Marketing,80151
2361,Andrew Perez,Customer Service,43642
7136,Steven Martin,Marketing,56908
5971,Mark Lopez,Customer Service,113070
4626,Lisa Lopez,Engineering,97795
3521,Elizabeth Thomas,Finance,94394
3500,Donald Davis,IT,135849
4027,Sarah Jackson,Marketing,55226
9381,Emily Johnson,Finance,134373
8041,Deborah Anderson,Sales,99093
8818,Joshua Moore,Finance,49954
8765,Emily Lopez,Operations,78806
3149,Michael Anderson,Sales,89064
1966,Robert Clark,IT,107267
2838,John Miller,Operations,90678
576,Michael Rodriguez,Sales,63630
2998,Deborah Martin,Sales,81725
968,Steven Lopez,Finance,40827
1768,Ashley Lee,Research,106369
7810,Anthony Clark,Engineering,134646
5904,Lisa Perez,HR,99030
897,David Martin,Operations,87764
7172,James Miller,Sales,140080
3860,Betty Thompson,Operations,87756
9667,Steven Harris,Customer Service,67082
7976,David Jackson,IT,56375
9506,Daniel Young,Sales,81672
2331,Karen Lewis,Marketing,144844
5916,Steven Ramirez,Finance,142167
5884,Donald Clark,Marketing,82719
7878,David Perez,Marketing,65037
2087,Elizabeth Garcia,Operations,59507
7107,Robert Gonzalez,HR,135593
1518,Jane Allen,Research,38293
2728,Steven Perez,HR,70150
7065,Deborah Sanchez,Finance,113661
6670,Karen Davis,Research,82847
2914,Lisa Ramirez,HR,140094
3109,David White,Marketing,59660
