EMP_ID,EMP_NM,DEPT_CD,SAL_AMT
9053,Christopher Walker,Customer Service,60849
884,Steven Ramirez,Engineering,76601
6124,Deborah Moore,IT,141617
3850,Ashley Williams,Operations,130549
5123,Andrew Clark,Engineering,37082
8954,David Clark,Research,101710
6703,Betty Jackson,IT,129618
6863,Jane Lopez,Legal,43964
4049,Paul Jones,Operations,128077
2519,Robert Jones,Customer Service,34930
7567,Paul Robinson,Sales,106405
5990,Lisa Perez,Legal,113621
3491,Sarah Allen,Research,49212
9952,Betty Rodriguez,Marketing,130806
7840,Lisa Lee,HR,81931
5037,Jennifer Martin,Legal,91904
4700,Nancy Anderson,IT,108680
7755,Andrew Ramirez,Legal,39187
5157,Lisa Robinson,Operations,92439
2243,John Clark,Marketing,96076
3168,Dorothy Anderson,Research,134735
4566,Daniel Walker,Engineering,91298
9016,Sarah Brown,Customer Service,37325
6279,Karen Jackson,Marketing,61082
9042,Joshua Lewis,Research,97050
7290,Paul Allen,HR,84780
5255,Michael Lewis,HR,127143
3195,Karen Wilson,Finance,87247
7723,Deborah Walker,Customer Service,140608
6969,Anthony Gonzalez,Customer Service,134905
3522,Daniel Thompson,Operations,100760
1362,Christopher Wilson,Legal,145423
8208,James Hernandez,Customer Service,45165
7412,Deborah Anderson,Operations,116680
3369,Lisa Brown,Sales,130595
5122,Donald King,IT,59246
890,David Walker,Sales,143793
6283,Ashley Sanchez,Marketing,90754
598,Jessica Thomas,Engineering,38255
7239,Joshua Jones,Customer Service,103034
7965,Elizabeth Smith,IT,56791
6571,Anthony Brown,Research,45708
2920,Ashley Rodriguez,Legal,99171
6009,Jessica Anderson,Marketing,123388
2081,Lisa Brown,Engineering,67485
4589,Robert Brown,Finance,146132
6722,Dorothy Gonzalez,Finance,56961
4714,Steven Ramirez,Customer Service,75004
7487,Jane Ramirez,Finance,96217
15,Deborah Harris,Research,31926
4844,James Miller,Marketing,69860
1609,Betty Gonzalez,Engineering,119149
2197,Paul Hernandez,Legal,74997
4304,Steven Lee,Finance,116430
9819,James King,Engineering,75997
6905,Dorothy Young,Sales,51182
5594,Steven King,Legal,53411
461,Jane Brown,Customer Service,92998
5803,James Taylor,Research,133194
5305,Jane Jones,Engineering,125671
5570,Elizabeth Perez,Sales,65464
2299,Lisa Harris,Operations,97191
8357,James Lopez,Finance,72513
4502,John Williams,Engineering,136549
3136,Mark Lee,Sales,135632
306,Lisa Thompson,Customer Service,48877
6029,Lisa Young,Engineering,130070
7895,Elizabeth Garcia,HR,45759
4407,Lisa Lewis,Customer Service,92818
4606,Paul Brown,Finance,134265
3269,Michael King,HR,47473
5764,Betty Perez,Customer Service,33451
6386,Steven Harris,Legal,141915
4361,Lisa Allen,Marketing,114306
5147,Deborah Brown,Customer Service,87410
3622,Anthony Hernandez,Marketing,137246
9963,Betty Martin,Engineering,50714
4779,Lisa Anderson,Finance,39851
9466,Amanda Martinez,Legal,129131
9038,Andrew Ramirez,Operations,65108
4160,Joshua Jones,IT,55535
1857,Emily Lopez,Finance,130500
3492,John Garcia,Marketing,35889
3664,Michael Perez,Marketing,45743
2751,David Clark,Marketing,95394
2244,Karen White,IT,83347
8416,Sarah Brown,Engineering,68273
6753,Robert Lee,HR,100456
4922,Mark White,Finance,94448
5691,Paul Perez,IT,92231
6379,Michael Harris,IT,30269
9286,Nancy Lee,IT,82688
1742,Deborah Ramirez,Engineering,122577
2005,Sarah Clark,Legal,49238
8475,Jennifer Moore,HR,67783
5305,James Lewis,IT,35238
2379,Steven Young,Marketing,79943
449,Mark Perez,Marketing,141427
3576,Mark Gonzalez,Finance,101910
1188,Ashley Garcia,Customer Service,99236
