C_ID,C_NAME,AGE_YRS,LOC_CD,REG_DT
3709,Daniel Young,22,Las Vegas,2024-09-15
124,Karen Lee,50,Indianapolis,2022-01-19
9410,Michael Lee,46,Milwaukee,2023-04-10
9098,Ashley Young,63,Charlotte,2020-11-24
9364,Elizabeth Smith,43,Baltimore,2023-01-22
4628,Dorothy Williams,25,Seattle,2020-01-24
6069,Karen Brown,54,San Diego,2023-04-19
8548,John Thompson,31,Austin,2020-12-17
2072,Mark Davis,20,Kansas City,2020-03-15
2167,Lisa Sanchez,35,Washington,2025-06-05
6478,Jane Young,35,Jacksonville,2021-02-24
8484,Dorothy Johnson,47,Dallas,2024-01-06
5346,Elizabeth Moore,44,Baltimore,2021-08-16
8107,Sarah Rodriguez,28,Columbus,2023-04-18
4785,Jessica Ramirez,59,Nashville,2021-12-01
1026,Andrew King,18,New York,2021-06-20
7519,Lisa Smith,60,Los Angeles,2020-07-17
1526,Amanda Rodriguez,63,Austin,2024-02-16
8800,James Ramirez,22,Kansas City,2022-03-04
1576,Donald Thomas,53,San Francisco,2025-03-15
5964,Christopher Gonzalez,61,Oklahoma City,2024-07-28
7641,David White,29,San Antonio,2022-05-13
3320,Ashley Gonzalez,26,Louisville,2023-09-25
4656,Betty Wilson,42,Las Vegas,2024-03-11
568,Andrew Lee,24,Baltimore,2022-02-09
2286,Jane Jackson,47,San Francisco,2020-06-12
9693,Emily Smith,50,Portland,2022-06-10
1901,James Thomas,22,San Jose,2024-03-05
8806,Joshua Jones,54,San Jose,2023-06-21
7835,Ashley Jones,49,Washington,2024-12-23
8040,Nancy Allen,37,San Francisco,2023-09-15
8167,Christopher Williams,55,Milwaukee,2023-05-26
2468,Emily Allen,38,San Diego,2021-11-04
9399,Joshua Ramirez,56,Fresno,2024-11-17
3333,John Young,46,Kansas City,2024-11-14
2522,Karen Rodriguez,31,San Jose,2022-02-09
4405,Sarah Moore,21,Las Vegas,2024-08-08
6424,Paul Brown,33,Washington,2023-10-23
8799,Dorothy Robinson,21,Phoenix,2021-09-12
6688,Betty Lopez,60,Baltimore,2023-08-28
5578,Deborah Anderson,28,San Antonio,2021-04-17
3713,Michael Moore,45,Phoenix,2021-11-12
4587,Deborah Lee,61,Fresno,2024-06-15
610,Paul Rodriguez,45,Baltimore,2023-03-01
4927,Mark Allen,36,Charlotte,2024-02-25
2415,Sarah Smith,64,San Antonio,2022-05-03
4100,Donald White,65,Portland,2020-05-25
3459,Matthew Davis,44,Las Vegas,2024-10-10
5588,Donald Moore,53,Louisville,2021-05-05
3153,James Hernandez,35,Portland,2020-07-12
8725,Daniel Williams,23,Kansas City,2024-03-28
8604,David Wilson,46,Oklahoma City,2022-11-15
5549,Matthew Miller,36,Phoenix,2023-01-16
859,Jessica Perez,58,New York,2024-08-26
7245,Donald Lopez,18,Denver,2021-09-09
194,Daniel Sanchez,66,San Diego,2023-12-02
4088,Karen Lewis,41,Seattle,2023-07-06
9703,Matthew Thompson,55,Sacramento,2024-08-16
3749,Donald Walker,46,Kansas City,2020-08-01
4214,Amanda Lopez,20,Mesa,2022-04-25
1119,Ashley Lee,40,Chicago,2025-11-24
1840,Sarah Gonzalez,64,San Jose,2022-04-22
1614,Lisa Young,59,Los Angeles,2024-12-18
1928,Dorothy Jackson,19,San Antonio,2021-07-21
8820,James Taylor,33,Mesa,2022-05-10
2267,Andrew Hernandez,50,Oklahoma City,2020-06-23
9118,Ashley Ramirez,37,Boston,2024-09-15
6186,John Ramirez,57,Washington,2025-04-15
5943,John Martin,54,Los Angeles,2023-06-01
7100,Mark Sanchez,65,Philadelphia,2022-10-23
2807,Nancy Clark,52,Austin,2024-11-04
6127,Elizabeth Williams,58,Austin,2022-10-16
924,Joshua Allen,56,San Francisco,2024-09-03
9650,Anthony Thomas,66,Nashville,2025-09-20
6566,Christopher White,37,Sacramento,2020-07-25
