C_ID,C_NAME,AGE_YRS,LOC_CD,REG_DT
7440,Elizabeth Harris,51,Baltimore,2024-04-07
5880,Lisa Clark,40,Boston,2020-12-28
1654,Mark Lopez,57,Boston,2025-10-11
4034,John Jackson,24,Milwaukee,2025-04-18
5248,Sarah Allen,54,Philadelphia,2025-12-02
5638,Steven Young,44,Milwaukee,2022-04-07
417,Anthony Lopez,68,Oklahoma City,2022-02-22
4417,Mark Allen,55,Nashville,2023-10-20
5336,Dorothy Gonzalez,44,Columbus,2021-04-13
9543,Andrew Anderson,30,Sacramento,2020-07-19
6401,Ashley Johnson,21,Boston,2025-01-14
9873,John White,57,Houston,2022-09-23
7697,Jennifer Thomas,27,San Francisco,2025-06-14
5516,Lisa Jackson,43,Sacramento,2025-11-07
1249,Paul Ramirez,48,New York,2023-11-07
6932,Steven King,48,Nashville,2021-10-12
8370,Joshua Williams,49,Albuquerque,2025-06-04
5151,Ashley Hernandez,39,San Francisco,2020-10-06
6878,Anthony Lopez,66,Oklahoma City,2023-09-04
4739,Jennifer Martin,55,Charlotte,2021-06-24
7875,Jane King,57,Baltimore,2024-07-02
4277,Steven White,59,Oklahoma City,2024-05-25
3892,Lisa Lopez,53,Austin,2023-12-07
7939,Anthony Martinez,46,Houston,2023-08-07
4920,Matthew Johnson,30,Mesa,2022-08-27
7562,Christopher Lewis,34,Austin,2020-10-23
1684,Karen Garcia,60,San Antonio,2023-09-13
9963,Nancy Martinez,34,Philadelphia,2021-05-24
8407,Andrew Taylor,66,Jacksonville,2022-10-21
8110,Anthony Taylor,44,Columbus,2023-05-18
8373,Sarah Smith,48,Louisville,2022-12-07
3745,Ashley Miller,50,Milwaukee,2021-09-07
197,Donald Lee,60,Fresno,2021-06-07
5143,David Robinson,57,Baltimore,2024-12-10
4593,Karen King,26,Dallas,2020-07-06
6641,Emily Davis,22,Kansas City,2024-05-16
8105,Mark Miller,70,Las Vegas,2025-07-08
8949,Jessica Brown,47,Louisville,2025-10-27
4082,Jane Martinez,22,Chicago,2025-10-14
2225,James Taylor,50,Charlotte,2020-09-12
9391,Jane Davis,67,Kansas City,2020-11-28
2484,Ashley Wilson,45,Portland,2024-01-02
4264,Deborah Miller,41,Denver,2021-04-26
2760,Robert Walker,62,Tucson,2020-11-03
148,Karen Johnson,43,Seattle,2024-12-14
148,Steven White,43,San Diego,2022-01-10
5043,Andrew Brown,42,Nashville,2025-03-27
1667,Emily Jones,66,Louisville,2022-01-25
2371,Andrew Lee,52,Milwaukee,2024-05-16
3471,Emily Davis,24,Philadelphia,2025-10-02
3911,Betty Sanchez,54,Columbus,2022-06-10
3020,Jessica Clark,61,Washington,2024-01-27
8053,Michael Smith,18,Dallas,2020-12-04
8253,Betty Lopez,35,Fort Worth,2025-08-10
9023,Anthony Anderson,39,Las Vegas,2023-03-07
3994,Elizabeth Robinson,42,Indianapolis,2020-11-13
4530,Jane Thompson,27,Oklahoma City,2020-03-10
6414,Donald Williams,70,Las Vegas,2022-05-21
7726,Christopher Robinson,29,Portland,2024-11-07
7391,Ashley Perez,19,Denver,2021-07-26
5649,Jessica Thomas,47,Louisville,2021-12-18
7253,Betty Gonzalez,68,Fort Worth,2022-01-09
1783,Michael Gonzalez,30,Chicago,2022-11-07
5911,Daniel Allen,54,Baltimore,2023-07-27
8340,Lisa Sanchez,52,Washington,2021-06-26
3446,James Walker,23,Oklahoma City,2022-05-10
1301,Donald Sanchez,50,Tucson,2022-10-11
6932,Jennifer Rodriguez,61,Boston,2025-02-13
3344,Daniel Walker,45,Austin,2024-09-01
657,Anthony Martinez,50,Las Vegas,2025-11-22
5044,David Williams,62,Sacramento,2024-01-20
1330,Emily Perez,45,San Francisco,2022-03-09
7911,Jennifer Lopez,43,Oklahoma City,2022-06-22
4110,David Lewis,43,Jacksonville,2025-10-02
8014,Lisa Smith,31,San Diego,2023-04-09
