C_ID,C_NAME,AGE_YRS,LOC_CD,REG_DT
8014,Dorothy Lewis,54,Houston,2024-11-01
740,Anthony Young,18,San Diego,2025-03-05
7688,Jessica Martinez,48,Los Angeles,2024-05-21
5568,Emily Anderson,31,San Antonio,2023-07-23
3101,Nancy Davis,22,San Antonio,2025-07-18
4034,Jane Clark,40,Fort Worth,2025-08-06
932,James Lee,39,San Jose,2020-07-02
9833,James Harris,68,Mesa,2022-07-23
9122,Andrew Clark,48,Houston,2022-09-23
5568,Emily Sanchez,64,Boston,2023-02-15
9888,Dorothy Sanchez,21,Los Angeles,2022-07-18
8077,Sarah Gonzalez,67,New York,2020-09-21
4984,Donald Brown,63,Albuquerque,2024-05-26
2550,Robert Brown,54,Tucson,2024-02-15
6351,Steven Smith,47,Las Vegas,2024-09-27
5554,Robert Anderson,52,Albuquerque,2021-09-04
5731,Paul Martinez,36,Baltimore,2024-05-23
6011,Nancy Taylor,18,Boston,2020-02-16
313,Daniel Perez,47,Phoenix,2021-11-20
4168,Dorothy Perez,53,Austin,2022-04-02
1021,Amanda Gonzalez,33,San Jose,2022-01-02
2671,Amanda Wilson,22,New York,2025-04-15
9704,James Martin,33,Washington,2024-04-17
1005,Lisa Wilson,63,Kansas City,2024-06-26
8208,Daniel Moore,59,Sacramento,2023-07-14
8976,Donald Taylor,23,Houston,2022-01-02
8306,Daniel Allen,62,Mesa,2025-10-20
8215,James Walker,49,Albuquerque,2025-08-18
6320,Anthony Sanchez,65,Chicago,2020-02-25
5159,Lisa Brown,65,Portland,2020-07-19
6316,Steven Walker,43,Washington,2025-07-10
6686,Donald Martin,41,Denver,2025-11-22
7960,Anthony Jackson,30,Dallas,2020-07-28
3859,Karen Johnson,68,Austin,2025-07-03
6077,Jessica Harris,64,Jacksonville,2021-07-08
7334,Christopher Gonzalez,63,Austin,2021-11-20
1238,Amanda Davis,68,Kansas City,2021-07-01
1462,Anthony Ramirez,44,Mesa,2021-11-02
5760,Ashley King,69,New York,2024-07-02
6550,Michael Perez,33,Nashville,2020-08-20
3011,Andrew Harris,25,San Francisco,2024-03-13
8955,Lisa Wilson,33,Portland,2022-04-07
5376,Andrew Sanchez,25,San Francisco,2021-09-25
5270,Paul Lee,29,Kansas City,2023-04-22
5453,Nancy Garcia,38,Seattle,2023-06-22
4106,James Sanchez,64,Nashville,2023-11-02
6973,Betty Martinez,62,New York,2024-07-20
5314,Daniel Perez,19,Phoenix,2020-10-16
6786,Ashley Smith,19,Washington,2020-06-01
6198,Mark Garcia,69,Charlotte,2025-07-16
3651,John King,58,Phoenix,2023-05-26
9124,Dorothy Clark,35,New York,2024-03-03
4820,Ashley Brown,26,Chicago,2020-06-18
2872,Andrew Anderson,26,Milwaukee,2020-12-25
5339,Ashley Ramirez,45,Oklahoma City,2020-05-05
4594,Emily Garcia,21,Austin,2023-08-02
782,Paul Allen,66,Milwaukee,2024-01-20
6951,Dorothy Taylor,23,Mesa,2020-02-20
1941,Lisa Clark,49,Mesa,2021-09-10
1712,Anthony Thomas,49,Denver,2022-06-03
7285,Christopher Sanchez,42,Louisville,2023-07-09
1433,Emily Moore,46,Nashville,2024-11-18
7685,Jennifer Clark,56,Albuquerque,2023-12-08
9856,Paul Walker,48,Charlotte,2024-07-28
4090,Emily Thomas,55,Philadelphia,2025-03-22
9288,John Lopez,43,San Francisco,2020-09-19
1700,Jessica Williams,31,Philadelphia,2023-11-05
3408,Betty Ramirez,62,Denver,2025-07-14
7957,Karen Perez,22,Milwaukee,2025-01-24
1870,Karen Rodriguez,55,Philadelphia,2021-06-05
2679,Dorothy King,62,Seattle,2020-08-05
2263,Deborah King,69,Boston,2020-01-22
9347,Anthony Garcia,45,Denver,2025-09-12
6243,Betty Garcia,68,Chicago,2023-12-11
2276,John Williams,58,Denver,2021-06-10
