C_ID,C_NAME,AGE_YRS,LOC_CD,REG_DT
5570,Steven Thomas,63,Sacramento,2023-10-11
2188,John Thomas,40,Dallas,2022-03-16
5011,Emily Walker,49,Dallas,2021-09-19
4418,Paul Sanchez,41,San Francisco,2020-07-14
2974,Paul White,35,Chicago,2023-04-26
8529,Sarah Jackson,48,San Diego,2023-11-13
2369,Emily Ramirez,66,Denver,2025-11-16
3342,Lisa Allen,51,Las Vegas,2022-10-22
5697,John Davis,20,Louisville,2024-08-05
9240,Donald Garcia,32,San Jose,2022-07-18
3390,Daniel Martinez,33,Columbus,2020-11-15
4069,John Martin,59,San Jose,2023-11-01
4816,Jane Sanchez,61,Houston,2020-02-22
5491,Joshua Garcia,31,Dallas,2022-04-07
6063,Dorothy Brown,22,Boston,2025-05-13
5212,Lisa Hernandez,67,Chicago,2023-11-22
4521,Daniel Wilson,54,Dallas,2020-06-12
8022,Jane Sanchez,42,Denver,2021-05-01
4590,Robert White,26,Kansas City,2023-12-01
1312,David Martin,32,Dallas,2023-04-26
8217,Karen King,59,Los Angeles,2022-08-01
2292,Matthew Moore,19,Mesa,2021-02-13
8179,Daniel Allen,69,Columbus,2024-08-24
9145,Paul King,60,San Jose,2023-05-05
6624,Robert Jones,57,Tucson,2025-12-04
6426,Michael Wilson,59,Fresno,2021-08-24
5990,Elizabeth Rodriguez,30,Oklahoma City,2020-03-20
995,Jane Young,53,Louisville,2023-03-11
7806,Mark Wilson,29,Albuquerque,2023-08-08
1150,Jennifer White,34,Philadelphia,2023-02-20
4764,Joshua Ramirez,48,Baltimore,2025-04-19
768,Steven Garcia,30,Boston,2025-10-19
2343,David Taylor,68,Los Angeles,2020-08-04
1873,Joshua King,61,Nashville,2025-09-07
4028,James Brown,19,Oklahoma City,2024-04-15
8127,Jennifer Lewis,65,Fort Worth,2023-07-28
6450,Michael Martin,41,Dallas,2024-04-11
4842,Paul Brown,62,Denver,2020-06-06
5211,James Jackson,51,Kansas City,2021-08-14
3060,Mark Rodriguez,61,Washington,2020-01-02
9581,Ashley Sanchez,56,San Francisco,2025-11-14
9634,Deborah Jones,47,Portland,2020-10-12
4255,Sarah Moore,32,Seattle,2023-12-09
5269,James Perez,45,Chicago,2020-02-01
4354,Emily Miller,44,Milwaukee,2020-09-08
6608,Robert Moore,70,Mesa,2024-05-01
8550,Deborah Clark,58,Houston,2025-03-11
4116,Robert Harris,58,Mesa,2024-06-28
6414,Karen Anderson,54,Charlotte,2025-06-28
5724,Emily Martinez,60,Phoenix,2021-03-11
5078,Ashley Davis,20,Indianapolis,2025-02-17
1318,Michael Sanchez,69,Washington,2020-08-28
2065,Amanda Miller,32,San Jose,2024-07-28
5654,Elizabeth Brown,50,Mesa,2024-02-21
6509,Deborah Ramirez,62,Fort Worth,2021-03-18
4334,Joshua Anderson,61,San Jose,2024-09-28
6646,Emily Lopez,41,Indianapolis,2020-01-27
807,Deborah Smith,44,Philadelphia,2022-06-06
8687,Robert Young,35,San Francisco,2020-10-25
1699,Lisa Clark,20,San Diego,2021-07-06
128,Deborah Perez,67,Phoenix,2024-10-25
1894,Nancy Allen,31,Phoenix,2023-01-01
5301,Deborah Garcia,59,Jacksonville,2020-12-22
3266,Sarah Lewis,50,Mesa,2023-08-05
2199,Andrew Anderson,69,New York,2021-11-08
2423,Lisa Anderson,30,San Antonio,2024-02-20
7154,Donald Brown,25,Columbus,2024-08-09
5331,Mark Taylor,21,Milwaukee,2024-05-28
5040,Emily Lee,41,Louisville,2025-02-10
6804,Jennifer Hernandez,21,Austin,2023-02-06
2646,Christopher Garcia,63,Albuquerque,2025-01-11
7677,Donald Allen,45,Austin,2023-01-08
1764,Lisa Allen,35,Las Vegas,2021-07-15
7065,Emily Johnson,34,Charlotte,2025-03-23
1240,Daniel Lewis,49,Phoenix,2021-12-18
