EMP_ID,EMP_NM,DEPT_CD,SAL_AMT
6216,Karen Davis,Operations,133271
3837,Andrew Moore,Marketing,126300
6877,Jennifer Thompson,Operations,46932
1717,Robert Walker,Marketing,145343
7510,Lisa Young,IT,84634
9492,Lisa Wilson,HR,31742
4432,Michael Harris,Engineering,67309
5491,Jane Jones,Customer Service,129128
7354,Steven Rodriguez,Sales,95363
4210,Emily Gonzalez,IT,61138
5931,Daniel Ramirez,Engineering,141220
4463,Daniel Rodriguez,Research,117128
8538,John Young,Legal,53995
151,Steven Johnson,Research,146179
9618,Lisa Jones,Operations,34434
4254,Christopher Lewis,Finance,145423
8909,Steven Rodriguez,Marketing,67278
2024,Nancy Martin,Finance,61129
9341,Jennifer Garcia,HR,39040
6511,Daniel Williams,IT,59413
4645,Steven Lewis,Sales,55089
4726,Amanda Martinez,Engineering,129763
520,Donald Clark,Research,99402
3736,Steven Perez,Engineering,46855
5939,Elizabeth Lopez,Marketing,118870
669,Lisa Miller,Marketing,44859
2089,Elizabeth King,Research,104256
5474,Lisa Taylor,Engineering,89892
498,Joshua Clark,Marketing,132054
3218,Paul Lewis,IT,62095
1894,Jessica Davis,Legal,50164
9304,Amanda Walker,Finance,42674
7945,Mark Smith,Finance,149239
3159,Ashley Ramirez,Engineering,57780
8933,Karen Anderson,Sales,30722
9232,Donald Gonzalez,Sales,56228
5447,Dorothy Sanchez,Engineering,58142
7201,Betty Brown,Operations,97250
4614,James Williams,Engineering,34356
5730,Andrew Lewis,IT,107816
8877,Elizabeth Robinson,Finance,135381
6140,Karen Harris,Legal,67465
9488,Lisa Clark,HR,88747
4952,Andrew Miller,HR,56237
2329,Deborah Harris,Research,65538
5118,Karen Anderson,HR,35841
8963,Joshua Williams,Finance,30991
5185,Deborah Johnson,Operations,109063
9143,Lisa Garcia,Sales,83684
657,Michael Allen,Legal,91456
6810,Lisa Lewis,IT,33605
4368,Amanda Rodriguez,HR,115777
2743,Daniel Allen,Customer Service,42139
6470,Karen Wilson,Sales,148319
463,Daniel Martinez,Marketing,63871
6316,Robert Davis,Marketing,60558
3225,Donald Lopez,Marketing,101532
3009,Anthony Williams,Customer Service,74216
4758,Daniel Miller,Research,91698
827,Jennifer Lopez,Operations,31223
9985,Robert Allen,Operations,136443
642,Anthony Young,Legal,39580
6301,James Jones,Customer Service,128218
8838,Robert Williams,IT,92366
9235,James Garcia,Sales,59166
8607,Sarah Thomas,Marketing,133796
3222,Karen Martinez,Customer Service,139935
6794,Betty Williams,Engineering,103939
616,Daniel Martin,Legal,144995
419,Christopher Thompson,Marketing,66386
515,Ashley Williams,Engineering,99309
9952,Betty Martinez,HR,51306
8365,Joshua Rodriguez,IT,113536
7450,Karen Allen,Finance,91564
8937,Ashley Davis,Customer Service,48953
5705,Mark Williams,Sales,114326
6552,John Allen,Engineering,120414
3515,Elizabeth Moore,IT,107301
4687,Andrew Walker,Sales,116718
1739,Lisa Martin,Finance,44374
1244,Michael Lewis,Legal,38373
315,Lisa Walker,Engineering,57073
3977,Christopher Thompson,Operations,122307
6697,Betty Gonzalez,Operations,68706
1070,Donald Martinez,Research,55360
4976,Matthew Thompson,Research,54347
4223,Betty Harris,Customer Service,122830
6836,Ashley Lopez,Finance,69439
8368,John Brown,Sales,33112
8641,Christopher Allen,Legal,58976
9746,David Martinez,Finance,100045
5260,Steven Williams,IT,61814
889,Christopher Sanchez,Marketing,134946
8255,Jane Robinson,Operations,64742
7452,Paul Robinson,Marketing,81351
7225,Jane Rodriguez,Customer Service,38935
3651,James Martin,Marketing,59542
4529,Ashley Walker,Research,95410
4588,Elizabeth Hernandez,Marketing,58399
3076,Paul Hernandez,Legal,140834
