EMP_ID,EMP_NM,DEPT_CD,SAL_AMT
8967,Lisa Ramirez,Customer Service,72014
3686,Anthony Moore,Sales,37727
8938,Anthony Garcia,Legal,48546
521,Ashley Sanchez,Research,120690
5263,Sarah Wilson,Engineering,136160
5928,Sarah Brown,Customer Service,42556
7257,Michael Williams,Legal,127282
697,Amanda Garcia,Operations,51382
6084,Ashley Anderson,Engineering,127987
9490,Mark Anderson,Finance,94375
1100,Nancy Harris,Finance,129870
43,Mark Jackson,HR,31175
2210,James Walker,Legal,72664
9162,Emily Ramirez,IT,124741
6885,Mark Moore,Research,36098
9045,Joshua Jones,HR,52487
4204,Jane White,Finance,89297
9184,John Sanchez,Engineering,58186
3309,Anthony Williams,Sales,63498
8564,Matthew Taylor,HR,149556
157,Jane Walker,Operations,91750
3981,Donald Young,Legal,119289
2156,Karen White,Finance,43812
5570,Amanda White,Finance,74187
3905,Robert Gonzalez,Operations,124378
1039,Jessica King,Operations,49768
9658,Dorothy Allen,Marketing,51225
9804,Emily Walker,Research,121009
7383,Paul Hernandez,Marketing,101539
6321,Nancy Thompson,Operations,76746
3936,Steven Clark,Finance,76391
5824,Sarah Martin,Marketing,115677
8779,James Garcia,Operations,43393
8070,Andrew Thomas,Operations,48129
8487,Karen Ramirez,IT,31258
1389,Jessica Smith,Legal,63276
4341,Paul Wilson,Engineering,97308
1656,Amanda Robinson,IT,73761
1801,Daniel Allen,Engineering,83877
5452,Sarah Walker,Research,46576
7727,Daniel Lee,IT,104700
165,Amanda Jones,Legal,70366
2963,Nancy Rodriguez,Marketing,87664
8242,Lisa Brown,IT,143580
4713,Dorothy Perez,Research,67386
7224,Michael Martin,IT,85755
313,Steven Taylor,Legal,50484
8417,Deborah Smith,Operations,120491
2845,Michael Davis,Marketing,74565
431,Ashley Johnson,IT,116968
1552,Jennifer King,Marketing,36602
4636,Lisa White,Operations,81368
6366,Andrew Davis,Legal,62156
5204,Donald Williams,Legal,98760
4501,Betty Martin,Customer Service,99877
9412,Nancy Anderson,Legal,83349
6168,Donald Anderson,Customer Service,76627
2636,Matthew Thomas,Finance,36433
6932,Steven Anderson,Finance,74371
4215,James Gonzalez,Finance,64323
9048,John Martinez,Finance,130188
4543,Michael Hernandez,Marketing,71628
8972,Matthew Anderson,Research,149859
2959,Sarah Williams,Customer Service,141971
3638,Anthony Perez,Research,109144
4543,Karen Miller,Research,90950
5091,Matthew Gonzalez,Sales,36245
9089,Lisa Moore,Operations,86084
944,Betty Hernandez,Engineering,34147
6012,James Harris,Legal,54776
1353,Joshua Johnson,Marketing,105879
4931,Daniel Lee,IT,80998
4005,Anthony Hernandez,HR,60680
5607,Anthony Miller,Engineering,93008
2976,Elizabeth Gonzalez,Engineering,93242
8084,David Brown,Customer Service,131986
1085,Andrew Sanchez,Research,63633
6426,Christopher Thomas,IT,142504
2839,Paul Robinson,Customer Service,142201
2013,Mark Hernandez,Sales,59452
5269,David Young,Legal,86732
5608,Michael White,IT,112149
3134,Michael King,HR,110060
6071,John Robinson,HR,89571
3344,Robert Young,HR,109965
5364,Betty Johnson,Operations,114183
4178,David Lewis,Legal,43907
2272,Paul Harris,Customer Service,61630
6662,Steven Garcia,Legal,40122
8318,Jennifer Jackson,Engineering,38991
1853,Andrew Wilson,Sales,131455
5868,Nancy Thompson,HR,141339
21,Jane Jackson,Research,57374
7546,Andrew Williams,Customer Service,70247
6162,Emily Rodriguez,HR,45904
9690,Jennifer Lopez,Marketing,140002
8679,Ashley Walker,Research,112889
5507,Dorothy Anderson,Engineering,80725
7361,Emily Garcia,Research,37623
1371,Amanda Lee,Finance,136797
