C_ID,C_NAME,AGE_YRS,LOC_CD,REG_DT
3761,Donald Brown,33,Nashville,2024-04-03
3342,Christopher Jones,40,Chicago,2024-09-05
1946,Amanda Lewis,18,Albuquerque,2024-12-16
2956,Robert Jackson,58,Milwaukee,2025-08-06
5436,Dorothy Johnson,47,Kansas City,2023-08-18
7970,Matthew King,43,Boston,2020-02-24
173,Dorothy White,57,Las Vegas,2025-07-10
683,James Lopez,31,Oklahoma City,2022-08-06
1177,Mark Lewis,29,San Jose,2024-05-20
1616,Matthew Rodriguez,53,Tucson,2020-11-04
5847,Karen Gonzalez,68,Nashville,2024-02-26
7005,Christopher Jones,48,San Jose,2020-07-16
1263,Emily Jones,43,Oklahoma City,2023-12-06
6190,Betty Walker,23,Tucson,2025-11-24
3014,Emily Ramirez,33,Portland,2021-12-06
8599,James Young,53,Seattle,2023-11-04
8442,Donald Williams,68,Phoenix,2025-05-06
624,Paul Lewis,21,Boston,2023-09-26
7961,Nancy Williams,32,Kansas City,2024-09-04
5152,Daniel Gonzalez,43,Columbus,2023-09-02
6236,Mark Martin,62,Houston,2023-12-20
3353,David Rodriguez,43,Milwaukee,2023-02-20
8674,Joshua Robinson,40,Albuquerque,2021-11-07
1155,Betty Thomas,55,Indianapolis,2020-05-02
3546,David Martinez,65,Tucson,2025-09-19
8740,Dorothy Lopez,36,San Diego,2021-10-02
532,Joshua Jackson,55,Dallas,2022-05-20
4702,Robert Rodriguez,70,Fresno,2023-05-24
4283,Donald Hernandez,53,Austin,2020-09-11
5177,Emily Rodriguez,33,Seattle,2021-01-21
9021,Paul Jackson,64,Columbus,2025-07-04
3634,Joshua Lewis,64,Albuquerque,2022-09-15
4832,Anthony Walker,55,Houston,2021-05-26
2775,Ashley Ramirez,43,Denver,2023-07-23
6029,David Jones,53,Columbus,2020-03-26
6419,Nancy Johnson,62,Mesa,2024-04-06
3395,Karen Taylor,37,San Francisco,2022-07-07
9784,David Ramirez,54,Milwaukee,2022-01-18
729,Anthony Gonzalez,60,Philadelphia,2020-06-21
8165,Paul Lewis,51,Baltimore,2022-10-22
1585,Sarah Miller,59,Louisville,2023-02-28
6259,Matthew Smith,65,Tucson,2020-07-28
5360,Joshua Thomas,19,Louisville,2021-07-27
7392,Lisa Clark,58,Albuquerque,2021-05-11
6138,David King,47,Fresno,2023-02-16
2515,Christopher Gonzalez,65,Milwaukee,2025-01-20
1549,Anthony Johnson,40,Charlotte,2025-03-07
5801,Robert Martin,69,Chicago,2021-05-15
6152,Dorothy Thomas,38,Chicago,2020-02-03
2449,Paul Ramirez,39,New York,2022-10-23
2698,Christopher Harris,30,Tucson,2020-06-01
5680,Donald Jackson,23,Fort Worth,2021-10-19
6198,Dorothy Gonzalez,63,San Jose,2024-10-14
2310,James Harris,29,Austin,2020-05-24
2541,Matthew White,24,Las Vegas,2020-02-28
8540,Emily Lewis,21,Chicago,2020-12-20
3129,Karen Harris,18,Philadelphia,2025-01-02
732,Steven Thomas,60,Chicago,2021-07-19
6152,Paul Walker,62,Houston,2020-12-11
6269,Dorothy Young,59,Portland,2024-02-21
9421,Paul Ramirez,68,San Francisco,2023-12-16
7932,Sarah Hernandez,38,Columbus,2022-10-19
1556,Sarah Young,44,Phoenix,2025-07-15
5484,Christopher Robinson,57,Los Angeles,2022-09-23
7061,Daniel Thomas,44,Chicago,2024-02-11
6411,Emily Sanchez,70,Louisville,2023-07-22
1775,Steven Jackson,29,Oklahoma City,2023-03-28
3854,Jane Clark,63,Houston,2024-03-04
3042,Mark Lewis,26,Albuquerque,2025-02-06
5224,David Williams,20,Denver,2022-11-13
8587,Jessica Rodriguez,18,Dallas,2022-06-11
579,Michael King,48,Fort Worth,2021-02-02
7460,Nancy Sanchez,54,Fort Worth,2021-12-23
6952,Elizabeth Anderson,51,San Francisco,2021-03-23
9419,Paul Moore,24,Philadelphia,2025-01-03
