EMP_ID,EMP_NM,DEPT_CD,SAL_AMT
3106,Matthew Anderson,IT,78243
2407,Ashley Lewis,Engineering,71694
5542,Paul Moore,Marketing,118567
1779,Deborah Martin,Finance,80636
9340,Betty Davis,Legal,117895
7327,Jessica Davis,Finance,90988
3720,Michael Miller,HR,62030
7720,Deborah Thompson,Sales,77131
572,Ashley Wilson,HR,107005
993,Joshua Jackson,Operations,134086
4628,Robert Lee,Engineering,90141
9472,Amanda Lopez,Sales,108510
1929,Lisa Brown,Customer Service,72934
1424,Michael Jones,HR,63711
6224,Joshua Ramirez,Sales,44688
8796,Karen Clark,Operations,114869
3202,Elizabeth Miller,IT,113568
128,Paul Moore,IT,39999
4354,Steven Smith,Customer Service,80034
3299,Donald Lopez,IT,122243
4700,Lisa Clark,Legal,106028
7257,Donald Taylor,IT,127401
6802,David Harris,Engineering,37312
4249,Betty Wilson,Operations,52984
2882,Nancy Lee,Research,110988
1437,Sarah Lewis,Legal,39977
9748,Andrew Davis,Research,125648
1636,Elizabeth Jones,Finance,91906
2197,Anthony Miller,Finance,136028
9501,Christopher Rodriguez,Sales,134007
2251,Nancy Gonzalez,Finance,114179
3749,Elizabeth Young,Legal,88939
4115,Matthew Thomas,Sales,45439
1375,Andrew Davis,Sales,124317
7990,Christopher Anderson,HR,97265
5605,Mark Perez,Engineering,38355
3120,Deborah Moore,HR,125810
5430,Anthony Martin,Sales,80378
6471,Lisa Lopez,Marketing,44966
9112,Lisa Clark,HR,112337
1171,Paul Lopez,Customer Service,73077
789,Elizabeth Martin,Customer Service,68205
1280,Christopher Lopez,Sales,146645
9019,David Robinson,Operations,149784
9185,Jane Martin,Marketing,92033
7274,Ashley Robinson,Legal,134743
578,Christopher Moore,HR,126207
1844,Deborah Davis,Operations,75629
2777,Jessica Thompson,HR,111427
6601,James King,Engineering,54879
1237,Matthew Allen,Sales,30550
7684,Lisa Jackson,Finance,55449
427,Nancy Lopez,Legal,62197
7820,Christopher Jones,Operations,59817
3057,Amanda Johnson,Sales,111196
9233,Lisa Gonzalez,Finance,105945
4987,Robert Gonzalez,HR,105936
4725,Ashley Perez,Customer Service,67451
7968,Mark Garcia,Sales,39394
1381,Steven Miller,Research,65381
5843,Michael Moore,Research,57073
4589,Jennifer Allen,Legal,51953
490,Andrew Johnson,Operations,87865
7802,Deborah Martinez,Engineering,34595
2210,Donald Clark,Engineering,40165
1086,Jessica Moore,Customer Service,145272
544,Joshua Hernandez,Engineering,35719
9514,Dorothy King,Operations,141259
1606,Amanda Gonzalez,Customer Service,66267
8466,Anthony Taylor,Finance,53118
8859,Michael Rodriguez,Marketing,62207
5130,Joshua Anderson,Finance,107722
313,Ashley Thompson,Legal,43052
3994,Paul Sanchez,Operations,42280
4890,Paul Miller,Marketing,40583
8845,Deborah Ramirez,Research,129160
6081,Jessica Ramirez,Customer Service,148288
6199,Dorothy Sanchez,Engineering,62144
8464,Lisa Garcia,Operations,136959
3176,Daniel Wilson,Customer Service,70466
9708,Ashley Clark,Customer Service,100906
3420,Andrew Miller,Engineering,75225
4196,Matthew Garcia,Customer Service,99122
9710,Andrew Walker,Engineering,147359
9395,Anthony Lopez,Sales,91408
2958,Paul Garcia,Research,102135
7587,Christopher Perez,IT,116911
9550,John Lee,Customer Service,145172
3886,Lisa Ramirez,Legal,93038
2668,Anthony Harris,Legal,41602
5321,Elizabeth Taylor,Engineering,103348
6692,Sarah Hernandez,Marketing,97671
9639,Daniel White,Finance,55132
9692,Matthew Perez,Legal,52516
6852,John Thomas,IT,106771
6049,Betty Young,Marketing,68669
3239,Karen Martin,Sales,88313
7556,Daniel Rodriguez,Research,117429
4842,Dorothy Lewis,IT,104048
7478,Amanda Williams,HR,51157
