C_ID,C_NAME,AGE_YRS,LOC_CD,REG_DT
8166,David Jackson,38,San Antonio,2025-03-09
4294,Robert Brown,29,Dallas,2022-02-09
9016,Lisa Garcia,30,Columbus,2023-11-04
2878,Betty Wilson,45,Boston,2023-11-01
7247,Betty Thompson,52,Las Vegas,2022-02-13
3655,Jennifer Hernandez,58,San Francisco,2025-02-06
1983,Christopher Lewis,24,Sacramento,2025-08-20
5900,Betty Sanchez,43,San Diego,2020-09-25
6917,Jessica Rodriguez,55,Dallas,2024-05-11
667,Lisa Young,63,Austin,2024-06-09
8909,John Gonzalez,52,San Diego,2023-06-22
4413,Elizabeth Garcia,65,New York,2023-06-20
5915,Deborah Miller,69,Sacramento,2023-10-25
6187,Mark Martinez,66,Dallas,2025-07-25
3228,John Harris,34,Dallas,2022-05-08
1291,Michael Rodriguez,64,San Diego,2023-09-05
6343,James Taylor,57,Columbus,2025-04-10
983,John Lewis,68,Louisville,2023-01-11
6592,Jessica Williams,42,Oklahoma City,2022-01-09
390,Michael Walker,23,San Jose,2021-11-24
6175,Joshua Ramirez,22,Houston,2024-05-25
5801,Lisa Thompson,20,Dallas,2024-11-23
3276,Dorothy Taylor,26,Milwaukee,2024-03-25
1934,Steven Smith,46,Nashville,2022-09-26
1956,Sarah Harris,69,Fresno,2024-09-25
7166,Paul Garcia,66,Indianapolis,2023-12-11
4367,Nancy Smith,42,San Diego,2022-07-18
361,Betty Clark,57,Columbus,2025-03-14
2706,Sarah Young,48,Milwaukee,2021-12-09
4630,Deborah Miller,19,Dallas,2021-11-14
1151,Jennifer Williams,41,Seattle,2025-06-16
4663,Nancy Martin,45,Seattle,2024-07-09
3005,Donald Johnson,47,Portland,2023-04-04
7562,Dorothy Walker,44,New York,2023-01-12
8696,Andrew Gonzalez,29,Mesa,2022-02-12
2569,Paul Moore,45,Portland,2021-04-07
220,James Walker,45,Boston,2024-07-22
7570,James Lopez,56,Albuquerque,2022-06-10
1423,Christopher Anderson,29,San Diego,2022-07-05
5106,Jessica Miller,37,Kansas City,2025-11-13
8376,Amanda Davis,41,Los Angeles,2025-04-19
3058,Andrew Martinez,49,Fresno,2020-01-19
1361,Daniel Young,51,Boston,2020-03-11
7679,Robert Thompson,20,Portland,2025-09-03
1284,Ashley Jackson,53,Portland,2023-09-08
2910,Nancy Lopez,66,Albuquerque,2024-04-15
532,Betty Johnson,40,Sacramento,2021-10-14
3555,Lisa Jones,21,Columbus,2024-11-26
9026,Jessica Jackson,28,Seattle,2024-02-15
6610,Andrew Moore,42,Baltimore,2022-05-02
334,James Walker,32,Las Vegas,2023-12-09
1273,Joshua Garcia,25,Sacramento,2023-04-22
9107,Sarah Davis,55,New York,2025-01-17
6009,Joshua Thomas,41,Fresno,2021-12-12
5418,Sarah Miller,24,Sacramento,2024-11-04
356,Joshua Sanchez,58,Washington,2022-08-19
9602,Lisa Martin,66,Baltimore,2021-06-07
2214,Anthony Hernandez,34,Las Vegas,2020-05-06
6828,Lisa Sanchez,22,Indianapolis,2023-06-22
3435,Nancy Williams,58,Mesa,2025-08-12
7352,Betty Thomas,58,San Antonio,2025-12-15
3190,Elizabeth White,42,Denver,2020-11-17
4156,Sarah Brown,34,Austin,2020-06-22
722,Daniel Clark,43,San Francisco,2021-02-07
1357,Betty Anderson,35,Indianapolis,2024-02-06
2701,Jessica Lee,29,Austin,2023-02-22
7126,Jane Jackson,59,Phoenix,2020-04-07
8926,Mark Anderson,28,Nashville,2020-11-18
6471,Matthew Davis,64,Charlotte,2020-05-23
2755,Andrew Robinson,66,Sacramento,2024-08-26
7315,Daniel Perez,49,Fort Worth,2024-08-25
7933,Karen Wilson,54,Oklahoma City,2020-06-15
3231,Lisa Lewis,57,San Diego,2025-09-04
2619,Sarah Moore,48,San Francisco,2020-02-01
2400,Lisa Perez,64,Chicago,2023-06-20
