C_ID,C_NAME,AGE_YRS,LOC_CD,REG_DT
5065,Donald Lewis,68,Nashville,2024-06-20
2309,James Robinson,49,Seattle,2020-11-06
3821,James Lopez,49,Austin,2020-11-13
2426,Matthew Perez,25,Boston,2022-05-07
5237,Deborah Jones,63,San Antonio,2020-11-27
3438,Jane Smith,24,Kansas City,2025-03-06
1130,Sarah Ramirez,66,New York,2022-02-03
8434,Paul Smith,47,Fort Worth,2021-07-04
8191,Elizabeth Martinez,57,Seattle,2023-10-16
4816,Mark Martin,38,San Francisco,2025-12-21
8104,Deborah Hernandez,29,Mesa,2020-10-19
8917,Daniel Moore,25,San Francisco,2020-01-16
2935,Betty Harris,45,Tucson,2023-07-04
8013,Dorothy Perez,41,Kansas City,2021-10-10
7966,Deborah Thomas,46,Philadelphia,2020-06-28
2939,Paul Thomas,43,Nashville,2021-07-05
1967,Jessica Lopez,27,San Diego,2025-09-04
5939,Christopher Clark,58,Dallas,2020-08-26
6153,Robert Williams,31,Charlotte,2025-08-16
6414,Betty Garcia,55,Boston,2020-09-22
619,Ashley Anderson,49,San Jose,2021-03-02
1949,John Brown,28,Phoenix,2021-11-19
3574,Mark Taylor,40,Charlotte,2021-11-09
7528,Jane Lopez,58,Kansas City,2025-06-14
4715,Daniel Johnson,32,Mesa,2024-12-21
9345,Lisa Robinson,32,Mesa,2025-06-19
4463,John Lewis,58,Dallas,2023-06-07
3289,Donald Thomas,28,San Francisco,2020-03-14
9478,Karen Smith,37,Baltimore,2023-04-28
6626,Dorothy Martin,21,Charlotte,2020-06-02
8617,John Sanchez,52,Phoenix,2021-09-11
307,Steven Clark,68,Indianapolis,2021-12-14
4682,Andrew Young,45,Houston,2025-04-12
8917,Nancy Jones,33,Albuquerque,2024-02-26
4736,Robert Johnson,62,Philadelphia,2023-06-25
8198,Christopher Hernandez,31,Dallas,2023-12-16
9265,Donald Perez,52,Denver,2024-06-15
4809,Robert Harris,57,Las Vegas,2024-01-22
3764,Paul Young,67,San Antonio,2021-08-28
4321,Paul Lewis,40,Dallas,2020-12-10
6356,Jane Williams,68,Oklahoma City,2023-01-09
5774,Deborah Thomas,41,Seattle,2024-12-05
1464,Daniel Perez,41,Boston,2022-07-11
8887,Joshua Anderson,61,Phoenix,2021-05-28
3204,James Davis,35,Nashville,2023-12-16
4619,Daniel Young,21,Phoenix,2021-04-15
5754,James Rodriguez,36,Boston,2022-03-21
2704,Betty Robinson,24,Oklahoma City,2020-03-07
3294,Anthony White,44,Austin,2024-04-09
9009,James Garcia,48,Indianapolis,2023-11-26
2164,Jessica Williams,51,Seattle,2024-09-11
3450,Matthew Walker,27,Philadelphia,2025-06-14
7028,Daniel Johnson,33,Louisville,2021-10-15
96,Michael Sanchez,46,Austin,2020-11-01
8925,Dorothy Perez,36,Fort Worth,2020-09-21
3697,Betty Walker,19,Louisville,2022-12-14
5812,Andrew Lopez,41,Portland,2021-09-07
6151,Sarah Williams,38,Kansas City,2025-05-25
2422,Christopher Lee,28,Tucson,2022-11-09
7034,Betty Brown,40,Albuquerque,2021-08-20
4571,John King,42,Baltimore,2025-12-12
2024,Ashley Rodriguez,55,Chicago,2024-05-12
6234,Joshua Clark,58,San Diego,2024-11-18
3557,Sarah Taylor,55,Seattle,2023-03-20
486,Jessica Rodriguez,18,Seattle,2022-05-28
4465,Ashley Garcia,27,San Jose,2024-02-17
2055,Ashley Rodriguez,22,Houston,2022-02-13
7290,Lisa Miller,22,Fort Worth,2022-05-09
4707,Michael Hernandez,21,Charlotte,2025-07-28
7490,Mark Jackson,22,Philadelphia,2022-01-07
4591,Matthew Thomas,69,Mesa,2021-11-04
9909,Daniel Jones,44,Kansas City,2021-01-24
5761,Jennifer Smith,61,Louisville,2021-05-18
6496,David Johnson,29,Chicago,2022-12-08
1540,James Harris,57,Dallas,2022-10-26
