EMP_ID,EMP_NM,DEPT_CD,SAL_AMT
6080,Amanda Young,Sales,81554
6095,Nancy Clark,Legal,67765
3265,John Martin,Research,115847
3886,David Hernandez,IT,87839
7467,Sarah King,Research,133761
6636,Sarah Lopez,IT,103222
7778,Dorothy Young,Research,81070
388,Daniel Smith,IT,61997
507,Matthew Miller,Sales,92513
5817,Steven Jackson,Marketing,93451
5475,Lisa Taylor,Engineering,32735
9190,James Jackson,Sales,147638
3199,Paul Smith,Marketing,44985
7693,Mark Miller,Operations,97091
2329,Karen Thomas,Legal,44109
1743,Lisa Allen,Engineering,124874
3943,Joshua Walker,Operations,113575
3282,Matthew Lopez,IT,141256
4264,Jennifer Gonzalez,Operations,63403
3592,Paul Lewis,Customer Service,109026
2479,Jane Anderson,Legal,42353
6520,Dorothy Thompson,Customer Service,104736
6702,Michael Miller,Engineering,129409
4023,Donald Williams,Customer Service,94994
5712,Jessica Hernandez,IT,110905
2718,Nancy Clark,Marketing,93625
3396,Jane Davis,Marketing,147094
9508,Jane Rodriguez,IT,63718
1038,Steven Sanchez,HR,81077
6189,James Clark,Legal,30230
5961,Jane Thompson,IT,126360
9056,Deborah Lewis,Operations,144753
7045,Elizabeth Anderson,IT,102183
4316,Jennifer Lee,Customer Service,109825
4340,Ashley Lee,Marketing,137684
9292,Steven Miller,IT,110777
9396,Steven Lopez,Operations,67956
612,Elizabeth Martinez,HR,57911
197,Robert Lee,Engineering,127419
1692,Karen Ramirez,Research,134059
3173,Steven Wilson,Operations,147764
9478,Steven Perez,Legal,115432
6740,Robert Smith,Marketing,36604
4808,Karen Thompson,Research,116575
6085,Jessica Martinez,HR,49607
2996,Elizabeth Jones,Legal,34593
3041,Donald Wilson,Customer Service,145091
7912,Steven White,Marketing,96752
2827,Anthony Clark,IT,36130
8173,Lisa Ramirez,Sales,110782
4777,Christopher Martinez,Legal,86745
8068,Daniel Miller,Marketing,129774
8514,Nancy Moore,Finance,146604
6283,Amanda Jackson,Finance,71652
5656,Jessica Davis,Engineering,111407
9273,Karen King,Operations,147425
1088,John Walker,Customer Service,39693
58,Paul Johnson,IT,40521
396,Christopher Lopez,Finance,88213
8201,Ashley Thomas,Legal,97802
5342,Joshua Taylor,Marketing,54417
3091,Emily Miller,Sales,82214
8081,Jane Moore,Marketing,103663
3534,Karen Lee,Customer Service,59770
357,Karen Smith,Finance,97950
4907,Robert Robinson,Engineering,115708
7935,John Johnson,Sales,36043
7000,John Young,Customer Service,121996
2775,Deborah Clark,Customer Service,32587
652,Anthony White,HR,90524
1782,Christopher Williams,HR,58169
3808,Mark White,Marketing,134999
3306,Daniel Jones,IT,131389
6417,Christopher Thomas,Sales,35040
3498,Steven Martinez,Customer Service,75750
696,Amanda Robinson,HR,80103
8498,Anthony Walker,Operations,102778
2216,Deborah Hernandez,Sales,74940
6334,Jane Harris,IT,136072
3575,Paul Wilson,Research,138516
2045,Daniel Garcia,Finance,46306
6372,Sarah Martin,Research,123952
1972,Donald Johnson,Finance,75914
7848,Jane Jackson,Research,97505
6820,Jane Smith,Engineering,37639
2874,Deborah Robinson,Sales,125134
5334,Matthew Harris,Customer Service,89031
5433,Sarah Jackson,Customer Service,104123
759,James Hernandez,IT,116775
5589,Dorothy King,Legal,131849
8033,Lisa Williams,Sales,61706
1838,Amanda Jones,IT,134692
2341,Karen Johnson,Marketing,54639
8306,John Ramirez,Customer Service,76803
1568,Jessica Taylor,Sales,108253
2921,Jessica Clark,Marketing,68811
181,Daniel Williams,IT,61293
182,Andrew Garcia,Finance,128961
4346,Betty Martin,Research,130956
7713,Karen Thomas,Sales,72735
