C_ID,C_NAME,AGE_YRS,LOC_CD,REG_DT
3998,Michael Martinez,70,San Antonio,2022-09-16
4677,Jane Martinez,29,Portland,2023-02-23
965,Deborah Martinez,43,Tucson,2024-02-04
7886,Christopher Harris,30,Dallas,2025-07-12
5713,Steven Lewis,68,Columbus,2020-04-23
7576,Christopher Clark,66,Nashville,2023-10-11
2398,Matthew Brown,64,San Francisco,2020-05-20
7053,Sarah Moore,46,San Antonio,2024-01-03
7743,Matthew Lee,66,Boston,2023-02-04
8247,Betty Smith,57,Milwaukee,2025-10-07
4034,Robert Moore,56,Milwaukee,2025-10-23
1747,Amanda Harris,68,San Jose,2022-09-01
258,Michael Gonzalez,57,Jacksonville,2025-07-27
7691,James White,53,Indianapolis,2021-08-08
4506,Lisa Smith,48,Portland,2024-06-25
5962,Paul Moore,69,Dallas,2025-04-01
5369,Donald Garcia,49,Washington,2025-09-11
231,Dorothy Allen,28,Seattle,2022-02-13
3626,Robert Taylor,67,New York,2024-06-08
8890,Dorothy Rodriguez,68,Albuquerque,2021-01-21
4587,Anthony Brown,60,Chicago,2023-06-25
3210,Karen Taylor,34,Sacramento,2022-01-12
5370,Emily Lee,29,Dallas,2020-02-20
9498,Joshua Smith,32,Denver,2021-05-18
4165,Amanda Martinez,61,San Antonio,2020-06-08
8163,Jane Martin,61,Oklahoma City,2023-03-17
4351,Sarah Rodriguez,56,Charlotte,2023-01-15
5577,Steven Williams,37,Mesa,2020-02-02
7069,James Robinson,44,Portland,2021-12-03
2140,Donald Young,30,New York,2023-02-03
7818,Jane Walker,18,Charlotte,2020-07-10
2302,Amanda Moore,38,Phoenix,2025-11-05
4301,Joshua Brown,35,San Antonio,2025-12-20
145,Andrew Martin,38,Albuquerque,2020-08-10
752,Anthony Thomas,54,Milwaukee,2022-09-10
8807,Mark Martinez,41,Los Angeles,2024-10-22
9826,Sarah King,45,Milwaukee,2023-11-10
8785,Steven Thompson,31,Sacramento,2021-08-16
3796,Christopher Taylor,42,Louisville,2020-01-26
9966,Daniel Wilson,27,Fresno,2023-02-28
3819,Jane Allen,34,Phoenix,2020-12-26
5002,Ashley Martinez,21,Nashville,2021-02-18
929,Joshua Williams,37,Fort Worth,2021-12-27
9286,Lisa Walker,54,Houston,2023-05-09
3640,Andrew Moore,40,Boston,2025-01-05
3568,Paul Brown,59,Washington,2022-05-06
6699,Sarah Garcia,24,San Francisco,2024-11-22
4490,Emily Anderson,25,Las Vegas,2021-03-05
2458,Michael Davis,53,Chicago,2022-02-23
9785,Jennifer Garcia,29,Portland,2025-11-02
6838,Jessica Perez,62,Portland,2022-03-25
9445,Lisa Thompson,60,Fort Worth,2023-10-02
2720,John Lopez,34,San Antonio,2021-03-05
4683,Nancy Lee,52,Phoenix,2021-02-05
9203,Michael Gonzalez,42,San Antonio,2022-10-05
4652,Daniel Jones,18,Austin,2023-03-11
6276,Dorothy Young,51,Phoenix,2024-11-10
8850,Steven Perez,60,Los Angeles,2020-05-18
9297,Andrew Harris,64,Phoenix,2023-10-25
692,Dorothy King,46,Kansas City,2020-04-23
8554,Jane Lewis,27,Fresno,2025-09-22
652,Elizabeth Lee,21,Philadelphia,2025-03-11
824,Anthony Jackson,68,Austin,2021-12-06
997,Amanda Anderson,38,San Antonio,2025-03-09
4823,Sarah Allen,50,Albuquerque,2023-07-13
243,Daniel White,59,San Francisco,2025-07-14
2473,Jane Moore,21,Phoenix,2022-03-12
5819,Emily Martinez,20,Jacksonville,2023-10-11
7571,Donald Johnson,29,Boston,2022-11-07
8981,Robert Taylor,52,Tucson,2025-02-06
6058,Jessica Brown,53,Baltimore,2025-08-13
2235,Joshua Thompson,68,Nashville,2022-07-09
2666,Jessica Moore,57,Baltimore,2021-03-01
5819,James White,48,Sacramento,2024-06-07
3581,Sarah Young,45,Kansas City,2020-04-23
