C_ID,C_NAME,AGE_YRS,LOC_CD,REG_DT
3244,Emily Sanchez,19,Philadelphia,2024-04-10
6247,Lisa Robinson,68,Louisville,2025-12-13
4254,Andrew Jones,55,Mesa,2025-02-04
3998,Sarah Miller,44,Boston,2023-11-28
4448,James Hernandez,19,San Francisco,2022-01-01
9810,Matthew Lee,65,Portland,2025-07-07
3282,John Martin,67,Columbus,2024-10-02
1473,Amanda Moore,67,Nashville,2020-08-04
3386,Robert Perez,21,Fort Worth,2025-11-13
3123,Mark Taylor,20,Las Vegas,2022-06-19
2708,Dorothy Moore,58,Denver,2024-06-20
1247,Donald Allen,63,Portland,2023-08-09
6403,John King,20,Charlotte,2023-07-01
9326,Daniel Martinez,38,Sacramento,2025-07-12
1230,Betty Davis,18,Mesa,2024-11-26
3154,Steven Brown,58,Seattle,2025-02-04
4062,Lisa Lopez,53,Albuquerque,2021-12-17
5899,Donald Sanchez,26,Baltimore,2022-03-21
6420,Mark Clark,20,Chicago,2025-08-27
7011,John Brown,52,Columbus,2023-10-15
6658,Deborah Moore,69,Milwaukee,2020-03-20
5590,Matthew Ramirez,51,Charlotte,2025-09-17
4372,Lisa Thomas,28,Dallas,2022-01-09
3654,Betty Wilson,64,Boston,2025-04-02
2099,Lisa Williams,18,Chicago,2021-07-04
633,Jennifer Robinson,21,Las Vegas,2025-02-02
1585,Amanda Lee,32,Denver,2022-05-28
5039,Dorothy Miller,64,Albuquerque,2021-08-13
8962,Robert Smith,25,Portland,2021-09-03
4298,Nancy Garcia,43,Chicago,2023-04-25
5271,Christopher Taylor,46,Charlotte,2024-05-21
3322,Anthony Lewis,55,Austin,2021-04-09
7674,Sarah Taylor,21,Louisville,2025-09-22
206,Betty Davis,64,San Francisco,2024-06-11
2971,Andrew Davis,42,Philadelphia,2023-08-24
3497,Lisa Gonzalez,25,Baltimore,2021-09-24
394,Anthony King,28,Houston,2024-04-18
5772,Amanda Martinez,39,Austin,2024-06-06
53,Nancy Johnson,67,Baltimore,2020-10-23
3616,Ashley Anderson,23,San Francisco,2021-04-21
494,Nancy Anderson,39,Las Vegas,2020-06-05
1145,Jessica Johnson,39,Denver,2022-01-14
5441,Lisa Rodriguez,67,Las Vegas,2020-12-20
8478,Deborah Davis,63,Louisville,2024-01-02
9284,Matthew Allen,26,Louisville,2020-06-24
9114,Donald Rodriguez,68,Portland,2020-02-15
6277,Sarah Jones,42,Washington,2023-09-10
2591,Deborah Miller,18,Columbus,2021-01-26
3382,James Thomas,65,Sacramento,2022-10-18
5951,Christopher Sanchez,70,Albuquerque,2024-08-27
6163,Robert Jones,69,San Diego,2021-04-23
8911,Steven Hernandez,70,Fort Worth,2021-05-05
7930,Amanda Lopez,59,Washington,2022-05-11
182,Michael Clark,47,Albuquerque,2025-03-21
2643,Jane Thompson,51,Tucson,2022-12-23
5862,Christopher Brown,22,Milwaukee,2020-07-03
140,Jessica Brown,60,San Jose,2022-01-28
1686,Daniel Williams,55,Mesa,2025-07-28
5083,Anthony Young,59,Indianapolis,2025-02-26
995,Matthew Allen,56,Seattle,2020-04-16
1541,Jessica Lopez,21,Phoenix,2022-04-16
9135,Betty Jackson,33,Baltimore,2023-07-20
2658,David Brown,26,Chicago,2020-11-28
3195,Christopher Young,37,San Jose,2020-10-26
6761,Daniel Ramirez,51,Charlotte,2024-02-14
3884,Joshua Perez,55,San Antonio,2025-03-18
5192,Ashley Johnson,27,Chicago,2023-11-01
4342,Robert Thompson,68,Indianapolis,2025-07-22
1620,Jane Ramirez,50,Kansas City,2023-01-01
4585,Joshua King,61,New York,2023-01-10
6382,Joshua Clark,24,New York,2020-01-15
6466,Dorothy Hernandez,41,San Antonio,2025-01-07
4881,Sarah Clark,29,Milwaukee,2020-06-18
4704,Deborah Perez,46,Houston,2021-11-18
968,John Wilson,43,San Antonio,2023-10-17
