C_ID,C_NAME,AGE_YRS,LOC_CD,REG_DT
9508,Christopher Moore,64,Philadelphia,2021-04-08
5229,John Clark,70,Las Vegas,2023-04-23
6837,Betty Lee,47,Dallas,2024-06-22
5853,Jessica Martin,18,San Francisco,2024-10-11
5081,Paul Davis,45,Baltimore,2024-04-14
1325,Mark Lopez,48,Baltimore,2020-05-23
539,Emily Thompson,60,San Francisco,2023-10-22
495,Amanda White,47,Louisville,2020-06-19
5013,Michael Lewis,65,Seattle,2021-10-14
7691,Jessica Jackson,49,Columbus,2022-05-09
7730,Dorothy Smith,65,Milwaukee,2023-08-14
3962,Jessica Harris,46,Phoenix,2025-08-27
4029,Elizabeth Williams,68,San Antonio,2024-05-13
1079,John Davis,39,Baltimore,2023-09-14
9529,Andrew Thompson,52,Indianapolis,2022-02-16
7975,Steven Garcia,64,Fort Worth,2025-01-16
6419,Matthew Sanchez,45,Indianapolis,2020-12-17
4843,Amanda Rodriguez,21,San Antonio,2023-01-05
9267,Sarah Martin,37,Phoenix,2025-03-10
2213,Anthony Young,51,Los Angeles,2020-06-17
6893,Dorothy Clark,57,Los Angeles,2021-09-19
135,Daniel Martinez,50,Fort Worth,2020-02-10
6116,Lisa Williams,51,Chicago,2024-01-07
6396,Deborah Lopez,56,San Jose,2023-07-14
6039,Deborah Lee,66,Tucson,2020-11-28
6658,Michael Martinez,33,Baltimore,2022-07-24
9685,Karen Rodriguez,27,Houston,2025-02-13
9696,Daniel Lewis,69,Nashville,2022-12-01
807,Andrew Hernandez,26,Dallas,2020-05-19
7026,Christopher Thompson,23,Chicago,2021-03-15
2488,Karen Smith,40,Oklahoma City,2020-11-04
3532,Michael Moore,63,New York,2020-01-28
2510,Michael Davis,64,Fort Worth,2021-01-09
3412,Steven Thompson,54,Jacksonville,2024-08-12
4523,Lisa Moore,22,Charlotte,2022-03-26
2909,Michael Robinson,63,Jacksonville,2023-03-17
9489,Mark Jackson,44,Boston,2021-06-21
1030,Joshua Jackson,31,Portland,2024-03-23
9621,Robert Sanchez,53,Mesa,2023-06-25
7894,Elizabeth Hernandez,70,Sacramento,2023-01-06
5112,Michael Moore,56,Washington,2024-06-18
2387,Ashley Lewis,53,Milwaukee,2024-07-25
4139,Emily Davis,67,Chicago,2024-07-14
6879,Anthony Thomas,39,Los Angeles,2025-08-16
2197,Karen Martinez,43,Kansas City,2024-09-05
6382,Steven Miller,63,San Diego,2021-05-10
6441,Robert Young,33,Louisville,2024-02-05
4166,Anthony Davis,57,San Diego,2021-01-05
150,Jessica Lewis,35,New York,2025-05-26
6333,Joshua Wilson,56,Las Vegas,2020-07-01
1543,Mark Martin,48,Sacramento,2024-06-14
5611,Anthony Robinson,63,Columbus,2021-05-28
9612,Emily Robinson,48,Boston,2020-06-17
506,Sarah Lopez,54,San Francisco,2021-07-17
9731,Jessica Lopez,50,Columbus,2020-10-11
1733,David Taylor,48,Houston,2023-09-01
7987,Nancy Martinez,68,Los Angeles,2023-07-07
6851,Jennifer Smith,26,Oklahoma City,2024-07-10
9420,Amanda Miller,22,Seattle,2023-09-19
2134,Sarah Jackson,63,Louisville,2025-11-09
7115,Sarah Moore,55,Charlotte,2023-06-07
3365,Robert Sanchez,37,Kansas City,2024-08-17
2647,Lisa Brown,37,Charlotte,2024-11-04
7514,Lisa Hernandez,55,Kansas City,2023-10-23
4735,Christopher Sanchez,56,Albuquerque,2020-01-28
68,Amanda Sanchez,65,San Jose,2024-01-20
7195,Lisa Johnson,38,San Jose,2024-06-01
1418,James Smith,59,Seattle,2022-09-24
4549,Amanda Sanchez,41,Milwaukee,2025-02-27
2437,Amanda Young,57,Philadelphia,2020-10-20
7744,Nancy Garcia,64,Philadelphia,2020-07-25
6384,James Perez,32,Portland,2022-09-10
496,Anthony Thompson,23,Albuquerque,2023-06-03
3123,John Jackson,56,Nashville,2025-06-19
8736,Andrew Miller,38,Mesa,2022-01-19
