C_ID,C_NAME,AGE_YRS,LOC_CD,REG_DT
7035,Deborah Davis,33,Columbus,2022-04-15
6899,Joshua Williams,55,Milwaukee,2021-02-03
1163,Andrew Garcia,32,Portland,2024-02-15
1504,Lisa King,20,New York,2023-01-12
4569,Anthony Robinson,43,Charlotte,2024-04-24
9053,Dorothy Lopez,66,Columbus,2020-12-14
4032,Nancy Smith,43,New York,2023-12-22
9275,Dorothy Brown,19,Boston,2021-02-02
8948,Mark Miller,54,Denver,2022-10-03
1875,David Allen,33,Los Angeles,2020-08-20
6282,Donald Williams,28,Albuquerque,2021-04-21
9681,Ashley Walker,43,Charlotte,2022-02-21
7106,Joshua Anderson,50,San Francisco,2021-05-25
7930,Sarah Lopez,59,Indianapolis,2020-10-21
3585,Deborah Ramirez,59,Austin,2023-01-13
5226,Lisa Lee,41,San Francisco,2025-03-26
5051,Amanda Lewis,18,Phoenix,2021-06-07
2852,Lisa Rodriguez,32,Nashville,2021-02-12
7130,Donald Moore,46,Portland,2024-06-27
7237,Jessica Williams,36,Jacksonville,2020-07-13
6592,Karen Miller,34,San Jose,2023-02-01
7663,Joshua White,54,Denver,2020-06-26
3373,Joshua Harris,38,Indianapolis,2025-11-23
5364,Andrew Davis,50,San Jose,2021-02-26
2052,Lisa Smith,19,Boston,2021-05-23
1247,Elizabeth Hernandez,69,Boston,2023-08-22
3821,Joshua Davis,33,Nashville,2022-05-17
148,Lisa White,54,Albuquerque,2024-08-22
2126,David Allen,51,San Jose,2023-07-18
8619,Betty Smith,44,San Francisco,2024-02-09
1087,John White,52,Seattle,2023-01-04
1963,Jane Wilson,64,Boston,2023-12-08
1186,Amanda Martinez,43,Albuquerque,2021-07-28
4594,Jessica Thomas,29,New York,2024-08-07
9630,Christopher Anderson,65,Chicago,2020-12-26
5081,Jessica Moore,28,Denver,2022-06-02
901,Sarah Rodriguez,25,Phoenix,2020-08-03
7008,Lisa Anderson,31,Jacksonville,2025-10-02
4575,Sarah Thomas,66,New York,2025-12-25
9519,Michael Hernandez,45,Washington,2025-09-25
8682,Mark Rodriguez,36,Nashville,2021-05-28
1650,Michael Harris,50,Seattle,2025-02-15
7273,Andrew Taylor,49,Houston,2021-09-25
5453,Mark Moore,51,Charlotte,2022-04-15
2984,Robert Lee,53,Columbus,2022-11-06
5652,Donald Wilson,47,Oklahoma City,2022-08-12
9220,Robert Martinez,48,Kansas City,2024-02-10
7819,Jennifer Jones,37,Houston,2022-09-17
7085,Jessica Jackson,50,Washington,2022-06-20
3938,Dorothy Garcia,45,Chicago,2022-05-21
1168,Lisa Brown,60,Baltimore,2023-09-09
3331,Emily Ramirez,55,Los Angeles,2024-07-01
140,Andrew Ramirez,59,Albuquerque,2021-09-17
9811,Deborah Moore,37,Philadelphia,2025-12-04
3789,Mark Martinez,68,Chicago,2025-09-22
3774,Steven Williams,29,Milwaukee,2025-01-18
1300,Andrew Jones,34,Chicago,2022-06-15
5742,Christopher Young,59,Mesa,2024-10-06
9061,Jessica Anderson,58,Austin,2023-11-05
8345,Dorothy Brown,46,Tucson,2021-02-28
1441,Joshua Wilson,64,Las Vegas,2023-06-04
536,Donald Garcia,38,Boston,2022-10-17
1981,Amanda Miller,43,Phoenix,2024-12-12
2262,David Miller,31,Boston,2021-11-01
274,Nancy Walker,47,Jacksonville,2021-03-26
2490,Jane Jones,50,San Jose,2020-09-16
6666,Robert Lopez,32,Columbus,2020-05-02
5855,Dorothy Lopez,29,Baltimore,2020-03-02
5824,David Lee,62,Tucson,2021-12-06
3677,Nancy Martin,48,San Diego,2020-07-11
1838,Anthony Harris,31,Boston,2022-05-12
3863,Joshua Lopez,28,San Antonio,2024-01-06
4410,Nancy Lee,26,San Diego,2021-10-06
7163,Michael Williams,54,Louisville,2025-04-17
4548,Andrew Ramirez,69,New York,2022-08-04
