C_ID,C_NAME,AGE_YRS,LOC_CD,REG_DT
3612,James Miller,62,Albuquerque,2022-09-02
5282,Michael Lewis,66,San Antonio,2021-01-20
1330,Andrew Martin,50,Baltimore,2020-01-15
3638,Deborah Harris,38,Columbus,2022-12-23
6727,Lisa Thompson,45,Denver,2021-04-28
2343,Lisa Johnson,31,Baltimore,2020-05-07
1418,Emily Hernandez,39,Houston,2022-06-02
2677,James Jackson,29,Indianapolis,2024-11-22
4766,Jennifer Robinson,40,Fort Worth,2020-04-23
7434,Anthony Jackson,61,Baltimore,2022-03-21
3,Christopher Hernandez,53,Indianapolis,2021-09-04
4751,Daniel Miller,32,Nashville,2024-02-25
7213,Robert Taylor,63,Sacramento,2023-07-19
7885,Emily Young,49,Fresno,2022-01-22
6480,Lisa Moore,57,Sacramento,2025-07-01
9874,Betty Clark,32,New York,2022-09-20
2835,Andrew White,21,Indianapolis,2022-07-21
5152,Christopher Johnson,50,Kansas City,2020-03-23
6316,Lisa Jackson,18,Tucson,2025-09-01
2037,Mark Miller,39,Albuquerque,2021-05-23
3759,David Walker,32,Phoenix,2021-10-25
3088,John Taylor,40,Las Vegas,2022-08-05
2730,Lisa Jones,46,New York,2024-01-20
2586,Joshua White,58,Louisville,2021-10-04
6455,Joshua Davis,46,Tucson,2025-06-15
2026,Steven Johnson,25,Sacramento,2021-04-14
5859,Robert Anderson,33,Washington,2022-02-09
7448,Emily Harris,69,Columbus,2025-02-24
127,John Martinez,34,Albuquerque,2021-02-03
1757,Steven Lopez,33,Nashville,2023-11-22
2342,Mark Anderson,70,San Antonio,2024-03-03
82,Elizabeth Garcia,60,San Jose,2021-01-21
6413,James Miller,33,Sacramento,2023-03-19
1127,Amanda Martin,21,Denver,2023-11-25
1790,Anthony Gonzalez,47,Jacksonville,2024-10-16
8310,Amanda Garcia,54,Charlotte,2022-08-23
1225,Jennifer Walker,46,Kansas City,2023-09-04
2976,Betty Jones,26,Houston,2023-03-09
6833,Lisa Lewis,70,Fresno,2021-04-28
6457,Matthew Garcia,59,Fresno,2023-08-26
3094,Joshua Young,28,Austin,2022-11-03
3718,David Thomas,60,Las Vegas,2023-06-22
1940,Lisa Taylor,24,Washington,2020-10-28
5160,Steven Jackson,36,Fresno,2025-07-12
4876,Donald Robinson,57,Fort Worth,2023-02-06
215,Ashley Thomas,36,Los Angeles,2020-05-22
92,Mark Anderson,21,Fort Worth,2020-11-15
129,Paul King,45,Chicago,2020-11-04
1181,Robert Allen,63,Jacksonville,2022-04-03
5802,Emily Lopez,28,Fresno,2021-02-07
1667,Lisa Young,38,Milwaukee,2020-07-13
1365,Lisa Thompson,24,San Antonio,2022-11-21
5603,Matthew Rodriguez,70,Sacramento,2023-04-04
8560,Robert Allen,20,Baltimore,2025-03-10
8221,Dorothy Moore,34,Nashville,2020-09-11
442,Jennifer Lewis,38,Washington,2025-04-12
2685,Anthony Moore,62,Dallas,2021-07-07
5755,Amanda Jones,28,Phoenix,2024-03-20
888,Ashley Gonzalez,70,Sacramento,2021-10-15
6659,Mark Allen,40,Milwaukee,2021-07-16
3174,Emily Gonzalez,67,Milwaukee,2025-08-09
1940,Karen Garcia,37,Austin,2020-05-18
6098,Donald Martinez,67,Kansas City,2025-03-19
5430,Elizabeth Walker,68,Baltimore,2022-01-18
3094,Amanda Clark,40,Sacramento,2025-05-25
7756,Elizabeth Ramirez,70,Fort Worth,2024-11-24
9117,Paul Martinez,32,Fort Worth,2024-10-02
4639,Jennifer Gonzalez,51,Las Vegas,2020-09-09
8452,Michael Gonzalez,36,Denver,2023-06-11
4230,Lisa Hernandez,49,Los Angeles,2020-07-24
8828,James Miller,62,New York,2023-07-01
9078,Anthony Perez,23,New York,2025-01-12
3830,Joshua Lee,69,Philadelphia,2021-08-27
7978,Jessica Wilson,26,Oklahoma City,2025-07-13
9350,John Garcia,37,Houston,2023-04-22
