C_ID,C_NAME,AGE_YRS,LOC_CD,REG_DT
2099,Ashley Jackson,22,Chicago,2020-03-27
3092,Daniel Robinson,47,Seattle,2023-04-13
4840,Donald Clark,58,Baltimore,2021-01-19
6231,Jane Davis,54,Tucson,2022-03-18
4471,Anthony Lewis,27,Jacksonville,2022-02-09
5948,Robert King,27,Sacramento,2020-11-04
4213,Amanda Brown,60,Los Angeles,2022-05-05
1786,Anthony Gonzalez,25,Nashville,2020-10-12
2596,James Williams,64,Dallas,2021-02-16
5559,Emily Walker,63,Houston,2023-03-16
4580,Joshua Williams,38,Chicago,2023-04-22
8871,Donald Clark,30,Fort Worth,2023-06-05
5556,Mark Jones,47,Chicago,2023-01-19
1163,Amanda Williams,63,Chicago,2022-02-05
6631,Robert Garcia,61,Nashville,2021-11-06
1154,Karen Sanchez,42,Phoenix,2023-04-19
1010,Elizabeth Harris,62,Louisville,2024-08-11
6,Jane Allen,68,Oklahoma City,2021-09-10
7959,Donald Martin,26,Jacksonville,2021-12-14
1596,Steven Martinez,61,Denver,2025-01-09
7165,John Thomas,63,New York,2021-03-23
4897,Jessica King,33,Las Vegas,2022-11-13
2730,Matthew Thompson,33,Albuquerque,2025-05-22
190,Jane King,32,Philadelphia,2021-09-28
8766,Dorothy Williams,61,Phoenix,2024-11-28
3893,Steven Jones,44,Houston,2024-10-09
3444,Ashley Thomas,64,Fort Worth,2025-04-01
8979,Christopher Brown,70,Portland,2022-06-16
1558,Karen Lee,70,Phoenix,2025-07-10
7148,Deborah Smith,63,Houston,2020-02-05
3580,James Wilson,25,Albuquerque,2021-09-21
8044,Christopher Perez,56,Jacksonville,2022-09-27
5470,Amanda Jackson,34,Baltimore,2022-04-13
6718,Paul Smith,20,Mesa,2021-02-03
2594,James Martinez,37,Washington,2022-09-05
7578,Emily Lopez,26,Indianapolis,2020-01-24
731,Deborah Martin,32,Denver,2024-08-25
8303,Betty Rodriguez,19,Albuquerque,2021-01-18
9108,Paul Lewis,51,Seattle,2021-04-06
1263,Nancy Williams,59,Columbus,2025-09-14
8586,Mark Ramirez,50,Albuquerque,2025-10-01
6249,Amanda Allen,39,Los Angeles,2022-02-01
1232,Donald Lee,45,Portland,2024-10-01
334,Dorothy Taylor,39,San Diego,2023-06-04
3698,Elizabeth Miller,61,Albuquerque,2024-12-08
3762,Nancy Young,62,Seattle,2025-05-15
2386,Lisa Brown,25,Sacramento,2023-02-10
811,Nancy Lewis,18,Seattle,2025-04-13
9072,Dorothy White,63,Washington,2020-01-08
4974,Anthony Lee,44,Columbus,2021-03-27
5506,Emily Allen,43,Chicago,2023-10-23
2458,Deborah Perez,44,Tucson,2025-03-25
731,Lisa Allen,34,Oklahoma City,2023-09-24
8726,Joshua King,20,San Francisco,2024-10-07
2626,David Lee,32,Jacksonville,2023-12-11
7358,Deborah King,51,San Jose,2025-03-23
3185,Michael Thomas,39,Baltimore,2022-10-03
4636,Daniel Miller,53,Seattle,2021-02-18
2714,Nancy Martin,42,Nashville,2025-10-08
3004,Steven Moore,19,Las Vegas,2023-07-01
9467,Dorothy Ramirez,59,Seattle,2020-05-04
9699,Deborah Perez,62,Baltimore,2024-04-21
3375,Jane Gonzalez,57,Louisville,2022-01-07
770,Elizabeth Clark,62,Chicago,2023-04-20
9048,Lisa Miller,46,Washington,2022-01-05
4152,Jane Taylor,46,Washington,2022-09-20
5797,John Martin,67,Boston,2025-09-24
7772,Amanda Sanchez,52,Denver,2022-08-20
8142,Elizabeth Robinson,43,Sacramento,2024-06-19
1526,Andrew Clark,35,Austin,2023-09-19
3016,Sarah Brown,56,Las Vegas,2022-11-27
3325,Robert Moore,65,Chicago,2022-06-24
3531,Christopher Davis,28,Las Vegas,2021-12-05
9080,Michael Thompson,69,Nashville,2024-02-20
5216,Christopher Garcia,56,Los Angeles,2022-06-17
