EMP_ID,EMP_NM,DEPT_CD,SAL_AMT
5101,Anthony Johnson,Marketing,55068
3328,Christopher Martinez,Finance,113953
7923,James White,Sales,143878
9022,James Ramirez,Sales,42469
1862,Steven Harris,Customer Service,128483
2387,Dorothy Wilson,Finance,114696
9528,Steven Lewis,IT,57484
9968,Lisa Davis,Operations,48295
2721,Ashley King,Marketing,127315
3842,Mark Perez,HR,119083
7377,Mark Thompson,Operations,116339
8141,Amanda Gonzalez,Marketing,96278
5274,Amanda Thomas,Marketing,73684
7410,Steven Brown,Marketing,141141
6347,David Thomas,IT,121066
7504,Robert Harris,IT,86059
2753,Jennifer Sanchez,Engineering,89235
1834,Amanda Martinez,Sales,60718
9880,Karen Taylor,Customer Service,95329
5938,Karen Jackson,HR,77959
5422,Elizabeth Lopez,Operations,98582
5250,Paul Ramirez,Operations,136123
3678,Dorothy Jackson,IT,148028
7272,Daniel Moore,Sales,121760
5443,Christopher Jones,IT,127721
9288,Ashley Clark,Research,105478
4009,Jane Miller,Legal,89297
4764,Michael Lewis,Marketing,41916
784,Amanda Williams,HR,69378
4491,Donald Thompson,Finance,140212
3935,Ashley Miller,IT,73049
8742,Joshua Rodriguez,Finance,40039
6661,Christopher Harris,Engineering,113139
6531,James Hernandez,Legal,31416
4422,Sarah Clark,Engineering,122760
3552,Jennifer Martin,Engineering,139279
6346,Dorothy Harris,Marketing,63512
5803,Emily Davis,Research,60982
5042,Daniel Thompson,Engineering,149752
2463,Anthony Perez,IT,92692
324,Betty Lewis,Marketing,119732
5304,Michael Moore,Marketing,43926
444,Deborah Miller,Customer Service,44510
1112,Elizabeth Ramirez,Customer Service,58742
2632,Betty Lewis,Engineering,126364
9191,Jane Wilson,Marketing,30714
2656,Jennifer White,Engineering,77568
2567,Steven Jackson,HR,33535
2269,David Thomas,Operations,37621
5838,Matthew Jackson,Research,66634
972,Jessica Lopez,IT,127021
563,David Garcia,IT,114227
2539,Karen Johnson,Marketing,43427
4505,Christopher Young,IT,114423
2329,Deborah Brown,IT,47318
9445,Daniel Moore,Engineering,96860
77,Paul Jackson,Finance,66080
6856,Joshua Robinson,Customer Service,50071
5326,Jane Jones,Sales,132299
5131,Jane Johnson,Research,85546
792,Karen Allen,IT,101687
4285,Jennifer Hernandez,Marketing,131041
3364,Karen Allen,Sales,69728
8434,Lisa Martin,HR,101217
193,James Smith,Operations,38614
1145,John Jones,HR,143879
1977,Elizabeth Harris,Research,55725
6860,Deborah Rodriguez,IT,71448
5759,Joshua Jackson,Legal,139228
3953,Lisa Brown,Finance,57279
9766,Nancy Martinez,Customer Service,90923
5304,Mark Thompson,Marketing,43390
4052,Donald Robinson,IT,50267
4088,Steven Sanchez,HR,123795
1541,Joshua Wilson,Marketing,138346
8507,Steven Lee,Customer Service,136086
9394,Jane Garcia,Customer Service,121880
9922,Lisa Lee,Research,133368
8773,Joshua Martinez,Finance,112304
8844,Jennifer Allen,Legal,131621
4166,Christopher Perez,Legal,32650
5704,Lisa Williams,Customer Service,103356
7250,Joshua Perez,Research,67126
7986,Betty Sanchez,Sales,96536
4451,John Smith,Engineering,86697
3488,Andrew Clark,Operations,84205
199,Donald Johnson,Research,79595
5255,Donald Garcia,Operations,35152
1924,Paul Martin,Sales,141453
3364,Anthony Jones,Engineering,145919
8322,Lisa Williams,Marketing,120691
5411,Emily Garcia,Customer Service,66469
763,Karen Ramirez,Legal,99258
3820,Lisa Ramirez,Legal,59915
6789,Ashley Davis,IT,62052
3192,Jessica Young,HR,135696
1773,Mark Martin,Engineering,120775
5470,Paul Wilson,Engineering,75036
5397,Elizabeth Walker,Customer Service,122670
6872,Dorothy Garcia,Research,76696
