EMP_ID,EMP_NM,DEPT_CD,SAL_AMT
8182,Michael Ramirez,IT,84145
6067,Jane Davis,Marketing,146507
336,Karen Perez,Research,148084
3500,Jane White,Legal,70805
1102,Joshua Lewis,Engineering,45962
9748,Paul Smith,Operations,78532
6813,Steven Walker,Legal,47205
1146,Robert Wilson,Sales,74099
6702,Betty Gonzalez,Legal,127943
2676,Ashley Rodriguez,Research,105011
2852,Steven Anderson,Sales,99432
3754,Amanda Wilson,HR,48864
2771,Betty Thomas,HR,99582
7240,Ashley King,Legal,121709
977,Jessica Garcia,Marketing,83948
5432,Daniel Moore,Marketing,78637
2431,Andrew Ramirez,Legal,70487
605,Karen Martin,Engineering,67944
2465,Deborah Ramirez,Operations,109262
3817,Jennifer Hernandez,Research,83143
4959,Matthew Rodriguez,Sales,70769
1268,Mark Martinez,Engineering,31214
2468,Michael Smith,Finance,36331
855,Daniel Thomas,Sales,123460
2466,Elizabeth Allen,IT,112966
2236,Jane Gonzalez,Finance,55827
1806,Elizabeth Rodriguez,Marketing,77567
3695,Donald Taylor,Research,133975
8144,Lisa Taylor,Sales,51591
903,David Lopez,Customer Service,81201
2270,Ashley Harris,Customer Service,100517
1524,Anthony Moore,Engineering,72093
5443,Lisa Wilson,Engineering,76633
6313,Betty Martin,Operations,127814
9101,Dorothy White,Operations,114353
8394,Daniel Jones,Finance,71164
6810,Joshua Martinez,Operations,120606
472,Joshua Wilson,Legal,79261
9834,Nancy Jackson,Research,72629
2480,Jennifer Young,Marketing,90296
7600,Christopher Rodriguez,Research,39559
8257,David Allen,Research,139518
3355,John Lewis,HR,128959
2687,Karen Jackson,Sales,41256
5496,Paul Thomas,HR,53457
3982,Andrew Miller,Finance,62957
7191,Amanda King,Marketing,142654
7603,David Gonzalez,HR,106593
3343,Lisa Gonzalez,Marketing,125627
4882,Donald Sanchez,IT,74910
3987,Lisa Smith,Research,122685
3056,Daniel Anderson,Finance,46343
1873,Jessica Jackson,Customer Service,70270
6988,Lisa Harris,HR,56651
6534,Joshua Lewis,Finance,112125
1639,Paul Sanchez,Finance,101162
7883,Lisa Smith,Customer Service,64114
8498,Robert Allen,Marketing,137265
7397,Amanda Miller,Research,35704
4760,Karen Young,HR,54655
8190,David Johnson,Customer Service,35023
7624,Elizabeth Williams,Marketing,127186
649,Matthew Jones,Sales,132360
1412,Daniel Davis,Engineering,124813
4800,Elizabeth Lewis,Sales,141621
3738,Mark Rodriguez,Engineering,34297
6201,Robert Hernandez,Legal,41652
2815,Mark Brown,Sales,88298
3525,Jennifer Harris,Marketing,77533
5166,Betty Thompson,Engineering,129886
7078,Elizabeth Lopez,Marketing,37422
3399,Elizabeth Brown,Marketing,93331
4102,Daniel Perez,Sales,86157
5833,Amanda Lopez,Research,53289
7550,Donald Lee,HR,88128
2584,Mark Robinson,Engineering,123338
5800,John Martin,IT,41233
9422,Michael Rodriguez,Legal,149821
8207,Paul Jones,Research,102816
9989,Joshua Anderson,IT,49170
8563,Jessica Sanchez,Sales,81322
332,Nancy Brown,Sales,112043
2509,Donald Perez,Research,72647
8119,Ashley Jones,IT,83268
7980,Daniel Martinez,Sales,95164
2778,Elizabeth Ramirez,Operations,89792
9314,Deborah Johnson,Operations,68651
5431,Jessica Ramirez,IT,44507
4502,Michael Moore,Finance,104646
7086,Michael Lee,Customer Service,74698
8029,Mark Jones,Sales,51790
9051,Joshua Clark,Customer Service,74745
606,Matthew Williams,IT,77978
9924,Sarah Miller,IT,58625
4703,David Martin,Sales,94086
4110,Sarah Taylor,Marketing,98922
2629,Daniel Lee,Engineering,95889
8438,Nancy Martinez,HR,44039
7764,Steven Davis,Marketing,112203
7356,Jennifer Harris,Customer Service,95083
