EMP_ID,EMP_NM,DEPT_CD,SAL_AMT
2162,John Sanchez,HR,133925
6635,Mark Jones,Engineering,141659
4505,Jane King,Sales,100053
5161,Elizabeth Martin,Finance,133718
5051,John Hernandez,Finance,64564
2743,Donald Thomas,Marketing,78695
1577,Mark Young,Sales,148977
4580,Lisa Clark,HR,134543
5030,James Davis,Research,53303
4613,James King,Customer Service,135686
9590,Nancy Wilson,Operations,35177
579,John King,Sales,58077
4613,Matthew Thomas,Legal,146844
2865,Mark Moore,Finance,93669
7639,Mark Harris,Sales,93783
399,Christopher Moore,Marketing,79826
7371,Jane Walker,IT,105291
3310,Sarah Thomas,Engineering,99815
2235,Donald Perez,Research,92945
8203,Nancy Gonzalez,Finance,63789
8513,Donald Young,Customer Service,134747
1018,John Perez,Finance,47091
1933,Sarah Smith,Engineering,57596
3038,John Brown,Operations,82707
5891,Betty Brown,IT,147129
7406,Matthew Ramirez,HR,109589
1475,Betty Perez,Marketing,52616
3726,Paul White,Research,112544
7188,Steven Harris,Finance,44342
8241,Dorothy Lewis,Engineering,33148
6511,James Lee,Customer Service,46279
8558,Lisa Rodriguez,Finance,132065
5124,Paul White,Finance,55667
3862,Lisa White,Customer Service,41689
3807,Mark Taylor,Research,134944
6005,Daniel Young,IT,66758
3302,Lisa Lee,Sales,34582
9395,Lisa Miller,Finance,43072
5382,Andrew Johnson,Legal,134141
4902,Anthony Thompson,Marketing,61632
340,Amanda Williams,Engineering,87063
2499,Paul White,Sales,75935
4234,Donald Gonzalez,Engineering,132537
729,Lisa Lewis,Engineering,98403
1083,Jennifer Moore,Sales,32828
6850,Daniel Garcia,HR,33690
8389,Emily Wilson,Finance,136758
9492,Daniel Johnson,HR,91721
2573,Amanda Allen,HR,59337
3035,Andrew Johnson,Marketing,32880
2589,Nancy Allen,Operations,137392
6484,Elizabeth Lopez,HR,70465
3570,Sarah Perez,Engineering,64465
2367,Amanda Young,Finance,61882
8291,Nancy Young,Customer Service,148784
203,Christopher Lee,Finance,90445
4602,Betty Lopez,Engineering,117060
9617,Christopher Thomas,Operations,76075
5311,Jennifer Anderson,HR,119525
9315,Deborah Young,Marketing,109256
7225,Anthony Garcia,Engineering,52400
7220,Michael Williams,Operations,38500
720,Elizabeth Wilson,Sales,99827
743,Joshua Sanchez,Operations,115629
3700,Lisa Hernandez,Engineering,77469
2347,James Taylor,Legal,52356
4390,Paul Perez,Marketing,91633
3176,Deborah Thomas,Engineering,121060
8063,Deborah Davis,Customer Service,119821
9388,Amanda Robinson,HR,143017
4544,Steven Gonzalez,Research,125885
8982,Andrew Jackson,Sales,122045
330,Lisa Martinez,Customer Service,54598
1240,Betty Miller,Engineering,122531
8033,Christopher Smith,IT,105249
9048,Joshua Robinson,Research,76574
3626,Nancy Walker,Research,96396
4116,Matthew Wilson,Research,124200
2340,Jennifer Allen,Engineering,79125
9271,Donald Brown,HR,127087
8688,Emily Walker,Marketing,67763
1497,Dorothy Taylor,Marketing,46641
9505,Matthew Rodriguez,Engineering,43511
2332,Ashley Martin,Operations,78798
4001,Steven Martin,IT,93216
2561,Lisa Allen,HR,40404
8899,James Thompson,Finance,132080
339,Christopher Robinson,Marketing,57638
669,Betty Jackson,IT,62701
5503,Amanda Martin,Customer Service,35650
7353,Dorothy Walker,Marketing,63198
4852,Nancy Thomas,Sales,122125
9999,Andrew Martinez,Engineering,57907
8507,Elizabeth Clark,IT,90712
384,Amanda Lee,HR,131360
5024,James Jones,Customer Service,106828
4063,Jane Gonzalez,Customer Service,38780
6987,Daniel Williams,HR,88547
1132,Karen Thomas,HR,140574
7866,Amanda Rodriguez,Sales,145637
