EMP_ID,EMP_NM,DEPT_CD,SAL_AMT
9399,Jessica Wilson,Legal,81239
2711,James Martinez,Sales,131742
7740,Elizabeth Hernandez,IT,52130
8501,Emily Thompson,Marketing,108188
8892,Ashley Brown,Operations,137022
6395,Daniel Miller,IT,49635
1658,Anthony Martin,Legal,79384
4619,Deborah Harris,Sales,131946
1275,Robert King,Engineering,135028
1796,Emily Walker,IT,109789
3946,Nancy Thomas,Marketing,52306
7525,Jennifer Rodriguez,Legal,149364
3110,Mark Thomas,Operations,63133
4240,Mark Taylor,Research,70197
4913,Emily Thomas,Engineering,127125
3597,Michael Lee,Research,40113
407,Sarah Taylor,Finance,141637
6133,Daniel Ramirez,HR,51893
4897,Daniel Smith,IT,91680
7278,Andrew Perez,Finance,30282
1508,Lisa Jones,Legal,130809
5063,Deborah Jones,Customer Service,70927
8757,Christopher Thomas,Customer Service,71779
2504,Jessica Perez,Sales,119387
3363,David Miller,Customer Service,112454
4136,Karen Gonzalez,Operations,83599
7247,John Sanchez,Sales,131588
5791,Paul Davis,Operations,46207
2508,Jennifer Lee,Marketing,79065
9412,Elizabeth Gonzalez,Research,142169
5129,Christopher Garcia,Sales,82784
3742,John Miller,Sales,90566
1496,Steven Robinson,HR,86075
7325,Emily Sanchez,Finance,101558
2990,James Moore,Research,134868
7045,Jennifer Lopez,Sales,65728
6342,Matthew Johnson,Research,98755
2421,Lisa Clark,IT,123044
4562,Emily Lopez,Research,87138
8804,Anthony Ramirez,Engineering,70128
1683,Steven Williams,Marketing,140587
1899,Anthony Taylor,Legal,95066
5110,Jennifer Williams,IT,81841
4947,Joshua Clark,HR,64253
1263,David Perez,Operations,114502
2653,Dorothy Brown,Marketing,101610
8364,Joshua Brown,Legal,105261
1331,Emily Brown,IT,72100
2732,David Clark,Operations,128316
1413,Christopher Robinson,Sales,149374
3651,Donald Miller,Operations,123954
5778,Lisa White,Customer Service,131977
7081,Daniel Sanchez,Customer Service,117009
1124,Deborah Rodriguez,Operations,138082
6734,Jessica Clark,Research,120355
9603,Paul Thompson,Operations,30318
1052,Dorothy Young,Finance,62011
8391,David Sanchez,Finance,111482
6373,Jane Taylor,Customer Service,105891
7001,Steven Walker,Sales,42783
21,Deborah Jackson,HR,117133
4682,Jane Wilson,Customer Service,143285
1541,Jessica Young,Engineering,55889
9305,Ashley Gonzalez,Operations,96542
1719,Dorothy Robinson,HR,88760
3622,Lisa Davis,Legal,138703
6316,Michael Lopez,Customer Service,127521
2915,Dorothy Brown,Operations,53400
5640,Betty White,Finance,101917
894,Sarah Allen,Customer Service,148481
8829,Mark Taylor,IT,32675
9695,Daniel Gonzalez,HR,33113
482,Ashley Brown,Legal,111060
2935,Jessica Smith,Finance,118534
2216,Matthew Johnson,Engineering,82289
6374,Daniel Gonzalez,HR,97802
243,Amanda Allen,Marketing,50028
1831,Christopher Anderson,Legal,58200
1839,Jennifer Harris,HR,144369
5368,Anthony Brown,Operations,72786
2604,Dorothy Clark,Finance,72602
2019,David Sanchez,Sales,109840
4787,Jane Ramirez,Operations,56616
5733,Christopher Lee,Legal,144628
3398,Karen Anderson,Operations,60368
7964,Michael Clark,HR,58595
4758,Robert Sanchez,Sales,112955
8716,Andrew Hernandez,Operations,63966
113,Deborah King,Operations,34346
5568,Karen Harris,IT,141638
1824,Amanda Johnson,Customer Service,53364
5406,Robert Ramirez,Sales,132514
3311,Daniel Hernandez,Engineering,86684
4274,Mark Thomas,Marketing,49449
9010,James Young,HR,52217
2218,Robert Ramirez,Sales,98875
2034,Mark Young,Engineering,130639
9151,Sarah Garcia,Research,71210
5159,Anthony Lopez,Finance,148068
2793,Paul Rodriguez,Sales,125714
