EMP_ID,EMP_NM,DEPT_CD,SAL_AMT
7949,Joshua Garcia,Finance,43492
7669,Nancy Davis,Customer Service,88031
1482,David Thomas,Research,130769
61,Daniel Robinson,IT,93437
1819,Matthew Miller,Customer Service,147906
100,Jessica Hernandez,IT,49185
406,Amanda Taylor,Finance,73832
9472,Andrew Lopez,Sales,56007
8140,James Wilson,Operations,139310
2356,Karen Davis,Engineering,76985
6283,Christopher Thompson,Legal,80420
6858,Andrew Taylor,Sales,147918
4871,Joshua Moore,Legal,149618
5828,Daniel Allen,Operations,56476
2575,Paul Martin,IT,122587
3837,Michael Sanchez,Finance,136961
8533,Betty Miller,Marketing,146411
6910,Joshua Walker,Sales,30807
7855,Ashley White,Sales,51801
5822,Lisa Sanchez,Research,145159
3625,Lisa Clark,Finance,126134
7580,Christopher King,Marketing,74213
9567,John Walker,Finance,45590
6100,Christopher Allen,Legal,41694
2496,Sarah Williams,Legal,107901
7236,James Gonzalez,Operations,42761
8835,Elizabeth Sanchez,Engineering,60273
9878,Mark Allen,Customer Service,71086
6910,David Williams,Marketing,95285
7520,Lisa Walker,HR,37122
7149,John Walker,Sales,54300
3185,Joshua Harris,Research,60875
4698,Anthony Jackson,Marketing,140322
4713,Amanda Martinez,Sales,40505
5564,Paul Garcia,Research,59349
9991,Anthony Johnson,Operations,62841
8614,James Anderson,IT,114475
8254,Anthony Perez,Finance,118352
7746,Robert Brown,Customer Service,69221
3654,Amanda Robinson,Legal,115521
145,Betty Young,Research,127080
1899,Anthony Martin,HR,77204
9420,Sarah Martin,Finance,52137
5537,Matthew Johnson,Legal,102217
1903,Mark Young,IT,33142
2864,Steven Martin,Engineering,148051
3120,Deborah Jackson,Engineering,119736
517,Lisa Moore,IT,133457
8184,Karen Martin,IT,124915
1568,Ashley Wilson,Finance,138475
2533,Betty Johnson,Legal,123864
9931,Deborah Johnson,Finance,120732
5096,Jane Martin,Finance,34900
8124,Karen Brown,Research,122508
2473,Betty Thompson,IT,50117
7158,Donald Thomas,Finance,80098
5788,Matthew Lewis,IT,48604
3691,Amanda Robinson,Operations,30842
3052,Dorothy Allen,Research,81883
9051,Nancy King,Engineering,39039
6492,Lisa Thomas,Research,84153
7643,Betty King,HR,76852
2754,Joshua Jones,Customer Service,95597
8041,Dorothy Smith,Customer Service,109337
1369,Jennifer Brown,Legal,127750
6098,John Miller,Finance,35955
9432,Andrew Anderson,HR,120574
5614,Steven Rodriguez,Operations,135634
8559,Joshua Williams,Customer Service,45482
210,Anthony Gonzalez,IT,70620
8433,Dorothy King,Engineering,41164
1442,Andrew Martinez,IT,61000
9665,Lisa Perez,IT,102722
2286,Betty Lee,Marketing,79937
625,Mark Rodriguez,Operations,117177
9594,Donald Wilson,HR,44452
8100,Mark Davis,HR,52277
6779,Anthony Thomas,Finance,123850
5257,Mark Williams,Sales,128522
1505,Elizabeth Moore,Operations,129545
3245,Lisa Lee,Sales,136764
5221,Jane Martin,Marketing,123285
1664,Sarah Brown,Legal,126788
241,John Lopez,Finance,98258
3493,Christopher Thompson,Operations,47109
2987,Mark Thomas,Marketing,120673
5201,Matthew Davis,HR,67283
5366,Jane Ramirez,Legal,116362
7270,Matthew King,Operations,119367
7852,Ashley Thomas,Marketing,80772
4739,Lisa Smith,Finance,132511
3393,Robert King,Marketing,111363
1558,Nancy Miller,Legal,135595
5408,Donald Martinez,Sales,142030
8482,Jane Johnson,Operations,125344
8792,Emily Martinez,Marketing,139624
1880,Michael Sanchez,Legal,83699
9468,Joshua Williams,IT,142898
838,Lisa Wilson,Engineering,102788
7383,Andrew Allen,Finance,129246
