EMP_ID,EMP_NM,DEPT_CD,SAL_AMT
5443,Paul Martinez,Marketing,96172
9438,Jane Taylor,Customer Service,125099
4848,Joshua Harris,Research,35400
8903,Daniel Garcia,Marketing,75934
6193,Steven Lopez,IT,141715
453,Elizabeth Anderson,Operations,130496
251,Robert Brown,Legal,62243
200,Betty Garcia,Marketing,106145
8405,Karen Jackson,Marketing,115222
4690,Jennifer Jones,Legal,34894
4647,Andrew Gonzalez,Sales,130180
905,Steven Jackson,Research,79055
5145,Paul Perez,Operations,62464
422,Robert Martin,HR,129637
1623,Paul Garcia,Research,88576
6545,James Thompson,Legal,127712
6591,Christopher Walker,Sales,147344
4194,Christopher Johnson,Sales,108587
7988,David Garcia,Marketing,52173
6984,Jane Wilson,IT,72434
9141,Jane Taylor,HR,93543
369,David Young,Sales,142649
589,Lisa Moore,HR,72045
2663,Mark Johnson,HR,30165
1057,Amanda Johnson,Research,88838
5197,Jessica White,Marketing,143443
3087,Joshua Jackson,Legal,40824
4680,Lisa Jones,Finance,89967
3141,Karen Johnson,Operations,36929
7145,Jessica Rodriguez,Research,89124
39,Karen Wilson,Research,112056
9844,Robert White,Legal,64718
2005,Jennifer Garcia,Finance,43896
5294,Daniel Davis,HR,112391
1081,David Perez,Legal,85478
7110,Matthew Anderson,HR,129889
5256,Paul Clark,IT,35932
261,Nancy Smith,Finance,133719
5338,Mark White,Customer Service,119052
6083,Lisa Williams,Sales,127752
5230,Joshua Williams,Legal,111638
5162,Lisa Martin,Finance,49126
3125,Joshua Jackson,Research,105253
2355,Jennifer Gonzalez,Sales,132884
6978,Mark Martin,Research,145738
346,Elizabeth Hernandez,Research,88728
175,Sarah Anderson,Engineering,87880
811,Dorothy Clark,Finance,145728
8667,Sarah Wilson,IT,84606
3347,Christopher Lee,Operations,42452
2947,Betty Ramirez,Customer Service,77085
624,Daniel Lee,Operations,100269
8095,Joshua Robinson,Legal,143340
2179,Sarah White,HR,116076
2516,Paul Harris,Finance,83102
1150,James Gonzalez,Sales,55055
4646,Lisa Miller,IT,105212
4264,Christopher Ramirez,IT,64004
1592,Daniel Rodriguez,IT,147701
5261,Sarah Perez,Operations,83408
6292,Amanda Brown,HR,36700
551,Dorothy White,Finance,54249
5532,Elizabeth Hernandez,Engineering,59451
4754,Emily Wilson,HR,113901
4323,Ashley Wilson,Marketing,55249
7544,John Thompson,Sales,90786
7873,Dorothy Smith,Marketing,137268
8874,Betty Lopez,Research,109588
965,Dorothy Miller,Legal,73255
2110,John Thomas,IT,93459
7227,Lisa Thomas,Marketing,113910
1835,James Robinson,Legal,70818
2329,Matthew Clark,Engineering,78247
361,Elizabeth Anderson,Legal,119935
2414,Jennifer Rodriguez,Finance,138446
8337,Sarah Lewis,IT,115349
2050,Amanda Smith,Finance,149831
933,Joshua Harris,Marketing,96427
4713,Steven White,Legal,31040
7746,Karen Garcia,IT,77241
3150,Paul Walker,Finance,147744
9494,John Lewis,Finance,134698
7217,Ashley Young,HR,135973
7045,Sarah Sanchez,HR,129605
5228,Dorothy Moore,Customer Service,96130
6796,John Martin,Research,86747
5715,Christopher Garcia,HR,68413
3421,Ashley Rodriguez,Engineering,74203
3028,Elizabeth Gonzalez,Research,145648
6789,Robert Lee,Marketing,116380
2758,Lisa Clark,Customer Service,121284
7195,Karen Ramirez,Customer Service,118903
9516,David Sanchez,Marketing,115732
5649,Dorothy Gonzalez,Sales,146728
691,Paul Lee,Operations,75247
1337,Michael King,Sales,89100
2083,Sarah Robinson,Research,108170
5577,Andrew Moore,Engineering,85014
908,Amanda Lee,Legal,39074
8312,John Harris,Operations,109902
