C_ID,C_NAME,AGE_YRS,LOC_CD,REG_DT
9067,Betty Jones,31,Fresno,2024-02-22
2596,Jessica Lee,69,Fresno,2023-08-09
6939,Lisa Wilson,64,Jacksonville,2024-02-26
5318,Anthony Miller,60,Columbus,2024-02-06
6532,Mark Lopez,52,Boston,2021-03-06
7887,Daniel Sanchez,37,Dallas,2021-03-07
7882,John Perez,48,Indianapolis,2022-07-10
6292,Donald Clark,60,Phoenix,2020-05-20
969,Deborah Lopez,52,Kansas City,2024-06-20
405,Anthony Rodriguez,33,San Diego,2023-07-06
7452,David Walker,19,San Jose,2023-07-13
662,Matthew Harris,63,Austin,2020-12-22
585,Joshua Young,59,New York,2025-10-19
9343,Matthew Perez,37,Washington,2021-04-28
6888,Daniel Thomas,22,San Francisco,2023-12-09
7062,Jennifer Ramirez,41,Tucson,2023-11-28
1680,Donald Rodriguez,56,San Antonio,2020-03-14
2318,Lisa Jones,66,Fort Worth,2025-01-25
2802,Jane Thompson,45,Chicago,2020-06-10
7464,David Miller,35,Boston,2021-08-22
3602,Paul Anderson,39,Los Angeles,2020-12-24
4698,Elizabeth Rodriguez,33,Dallas,2025-11-05
1511,Dorothy White,50,Milwaukee,2022-04-05
6269,Christopher Davis,29,Columbus,2024-02-22
1548,Elizabeth Lopez,54,Milwaukee,2024-09-22
5045,James Thomas,44,Austin,2021-06-03
5261,Jessica Moore,44,New York,2025-11-05
6688,Michael Allen,35,Phoenix,2023-08-13
4537,Lisa Harris,59,Dallas,2024-10-14
4019,Betty Perez,63,Nashville,2020-12-05
1855,Jennifer Lee,65,San Antonio,2024-11-06
843,Ashley King,56,Louisville,2021-12-19
2572,Paul Young,27,Houston,2025-12-02
3239,Donald Gonzalez,38,Denver,2022-08-22
2746,Betty Gonzalez,20,Dallas,2025-06-01
8247,Steven Taylor,64,Charlotte,2024-03-18
8973,Jessica Davis,20,Washington,2025-04-23
6228,Matthew Sanchez,21,Albuquerque,2021-02-18
7822,Emily Martin,25,Fresno,2021-04-23
1836,Lisa Young,42,Milwaukee,2024-03-10
7618,Sarah Lopez,21,Nashville,2024-05-14
4852,Robert Smith,28,Kansas City,2023-12-06
5374,Mark Thomas,48,San Antonio,2021-10-16
4914,Jane Jackson,65,Philadelphia,2025-01-14
1034,Daniel King,58,Columbus,2021-05-03
9511,Steven King,22,Kansas City,2024-06-01
1271,Jane King,58,Fresno,2024-04-04
3417,Deborah Lewis,22,Dallas,2020-11-28
6283,James Hernandez,49,Nashville,2023-05-21
7374,Jennifer Miller,40,Charlotte,2021-03-08
8527,Donald Moore,23,New York,2024-01-27
6425,John Walker,47,Austin,2022-06-13
8541,Andrew Allen,30,Seattle,2021-09-16
8044,Paul Robinson,43,Boston,2020-01-08
8774,Paul Ramirez,26,Washington,2020-07-19
8017,John Smith,55,Houston,2022-12-26
8432,Robert Martin,35,Los Angeles,2025-01-09
932,David Wilson,61,Sacramento,2025-12-22
2750,Michael Allen,58,Fort Worth,2023-01-01
6021,Andrew Rodriguez,49,Seattle,2021-01-07
9964,Lisa Gonzalez,54,San Francisco,2020-11-05
7472,Sarah Taylor,33,Oklahoma City,2021-04-09
8740,Jennifer Smith,68,Boston,2021-12-27
6909,Matthew Davis,59,Los Angeles,2021-08-07
3260,Paul Moore,47,Albuquerque,2021-04-14
5876,Nancy Brown,50,Dallas,2024-06-16
841,Elizabeth Young,46,Oklahoma City,2024-08-28
9790,Dorothy Wilson,65,Indianapolis,2021-10-17
1721,Paul Jones,25,Milwaukee,2022-07-03
3249,Emily Jones,48,Albuquerque,2022-05-20
8237,Dorothy Sanchez,70,Louisville,2020-05-27
5835,Deborah King,49,New York,2020-07-11
7035,Ashley Anderson,18,Fresno,2020-09-18
4506,David Gonzalez,20,Mesa,2021-11-28
1523,Paul Garcia,70,Phoenix,2023-11-23
