EMP_ID,EMP_NM,DEPT_CD,SAL_AMT
9918,Christopher Smith,Research,48445
8220,Jane Thomas,IT,125096
6249,David Harris,IT,64814
2669,Christopher Martinez,Marketing,51762
7442,Jessica Jackson,Customer Service,83072
2499,Joshua Davis,Finance,104276
8380,Emily Robinson,Legal,72340
2437,John Jackson,Customer Service,114739
977,Paul Williams,Customer Service,81720
3315,Deborah Garcia,Customer Service,74697
5288,Anthony Davis,Legal,89381
9715,Joshua Thomas,Operations,98796
9646,Dorothy Johnson,Legal,62968
4823,Karen Harris,HR,75415
2146,Paul Perez,Operations,84922
7641,Nancy Ramirez,Research,105926
8391,Christopher Hernandez,Marketing,32126
6468,John Young,Finance,124217
1134,John Thompson,Finance,116720
6289,Jennifer Thomas,Sales,64371
2992,Daniel Miller,Legal,76436
3111,Andrew Clark,Marketing,131760
950,Karen Rodriguez,Marketing,34787
6094,Donald Sanchez,Marketing,53146
2920,Jane Anderson,IT,108836
7302,David Sanchez,Research,92224
1824,Karen Young,Sales,66538
5913,Anthony White,Marketing,125129
4691,Karen Lewis,HR,134792
1806,Lisa Perez,Sales,76854
1539,Jessica Johnson,Research,144141
4301,Steven Smith,Operations,111663
949,Karen Jackson,Finance,56731
7972,David Ramirez,Research,83968
4166,Amanda Rodriguez,Customer Service,112108
100,Donald Williams,IT,59708
9523,Amanda Rodriguez,Legal,129389
3091,David Brown,Marketing,59552
3456,Anthony Lopez,Sales,57461
5706,Lisa Martinez,Sales,96725
1299,Steven Sanchez,Finance,115535
2413,Donald Smith,Finance,136892
9370,Christopher Jones,Operations,115557
1839,Lisa Jones,IT,128476
9462,Amanda Taylor,Research,38622
8805,Christopher Moore,HR,125904
456,Ashley Perez,Marketing,144490
9928,Karen Walker,Legal,60873
4813,Nancy Gonzalez,HR,123755
421,Joshua King,Operations,136669
2340,Andrew Lee,Marketing,112774
5528,Daniel Lee,Finance,69276
6580,Lisa Clark,Operations,36027
3752,Dorothy Smith,Marketing,67938
4547,Elizabeth Johnson,Customer Service,68586
2351,Robert Young,Customer Service,31036
7824,Michael Lee,Sales,74958
8672,Paul Sanchez,Customer Service,57889
6753,Donald Sanchez,Finance,62795
7982,Jennifer Young,Sales,38124
9283,Betty Clark,Sales,53408
9112,Jane Martin,Finance,41976
1644,Michael Jones,Finance,49171
2315,Nancy Brown,Legal,84719
8941,Jennifer Martinez,Engineering,36733
5564,Sarah Gonzalez,Finance,107160
5262,Daniel Perez,Engineering,136517
3878,Karen Walker,IT,60960
7216,Lisa Clark,Sales,36089
910,Jennifer Sanchez,Finance,115072
7596,Daniel Williams,Marketing,72790
2968,Donald Jackson,Finance,105662
1331,Mark Walker,Sales,116488
4321,Karen Rodriguez,Engineering,82675
8064,Michael Davis,Legal,130211
9830,Donald Johnson,Customer Service,59772
4943,Steven Thomas,Finance,55530
5950,Michael Lewis,Finance,30824
6576,Elizabeth Thomas,Finance,63437
5367,Ashley Thompson,Engineering,109038
8048,Deborah Gonzalez,Engineering,53672
1983,Michael Lewis,Marketing,45556
6858,Anthony Ramirez,Legal,58317
4762,Andrew Ramirez,HR,138732
7384,Dorothy Taylor,Sales,65582
6052,Lisa Martinez,HR,37559
5220,Donald Walker,Sales,134223
9088,Paul Sanchez,Sales,110062
9574,Joshua Gonzalez,Legal,129742
931,Andrew Martinez,Legal,119392
6546,Lisa Sanchez,Engineering,84088
9047,Sarah Ramirez,Sales,49633
2419,Steven Thomas,Customer Service,111326
9078,Donald Jones,Marketing,69913
6440,David Anderson,Finance,53063
4529,Michael Davis,Finance,76714
3534,Paul Martinez,IT,147755
4854,James Johnson,Research,72027
462,Sarah Taylor,Customer Service,89726
4715,John Ramirez,Customer Service,124768
