C_ID,C_NAME,AGE_YRS,LOC_CD,REG_DT
7213,Jennifer Ramirez,36,Los Angeles,2020-07-01
6613,Dorothy Ramirez,26,Fresno,2024-10-11
392,Christopher Hernandez,47,Washington,2023-03-09
5480,Sarah Thomas,49,Chicago,2020-01-14
7596,Elizabeth Sanchez,37,Kansas City,2020-06-27
8425,Joshua Jones,69,New York,2024-08-12
670,David Anderson,43,Milwaukee,2023-12-28
3124,Lisa Robinson,49,Baltimore,2024-01-26
3644,Dorothy Ramirez,36,Indianapolis,2022-07-17
7557,Robert Martin,62,Albuquerque,2020-03-21
2247,Jane Johnson,29,Sacramento,2024-04-07
8606,Sarah Ramirez,70,Austin,2024-08-01
3707,Betty Sanchez,36,Kansas City,2022-12-21
4517,Nancy Jones,48,Baltimore,2021-06-05
9209,David Johnson,46,Albuquerque,2020-03-12
9592,Betty Harris,40,Sacramento,2025-02-21
3967,Emily Garcia,60,Columbus,2025-11-22
4008,Donald Martin,46,Fort Worth,2025-10-10
8496,Karen Rodriguez,22,New York,2022-03-24
7627,Nancy Thomas,22,Portland,2022-02-26
5682,Steven Clark,41,Fort Worth,2025-07-10
5006,Lisa Lee,63,Philadelphia,2021-02-10
627,Ashley Anderson,24,Las Vegas,2021-11-26
9591,Joshua Anderson,53,Louisville,2025-12-23
9391,Elizabeth Williams,34,Dallas,2023-02-15
4588,Andrew Robinson,65,Fort Worth,2025-06-19
432,Matthew Jackson,50,Houston,2024-10-16
1347,John Brown,21,Indianapolis,2023-04-06
8057,David Johnson,28,Indianapolis,2023-05-16
6387,Matthew Smith,45,San Antonio,2023-06-12
3936,Ashley Thompson,54,Denver,2021-05-27
5444,Joshua Rodriguez,61,Portland,2024-03-26
9056,Nancy Thomas,58,Seattle,2021-01-21
590,Steven Robinson,40,Fresno,2021-06-05
3758,Deborah Young,39,Seattle,2025-10-09
3240,Karen Jackson,31,Charlotte,2024-05-17
1974,Donald Anderson,40,Sacramento,2023-06-05
5692,Jennifer Lee,33,Philadelphia,2020-09-05
6390,Joshua Allen,25,Albuquerque,2022-03-01
2235,Lisa Miller,61,Fort Worth,2023-05-26
68,James Wilson,49,Mesa,2025-11-28
4227,Betty Jones,45,Portland,2025-03-08
7326,Betty Harris,31,Washington,2022-06-10
7640,Lisa Hernandez,61,Oklahoma City,2023-01-21
5745,Sarah Davis,55,Milwaukee,2020-08-14
1767,Christopher Miller,19,Indianapolis,2021-05-20
5164,Amanda Miller,23,Portland,2020-05-21
6225,Lisa Williams,51,Jacksonville,2022-02-01
2817,Elizabeth Jones,53,Washington,2025-01-25
3557,Andrew Hernandez,21,Milwaukee,2021-10-12
1571,Betty King,20,Milwaukee,2024-10-26
8713,Michael Rodriguez,23,New York,2020-09-21
6774,Lisa Young,45,Baltimore,2022-02-12
1567,Betty Smith,30,Fresno,2023-01-19
2897,Donald King,30,Charlotte,2020-04-27
3448,Deborah Martin,70,Jacksonville,2021-12-06
4957,Ashley Davis,18,Denver,2020-04-09
6976,John Perez,62,Houston,2020-05-16
5848,Christopher Gonzalez,34,Boston,2021-02-12
1427,Donald Lopez,18,San Antonio,2021-01-01
8176,Donald King,69,Los Angeles,2021-11-20
8462,Paul Thomas,24,Houston,2023-04-09
2891,Jennifer Gonzalez,38,Phoenix,2022-03-13
2486,Lisa Brown,62,Charlotte,2022-01-08
6026,Lisa King,33,Phoenix,2022-02-11
8329,Betty Ramirez,26,Chicago,2022-12-16
5731,Andrew Anderson,34,Baltimore,2022-12-15
4720,Joshua Rodriguez,35,Seattle,2023-09-12
7398,Paul Miller,29,San Antonio,2025-11-22
426,Jessica Miller,43,Denver,2021-08-01
1597,Sarah Martin,49,Baltimore,2025-08-18
9932,Betty Anderson,46,Los Angeles,2025-10-26
9658,Andrew White,68,Albuquerque,2024-12-07
4941,Andrew Jones,34,San Diego,2022-01-24
245,Amanda Moore,47,Chicago,2025-12-04
