EMP_ID,EMP_NM,DEPT_CD,SAL_AMT
1179,Emily Williams,IT,126575
1061,Dorothy Lee,Finance,94382
4281,Jessica Walker,Marketing,55087
2590,Michael White,IT,137776
5043,Amanda Thompson,HR,106167
7479,John Jackson,Research,103798
7799,Betty Johnson,Operations,146918
1971,Ashley Lee,Engineering,45106
1170,Daniel Taylor,Marketing,107320
7585,Anthony Thompson,HR,118703
5043,Anthony Lewis,Finance,108471
1961,Amanda Robinson,Finance,118239
1383,Jennifer Jones,Operations,37965
677,Christopher Moore,Sales,91430
1016,Andrew Allen,Legal,62271
8214,Jessica Thompson,Research,87215
1443,Jennifer Perez,Legal,41531
8297,Robert Thompson,IT,135135
3814,David Jackson,Finance,137861
9118,Christopher Gonzalez,Operations,148278
6901,John Young,Legal,139128
6103,Steven Clark,Sales,41666
3340,Amanda Allen,Finance,137707
2395,Joshua Lewis,HR,76453
3545,Elizabeth Lopez,Customer Service,87351
2556,Jessica Robinson,Research,141230
4339,Donald Perez,Research,47464
8954,Elizabeth Martinez,Sales,57082
536,Jane Moore,Legal,64251
1394,Christopher Gonzalez,Engineering,111189
9932,Joshua Perez,HR,137606
3117,Jennifer Moore,IT,35724
4847,Steven Thomas,Finance,149755
8610,Elizabeth Brown,IT,63688
321,Anthony Miller,Sales,130468
665,Elizabeth Moore,Legal,98747
6536,Ashley Walker,Operations,100576
7865,Jane Thomas,Sales,45121
2482,Emily Thomas,HR,34773
8549,Andrew Thomas,Research,56480
8907,Robert Brown,Engineering,45027
3345,Jessica Thompson,Legal,142730
6765,Steven Walker,Legal,72452
296,Betty Jackson,Customer Service,83932
1901,Elizabeth Rodriguez,Sales,46027
4453,Matthew Ramirez,IT,137108
6565,Anthony Taylor,IT,134004
4301,Jane Lopez,Legal,117402
2910,Deborah Clark,Marketing,118191
3172,Jessica Ramirez,Research,75931
5507,James Young,IT,97480
4394,Anthony Martinez,Marketing,94576
758,Mark Moore,IT,87998
2739,Lisa Perez,Legal,107896
8437,Emily Rodriguez,Marketing,107498
2059,James Garcia,Sales,79261
1298,Elizabeth Jackson,HR,33079
1283,Mark Miller,Marketing,30884
5197,Dorothy Taylor,Marketing,142737
4044,Jennifer Wilson,Finance,49056
3488,Steven White,Sales,61584
908,Elizabeth Lopez,Finance,119209
366,Robert Walker,Finance,74046
4067,Elizabeth Jackson,Operations,114858
5037,Andrew Rodriguez,Customer Service,107995
5099,Mark Thomas,Legal,91813
8239,Jessica Rodriguez,Legal,46743
1426,Steven Brown,IT,90299
6803,Dorothy Brown,Sales,82057
8481,Jennifer King,Engineering,32371
9708,Robert Clark,Engineering,106937
3553,Daniel Sanchez,Research,69371
5694,Michael Lee,Legal,148171
7892,David White,Legal,59320
847,Betty Garcia,Engineering,46325
9288,Joshua Rodriguez,IT,133345
7131,Michael Robinson,Research,42406
9823,Karen Johnson,Marketing,43156
5212,Joshua Anderson,Operations,149037
7749,Ashley Hernandez,Operations,58074
8716,Paul Anderson,Engineering,69499
4340,Daniel Perez,HR,41079
5636,Amanda Garcia,Marketing,90133
4191,Robert White,Marketing,39291
4378,Steven Lee,Sales,47137
9514,Betty Harris,Marketing,110253
4893,Emily Davis,Marketing,65510
8531,Elizabeth Williams,HR,101359
1101,Dorothy Wilson,Legal,79924
6240,Nancy Moore,Engineering,105130
9374,Daniel Ramirez,Legal,38843
3082,Donald Moore,Engineering,128565
353,David Sanchez,Operations,40373
4771,John Lee,Sales,50763
8343,Jessica Martin,Engineering,109281
3130,Elizabeth Walker,Operations,147819
2702,Karen Johnson,Customer Service,55280
2319,Emily Thomas,Operations,68715
610,Dorothy Lee,Customer Service,48853
9903,Christopher King,Finance,137140
