C_ID,C_NAME,AGE_YRS,LOC_CD,REG_DT
1590,Mark Taylor,23,Portland,2020-06-14
2277,Donald Johnson,36,San Diego,2023-03-01
8775,Emily Miller,25,Denver,2024-07-08
8478,Jessica Martin,25,San Jose,2025-05-16
3507,Lisa Rodriguez,36,Oklahoma City,2020-11-26
1915,Betty Gonzalez,31,Baltimore,2024-07-05
5093,Nancy White,66,Jacksonville,2025-03-02
6053,Sarah Johnson,69,Washington,2025-07-28
9973,Lisa Gonzalez,62,New York,2023-06-18
4892,John Williams,64,Louisville,2021-01-27
9148,Nancy Lee,29,Las Vegas,2023-11-27
1226,Karen Allen,57,San Antonio,2020-03-23
2786,Joshua Ramirez,36,Fresno,2024-07-27
1053,James Hernandez,53,San Francisco,2021-10-21
2476,Paul Thomas,52,Kansas City,2020-06-16
7327,John Jackson,67,San Diego,2022-08-16
646,Michael Rodriguez,62,Oklahoma City,2022-04-10
6355,David Rodriguez,51,Philadelphia,2024-03-19
9740,Betty Hernandez,52,Jacksonville,2021-10-04
1727,Sarah Moore,23,Nashville,2023-08-18
9432,Ashley Rodriguez,66,Milwaukee,2021-11-01
5726,Amanda Clark,56,Milwaukee,2022-02-23
1283,Ashley Moore,66,Charlotte,2022-12-09
2009,Sarah Harris,40,San Diego,2020-01-13
3666,Lisa Rodriguez,53,Denver,2024-11-12
9782,Robert Robinson,37,Louisville,2020-07-21
7308,Ashley Rodriguez,69,Oklahoma City,2024-05-10
677,Jane Harris,42,Nashville,2025-08-17
8900,John Martinez,40,Fort Worth,2022-10-03
8800,Amanda Rodriguez,43,Sacramento,2025-04-07
1277,Andrew Hernandez,65,Seattle,2024-04-21
3144,Nancy Smith,55,Washington,2021-09-01
9048,Ashley Moore,53,Denver,2025-01-27
9731,Ashley Lee,34,Sacramento,2024-03-28
4699,John Jones,49,Washington,2023-08-27
5003,Joshua Harris,38,Jacksonville,2024-01-01
2532,Nancy Lopez,51,Austin,2025-12-26
5671,Lisa Jones,52,Mesa,2020-02-09
2380,Dorothy Hernandez,53,Fort Worth,2020-04-28
6188,Anthony Gonzalez,27,San Diego,2021-06-20
5363,James Jackson,59,Oklahoma City,2021-12-03
7154,Daniel Jones,47,Fort Worth,2021-07-03
2685,Nancy Hernandez,45,Houston,2023-07-10
8199,Paul White,39,Jacksonville,2022-07-15
6621,Paul Taylor,56,Las Vegas,2023-10-22
4124,Michael White,36,Baltimore,2022-09-15
9868,Deborah Johnson,26,Chicago,2024-12-09
527,Daniel Martin,60,Portland,2023-10-17
4752,Emily Allen,31,Chicago,2024-07-05
5387,Christopher Gonzalez,59,Boston,2020-04-14
6864,Joshua Young,45,Denver,2024-01-13
7439,Elizabeth Jackson,33,Tucson,2024-05-14
7877,Karen Martin,45,Baltimore,2022-11-27
1799,James Moore,55,Portland,2021-01-14
4722,Christopher Wilson,34,Seattle,2020-10-01
4171,Jane Taylor,46,Indianapolis,2020-02-10
6312,Christopher Anderson,36,Boston,2023-10-16
6455,Ashley Hernandez,23,Nashville,2020-02-03
4400,David Gonzalez,20,Sacramento,2025-02-24
4928,Nancy Wilson,22,Tucson,2022-01-27
4865,Jane Walker,39,Boston,2023-11-01
7272,Karen Lewis,26,Mesa,2020-02-09
6419,Christopher Wilson,32,Mesa,2020-08-24
5990,Donald Miller,65,San Diego,2024-11-09
3518,Dorothy Ramirez,65,San Diego,2023-10-28
2439,Michael Thompson,44,Chicago,2023-04-15
5601,Paul Martinez,37,New York,2023-11-17
3407,Elizabeth Taylor,37,Nashville,2022-01-20
9168,Anthony Lee,59,Baltimore,2023-11-02
9977,Betty Young,52,Sacramento,2025-08-02
1748,Amanda Jackson,69,Chicago,2022-08-14
2083,Karen Jones,35,Indianapolis,2020-06-14
2784,Michael Robinson,62,Houston,2025-08-16
3147,Sarah Clark,58,Fort Worth,2023-06-24
2323,Nancy King,58,Jacksonville,2020-04-18
