EMP_ID,EMP_NM,DEPT_CD,SAL_AMT
4131,Anthony Johnson,Engineering,52337
5817,Deborah Smith,Finance,92027
2024,Nancy Young,HR,50725
6545,Dorothy Garcia,HR,147203
3867,Matthew Jackson,Research,82322
8868,Robert Perez,Finance,54926
6433,Matthew Rodriguez,Sales,143385
1520,Betty Thomas,Finance,59960
5171,John Hernandez,Engineering,135263
9453,James Perez,Engineering,120920
6985,Elizabeth Williams,Marketing,102507
2967,Deborah Clark,Operations,62500
5660,John Anderson,Marketing,145134
2128,Elizabeth Anderson,Finance,93306
4749,Joshua Rodriguez,Engineering,48886
6564,Anthony Young,IT,105390
8005,Sarah Wilson,Sales,46394
3272,Deborah Miller,Legal,132272
3851,Daniel Johnson,Sales,39329
9712,James Taylor,Customer Service,117528
7932,Lisa Jackson,Research,118967
1663,David Sanchez,Customer Service,52001
2948,Jane Hernandez,IT,37268
8677,Betty Lewis,Customer Service,76880
2446,Nancy Williams,Engineering,147590
4794,Matthew Rodriguez,Research,121401
8131,Christopher Lewis,Customer Service,49634
7177,Donald Wilson,Customer Service,100080
2828,Betty Clark,Legal,54442
2449,Elizabeth Lewis,Marketing,100276
8687,Jane Martin,Finance,57182
7364,David Garcia,Marketing,129458
216,Emily Lopez,Customer Service,130370
4338,Lisa Lopez,Finance,47589
9882,James Martinez,Research,52221
3312,Ashley Thomas,Marketing,121846
2084,Robert Harris,Operations,102146
1553,Steven Walker,Operations,93185
2828,James Thompson,Engineering,62357
6569,Lisa Williams,Engineering,71924
9628,Mark Ramirez,Customer Service,138434
2910,Elizabeth Thomas,Operations,69742
1523,Ashley Sanchez,Engineering,32289
3428,Anthony Thompson,IT,134441
8299,Lisa Sanchez,Legal,32553
9959,Deborah Thompson,Sales,123816
154,Ashley Lewis,IT,38742
2894,Jessica Thompson,Research,134473
9999,Mark Hernandez,Operations,116410
5625,Lisa Brown,Sales,130682
5529,Emily Clark,Engineering,84673
7513,Emily Walker,Research,73025
1229,Dorothy King,Research,67798
2171,Nancy Walker,Legal,56349
7831,Sarah King,Customer Service,45550
8712,Betty Garcia,Marketing,95634
6583,Betty Garcia,Research,108548
5747,Ashley Ramirez,Legal,113928
3617,Dorothy Clark,Marketing,103897
4937,Ashley Davis,Legal,81003
5470,Jennifer Johnson,IT,100429
8856,David Lee,Marketing,49915
9713,Jessica Johnson,Operations,73753
2259,Christopher Gonzalez,Finance,107927
4193,Donald Moore,Customer Service,99571
8938,Paul Williams,Engineering,121256
2864,Christopher Sanchez,Operations,68351
1536,Paul Allen,Research,31282
2793,Matthew Martinez,IT,63747
914,Michael Johnson,Legal,143341
3608,Sarah Perez,Research,31120
3100,Andrew Williams,Sales,83912
8404,Lisa Johnson,Finance,44212
3896,Anthony Young,Operations,70623
8053,Karen Harris,Legal,99983
5712,Jessica Lee,Legal,129816
7509,James Robinson,IT,126029
6772,John Moore,Legal,111225
9339,Betty Taylor,HR,35252
8328,Dorothy Perez,Customer Service,60007
9761,Robert Jackson,Engineering,58298
6419,Lisa Thompson,IT,57413
8119,Jennifer Allen,Finance,31029
8565,Sarah White,Sales,117095
2536,Betty Johnson,Research,126367
402,Christopher Smith,Operations,57630
2983,Michael Anderson,Customer Service,109979
3410,Donald Anderson,Engineering,113162
96,James Wilson,Marketing,89697
5784,Jennifer Thompson,Engineering,49113
6484,Paul Lewis,Customer Service,66034
4553,Deborah Jones,Legal,105429
1400,Mark Anderson,Finance,93941
8674,Deborah Taylor,Legal,38656
5891,Daniel Rodriguez,Operations,145713
7163,Steven Walker,Customer Service,89111
7236,Robert Harris,Finance,127055
107,Amanda Allen,Customer Service,59925
52,Anthony Clark,Engineering,130178
3918,Jane Moore,Research,111012
