C_ID,C_NAME,AGE_YRS,LOC_CD,REG_DT
7588,Andrew Martinez,31,Seattle,2025-01-15
2674,Jennifer Smith,21,Fresno,2021-08-04
6545,Dorothy Jones,67,Phoenix,2020-04-12
4062,Karen Martinez,70,Portland,2023-01-26
4176,James Anderson,44,Mesa,2022-01-28
5389,Emily Rodriguez,44,San Antonio,2025-01-09
6105,Michael Garcia,28,Oklahoma City,2023-05-10
4437,Joshua Gonzalez,47,Las Vegas,2021-07-08
712,Donald Gonzalez,19,Portland,2021-12-19
4877,Daniel Moore,38,Tucson,2021-09-18
7460,Dorothy Gonzalez,58,Oklahoma City,2021-10-16
2498,Dorothy Williams,31,Nashville,2023-01-22
9789,James Walker,21,Louisville,2020-08-07
2220,Andrew Brown,54,Charlotte,2024-05-02
6883,Sarah Garcia,41,San Jose,2025-01-04
241,Robert Rodriguez,66,Albuquerque,2020-03-09
1993,Anthony Anderson,36,Phoenix,2021-04-16
5815,Paul Jones,65,Oklahoma City,2023-10-21
3303,Karen White,27,Fresno,2025-09-23
5748,Daniel Harris,41,Houston,2025-01-24
2871,Karen Perez,29,Austin,2024-09-01
3489,Elizabeth Smith,62,San Diego,2025-09-27
7837,Ashley Sanchez,24,Seattle,2025-09-03
8610,Lisa Perez,36,Albuquerque,2024-11-24
5815,Donald Anderson,62,Las Vegas,2022-06-24
2938,David Lee,67,San Jose,2024-03-18
2940,Lisa Thomas,58,Baltimore,2022-06-24
4232,Donald Lopez,68,Sacramento,2021-12-26
7626,Jessica Jones,22,Tucson,2021-09-25
8849,Emily Williams,22,Kansas City,2024-07-14
3869,Donald White,51,Portland,2023-10-22
5307,Emily King,36,Philadelphia,2020-09-17
4306,Matthew Perez,18,Columbus,2023-11-22
1129,Steven Allen,53,Sacramento,2021-10-18
6578,Karen Rodriguez,41,San Diego,2020-09-21
111,Joshua Harris,25,Oklahoma City,2020-05-24
6285,Donald Williams,69,Seattle,2020-03-17
3299,Emily Harris,43,Washington,2023-11-09
6669,Robert Davis,67,Oklahoma City,2023-04-03
6700,Paul Anderson,36,Nashville,2021-05-04
674,Steven Martinez,52,Kansas City,2021-11-28
4134,Emily Rodriguez,42,Louisville,2022-11-15
6472,David Harris,63,Baltimore,2024-12-25
5501,Emily Lewis,68,Oklahoma City,2020-01-28
4602,Steven Thomas,19,Charlotte,2024-06-27
8692,Christopher Garcia,32,New York,2024-04-25
6737,Nancy Hernandez,59,Tucson,2025-09-05
3093,Betty Harris,33,Sacramento,2022-03-27
5463,Emily Young,61,San Francisco,2022-02-05
3293,Karen Rodriguez,70,Boston,2025-06-28
7289,Sarah Taylor,47,Chicago,2022-09-01
8498,Dorothy Hernandez,27,San Diego,2024-02-20
9864,Nancy Robinson,59,Nashville,2023-12-15
1986,Jennifer Lee,32,Boston,2025-06-05
5782,Daniel Smith,42,San Antonio,2022-10-24
522,Emily Young,22,Houston,2020-01-19
5053,Paul Garcia,44,Kansas City,2023-02-07
8478,Jessica Gonzalez,36,Baltimore,2025-08-05
2024,Karen White,41,Sacramento,2024-05-07
522,Karen Jackson,68,New York,2021-07-13
3642,Emily Johnson,68,Washington,2025-01-27
6958,Ashley Lopez,51,Charlotte,2021-06-18
7577,Elizabeth Lopez,50,San Diego,2023-05-19
6728,Betty Hernandez,24,Mesa,2025-08-25
925,Ashley Ramirez,39,Denver,2022-09-04
812,James Garcia,40,Sacramento,2020-05-09
2296,Karen Gonzalez,61,Jacksonville,2025-09-04
5330,Nancy Johnson,53,Louisville,2024-01-26
7674,Amanda Taylor,24,Oklahoma City,2022-10-03
5594,Donald Hernandez,55,Mesa,2021-07-27
3366,Deborah Hernandez,38,Louisville,2020-10-16
8109,Matthew Williams,33,Austin,2025-02-07
29,Steven King,70,Sacramento,2021-06-06
9756,Paul Clark,55,Louisville,2021-08-09
2188,Christopher Hernandez,20,Mesa,2025-02-05
