EMP_ID,EMP_NM,DEPT_CD,SAL_AMT
6896,Emily Clark,Engineering,93872
2466,Jennifer Harris,Legal,127857
4036,Donald Rodriguez,Engineering,80336
632,David Lewis,Research,54590
7724,Michael Anderson,Sales,40662
5847,Betty Gonzalez,Sales,82285
9311,Paul Gonzalez,Sales,80177
1325,Anthony Allen,Finance,38702
4439,Anthony Allen,HR,71188
5507,Betty Young,Legal,87822
4195,Karen King,Legal,33281
9166,Lisa Thomas,Engineering,122844
2543,Emily Moore,Operations,45154
9250,Michael Wilson,Engineering,100290
5753,Dorothy Thompson,IT,74620
427,Michael Taylor,Research,130772
9256,Christopher Johnson,Engineering,59073
887,Lisa Ramirez,Engineering,128741
3280,Anthony Moore,Sales,79079
8211,Matthew Jackson,HR,86929
3693,Jessica Robinson,Sales,53162
7965,Elizabeth Smith,Marketing,77699
7572,Steven Hernandez,Finance,129801
7439,Dorothy Thomas,Research,135721
2925,Jennifer Jackson,Engineering,101893
8450,Nancy Hernandez,Operations,126985
4884,Paul Rodriguez,Operations,49441
2373,John Thompson,Customer Service,89500
8238,Jennifer Sanchez,Legal,131817
5876,David Perez,Research,39296
6005,Jane Allen,Customer Service,114060
4463,Nancy Jackson,IT,41196
3194,Christopher Rodriguez,Marketing,145464
3935,Ashley Thomas,IT,100427
557,Matthew Williams,Marketing,47917
8280,Steven Clark,Research,122117
4885,Andrew Martinez,Engineering,90823
7418,Betty White,Marketing,107814
3453,Robert White,IT,115004
6612,Karen Ramirez,Research,55972
8817,Deborah Walker,Research,51333
6951,Jane Robinson,Engineering,41470
3354,Dorothy King,HR,97293
523,Lisa Jones,IT,136779
3222,Steven Anderson,Customer Service,92773
2874,Amanda Johnson,Engineering,63018
4324,Andrew Clark,IT,138438
3272,Paul Harris,Customer Service,119204
9905,Ashley Thomas,Legal,101148
9877,John Ramirez,Finance,134454
2482,Christopher Young,Finance,125120
5996,Dorothy Davis,Finance,56958
6801,Jane Sanchez,Research,72171
9467,Jessica Moore,Operations,50533
2074,Andrew Jones,Legal,33306
9319,Ashley Harris,Engineering,91361
4319,Mark Davis,Engineering,60136
8564,Steven Martin,Marketing,62630
8423,Lisa Lewis,Customer Service,96044
1693,Donald Lee,Legal,46578
9117,Sarah Young,Engineering,101013
7474,Deborah Walker,Engineering,111312
803,Paul Jones,Sales,77428
5646,Emily Anderson,Engineering,30168
5127,Dorothy Sanchez,Engineering,103058
5181,Robert Ramirez,Sales,57427
4725,Jane Walker,Engineering,42952
2916,John Hernandez,IT,112812
6992,Michael Jones,Customer Service,103690
3775,Anthony Johnson,Finance,39614
1594,Paul Martin,HR,46649
996,Emily Moore,Sales,78665
7033,Joshua Anderson,Legal,74615
1172,Matthew Harris,Finance,69185
1002,Anthony Rodriguez,IT,76166
7434,Anthony Martinez,Marketing,117287
5491,Amanda Sanchez,IT,138660
6943,Anthony Young,Sales,91174
6148,James Davis,Marketing,95630
3517,Matthew Walker,Customer Service,40143
1495,Steven Robinson,IT,110612
6000,Karen Wilson,Legal,95428
3490,Deborah Lewis,Legal,126353
7745,Jennifer White,Finance,135533
9498,Paul Sanchez,Marketing,81029
5659,Andrew Harris,Operations,44312
5809,Emily Lewis,Engineering,131515
6884,Dorothy Jackson,Legal,80403
372,Mark Lee,Marketing,104423
7897,David Young,Research,69243
4992,Elizabeth Smith,Finance,79831
3028,John Miller,Finance,90659
4526,John Jones,IT,82705
6604,Lisa Jones,Operations,50971
2629,Nancy Anderson,HR,39004
839,Ashley Johnson,Marketing,140806
5823,Betty Lopez,Sales,89856
9047,Joshua Garcia,Operations,50846
4399,Matthew Young,HR,127194
1614,Elizabeth Allen,Sales,101860
