EMP_ID,EMP_NM,DEPT_CD,SAL_AMT
7275,Paul Harris,HR,84496
9326,Emily Jackson,IT,111545
9334,Joshua Martin,Marketing,44028
368,Steven Brown,Finance,140848
3895,Lisa Anderson,Customer Service,71151
2936,Dorothy Taylor,Marketing,96595
3720,Elizabeth Davis,IT,113749
5830,Dorothy Gonzalez,Engineering,133443
5805,Christopher Harris,Customer Service,45525
5965,Daniel Lopez,Finance,97166
2500,Dorothy Allen,Engineering,112096
5221,John Lopez,Operations,57770
9180,Karen Sanchez,Customer Service,88193
8381,Lisa Robinson,Finance,34702
7557,Jane Clark,Finance,110102
8227,Dorothy Anderson,Legal,41889
3482,David Garcia,Sales,149504
3808,David Rodriguez,Sales,30237
5323,Donald Perez,Finance,102466
6970,Mark Sanchez,Finance,43978
3000,Elizabeth White,Research,51533
3301,Betty Wilson,Operations,148720
9754,Karen Lewis,Legal,120664
3791,Elizabeth Robinson,Research,73113
7930,Nancy Davis,Finance,135231
8825,Jennifer Young,Research,122431
2392,Betty Jackson,IT,81160
5388,Lisa Taylor,Operations,54445
4199,Michael Lee,HR,94030
7665,Sarah Thomas,IT,101712
5759,Sarah Thomas,Legal,89837
322,John Harris,Marketing,98208
1087,Sarah Wilson,Finance,91559
8958,Joshua Jones,Operations,138111
3337,James White,HR,124470
9715,Betty Rodriguez,Marketing,128344
8278,Karen Martinez,Sales,38292
8350,John Martin,Operations,45150
2481,Lisa Gonzalez,Finance,100521
8785,Robert Allen,Engineering,137966
9255,Betty Johnson,Finance,41138
462,Daniel Walker,Finance,90560
9528,Paul Davis,HR,129328
3540,Elizabeth White,IT,33232
2753,Matthew Smith,Customer Service,110083
3775,Emily Rodriguez,Operations,75528
5621,John Perez,Legal,132501
6523,Nancy Robinson,Operations,93030
5708,Nancy Harris,Finance,98284
4428,Deborah Martinez,Engineering,84846
8401,Dorothy Gonzalez,Engineering,112347
8861,Sarah Wilson,IT,54938
1975,Anthony Ramirez,Sales,68920
5869,Andrew Robinson,Sales,81545
8903,John Jackson,Finance,130362
4964,Mark Wilson,Research,117535
3119,Donald Hernandez,Legal,148290
4951,Donald Hernandez,Customer Service,55468
4939,Joshua Moore,Operations,137184
1811,Sarah Robinson,Customer Service,105931
3647,Lisa Johnson,Finance,148530
9726,Jennifer Taylor,Sales,49769
8255,Robert Wilson,Customer Service,56623
8942,Betty Lee,Operations,31638
8402,Nancy Allen,Legal,41812
8319,Andrew Gonzalez,Marketing,62182
2105,John Sanchez,Marketing,92943
3409,Sarah Taylor,Marketing,112688
997,John King,Customer Service,37325
5701,Dorothy Harris,Engineering,71157
4916,Deborah King,IT,52322
8891,Betty Lopez,HR,49446
9762,James Thompson,HR,46696
6925,Amanda Thomas,Customer Service,98841
8820,Michael Robinson,Research,42532
4188,Paul Thompson,Research,31912
4445,Sarah Allen,Research,129558
2125,Daniel Lopez,IT,81389
5408,Anthony Walker,Finance,72661
1819,David Young,Customer Service,50904
7958,Paul Rodriguez,Marketing,104136
154,Steven Martinez,Customer Service,68732
1499,Donald Martinez,Finance,140376
5273,Robert Miller,Sales,59026
5092,Andrew Williams,Marketing,91719
3882,David Brown,Marketing,123503
8749,Lisa Garcia,Sales,96139
6878,Robert Brown,IT,77762
2867,Joshua Wilson,Finance,138653
6630,James Williams,Engineering,126273
1248,Deborah Gonzalez,Sales,95854
5520,Elizabeth Garcia,Marketing,133005
4136,Donald Allen,Engineering,91607
1691,Christopher Sanchez,Marketing,61810
4663,Jessica Robinson,Marketing,113803
1709,Karen Taylor,HR,95874
9081,Nancy Martin,Legal,91074
2198,Jessica Wilson,Legal,121058
2396,Betty Smith,Sales,143530
7307,Nancy Lopez,Legal,45482
