C_ID,C_NAME,AGE_YRS,LOC_CD,REG_DT
8501,Jennifer Young,50,Fort Worth,2023-03-07
3831,David Perez,21,New York,2024-07-02
825,Ashley Martin,44,Houston,2020-08-11
3371,Christopher Clark,35,Milwaukee,2022-08-17
7469,Andrew Smith,31,Philadelphia,2025-06-18
5860,Dorothy Miller,21,Tucson,2025-02-18
9780,Deborah Robinson,26,Los Angeles,2022-07-02
6195,James Wilson,50,San Francisco,2020-04-06
8559,Robert Miller,24,Los Angeles,2023-10-04
1806,Lisa Martinez,38,San Diego,2021-12-25
8764,Dorothy Lee,40,Fresno,2021-05-28
563,Jessica Martin,41,Nashville,2024-04-15
4253,Deborah White,53,San Jose,2021-04-10
9414,Betty Ramirez,32,Milwaukee,2024-07-11
3412,Dorothy Thomas,60,Oklahoma City,2024-09-06
7790,Joshua Thompson,64,San Jose,2022-11-15
7147,Emily Davis,58,Houston,2023-03-09
491,Elizabeth Taylor,25,Sacramento,2024-05-10
9388,Jessica Davis,57,San Jose,2020-08-01
6220,Sarah Rodriguez,62,Oklahoma City,2024-12-14
2328,David Young,61,Denver,2020-01-04
7479,Christopher Martin,30,Tucson,2021-02-13
2517,Jennifer Wilson,37,Oklahoma City,2022-08-11
7230,Jennifer Williams,59,Philadelphia,2025-10-24
9713,Daniel Jones,35,Los Angeles,2021-02-19
5363,Matthew Johnson,44,San Antonio,2021-10-24
8880,Robert Jackson,51,Fresno,2023-06-20
6272,Jessica Taylor,23,Sacramento,2020-08-01
7468,Dorothy Walker,43,Seattle,2021-10-25
9861,John Young,62,Oklahoma City,2023-02-08
1916,Joshua Clark,24,Austin,2025-02-06
9548,John Perez,54,Phoenix,2024-10-08
7591,Joshua Allen,18,Charlotte,2020-02-25
9359,Dorothy Taylor,49,Chicago,2022-12-17
3090,Emily Robinson,23,San Francisco,2022-08-04
3366,Donald Rodriguez,48,New York,2022-12-18
9787,Jennifer Walker,60,Boston,2024-05-02
362,Elizabeth Martinez,22,Las Vegas,2020-07-12
7578,John Allen,57,New York,2022-05-26
8968,Michael Clark,25,Washington,2021-08-21
481,Jennifer Brown,33,Dallas,2020-04-13
7381,Anthony Davis,39,Nashville,2024-07-19
1050,Robert Walker,66,Milwaukee,2023-12-24
4140,Michael Hernandez,32,Phoenix,2020-04-28
1019,James Allen,65,Jacksonville,2020-02-16
1092,Jane King,37,Indianapolis,2023-12-10
6125,Lisa Davis,25,Louisville,2024-05-24
2903,Sarah Brown,54,Chicago,2021-02-12
1016,Karen White,27,Austin,2021-08-26
4281,Amanda Miller,38,Portland,2022-03-02
4793,John Thompson,44,San Jose,2021-05-23
9302,Robert Wilson,56,Baltimore,2025-07-17
3679,Ashley Young,33,Oklahoma City,2024-02-26
1403,Ashley Jackson,70,Philadelphia,2022-01-20
4592,Donald Walker,27,San Jose,2024-01-21
3878,Jennifer Johnson,22,Seattle,2023-08-14
29,Mark Harris,21,Phoenix,2022-05-16
7882,Andrew White,63,Mesa,2020-07-05
8933,Matthew Smith,58,Columbus,2025-10-03
3444,Ashley Lee,50,Kansas City,2024-03-11
1456,Mark Smith,54,Boston,2022-12-17
855,Emily Miller,32,Washington,2021-10-07
9526,John Harris,60,Tucson,2021-10-25
2099,Michael Smith,35,Fort Worth,2020-04-19
8511,Deborah Harris,19,Boston,2021-05-15
3897,Betty Lewis,59,San Antonio,2021-07-06
8486,Robert Gonzalez,64,Charlotte,2022-10-24
1675,Anthony Sanchez,52,Oklahoma City,2025-08-24
7852,Paul Miller,37,Los Angeles,2020-06-26
2464,Matthew Allen,65,Fort Worth,2022-05-27
1465,James Allen,53,Charlotte,2025-09-14
1992,Joshua Sanchez,32,Washington,2020-03-25
4157,Mark White,68,Phoenix,2021-04-17
6069,Emily Jones,40,Baltimore,2020-09-04
8987,Christopher Harris,20,Los Angeles,2022-08-07
