EMP_ID,EMP_NM,DEPT_CD,SAL_AMT
4644,Paul Lewis,Sales,63655
4248,Anthony Harris,Engineering,116915
1349,Robert Wilson,Operations,64630
6884,Daniel Anderson,Sales,142943
9954,Matthew Rodriguez,Engineering,81712
7177,Andrew Wilson,Customer Service,91710
7829,John Martinez,Customer Service,90562
8610,Betty Lee,Engineering,49037
4721,Elizabeth King,IT,83257
272,Elizabeth Rodriguez,Legal,67115
1517,Betty Jones,Operations,75260
1620,Lisa Perez,Research,111961
4813,Ashley Johnson,Sales,64723
765,Emily Williams,Sales,65951
531,Karen Sanchez,Finance,62926
7190,Jane Jackson,IT,84283
3971,Christopher Brown,Engineering,99519
9303,Paul Allen,IT,65029
9625,Sarah Thomas,Research,138251
3693,Mark Martinez,Legal,38161
8312,Daniel Miller,HR,30330
7476,Nancy Smith,HR,95728
6922,David Davis,Marketing,98461
5828,Christopher King,Operations,69014
8319,Deborah Davis,Sales,98492
2116,Dorothy Clark,Legal,59442
7746,Mark Lewis,Engineering,41762
8533,Matthew Davis,Finance,76070
4829,Mark Anderson,Legal,109946
5627,Amanda Rodriguez,HR,127430
1230,Michael Martinez,Marketing,137190
5561,David Clark,Sales,77429
1491,Daniel Taylor,Research,113929
1039,Sarah Hernandez,Sales,79551
3987,Dorothy Young,Marketing,54113
5066,Lisa Miller,Marketing,32754
6635,Nancy Martinez,Research,31268
2776,Ashley Jackson,HR,124957
7842,David Ramirez,Engineering,38166
7128,Sarah Thomas,Research,146957
1061,Joshua Williams,Research,126101
630,Lisa White,Customer Service,129954
4390,Jessica White,Engineering,131254
1652,Amanda Wilson,Customer Service,74904
5588,Anthony Clark,Engineering,143378
5023,Joshua Gonzalez,Finance,82384
3810,Andrew Brown,IT,98512
8540,Michael Lewis,Finance,81536
1086,Michael Johnson,Sales,118468
3660,Donald Martin,Sales,142477
6251,Joshua Perez,Engineering,120721
4055,John Lopez,Engineering,98853
247,Betty Jackson,HR,43559
6255,Karen Jackson,Customer Service,137548
2994,Emily Moore,Engineering,96488
8495,Jane Lee,Legal,77440
6650,Jane Thompson,Customer Service,60974
406,Joshua Wilson,Customer Service,108486
5942,Deborah King,HR,31471
9902,Paul Thompson,Customer Service,81303
8103,Jessica Jones,Engineering,106167
4324,Dorothy Allen,Operations,95152
9403,Mark Robinson,HR,124843
635,Mark Young,Sales,57086
7172,Mark Perez,Sales,72638
9804,Betty Walker,Legal,90796
9889,Michael Gonzalez,Marketing,81315
81,Lisa Wilson,HR,84819
1168,Jennifer Clark,Sales,106502
9785,Sarah White,Finance,71557
7070,Nancy Martin,Research,99019
2420,Betty Moore,Legal,45301
49,Emily Ramirez,HR,34832
3637,Robert Taylor,Research,75413
2250,Steven Martin,Engineering,133197
4156,Emily Robinson,HR,143314
6953,Amanda Jones,Customer Service,117962
9064,Amanda Smith,IT,74256
3298,Lisa Davis,Engineering,108218
1510,Ashley Miller,Customer Service,38272
1307,Daniel Allen,HR,116882
9791,Jessica King,Customer Service,119908
5471,James Miller,HR,138265
4650,John Lewis,Sales,124029
5869,Robert Perez,HR,44478
7246,David Johnson,Operations,56588
5080,Deborah Miller,Customer Service,93006
5446,Christopher Hernandez,IT,53423
4554,James Clark,Finance,105528
1559,David Harris,Marketing,111272
3062,Betty Clark,Legal,149509
8465,Anthony Lewis,Finance,58797
6596,Nancy Jackson,Marketing,99962
1709,Matthew Garcia,Customer Service,77569
3558,Donald Thomas,Operations,59119
2743,Matthew Moore,HR,52833
7338,Elizabeth Lee,Finance,51973
3292,Lisa Hernandez,Finance,74247
6252,Matthew Clark,Customer Service,87855
8471,Lisa Lopez,Marketing,67508
