EMP_ID,EMP_NM,DEPT_CD,SAL_AMT
8743,Joshua Young,HR,75468
3397,Lisa Miller,Marketing,87672
8730,David Taylor,Customer Service,138322
7779,Dorothy King,HR,90991
1117,Elizabeth Moore,HR,55377
7279,Sarah Rodriguez,HR,38334
4051,Steven Moore,Sales,82070
5500,Lisa Johnson,HR,77821
8704,Mark Allen,Legal,121207
837,Mark Williams,Research,84894
290,Betty Walker,Finance,108512
5736,David Young,Finance,127238
9209,Andrew Garcia,Research,133752
4513,Lisa Walker,HR,123754
3573,Elizabeth Lewis,Legal,87024
6470,Jennifer Gonzalez,Finance,50613
9309,Donald Garcia,IT,92749
6303,Matthew Moore,Legal,69544
2934,Robert Sanchez,Operations,118263
6577,Sarah Thomas,IT,36603
6761,David Miller,Customer Service,72431
1229,Lisa Wilson,Operations,140057
5354,James Young,Sales,46731
6792,John Smith,IT,110798
4726,Donald Sanchez,IT,74627
75,Jane White,Sales,110338
1851,Ashley Smith,Operations,137601
3041,Jessica Martinez,Customer Service,47876
5141,Elizabeth Hernandez,Legal,86202
5617,Andrew Lee,IT,76292
4123,Dorothy Harris,Sales,123440
2426,Deborah Williams,Sales,82791
6025,Mark King,HR,136179
3660,Karen Anderson,Engineering,38025
3053,Jane King,Sales,141822
5792,Matthew Gonzalez,Marketing,146328
471,Amanda Hernandez,Sales,126945
8194,Anthony Rodriguez,IT,60248
4321,Lisa Davis,Engineering,66077
9529,Joshua White,Legal,54815
8170,Betty Walker,Sales,127329
2038,Michael Williams,IT,112391
3360,David Williams,IT,96705
9184,Daniel Williams,Customer Service,75196
8749,Nancy Rodriguez,Research,131640
3653,Betty Jones,Legal,146125
7697,Sarah Moore,Legal,147581
7070,Paul Lopez,Marketing,116507
7304,Jane Garcia,Research,108232
9200,Andrew Anderson,Customer Service,132721
245,Joshua Anderson,HR,89502
7451,Nancy Lopez,Sales,62767
3438,Anthony Thompson,Engineering,75573
1731,Jennifer Perez,HR,92012
2413,Karen Jackson,HR,114572
2725,Lisa Anderson,IT,71261
9774,Steven White,IT,90680
4078,Steven Lewis,HR,130512
3850,Deborah Thompson,Finance,90332
7859,Paul White,Customer Service,82298
6016,Christopher Williams,Engineering,39968
9607,Jane White,Finance,75904
9548,Amanda Gonzalez,Marketing,103584
5592,Betty Miller,Finance,92012
1796,Karen Williams,Marketing,41108
8411,Jennifer Sanchez,Research,112077
7689,Dorothy Hernandez,Operations,121410
5210,James Thomas,Customer Service,118776
2056,John White,Finance,117806
7322,Emily White,Sales,50981
5750,Andrew Wilson,Legal,124150
6803,Karen Lewis,Engineering,94254
8599,Robert Anderson,Operations,60254
1131,Sarah Moore,Customer Service,84960
3996,Andrew Davis,Customer Service,89846
6556,Jennifer Thomas,HR,113313
5533,Emily Walker,Customer Service,35454
9577,Joshua Gonzalez,IT,100677
8816,Nancy Smith,Legal,32287
5632,Karen Brown,Legal,117782
4671,Amanda Young,Sales,73662
1370,Michael King,HR,62815
9427,Paul Johnson,Research,144668
2637,Lisa Miller,Marketing,69242
1978,Emily Wilson,Sales,43618
5559,Lisa White,Customer Service,147522
4680,Karen Smith,Legal,82973
7478,Jennifer Taylor,Research,65469
212,Anthony Martin,Sales,40773
5031,Steven Lopez,Engineering,64452
9039,Donald Lewis,Customer Service,111320
123,Jessica Thomas,Marketing,129372
9312,Lisa Sanchez,IT,107761
6646,Anthony Brown,IT,30390
6407,Christopher Lee,HR,109873
4607,David Hernandez,HR,48421
2269,Dorothy Martinez,Operations,80454
3947,Mark Wilson,HR,54785
745,Christopher Jackson,Customer Service,146913
5978,Jennifer Harris,IT,97226
