EMP_ID,EMP_NM,DEPT_CD,SAL_AMT
6822,Sarah Robinson,Engineering,71543
4571,Steven Lee,IT,57425
8484,Betty Miller,Engineering,49664
1811,Deborah Rodriguez,HR,94990
828,Jane Thompson,Customer Service,30667
825,Anthony Young,Customer Service,71344
7615,Steven Lee,HR,80155
9302,John Lee,Finance,62954
9591,Christopher Johnson,Customer Service,128321
2500,Lisa King,Engineering,83211
4721,Jane Lee,Marketing,142438
3412,Ashley Jackson,Sales,31139
362,Nancy Thompson,Engineering,51887
6210,Andrew Thompson,Finance,41897
4088,Robert Taylor,IT,108102
2320,Deborah Ramirez,Sales,64132
7292,Deborah Thomas,Engineering,133010
834,Karen Walker,Customer Service,65873
163,Jane Anderson,Sales,121852
7038,Mark Brown,Legal,53452
5935,John Clark,Engineering,146000
2522,Amanda Anderson,Sales,97233
5423,Michael Jones,Research,61483
9508,Jennifer Walker,Legal,89038
5521,Mark Miller,IT,119236
8170,Elizabeth Miller,Customer Service,84611
3492,Emily Williams,IT,76107
181,Anthony Thomas,Customer Service,79002
2515,James Robinson,Customer Service,51510
4614,Jane Davis,Engineering,93348
2677,Betty Perez,Sales,82814
6224,Christopher Walker,Sales,49117
551,Mark Rodriguez,Engineering,138574
2663,James Young,Marketing,73142
868,Michael Brown,Marketing,79251
477,Joshua Jackson,IT,70630
8489,Elizabeth Jackson,Operations,58547
3774,Jessica Martin,Customer Service,141748
57,Dorothy Anderson,Research,103106
1197,Michael Miller,Engineering,145951
2019,Matthew Clark,Engineering,34284
5949,Deborah Harris,Operations,62777
1834,Lisa Lewis,Legal,64397
5298,Jane Harris,Finance,134958
1840,Karen Robinson,Legal,51502
3543,Joshua Allen,HR,35846
2262,Elizabeth Smith,Engineering,44156
6890,Paul Wilson,Marketing,48038
3600,Dorothy Thomas,Finance,139891
1329,Daniel Young,Sales,63966
6777,Betty Wilson,Research,116662
8386,Matthew Young,Engineering,95036
1650,Karen Clark,Customer Service,74604
2882,Andrew Thomas,HR,115827
2487,Lisa Walker,Research,71890
243,Anthony Clark,IT,147775
7937,Joshua Sanchez,Customer Service,132520
8235,Christopher Walker,Customer Service,54774
5596,Anthony Robinson,HR,114276
9570,Betty Jackson,IT,99283
8393,Joshua White,Customer Service,113073
6158,Donald Jones,Legal,34848
9990,Mark King,IT,31929
1657,Michael Moore,Research,88249
9991,Anthony Garcia,IT,112399
7227,Jennifer Ramirez,Engineering,120495
3337,Nancy Perez,Sales,103340
6911,Deborah Robinson,Sales,142514
2114,Christopher Jones,HR,126271
9672,Lisa Hernandez,Finance,138406
9784,James Ramirez,Finance,87121
8316,Sarah Davis,Operations,115673
2667,Dorothy King,Customer Service,47856
7884,Michael Martinez,Sales,88204
3915,Andrew Martinez,Engineering,47476
8144,Robert King,Finance,38953
9753,Sarah Wilson,Research,135930
5825,Steven White,Marketing,33845
2851,Jessica Rodriguez,Finance,111562
9112,Amanda Hernandez,HR,81535
7781,Robert Brown,HR,144198
7500,Sarah Moore,Operations,74586
7381,Mark Lewis,Research,49574
7602,Lisa Lopez,Operations,32425
2299,Karen Harris,Engineering,38988
5775,Emily Gonzalez,Legal,60531
1545,Lisa Lewis,Marketing,53345
3520,Daniel Rodriguez,IT,94502
6666,Ashley Allen,IT,97302
9027,Paul Allen,Operations,61720
1035,Jessica Clark,Finance,71506
2972,Paul Robinson,Research,131677
6875,Andrew Miller,HR,111042
9027,Lisa Williams,Legal,64143
3296,Mark Miller,Operations,54202
4013,Dorothy Williams,Customer Service,145416
6178,John Rodriguez,HR,30324
8631,Michael Garcia,Legal,116650
4921,Joshua Moore,Customer Service,124276
687,Elizabeth Gonzalez,IT,82524
