EMP_ID,EMP_NM,DEPT_CD,SAL_AMT
2759,Jessica Clark,Customer Service,32922
3373,Sarah Williams,Finance,144460
1405,Ashley Johnson,Marketing,98647
247,Jessica Perez,IT,41249
3093,Christopher Perez,IT,64100
9282,Dorothy White,Operations,72972
3941,Robert Wilson,Legal,105937
2339,David Lee,Finance,44736
2613,John Sanchez,IT,35282
3691,Christopher Anderson,Operations,137470
8222,Anthony Lee,Engineering,133887
2826,Emily Thompson,Marketing,136866
446,Jennifer Young,IT,76909
3372,Jane Brown,Operations,113868
6710,John Thomas,Operations,109654
119,Dorothy Lopez,Operations,88090
2200,Paul Jackson,Legal,55701
105,Joshua Lee,Research,116209
3932,Robert Jackson,Research,101707
5557,Donald Harris,Sales,40960
4067,Christopher Lee,Customer Service,124436
9265,Elizabeth Johnson,Research,95808
6,Anthony Allen,Customer Service,88735
5120,Anthony Harris,Finance,44547
3867,Karen Smith,Legal,90340
6373,Michael Harris,HR,54732
2297,Michael Miller,Legal,90359
8331,Daniel Smith,Finance,140543
997,Paul White,Research,117305
9140,Emily Thomas,Marketing,39233
8124,Mark Harris,Engineering,105871
8059,James Martinez,Marketing,50334
8893,Dorothy Perez,HR,41412
2715,Daniel Rodriguez,Research,109180
3027,Deborah Allen,Sales,80103
4407,Emily Allen,IT,133758
8221,Lisa Jackson,Legal,109342
1204,Daniel Perez,Finance,129171
576,Betty Miller,Marketing,103263
5084,Matthew Rodriguez,Research,45815
1271,Nancy Ramirez,IT,57154
3344,Joshua Smith,Engineering,141952
5388,Daniel Lopez,Legal,82598
99,Daniel Walker,Research,65097
682,Christopher Walker,Customer Service,38628
6162,Ashley Martin,Sales,44559
3100,John Moore,Engineering,95060
4448,Matthew Lewis,Legal,40873
4580,Betty Taylor,HR,72096
4541,Daniel White,Research,118169
105,Deborah Smith,HR,79291
9586,Betty Anderson,Sales,116923
531,Michael Harris,Sales,148771
30,Dorothy Taylor,Sales,93937
682,David Walker,Sales,56962
792,Jennifer Anderson,Marketing,93112
8249,Elizabeth Martin,Legal,70326
1362,Ashley Martinez,Marketing,126621
9739,Matthew Smith,Operations,40046
743,Jessica Brown,Research,130094
9798,Jane Harris,HR,121157
8147,Paul Gonzalez,Engineering,60156
2027,Amanda Lewis,Marketing,107485
2800,Mark Anderson,Research,67427
9467,Jane Wilson,IT,46957
4969,Deborah Young,Research,98137
9882,Jennifer Brown,Customer Service,47052
8926,Emily Gonzalez,Customer Service,60182
7866,Donald Lewis,Sales,107222
4375,John Sanchez,Research,41163
4673,Michael Davis,HR,92241
8304,Amanda Davis,HR,83414
496,Christopher Williams,Engineering,50786
6768,Karen King,Engineering,84872
2953,Daniel Walker,Research,141657
9543,John Wilson,HR,94761
1910,Deborah Smith,Engineering,50990
1329,Matthew King,Research,102676
6314,Paul Martin,Marketing,66406
5380,Joshua Johnson,Engineering,134115
9994,Amanda Davis,Sales,62666
5143,Steven White,Customer Service,111366
8947,Robert King,Research,72394
7516,Joshua Robinson,Legal,84461
1300,Jessica Lee,Operations,144335
7365,Ashley Thomas,Marketing,89090
2779,Robert Harris,Legal,95383
7344,James Brown,Sales,60749
3502,Matthew Rodriguez,Finance,85932
3245,Lisa Taylor,IT,115748
1467,John Martinez,HR,85150
7740,Mark Lopez,Engineering,42652
3119,Christopher Taylor,Sales,92472
1279,Deborah Allen,Operations,63606
2873,Andrew Young,Sales,74725
6014,Lisa Perez,Operations,108480
3216,Elizabeth Lee,Operations,135298
735,Paul Jackson,Marketing,141664
1224,Amanda Taylor,Research,108624
2802,Amanda Rodriguez,HR,52505
