C_ID,C_NAME,AGE_YRS,LOC_CD,REG_DT
3159,Ashley Allen,20,Fresno,2023-01-24
5005,Daniel Jackson,40,Milwaukee,2024-06-01
7499,John Taylor,29,Louisville,2022-09-14
3088,Jane Ramirez,46,Austin,2023-10-09
6684,Nancy Davis,60,Washington,2023-07-11
1496,Jane Hernandez,39,Albuquerque,2024-09-02
224,Mark Robinson,26,Sacramento,2020-05-16
7769,Joshua Lopez,22,Milwaukee,2021-11-06
24,Lisa Williams,65,Boston,2021-02-15
3812,Joshua Davis,65,San Antonio,2020-12-14
5056,Paul Ramirez,47,Seattle,2022-02-06
1580,Elizabeth Davis,46,Las Vegas,2023-01-23
9774,Daniel Gonzalez,34,Kansas City,2021-04-15
6747,Elizabeth Anderson,53,Sacramento,2025-10-10
3192,Betty Wilson,51,Dallas,2024-07-15
2471,Donald Young,43,San Antonio,2023-09-26
2555,John Taylor,53,San Jose,2022-02-25
8004,Jane Thompson,52,Las Vegas,2023-05-08
981,Nancy Perez,43,Oklahoma City,2024-06-21
947,Ashley Rodriguez,69,Washington,2020-04-16
5213,Jessica Smith,62,Kansas City,2022-07-08
5468,Dorothy Young,23,Columbus,2024-04-06
1142,Michael Moore,36,Charlotte,2023-06-26
9958,Sarah Miller,29,Philadelphia,2020-04-19
8712,Dorothy Perez,32,Tucson,2020-06-14
8980,Christopher Anderson,37,Albuquerque,2022-12-27
1961,Christopher Gonzalez,53,Philadelphia,2024-03-24
526,Karen Moore,51,Portland,2025-05-17
8463,Michael King,30,Portland,2022-12-07
4552,John Johnson,48,Oklahoma City,2025-06-03
5272,Deborah Thompson,30,Philadelphia,2021-12-14
1983,Jane Gonzalez,57,Houston,2021-10-05
5093,Jennifer Davis,44,Philadelphia,2023-09-28
4663,Emily King,33,Portland,2024-07-25
5433,Mark Jones,69,Jacksonville,2025-03-16
9876,Jane Thomas,39,Houston,2020-04-12
531,Dorothy Taylor,55,San Jose,2022-08-15
22,Mark Johnson,30,Portland,2021-10-23
3275,Jennifer Walker,46,Denver,2024-01-07
9176,Nancy White,65,Denver,2021-09-25
1572,James Martinez,41,Washington,2021-02-24
618,Anthony Ramirez,69,Los Angeles,2020-05-03
1903,Paul Allen,38,Albuquerque,2021-10-26
9080,Christopher Clark,41,Las Vegas,2021-09-25
4208,Donald King,48,Chicago,2021-04-28
8070,David Garcia,25,Washington,2024-07-25
3531,Jennifer Jones,42,Charlotte,2025-09-03
2319,Matthew Robinson,59,Nashville,2024-05-05
3748,Christopher Martin,66,Kansas City,2021-11-16
7839,Steven Jones,70,San Francisco,2023-08-16
2809,David Garcia,70,San Francisco,2020-01-19
8452,Matthew Smith,21,Dallas,2021-09-20
6183,Robert Gonzalez,53,Albuquerque,2021-08-09
2825,Jessica Jones,21,Seattle,2025-08-07
5396,Ashley Walker,51,Columbus,2024-04-03
2830,Elizabeth Lee,25,San Jose,2020-08-03
3500,Deborah Sanchez,32,Albuquerque,2025-08-02
5975,Daniel Taylor,60,Denver,2020-05-28
6748,Sarah Anderson,54,Austin,2021-04-08
3981,Jane Gonzalez,37,Fresno,2023-09-01
2301,Christopher Jackson,38,Oklahoma City,2025-09-17
7809,Ashley Lee,54,Portland,2020-10-16
3839,Dorothy Lee,39,Austin,2021-06-08
7605,Lisa Thomas,69,New York,2022-12-14
8740,Lisa Lewis,25,Kansas City,2024-09-09
3814,Deborah Allen,53,Milwaukee,2022-03-25
4534,Lisa Thomas,36,Milwaukee,2025-11-02
9009,Karen Moore,48,Houston,2020-06-18
7070,Paul Thomas,66,Houston,2021-12-26
8023,Joshua Wilson,43,Louisville,2021-05-24
5154,Andrew Jackson,68,San Francisco,2020-09-21
2858,Daniel Martinez,47,Washington,2023-10-17
1791,James Wilson,65,Houston,2025-11-11
9242,Jessica Young,19,Denver,2020-11-16
2958,Karen Jones,64,Seattle,2020-11-15
