EMP_ID,EMP_NM,DEPT_CD,SAL_AMT
7628,Nancy Allen,IT,116785
1390,Andrew Taylor,Finance,101719
7658,James Jackson,Marketing,76102
7418,Steven Thompson,HR,138096
8314,Lisa Thompson,IT,100821
1079,Jessica Lewis,Legal,118394
3768,Matthew Lewis,Finance,136778
9467,Jessica Thompson,IT,105199
1714,Ashley Lee,Legal,105526
5736,Nancy Thompson,Customer Service,73351
5742,Jessica Smith,Engineering,77283
6743,Joshua Martin,IT,136816
4136,Paul Ramirez,Finance,109211
6721,Joshua Gonzalez,HR,52169
5005,Lisa Thomas,Operations,55462
8993,Steven Rodriguez,Finance,59741
4733,Elizabeth Davis,Customer Service,94440
3130,Emily Davis,Sales,63413
1213,Matthew Thompson,Research,111235
6245,Donald King,HR,102866
5229,Deborah Lopez,Legal,60270
3283,Matthew Rodriguez,Customer Service,135029
3636,Mark Johnson,Engineering,130608
1849,Karen Williams,Legal,76702
2497,David Rodriguez,Legal,111044
2859,Jennifer Jones,Sales,142907
4886,David Jones,Marketing,48253
8679,Jessica Harris,Legal,63506
5526,Lisa Allen,Sales,148064
1796,Deborah Sanchez,Operations,143902
8416,Donald Wilson,Marketing,89078
5887,John Ramirez,Finance,77708
6360,David Hernandez,Marketing,66532
8459,Andrew White,HR,143911
4648,Jane Martin,Research,97474
1042,Jane King,Legal,84383
1371,David Ramirez,Legal,34742
7212,Daniel Lee,Customer Service,122667
8103,Jessica Thomas,Legal,102710
9536,Jane Martinez,Customer Service,107788
8886,Jessica Ramirez,HR,75763
8589,Karen Martin,Finance,35635
3732,Sarah Walker,Customer Service,116931
6785,Jane Perez,Legal,100323
8514,Lisa Smith,Engineering,30921
6140,Deborah Gonzalez,IT,89908
5766,Anthony Jones,Marketing,137043
312,Ashley Robinson,Marketing,92606
2698,Matthew Brown,IT,68030
2904,Michael Taylor,Finance,44858
6206,James Jones,Research,98251
6947,Emily Garcia,Legal,124588
2774,Deborah Williams,Operations,37333
2940,Mark Davis,Sales,70780
6149,Andrew Harris,Research,37668
7980,Mark Gonzalez,Customer Service,100942
3008,Jane Thompson,Sales,74884
7248,Matthew Moore,Marketing,112417
4180,Christopher Clark,Operations,64334
2537,Karen Young,Finance,61096
2472,Jessica Lewis,Customer Service,92899
4462,Betty Young,Engineering,90581
6240,Dorothy Clark,IT,61885
2123,Christopher Taylor,Legal,145441
4280,Matthew Davis,Legal,63992
6300,Elizabeth Johnson,Legal,62057
6087,Jennifer Rodriguez,Engineering,45717
5554,Paul Davis,Operations,119077
8502,Sarah King,Engineering,77802
9934,Jane Brown,Legal,78994
9566,Ashley Taylor,Research,122637
5184,James White,Engineering,50940
2300,Lisa Williams,Marketing,46784
2829,Daniel Lee,Engineering,71610
4483,Daniel Jones,IT,65780
76,Paul Allen,Sales,57281
1398,Ashley Rodriguez,IT,90276
1523,Joshua Hernandez,Marketing,60746
916,Steven Jackson,Marketing,51830
9385,David Robinson,HR,125718
4144,David Wilson,Legal,140099
8049,Dorothy Moore,Operations,38379
9451,Matthew Walker,Marketing,53100
6827,Matthew Johnson,Customer Service,81422
679,Jennifer Brown,Customer Service,121213
5145,Karen Smith,Legal,35844
8116,Dorothy Thomas,Research,58011
9763,Lisa Lee,HR,130281
9576,Emily Lee,Finance,40906
4959,Deborah Miller,IT,71731
9852,Mark Allen,Engineering,47908
7871,Jane White,Customer Service,121629
5128,Dorothy White,Engineering,79052
7984,Paul Taylor,Sales,102629
8622,Jessica Williams,Sales,84321
8706,Betty Young,Finance,41491
9746,Betty Garcia,Legal,66195
6704,Jessica Walker,Sales,33561
421,Lisa Gonzalez,Marketing,116062
9974,Jessica Lee,Sales,99745
