C_ID,C_NAME,AGE_YRS,LOC_CD,REG_DT
7332,Nancy Allen,25,Fort Worth,2025-12-07
4239,Robert Brown,55,Portland,2022-11-24
7501,Amanda Jones,68,Los Angeles,2022-01-13
6929,Ashley Thompson,55,San Jose,2022-05-24
3658,Jane White,29,Washington,2021-04-09
4479,James Wilson,35,Austin,2021-10-02
9534,Paul Perez,59,Boston,2024-09-02
6795,Karen Thomas,29,Fort Worth,2023-12-05
6675,Christopher Miller,56,San Jose,2022-01-26
7067,Jennifer Walker,36,Las Vegas,2021-01-01
3700,Elizabeth Allen,24,Sacramento,2021-06-19
9237,Nancy Martinez,31,Charlotte,2022-03-01
5639,Nancy Smith,18,Baltimore,2021-12-11
8883,John Thomas,62,San Diego,2023-12-06
4859,John Robinson,26,Chicago,2023-02-17
3766,Steven King,40,Oklahoma City,2021-02-05
2057,Jessica Hernandez,26,Philadelphia,2023-05-14
6885,Daniel Robinson,40,New York,2025-09-02
8252,Daniel Clark,62,San Diego,2023-04-24
2704,Lisa Lee,61,Austin,2020-03-19
3949,Donald Young,66,Nashville,2022-03-27
3076,Andrew Clark,39,Indianapolis,2023-03-02
7485,Emily Perez,47,Nashville,2022-12-26
8855,Daniel Anderson,42,Milwaukee,2022-10-01
6045,Elizabeth Brown,59,San Jose,2020-07-16
5836,Joshua Jones,31,Philadelphia,2022-09-11
1954,Sarah Taylor,42,Austin,2025-06-16
5305,Karen Lee,30,San Francisco,2021-11-28
8320,Nancy Davis,66,Tucson,2020-06-04
5110,Emily Jones,48,Mesa,2021-02-04
4738,Sarah Lee,64,Denver,2021-04-13
7081,Daniel Walker,54,Boston,2025-01-23
6601,Jennifer Lewis,48,Tucson,2025-03-24
2492,Steven Walker,53,San Francisco,2020-04-23
5236,Lisa Lee,49,Charlotte,2024-10-02
6180,Jennifer Williams,47,San Diego,2023-01-11
8299,Matthew Gonzalez,35,Portland,2020-05-20
45,Joshua Perez,53,Denver,2020-08-12
7480,Michael King,47,Austin,2024-10-05
3587,Donald Lee,23,Charlotte,2024-08-08
4162,James Jones,47,Washington,2020-02-10
7191,Elizabeth Lopez,48,Fort Worth,2022-05-07
993,Mark Ramirez,23,Houston,2024-05-14
860,Michael Davis,50,San Francisco,2022-07-24
9895,Lisa Jackson,24,Phoenix,2020-01-12
9474,Ashley Lopez,35,Austin,2024-07-13
3437,Christopher Gonzalez,33,Albuquerque,2020-03-24
4167,Ashley Thomas,63,Washington,2021-11-09
2883,Betty Anderson,36,Austin,2020-06-04
3131,Jessica Walker,49,Fort Worth,2023-04-27
6392,Jessica Thompson,19,Baltimore,2024-11-27
6615,Daniel Robinson,37,San Francisco,2024-08-22
912,Jennifer Sanchez,33,San Antonio,2022-07-26
3209,Amanda Perez,28,New York,2022-02-13
530,Deborah Williams,58,San Jose,2024-05-06
1014,Emily King,32,San Antonio,2024-07-07
3600,Lisa Thompson,21,Dallas,2022-01-09
3020,Andrew Allen,18,Tucson,2023-06-06
3876,Mark Davis,26,Houston,2023-01-10
1742,Betty Wilson,69,Charlotte,2024-07-21
1941,Lisa Garcia,57,Nashville,2023-11-16
306,Elizabeth Jones,23,Philadelphia,2025-04-13
5810,Steven Robinson,20,Jacksonville,2021-02-05
5897,Joshua Martin,28,Denver,2020-02-19
2129,John Hernandez,51,Kansas City,2020-08-25
8199,John Moore,49,Columbus,2025-07-01
7010,Anthony Martinez,41,Houston,2020-07-10
8937,Dorothy Clark,23,Nashville,2025-12-14
5254,Deborah Clark,27,Las Vegas,2022-08-21
6098,Emily Taylor,32,Los Angeles,2023-07-09
3694,Andrew Garcia,52,Seattle,2021-07-23
7163,Andrew Gonzalez,50,Fresno,2021-11-27
5347,Dorothy Allen,55,Phoenix,2024-09-21
5643,Matthew Sanchez,27,New York,2020-07-28
9246,Daniel Hernandez,31,Oklahoma City,2022-10-24
