EMP_ID,EMP_NM,DEPT_CD,SAL_AMT
56,Daniel Wilson,Research,48100
9128,Betty Jones,Research,48798
2078,David Rodriguez,Marketing,58747
9278,Lisa Hernandez,IT,145733
5488,Joshua Garcia,Marketing,50958
4275,John Ramirez,Marketing,145960
7524,Sarah Ramirez,Operations,129304
3953,Ashley Smith,HR,111841
2127,Sarah Davis,IT,72889
9864,Robert King,Finance,94135
7694,Donald Lee,Marketing,128351
4088,Mark Taylor,Legal,61111
7975,Betty Lewis,Operations,61424
6356,Mark Lopez,Marketing,138167
674,Lisa Sanchez,Operations,105980
6403,Paul Rodriguez,Finance,138775
6392,James Lopez,Finance,57295
6125,Dorothy Jones,Operations,118633
7785,Betty Allen,Marketing,116114
7422,Christopher Gonzalez,Research,128920
1660,Dorothy Clark,Finance,109028
3578,Jane Jones,IT,143779
8444,Robert Walker,Finance,82973
7547,Emily White,Sales,55958
1948,Steven White,Research,67724
2351,James Lee,Finance,53837
2559,Matthew Robinson,Customer Service,38168
1078,Jessica Lee,Finance,41232
5492,Christopher Martin,Sales,113119
6135,Christopher Sanchez,Customer Service,142507
9443,John Rodriguez,Customer Service,35898
5249,Lisa Walker,Sales,123992
8316,Betty Moore,Finance,137522
6010,Jennifer Jackson,Legal,71781
5084,Ashley Ramirez,Operations,39629
2819,Jessica White,Finance,107644
3960,David Lewis,HR,64896
6370,Emily King,Marketing,65477
8944,Jessica Gonzalez,Sales,135422
9385,Emily Lewis,IT,89694
6662,Sarah Anderson,Customer Service,88782
9711,Daniel Lopez,Legal,74807
193,Daniel Lewis,HR,149839
8324,Lisa Wilson,Research,85845
2466,Christopher Brown,HR,79615
1909,Donald Harris,Sales,62387
492,Jessica Martin,Finance,139579
5728,Robert Gonzalez,HR,38491
5536,Steven Young,IT,39280
6862,Steven Thomas,Legal,75019
5290,Matthew King,Finance,109395
6697,Betty Miller,Customer Service,131116
4452,Ashley Perez,Marketing,99620
5387,Amanda Jones,Marketing,76362
6087,Joshua Martinez,Research,34655
2258,Amanda Walker,Finance,31881
6717,Sarah Thomas,Sales,142352
688,Michael Brown,Operations,95273
74,Amanda Anderson,Research,99162
4085,Sarah Williams,IT,88938
8545,James Walker,Research,71831
5502,Nancy Lopez,Sales,120030
1260,Betty Jackson,Sales,106058
60,Donald King,Engineering,120776
3438,Andrew Lee,Engineering,146692
6378,Robert Hernandez,Research,37432
4177,David Thompson,Marketing,111080
3871,Daniel Moore,Legal,58307
5828,Betty Garcia,Operations,128800
535,David Harris,Engineering,120668
7671,Michael Robinson,Sales,50094
1675,Jessica Martinez,Operations,103896
8289,Joshua Thompson,Engineering,109560
8381,Robert Garcia,Marketing,139692
9661,Christopher Smith,Operations,115954
4764,Paul Wilson,IT,40249
8491,John Lewis,Customer Service,125188
3644,Jennifer Sanchez,Operations,33663
2950,Jennifer Young,Sales,101371
8432,John Ramirez,Operations,113288
8069,Mark Ramirez,Customer Service,125809
7366,James Lopez,Engineering,113465
4272,Christopher Lee,Customer Service,113404
7663,Sarah Young,Operations,129731
3152,Lisa Martin,Research,82278
9135,Elizabeth Robinson,HR,62350
8305,Robert Wilson,Finance,66790
6599,Emily Allen,Operations,146227
8402,John Miller,IT,70730
9789,Mark Davis,IT,127585
7517,Lisa Martinez,Customer Service,63324
1290,Sarah Smith,Engineering,117827
5343,Ashley Moore,Finance,135346
3038,Lisa Thomas,IT,137505
8033,Christopher Williams,Sales,116808
1962,Matthew Martin,Engineering,64389
6271,Ashley Miller,Engineering,125166
1766,Dorothy Ramirez,Legal,140359
2221,Paul Harris,IT,67770
6672,Lisa Clark,Marketing,94293
