EMP_ID,EMP_NM,DEPT_CD,SAL_AMT
4865,Ashley Harris,HR,140655
8029,Jane White,Marketing,63149
4214,Dorothy Thomas,Finance,85411
7403,David Taylor,Legal,30205
2361,Nancy Young,Sales,78882
8927,Jane Allen,Legal,78306
5860,Lisa Moore,Operations,95110
1360,Christopher Robinson,Marketing,43307
3982,Michael Brown,Engineering,145781
5498,Andrew Perez,Operations,119238
1773,Donald Ramirez,Customer Service,46096
310,Deborah Davis,HR,110705
722,Deborah Jones,HR,69908
1997,Amanda Clark,Marketing,83987
5479,Robert Clark,Finance,117879
9991,Paul Thomas,Engineering,146240
3065,Christopher Anderson,IT,39188
2997,Lisa Allen,Operations,31482
3439,Elizabeth Davis,IT,61231
3174,Karen Anderson,Customer Service,136515
3635,Matthew Clark,Sales,64042
5246,Matthew Sanchez,Operations,31986
6806,Daniel Jones,Operations,80348
1433,Dorothy Williams,Sales,75798
2806,Anthony Lee,Legal,124323
1277,Lisa Garcia,Operations,33542
2479,Daniel Miller,Customer Service,78119
5414,Dorothy Anderson,Customer Service,35805
1314,Karen Jones,Sales,76555
3015,John Martin,HR,139896
3176,Robert Lopez,Finance,119564
9950,Emily Miller,Customer Service,90885
9826,Jane Harris,Research,85809
6164,Lisa Anderson,Legal,80882
7828,Anthony Allen,Customer Service,131234
4365,Nancy Johnson,Marketing,66530
4246,Nancy Martin,Operations,114791
9578,James Allen,Customer Service,36297
8553,David Gonzalez,Engineering,67679
6628,Nancy Lewis,Research,62595
8285,Nancy Garcia,IT,138507
7375,David Allen,Research,95707
3116,Robert Thomas,Customer Service,35548
7571,Sarah Clark,IT,44103
9263,Michael Sanchez,Marketing,32395
6488,Matthew Walker,Sales,121309
280,Emily Ramirez,Sales,77605
3961,Christopher Miller,Engineering,89526
3352,Deborah White,Finance,82723
8498,Betty Taylor,Engineering,56520
1557,Dorothy Lewis,IT,78722
1571,Joshua Thomas,Operations,34483
6767,Christopher Sanchez,IT,109712
8608,John Walker,Sales,32001
956,Paul Garcia,Finance,111586
4123,Betty Perez,Engineering,148463
2082,James Martinez,Operations,128919
242,Andrew Lee,Customer Service,88602
7734,Jessica Garcia,Operations,108585
3565,Sarah King,Sales,54385
438,David Lopez,HR,59771
3397,Emily Hernandez,Research,107187
1781,Steven Walker,Sales,116052
9466,Karen Sanchez,HR,38254
1619,Ashley Thompson,HR,51048
7395,Lisa Robinson,HR,112975
6440,Lisa Moore,Operations,137492
6312,Lisa Martinez,Research,41096
255,Michael Smith,IT,92399
5848,Mark Johnson,HR,77752
644,Amanda Lewis,Sales,133506
4960,Paul Garcia,HR,79710
6633,Sarah Johnson,Sales,109504
538,Emily Smith,IT,49413
1105,Christopher Anderson,Research,140697
1562,Betty Perez,Legal,79123
9126,Emily Martinez,Marketing,129276
1840,Jennifer Martin,Marketing,112813
3259,Robert Smith,Marketing,143464
5506,Lisa Johnson,Engineering,102777
7443,James Smith,Research,72202
7455,Dorothy Jackson,Legal,138092
6367,Deborah Ramirez,Sales,120136
6252,Robert Williams,Research,115516
5862,Ashley Taylor,Marketing,111890
3906,Robert Young,HR,107442
2162,Karen Lee,Customer Service,61624
5308,Lisa Brown,Research,72997
9689,Sarah Lopez,Research,69735
3366,Michael Garcia,IT,104728
6697,Jennifer Miller,Operations,109847
7979,Lisa Taylor,Research,67365
6368,Jessica Garcia,Sales,142255
512,Nancy Young,Engineering,99582
5779,Betty Lee,Legal,79229
2372,Lisa Gonzalez,Legal,54565
7177,Betty Miller,IT,136860
5109,Matthew Jones,Sales,119380
8309,James Young,Marketing,69339
8443,James Taylor,Legal,76627
