EMP_ID,EMP_NM,DEPT_CD,SAL_AMT
147,David Sanchez,Customer Service,106273
9586,Christopher Hernandez,HR,36400
7634,Michael Brown,Operations,82128
2523,Deborah Walker,Legal,140453
351,Donald Perez,Operations,112875
9082,Michael Martinez,Research,95721
8796,Steven Sanchez,IT,79473
9034,Robert Jackson,Sales,66594
2083,Mark Hernandez,Sales,136473
6094,Paul Ramirez,Legal,68802
6121,Elizabeth Thompson,Engineering,63140
9829,Joshua Ramirez,Legal,44423
3847,Elizabeth Ramirez,Research,131064
5110,Andrew Lopez,Customer Service,134782
1284,Elizabeth Ramirez,Sales,146091
7295,John Thomas,Research,104658
8050,Jane Sanchez,Engineering,49025
1043,David Perez,IT,132091
9303,Joshua King,Research,42897
3855,Elizabeth Moore,Research,84845
3620,Donald Clark,Operations,61194
8903,Betty Davis,Legal,66583
9646,Robert Thomas,HR,120326
514,James Thomas,Customer Service,148482
887,Dorothy Clark,IT,55652
5698,Jane Sanchez,Legal,136026
8329,Dorothy Ramirez,Marketing,97473
7862,Jennifer Lewis,HR,63351
2334,Mark Hernandez,Customer Service,98632
6347,Jennifer King,Marketing,134433
598,Lisa Martin,Engineering,67858
2748,Lisa Jackson,Research,50439
1970,Dorothy Brown,Operations,139617
6464,Joshua Jackson,Legal,123445
2559,Jane Walker,Legal,126818
3703,Mark Lopez,Engineering,44585
2103,Matthew Young,Marketing,91087
974,Jane Martinez,Operations,50113
3772,Nancy Martinez,Sales,114579
7487,Lisa Miller,Marketing,76723
7608,John Harris,Operations,96928
9785,Jessica Martinez,Customer Service,31421
8895,Betty Wilson,Research,47962
4739,Jennifer Robinson,Research,92225
997,Elizabeth Walker,Operations,139460
1487,Sarah Martinez,IT,86336
2766,Mark Ramirez,Sales,51449
2218,Emily King,Operations,105905
1756,Sarah Taylor,Operations,98539
2677,Lisa Hernandez,Legal,70143
4925,Anthony Wilson,Finance,99702
6113,Matthew Wilson,Marketing,71443
9629,Christopher King,Sales,32429
6684,Andrew Sanchez,HR,107317
2228,Ashley Martinez,Research,71268
3741,Lisa Lopez,Legal,83024
1160,Elizabeth Jones,Legal,145477
7287,Robert Ramirez,Research,48848
9937,Michael White,Sales,30592
4599,Karen Jones,Operations,146057
5424,David Martinez,Sales,58036
9701,Sarah Smith,Operations,148105
3340,Joshua Hernandez,Operations,64680
6379,Lisa Lopez,Operations,108229
9511,Ashley Lewis,Customer Service,133894
8741,Anthony Lee,Sales,83142
7237,Anthony Hernandez,Operations,139542
8625,Joshua Moore,Customer Service,46186
3554,Elizabeth Martin,Operations,139936
4359,Jessica Walker,IT,71056
3703,Karen Young,Marketing,64538
8131,Mark Lopez,Marketing,40283
3484,Emily Harris,Operations,106966
2372,Lisa Sanchez,Customer Service,113440
8082,Nancy Young,IT,142841
6670,Matthew White,Finance,51758
5882,Daniel Thomas,Operations,60608
7147,Andrew Clark,Research,47938
5747,James Clark,IT,56232
1855,Jennifer Rodriguez,Legal,48777
372,Jessica Thompson,Operations,145623
5312,Mark Lopez,Sales,67181
6933,Donald Miller,Customer Service,107467
4275,Matthew Walker,IT,65332
9910,Andrew Jackson,Operations,61471
1154,Daniel Thomas,Customer Service,88617
6845,Amanda Harris,IT,91946
7836,Steven Ramirez,Marketing,96416
1,Joshua Jones,Marketing,37114
9927,Betty Martin,Legal,131106
7890,Daniel Hernandez,Marketing,99536
8258,Christopher Walker,Marketing,124491
2953,Michael Davis,HR,36586
4833,Andrew Jackson,Research,148843
8967,Michael Walker,IT,70685
9805,Karen King,Sales,72129
6958,Donald Garcia,Marketing,63542
3183,Matthew Jones,Engineering,117948
892,Daniel Martin,Sales,61741
888,Jennifer Walker,Research,149358
