EMP_ID,EMP_NM,DEPT_CD,SAL_AMT
7858,Joshua Walker,Research,37592
9,Sarah Taylor,Finance,109233
1896,Emily Rodriguez,Marketing,41553
2289,Christopher Wilson,Operations,42917
5839,Elizabeth Gonzalez,Sales,91489
5721,Jane Rodriguez,Research,60342
3212,Robert Robinson,Customer Service,105874
5038,Anthony Davis,Sales,149539
8132,Ashley Hernandez,Operations,136463
3273,Lisa Gonzalez,Sales,44770
5032,Dorothy Allen,IT,73382
3956,Joshua Moore,HR,115682
7573,Jane Wilson,HR,141588
9621,Deborah Davis,HR,71402
3474,Betty Gonzalez,Sales,83392
2317,Jessica White,Sales,131803
9529,Christopher Allen,IT,131207
4673,Nancy Williams,Finance,46020
3459,Mark Smith,Marketing,59675
876,Joshua Walker,Engineering,66771
2618,Ashley Sanchez,Marketing,101592
361,Anthony Jackson,IT,41046
7517,Karen Taylor,Research,43260
176,Deborah Thomas,IT,95958
233,James Sanchez,Marketing,47201
3477,Elizabeth Moore,Sales,53138
2581,Nancy Rodriguez,Legal,30686
9112,Karen King,Engineering,72391
5030,Ashley Thomas,Sales,144148
9663,James King,HR,34069
8665,Andrew White,Research,128776
6201,Mark Johnson,Customer Service,105179
5671,Andrew Wilson,Engineering,110323
1662,Matthew Sanchez,Operations,139016
3076,Sarah Martin,Engineering,65864
1829,Anthony Young,Operations,123516
9522,Jane Johnson,IT,66913
5858,Michael Lewis,Customer Service,94086
6493,Sarah Ramirez,Engineering,59176
1301,Donald Martinez,IT,120326
3505,Emily Lewis,Sales,41906
6420,Andrew Smith,Operations,109831
8132,Christopher Walker,Customer Service,82566
6508,David Rodriguez,Sales,135047
1665,Anthony Harris,Research,74302
3409,Betty Jackson,Operations,120807
1088,Michael Brown,IT,79634
1012,Matthew Lewis,IT,89625
2421,Lisa Davis,Marketing,111188
9651,James Young,Legal,54932
1933,Ashley Lewis,Sales,36423
1834,Ashley Jones,Marketing,112122
861,Robert Walker,Finance,60595
9113,Michael Miller,Customer Service,88137
9227,Betty Walker,Sales,123896
7747,Ashley Ramirez,Research,69741
1488,Jessica Clark,Operations,125856
667,Karen Taylor,Engineering,123016
5418,Steven Ramirez,Engineering,46175
6855,Donald Perez,HR,31927
8386,Donald Ramirez,Operations,63479
6104,Donald Brown,Marketing,117321
1002,Deborah Jackson,IT,42996
2655,Jessica Robinson,Research,38506
6448,Christopher Gonzalez,IT,123033
6329,Dorothy Jackson,Finance,136343
8355,Elizabeth Johnson,Engineering,128303
9760,Nancy Martinez,Research,142297
1720,Emily Johnson,Customer Service,146301
4007,Donald Lee,Operations,72982
5989,Steven Lewis,Sales,76045
6673,Nancy Wilson,Sales,85384
1114,James King,IT,91066
1098,Ashley Clark,Marketing,119258
2497,Jennifer Lee,HR,41530
8747,Jane Lopez,HR,31273
1959,Matthew Taylor,Sales,81169
2867,Matthew Smith,HR,104272
2544,Lisa Anderson,Marketing,56019
7867,James Ramirez,Finance,118359
5657,Anthony Clark,IT,123120
6220,Lisa Garcia,Operations,65055
604,Donald Thomas,Engineering,61757
5440,Emily Walker,Engineering,67902
2961,Karen Hernandez,Marketing,142797
1194,Andrew Gonzalez,HR,92238
5195,Karen Sanchez,Legal,125068
4966,David Perez,Marketing,143639
1267,Amanda Young,Operations,34828
5346,Amanda Allen,Engineering,104127
7013,Lisa Garcia,Sales,75048
6696,James Robinson,Engineering,90579
3996,Steven Thompson,Engineering,60828
9213,Andrew Lewis,Sales,107393
7423,Ashley Sanchez,Sales,140175
6616,Robert Young,Engineering,129353
2908,Lisa Clark,Operations,44588
3605,Lisa Young,Sales,94304
9932,Betty Young,Legal,99306
6525,Mark Ramirez,Operations,47401
