EMP_ID,EMP_NM,DEPT_CD,SAL_AMT
1066,Andrew Jones,Legal,55769
1621,Betty Martinez,Marketing,123919
7187,Robert Perez,HR,122503
989,Robert Anderson,Legal,123142
7492,Jessica Wilson,Finance,53564
4060,Sarah Smith,Finance,62801
4182,Lisa Thomas,Finance,103859
6342,Lisa Rodriguez,Finance,53296
849,Matthew Allen,Sales,104107
8690,Mark Hernandez,Customer Service,49936
2225,Anthony Hernandez,Engineering,110804
1600,Emily Johnson,Engineering,78666
2505,Amanda Gonzalez,Engineering,138055
6491,Jessica Martinez,Legal,76076
3376,Elizabeth Martinez,Finance,32150
2714,Mark Young,Marketing,32865
7630,Joshua Wilson,Research,130390
4834,Matthew Walker,Sales,81578
4517,Dorothy Perez,Sales,144114
4867,Elizabeth Clark,IT,111064
1340,Karen Jackson,Legal,69580
5104,Mark Taylor,Customer Service,49715
9831,Dorothy Lewis,Customer Service,107538
4781,Matthew Taylor,Customer Service,116500
9426,Dorothy Jones,Engineering,54166
3814,Lisa Williams,Engineering,135781
2728,Jennifer Harris,Sales,109478
7420,Jennifer Johnson,Sales,98490
9376,Sarah Miller,Marketing,33467
6602,John Rodriguez,Engineering,75702
6124,Emily Wilson,IT,50507
1248,Donald Walker,Sales,134937
8374,Lisa Smith,Legal,66478
4533,Paul Sanchez,Operations,48855
7582,Anthony Smith,IT,118721
5221,Jane Jackson,Marketing,75007
5360,Paul Allen,Marketing,49250
547,Steven Sanchez,Research,119403
2213,Anthony Clark,Finance,74608
3987,Emily Miller,IT,72527
221,Karen Martin,Marketing,147772
2368,David Moore,Legal,34713
1450,Steven Hernandez,Sales,55361
3152,Mark Martinez,HR,67773
3812,Robert Thompson,IT,127719
7029,Andrew Lopez,Finance,64385
9391,Deborah Ramirez,Customer Service,102814
9485,Emily Davis,Customer Service,142133
224,Mark White,Engineering,64717
693,Mark Martin,Legal,58789
604,Dorothy Jones,Research,57121
9001,Robert Williams,Operations,135583
9459,Paul Davis,Research,34910
7258,Christopher Martin,Research,130620
26,Dorothy Johnson,HR,100226
3707,Daniel Walker,Marketing,148079
9233,Elizabeth Ramirez,Research,134203
5629,Jessica Johnson,Marketing,146122
9874,Ashley Gonzalez,Research,101404
9746,Nancy Walker,Engineering,135895
6152,Deborah Jones,Engineering,52558
5053,John Johnson,IT,110748
594,Anthony Jackson,Finance,139170
7346,Daniel Brown,Sales,101884
5642,Daniel Wilson,Finance,102117
8470,Paul Hernandez,IT,36730
5799,Jane Perez,Sales,61085
7115,John Sanchez,HR,123510
6564,Joshua Allen,Marketing,68681
8612,Jane Ramirez,HR,90056
4775,Lisa Young,Research,43752
5048,Jane Johnson,Finance,97035
831,Sarah Miller,Research,82806
4031,Anthony Martinez,Research,33664
1566,Lisa Thomas,Research,52360
6160,Christopher Moore,Customer Service,64860
5213,James Thompson,Sales,78719
3131,Mark Young,Sales,56767
5067,Joshua Johnson,Sales,147448
7545,Daniel King,Finance,105446
6719,Lisa Allen,HR,83153
6758,Matthew Taylor,Marketing,33143
3742,Lisa Taylor,Customer Service,131463
3675,Robert Allen,Engineering,44210
4649,David Moore,Research,74787
5026,Elizabeth Rodriguez,Marketing,62543
233,Joshua Martinez,Research,54270
6295,Matthew Anderson,Sales,68994
1412,Ashley Gonzalez,HR,78745
9610,Anthony Moore,Finance,94749
9520,David Thomas,HR,45897
4935,Amanda Martin,Sales,92580
5295,Paul Taylor,Research,37669
4571,Ashley Anderson,HR,85216
2591,Jennifer Rodriguez,HR,120350
5417,James Wilson,Customer Service,89037
4572,Sarah Moore,Customer Service,34817
3174,Mark Perez,Marketing,129787
225,Michael Garcia,Sales,79897
3209,David Clark,Research,41140
