C_ID,C_NAME,AGE_YRS,LOC_CD,REG_DT
7147,Paul Lee,46,Baltimore,2020-03-07
5778,Betty Harris,56,Seattle,2022-06-14
9281,Amanda Garcia,70,Denver,2023-01-09
4179,Dorothy Sanchez,32,Portland,2021-03-14
9506,Jane Rodriguez,51,San Jose,2023-11-13
1166,Elizabeth Martin,24,Philadelphia,2022-03-16
89,Karen Thomas,37,Tucson,2025-10-22
3219,Paul Moore,23,Mesa,2020-05-18
6266,Paul Walker,45,Fresno,2025-05-22
5999,Paul Jones,64,Fort Worth,2025-02-04
8593,Paul Rodriguez,21,Houston,2023-08-05
1793,Paul Lewis,21,New York,2025-03-17
5386,Lisa King,20,Mesa,2024-12-20
3392,Christopher King,25,New York,2021-10-26
3223,Lisa Hernandez,24,Jacksonville,2021-06-07
8763,Dorothy Lopez,65,Philadelphia,2020-08-08
8652,Andrew Taylor,18,San Diego,2023-10-21
5107,Donald Lee,65,Charlotte,2023-12-26
1250,David Rodriguez,51,Kansas City,2024-04-28
4064,Andrew Young,24,New York,2025-05-28
3384,Michael Martin,69,Portland,2022-10-13
2635,Mark Brown,19,Albuquerque,2024-02-16
5193,Michael Jackson,32,Portland,2022-06-15
8074,Christopher Martin,46,San Antonio,2022-07-06
2648,Jane Taylor,24,Portland,2025-08-26
8958,Nancy Lee,25,Las Vegas,2022-02-12
1839,Jennifer Miller,53,Dallas,2025-10-08
5631,Christopher Clark,26,Boston,2020-06-15
2764,Joshua Walker,45,Charlotte,2021-02-27
9405,Daniel Young,33,Washington,2023-11-21
7754,Karen Wilson,70,Las Vegas,2025-07-04
3601,Anthony Brown,70,New York,2020-09-27
1690,Donald Gonzalez,61,Sacramento,2020-09-03
4964,Jennifer Robinson,45,San Diego,2024-10-13
2940,Jennifer Thompson,22,San Francisco,2025-12-11
196,Ashley Smith,29,San Francisco,2021-05-18
9591,Lisa Jones,41,San Jose,2025-11-03
5641,Jennifer Moore,50,Fort Worth,2025-04-27
856,Andrew Anderson,31,Denver,2023-05-05
9679,Christopher Johnson,61,Denver,2022-11-18
9424,Mark Martin,70,San Antonio,2025-06-26
4470,Lisa Moore,70,Columbus,2024-01-10
2753,Anthony Sanchez,49,San Francisco,2023-06-19
3458,Deborah Brown,26,Nashville,2025-11-06
5232,Daniel Allen,49,Mesa,2021-06-27
6054,Andrew Williams,69,Portland,2025-01-26
7576,David Lee,26,Denver,2022-06-11
1881,Nancy Walker,45,Albuquerque,2023-04-06
925,Elizabeth King,65,Seattle,2021-04-16
4386,Daniel Taylor,56,San Jose,2025-03-12
2578,Karen Thompson,57,New York,2023-06-13
59,David Thomas,61,Kansas City,2020-11-24
4411,David Martin,36,Boston,2024-01-15
8457,Michael Allen,68,Indianapolis,2025-07-10
1147,Betty Gonzalez,64,Austin,2021-10-23
7326,Andrew Robinson,42,Philadelphia,2023-07-03
7683,Deborah Lewis,65,Philadelphia,2023-01-17
4129,Steven Lewis,58,Chicago,2020-04-01
2367,Sarah Gonzalez,41,Tucson,2025-01-02
6536,John Robinson,29,San Diego,2020-11-04
3175,Jessica Wilson,58,San Diego,2025-04-13
4440,Paul Thompson,48,Seattle,2023-06-02
8783,Lisa Young,30,Sacramento,2023-08-26
2428,Betty Jackson,44,Sacramento,2025-03-11
1493,Donald Ramirez,23,Phoenix,2021-04-13
1773,Mark Clark,70,Houston,2023-04-16
8547,Nancy Sanchez,20,Seattle,2022-07-06
3819,Lisa Perez,39,Seattle,2021-05-19
5951,James Allen,37,Nashville,2022-12-01
6679,Sarah Anderson,42,Nashville,2023-11-20
4462,Jane Rodriguez,66,Columbus,2024-11-16
8957,Andrew Davis,60,Las Vegas,2021-09-25
7035,Christopher Wilson,33,Fort Worth,2025-03-22
9324,Michael Gonzalez,46,Jacksonville,2025-11-28
2839,Nancy Sanchez,26,San Diego,2021-07-06
