C_ID,C_NAME,AGE_YRS,LOC_CD,REG_DT
9793,Lisa Martin,38,Portland,2025-08-16
9502,Anthony Rodriguez,37,Dallas,2020-08-06
1578,Ashley King,46,Washington,2020-04-12
1279,Lisa Ramirez,27,Mesa,2024-08-06
726,Robert Walker,31,Boston,2022-09-01
8139,Joshua Lee,25,San Francisco,2023-01-20
1013,Deborah Thompson,42,Kansas City,2024-02-26
9760,Robert Young,61,Sacramento,2021-02-05
4876,Betty Martinez,39,Sacramento,2021-07-10
8697,Matthew White,59,New York,2021-01-13
4793,Dorothy Jones,46,Louisville,2025-03-22
4222,Andrew Smith,57,Columbus,2023-09-02
2389,Matthew Harris,66,Louisville,2024-10-16
6564,Steven Thompson,23,New York,2025-07-03
8934,Joshua King,37,New York,2020-07-23
7854,Robert Moore,34,Baltimore,2022-01-16
702,Matthew Jones,27,Jacksonville,2022-08-13
9011,Karen Hernandez,34,New York,2020-05-18
1184,Andrew Williams,32,Louisville,2021-02-04
4851,Matthew Robinson,36,Las Vegas,2025-10-16
4481,Christopher Young,29,Milwaukee,2021-10-01
2385,Robert Ramirez,63,Sacramento,2023-09-17
1427,James Taylor,63,Boston,2023-09-13
3393,Elizabeth Martin,33,San Diego,2024-11-05
6850,Christopher Allen,33,Mesa,2024-03-09
7506,Dorothy Lopez,24,Chicago,2021-05-15
4744,Elizabeth Miller,59,Albuquerque,2020-10-10
6157,Jessica Lewis,43,Oklahoma City,2022-02-20
1833,Sarah Davis,60,Indianapolis,2025-12-15
7850,Deborah Miller,39,Los Angeles,2023-06-28
2851,Andrew White,42,San Diego,2025-10-08
5818,David Smith,36,Indianapolis,2022-08-10
1379,Daniel Lopez,32,Los Angeles,2025-05-20
8587,Daniel Martinez,64,Washington,2021-03-27
9764,Paul King,50,Las Vegas,2024-06-19
7237,Ashley Martinez,51,Washington,2020-08-28
6394,Lisa Harris,48,Denver,2025-08-22
6676,Jennifer Lopez,41,Portland,2021-10-06
1392,Jessica Harris,49,Los Angeles,2025-10-06
1293,Christopher Thompson,41,Tucson,2022-03-25
5959,Dorothy Clark,40,Washington,2022-01-03
6601,Lisa Rodriguez,38,Louisville,2025-09-05
2800,Lisa Rodriguez,21,Charlotte,2025-07-05
574,John Smith,36,Dallas,2023-01-07
2261,Ashley Jones,59,Baltimore,2025-09-19
3579,James Lee,56,San Diego,2025-03-01
6159,Elizabeth Hernandez,53,Portland,2021-03-25
1365,Karen Martin,35,Portland,2024-03-17
64,Karen Ramirez,70,Kansas City,2025-02-25
1945,Paul White,42,San Diego,2021-04-11
4545,Michael Harris,23,Seattle,2025-02-10
7959,Nancy Moore,50,Denver,2023-10-28
6886,Jennifer Garcia,41,Jacksonville,2025-01-11
4688,Paul Thomas,41,Houston,2023-05-17
4075,Steven Harris,51,Seattle,2025-10-19
6127,Christopher Jones,56,Louisville,2023-06-02
5187,Ashley Anderson,70,Chicago,2025-09-09
830,Sarah Lewis,19,San Antonio,2025-06-11
970,Emily Jackson,54,San Francisco,2025-05-19
9423,Dorothy Hernandez,50,Fresno,2024-01-22
4404,Joshua Williams,25,Fresno,2022-12-18
6875,Karen Johnson,42,Las Vegas,2025-04-28
960,Robert Anderson,27,Seattle,2020-03-15
9004,Joshua Johnson,44,San Diego,2024-08-03
2118,Christopher Ramirez,64,San Antonio,2022-10-03
9177,Robert King,60,Las Vegas,2021-08-01
389,Lisa Taylor,44,Charlotte,2021-11-28
945,Lisa Miller,23,Dallas,2025-06-28
8912,Robert Jones,68,San Francisco,2022-07-07
9652,John Jackson,54,Washington,2021-08-14
3210,Nancy Rodriguez,69,Fort Worth,2020-10-24
2905,Jessica Lopez,69,Oklahoma City,2023-11-02
8793,James King,36,San Antonio,2022-04-13
5088,Steven Martinez,32,Baltimore,2022-03-16
1364,Dorothy Gonzalez,51,Philadelphia,2023-07-14
