C_ID,C_NAME,AGE_YRS,LOC_CD,REG_DT
7287,Elizabeth Miller,35,Fort Worth,2021-08-26
7535,Daniel Jackson,63,Albuquerque,2025-10-23
2755,Jane Johnson,26,Sacramento,2022-10-26
3306,Mark Garcia,58,New York,2020-05-12
7512,Daniel White,70,Austin,2021-07-20
2236,Karen Gonzalez,70,San Francisco,2022-01-20
5807,Dorothy Williams,28,Fort Worth,2020-03-15
8954,Betty Johnson,22,Houston,2021-01-20
2211,Michael Martinez,64,Charlotte,2025-07-20
8306,Paul Taylor,21,Los Angeles,2025-10-23
9574,Jane Hernandez,44,Dallas,2020-11-04
1353,David Lee,43,Indianapolis,2024-01-11
1411,Betty Davis,49,Las Vegas,2022-03-15
6858,Michael White,28,Milwaukee,2022-08-01
1934,Paul Ramirez,43,Las Vegas,2020-10-10
6681,David Lee,36,Seattle,2021-04-06
2163,Jane Jones,55,Houston,2024-01-16
373,Mark King,43,Albuquerque,2025-01-11
8910,Jennifer Rodriguez,44,Dallas,2022-12-09
5454,Sarah Perez,35,Columbus,2023-06-25
258,Emily Lewis,51,Denver,2021-10-25
2914,Dorothy Rodriguez,32,Fort Worth,2023-08-03
514,Andrew Smith,68,Baltimore,2024-08-04
9868,James White,69,Fort Worth,2022-03-15
8979,Andrew Davis,46,New York,2023-05-05
7866,Joshua Jones,67,Las Vegas,2022-04-09
5914,Ashley Martinez,20,Dallas,2025-02-25
6010,Mark Williams,52,Portland,2020-07-15
1331,Christopher Young,51,Seattle,2023-05-18
6887,Paul Brown,28,Austin,2020-07-10
8283,Matthew Harris,36,Boston,2021-01-27
8615,Joshua Lewis,33,Austin,2025-07-10
4913,Elizabeth Lee,69,Washington,2024-05-16
9937,Anthony Martinez,23,Milwaukee,2025-05-05
9388,Ashley Walker,39,Boston,2020-01-17
7257,Nancy Miller,56,Nashville,2023-07-24
9836,Nancy Davis,57,Nashville,2024-05-25
3688,John Clark,50,Denver,2021-10-26
5159,Steven Davis,39,Denver,2022-07-15
9765,Lisa Thompson,68,New York,2023-07-17
6182,Nancy Lopez,29,Seattle,2024-05-27
4686,Betty Moore,49,Kansas City,2021-06-07
5104,Paul Taylor,44,Houston,2025-02-26
9360,John Moore,65,Las Vegas,2023-11-15
6101,Anthony Jones,67,Oklahoma City,2022-08-24
9024,Matthew Wilson,22,Oklahoma City,2020-10-01
1244,Jane Robinson,28,Kansas City,2020-03-16
2913,John Johnson,34,Philadelphia,2024-06-04
1074,Robert Thomas,55,Kansas City,2020-09-22
4918,David Lee,48,Fresno,2023-12-03
7392,Michael Lewis,34,Columbus,2025-03-20
3217,Nancy White,21,San Diego,2024-06-13
5643,Paul King,54,Houston,2024-08-28
537,Karen Rodriguez,70,Washington,2022-05-06
7327,Lisa Thompson,52,Columbus,2024-09-25
5494,Jennifer Young,55,Kansas City,2025-11-15
4076,Amanda Perez,57,Tucson,2022-05-24
3808,Christopher Robinson,23,Tucson,2021-09-17
4706,Robert Lewis,66,San Francisco,2020-11-11
8850,Ashley Davis,60,Houston,2024-03-01
3547,Betty Martin,62,Kansas City,2022-10-06
3476,Elizabeth Thomas,56,Sacramento,2023-05-14
7892,Mark Brown,63,Milwaukee,2024-08-16
5585,Paul Allen,20,Albuquerque,2020-01-25
1278,John Taylor,35,Kansas City,2022-11-16
375,Sarah Lewis,60,Phoenix,2023-09-12
2994,Donald Clark,63,Indianapolis,2025-08-01
1807,Dorothy Robinson,42,Jacksonville,2022-09-19
6771,Matthew Martinez,49,San Francisco,2022-07-08
6593,Sarah Gonzalez,61,Austin,2021-08-01
543,Elizabeth Thomas,66,Fresno,2024-11-11
3333,Karen Anderson,36,Washington,2023-09-28
3638,Jessica King,70,Las Vegas,2025-03-27
6549,Lisa Lee,54,Phoenix,2023-11-04
5102,David Moore,27,San Diego,2023-01-27
