C_ID,C_NAME,AGE_YRS,LOC_CD,REG_DT
8253,Joshua Walker,19,Portland,2022-07-21
5866,Anthony Taylor,51,Denver,2022-07-22
9471,Lisa Jackson,39,Fresno,2022-11-07
8015,John Gonzalez,32,San Diego,2023-04-25
1966,Emily Martinez,46,San Francisco,2021-11-26
2108,Michael Miller,64,Austin,2025-01-17
24,Betty Williams,24,New York,2023-05-26
1890,Anthony Johnson,21,Portland,2023-02-23
1508,Donald Martin,30,Boston,2020-03-05
8374,Jennifer Jackson,53,San Diego,2022-06-08
7052,Donald Young,33,Phoenix,2021-10-17
1519,Joshua Gonzalez,24,Las Vegas,2022-06-05
84,Michael Anderson,61,Tucson,2023-09-06
9408,James Martinez,60,Portland,2022-03-10
7053,Steven Robinson,55,Columbus,2024-01-01
7079,Lisa Perez,70,San Antonio,2025-07-01
7694,Christopher Thomas,29,Jacksonville,2022-06-25
5966,Daniel Anderson,65,Kansas City,2023-10-13
3323,Donald Jones,56,Fort Worth,2020-12-28
4522,Betty Walker,38,Mesa,2020-07-21
2828,Nancy Brown,46,Kansas City,2025-05-06
3689,Nancy Jackson,32,Oklahoma City,2022-06-18
3390,Matthew Gonzalez,45,Columbus,2022-08-24
3464,Ashley Williams,62,Seattle,2024-10-16
3657,Sarah Perez,22,Baltimore,2022-04-19
5865,Dorothy Jackson,59,Las Vegas,2022-09-09
7848,James Jackson,32,Austin,2025-10-21
52,Sarah Sanchez,27,Nashville,2025-10-14
3596,Emily Hernandez,36,Milwaukee,2025-10-02
6453,John Johnson,55,Sacramento,2021-12-22
1825,John Brown,30,Dallas,2022-07-07
3740,Andrew Davis,23,New York,2024-12-19
3918,Dorothy Gonzalez,62,Milwaukee,2021-10-14
5338,David Smith,22,Nashville,2024-12-09
3895,Dorothy Perez,42,San Diego,2024-06-11
6512,Lisa Smith,51,Kansas City,2023-09-15
5069,Donald White,39,Denver,2025-12-22
88,Mark Perez,30,Dallas,2022-09-25
3560,Lisa Brown,27,Las Vegas,2020-07-16
6967,Jennifer Anderson,69,Phoenix,2022-02-02
1805,Emily Martinez,63,Houston,2021-07-25
4662,Andrew Rodriguez,49,Kansas City,2020-05-10
6578,Matthew Martinez,39,Charlotte,2020-11-23
3919,Jennifer Allen,48,Oklahoma City,2024-03-18
380,Jessica Thomas,28,Philadelphia,2021-03-20
3198,Robert Thomas,22,Seattle,2020-08-02
3268,John King,43,San Diego,2023-10-20
1869,Christopher Martinez,50,Austin,2024-10-21
5975,Christopher Thomas,54,Los Angeles,2020-12-15
6185,Jane Robinson,56,Houston,2022-06-08
7718,Paul Jackson,55,Jacksonville,2022-04-27
3903,David Lewis,35,New York,2021-06-03
5787,Sarah Brown,21,Houston,2023-08-25
130,Joshua Gonzalez,48,Fresno,2024-12-04
355,Michael Hernandez,20,New York,2022-09-06
5644,Dorothy Robinson,29,Fresno,2025-03-25
9802,James Wilson,31,Indianapolis,2025-06-04
671,Nancy Martinez,22,San Jose,2020-03-06
4750,Joshua Davis,44,Columbus,2025-01-04
5637,Emily Wilson,50,Phoenix,2022-08-04
7531,Jane Wilson,58,Houston,2023-12-06
3140,Anthony Ramirez,21,San Jose,2020-02-06
3357,Nancy Brown,70,Sacramento,2021-10-13
5510,Matthew Gonzalez,42,San Diego,2025-04-11
7308,Betty Martin,69,Mesa,2024-10-06
284,Deborah Williams,24,Austin,2020-09-03
2511,Matthew Miller,53,Mesa,2020-03-23
3771,Donald Anderson,47,Mesa,2024-06-12
5972,Amanda Clark,57,Oklahoma City,2023-12-19
9431,Amanda Wilson,36,San Antonio,2025-11-05
6156,Andrew Wilson,33,Milwaukee,2024-04-23
9682,Robert Rodriguez,26,San Jose,2021-07-28
1372,Deborah Garcia,40,Chicago,2022-11-19
1813,Paul Jackson,36,Tucson,2020-01-27
9645,Jessica Martinez,33,Denver,2023-05-25
