EMP_ID,EMP_NM,DEPT_CD,SAL_AMT
7849,Betty Moore,Marketing,43593
4981,Jennifer Thompson,Engineering,32615
1127,Dorothy Moore,IT,104528
2971,Amanda Brown,Legal,72188
6743,Michael Smith,HR,89439
606,Anthony Martinez,Sales,101799
962,Ashley Garcia,IT,95195
8922,Donald Jackson,IT,59147
6382,Elizabeth Lewis,Sales,140673
7272,Andrew Jones,Engineering,106621
920,Donald Taylor,Marketing,141737
6125,Matthew Sanchez,Customer Service,107830
854,Robert Ramirez,Operations,99953
3279,Nancy Williams,Legal,68537
5289,Jessica Garcia,Legal,143119
4271,Andrew Lee,Finance,82993
602,Lisa Rodriguez,Research,132648
5255,Jane Moore,IT,90595
1946,Karen Sanchez,IT,122966
6155,Ashley Davis,Customer Service,41903
8161,David Williams,Sales,104581
3873,Emily Lopez,IT,42127
705,Karen Jones,Legal,41672
9115,Mark Jackson,Sales,149162
3734,Lisa Miller,Legal,88379
3928,Jane Lopez,Operations,71964
5096,Matthew Davis,IT,134527
6360,Lisa Hernandez,Customer Service,100425
5040,Jessica Walker,Customer Service,71201
4077,Christopher Anderson,Operations,87564
9362,Mark White,Legal,40662
7819,David Rodriguez,Legal,138620
6614,Robert Jackson,Finance,120631
4459,Karen Clark,Marketing,141124
2651,Lisa Jackson,Sales,62122
3020,Jennifer Sanchez,Sales,35573
6219,Amanda Anderson,Marketing,32266
1128,David Anderson,HR,148870
2803,Amanda Martinez,IT,58262
5197,Andrew Hernandez,HR,121769
5815,Ashley Gonzalez,HR,92729
6207,Anthony Walker,Research,130773
3175,Lisa Brown,Finance,99235
4167,Steven Young,Research,90312
5224,Betty Brown,Marketing,145400
7879,Steven Gonzalez,HR,63431
2633,Joshua Allen,IT,85993
8574,Joshua Robinson,Customer Service,129295
6485,Michael Sanchez,Finance,47912
8208,Karen Young,IT,116222
8256,Jane Jones,Legal,126056
4559,Anthony Johnson,HR,66355
4398,Ashley Hernandez,Engineering,97532
10,Anthony Hernandez,Sales,107907
6234,Jane Lewis,HR,110076
7536,Jessica Sanchez,Research,126891
926,Robert Robinson,Legal,137202
290,Nancy Lewis,Legal,69741
4191,Lisa Williams,Finance,55846
5208,Anthony Jones,Finance,124629
9940,Matthew Williams,Finance,143043
5134,Elizabeth Williams,Customer Service,62179
8075,Mark Lee,HR,65679
8163,Matthew Miller,Sales,140201
442,John Miller,Research,64881
2247,Ashley White,HR,66530
5813,Sarah Garcia,Sales,82543
5808,Michael Lewis,Legal,106548
479,Jennifer Thomas,Legal,143967
1693,James Smith,IT,95267
5459,Joshua Lewis,HR,90923
4425,Jane Garcia,Research,114558
8352,Dorothy White,Finance,136378
5569,Steven Ramirez,HR,52479
6547,Steven Gonzalez,HR,138629
3957,Robert Allen,Research,97312
1505,Dorothy King,HR,76241
272,Jennifer Rodriguez,HR,68246
7103,Robert Thomas,Marketing,65473
3597,Donald Wilson,Research,128859
5609,Ashley King,IT,92648
1524,Daniel Thomas,Sales,37864
7007,Betty Perez,HR,58448
7795,Dorothy White,Operations,40048
9125,Nancy White,Finance,146042
6978,Jessica Ramirez,IT,77245
2177,Paul Miller,Sales,90568
1432,Sarah Gonzalez,Finance,114336
2370,Dorothy Johnson,HR,65268
8753,Sarah Taylor,Marketing,35637
3176,Andrew Johnson,Marketing,64946
7584,Ashley Davis,Finance,54802
9505,Karen Walker,Customer Service,86186
1870,Elizabeth King,Operations,90051
6021,Paul Brown,Marketing,128475
2080,Karen Johnson,Operations,40792
7580,Elizabeth Harris,HR,45178
4782,Robert Brown,Finance,41056
9670,Sarah Martinez,Research,72055
3332,Daniel Smith,Sales,47659
