C_ID,C_NAME,AGE_YRS,LOC_CD,REG_DT
7354,Robert Thomas,27,Chicago,2024-07-18
9304,Dorothy Sanchez,40,Charlotte,2024-12-21
5736,Jennifer Martinez,18,Seattle,2024-08-17
3372,Paul Martin,62,Louisville,2020-05-06
3265,Ashley Garcia,69,Tucson,2020-06-07
7484,Mark Davis,36,Sacramento,2025-08-17
7605,Emily White,31,San Francisco,2024-08-06
2636,Mark King,69,Chicago,2023-04-09
7826,Daniel Jones,18,Fresno,2025-06-15
1463,James Hernandez,29,New York,2025-11-02
1547,James Rodriguez,70,Denver,2022-02-06
9303,Karen Jones,59,Seattle,2020-03-23
4581,Mark Moore,34,Tucson,2023-06-15
9432,Nancy Harris,51,Louisville,2024-12-23
1560,Ashley Gonzalez,61,Milwaukee,2021-10-17
299,Sarah Moore,29,San Antonio,2023-12-03
5073,Emily Harris,63,Dallas,2025-03-24
4350,Emily Sanchez,58,Washington,2024-03-28
58,Dorothy Williams,46,Tucson,2021-10-13
4044,Michael Martinez,18,Columbus,2024-09-22
1263,Emily Allen,30,Indianapolis,2024-06-20
7741,Anthony Miller,46,Charlotte,2023-10-07
3073,Lisa Hernandez,53,Nashville,2022-04-02
5191,Nancy Jackson,57,Jacksonville,2022-01-28
8147,Dorothy Sanchez,56,Chicago,2024-11-02
2569,Joshua Lewis,28,Seattle,2025-12-22
9063,Daniel Ramirez,66,Kansas City,2024-06-08
5483,Joshua Thomas,66,Fort Worth,2023-12-13
7692,Anthony Johnson,43,Denver,2025-01-05
1689,Lisa Jones,33,Columbus,2025-02-20
3153,John White,52,Denver,2023-12-18
222,David White,18,Phoenix,2020-02-22
8320,Steven Wilson,34,Baltimore,2023-12-17
9731,Lisa Clark,40,Jacksonville,2022-02-25
4113,Nancy Allen,69,Jacksonville,2021-07-16
3999,Anthony Brown,57,Jacksonville,2025-03-07
603,David Lee,55,Las Vegas,2025-05-24
6665,Lisa Lopez,35,Louisville,2023-09-20
6799,Michael Gonzalez,25,Philadelphia,2021-10-17
1242,Robert Thomas,47,New York,2020-03-06
370,Deborah Moore,26,San Antonio,2022-01-24
7324,Sarah King,51,Seattle,2025-10-23
5505,Jennifer Walker,26,Sacramento,2020-07-08
8717,Lisa Gonzalez,45,Indianapolis,2023-09-28
470,Jessica Thompson,23,Boston,2025-12-07
8000,Dorothy Hernandez,23,San Francisco,2025-07-16
6244,Lisa Martin,47,Charlotte,2021-10-04
7527,Lisa Allen,42,Tucson,2025-08-17
1762,Christopher Robinson,18,Chicago,2023-01-03
8060,Daniel Thomas,53,Dallas,2020-10-13
3013,Paul Thompson,50,Indianapolis,2025-10-11
8699,Michael Ramirez,53,Indianapolis,2023-01-24
1483,Emily Lewis,39,San Jose,2024-11-22
8483,James Miller,40,Kansas City,2022-09-02
6698,Lisa Rodriguez,26,Las Vegas,2024-12-23
3462,Jennifer Young,42,San Francisco,2025-10-02
3295,Emily Moore,50,Indianapolis,2025-12-04
2447,David Garcia,63,Washington,2023-09-07
6753,Daniel Perez,52,Fort Worth,2022-01-02
9356,Ashley Lewis,18,Portland,2020-02-21
7747,Mark Clark,48,Tucson,2021-10-13
9926,Matthew Moore,30,Denver,2023-11-28
7977,Karen Robinson,53,Indianapolis,2025-07-21
7560,Steven Walker,61,Milwaukee,2020-05-06
8390,Steven White,28,Fort Worth,2025-08-20
3256,John Lopez,42,Chicago,2023-04-26
6959,Matthew Moore,38,Jacksonville,2020-03-06
9113,Matthew Johnson,36,Oklahoma City,2021-12-16
2681,Sarah Allen,70,Fresno,2024-12-23
862,Andrew Lopez,54,Dallas,2025-11-06
8891,Nancy Lopez,45,Sacramento,2022-08-02
1822,Lisa Walker,56,Houston,2025-10-20
2051,Ashley Miller,41,Houston,2021-09-05
9988,James Hernandez,55,Mesa,2023-02-08
3263,Andrew Brown,58,Kansas City,2020-10-06
