EMP_ID,EMP_NM,DEPT_CD,SAL_AMT
4096,Deborah Young,Operations,37166
5047,Jennifer Jackson,Engineering,35582
7591,Lisa Smith,Operations,55232
771,Donald Moore,Marketing,111898
1517,Jane Taylor,IT,30779
9846,Anthony Rodriguez,Research,147103
6744,Deborah Gonzalez,Customer Service,82416
4223,Andrew Thompson,Operations,88943
5928,Paul Robinson,HR,71982
3556,James Harris,Research,63653
3987,Michael Anderson,Operations,126529
5318,Paul Jones,Legal,134646
2322,Emily Martin,Sales,36310
7549,Amanda Allen,Engineering,144275
4301,Jennifer Martinez,HR,41111
6612,Anthony Miller,Engineering,55381
1470,Christopher Young,Marketing,40074
5912,Daniel Brown,Research,145542
6133,Michael Young,Sales,132209
3823,Lisa Clark,Finance,44447
8388,Lisa Hernandez,Engineering,85575
9359,Betty Jackson,Sales,123438
6203,Jessica Williams,Research,115978
2317,Anthony Harris,Marketing,73521
8214,Joshua Thomas,Marketing,134442
3604,Anthony Hernandez,Marketing,52887
6037,Jennifer Taylor,Engineering,83923
9840,Elizabeth Sanchez,Sales,123525
89,Andrew Thompson,Customer Service,146235
2065,Lisa Jones,IT,33562
3,Ashley Garcia,Engineering,46892
474,Ashley White,Research,131478
1058,Anthony Brown,Research,64084
2012,Ashley Thompson,Customer Service,131918
6978,Matthew Johnson,Sales,52151
2797,Anthony Miller,Sales,137908
2481,Sarah Smith,Finance,73812
3375,Jennifer Gonzalez,Research,130821
5055,Donald White,Finance,89007
4615,Lisa Miller,Research,134721
3440,Amanda Moore,Legal,133456
6509,Jessica Walker,Customer Service,128364
5699,Joshua Wilson,Finance,101671
7647,Robert Sanchez,Finance,60594
7903,Matthew Hernandez,Sales,64353
6753,Amanda Thompson,Finance,44099
3575,Joshua Miller,Finance,63954
3764,Joshua Jones,Operations,120075
5908,Nancy Jackson,Legal,84955
9836,James Williams,Sales,75835
6853,Joshua Allen,Customer Service,145488
6206,Sarah Johnson,Customer Service,130489
2761,Mark Walker,Research,123618
9003,Deborah Rodriguez,Sales,69082
4661,Lisa Gonzalez,Sales,141858
6800,Jane Ramirez,Research,67035
8696,Michael Thompson,Customer Service,45762
4096,Emily Wilson,Research,106684
8418,Nancy Brown,Engineering,149545
1685,James Garcia,Customer Service,87713
3145,Jessica Williams,Operations,127575
9268,Amanda Hernandez,Legal,81141
781,Lisa Jones,IT,46139
7685,Dorothy Martin,Sales,110445
6587,Karen Walker,Engineering,73491
5802,Jennifer Johnson,Marketing,110203
4832,John Anderson,Legal,86393
3787,Sarah Martinez,Legal,98735
519,Lisa Ramirez,Marketing,82864
5061,Anthony Lee,IT,102010
2187,Andrew Perez,IT,42078
2057,Nancy Garcia,Finance,141563
5938,Sarah Garcia,Engineering,76283
9095,Daniel Sanchez,Research,82053
446,Lisa Rodriguez,Engineering,132809
9024,David Gonzalez,Marketing,48014
9699,Christopher Young,Research,60647
6822,Robert Gonzalez,Sales,76698
6611,Christopher White,Research,94246
6429,Ashley Smith,HR,137883
9719,Betty Davis,Engineering,57608
5278,Robert Davis,Marketing,96848
5542,Joshua Rodriguez,Sales,92479
7196,James Allen,Engineering,43381
5206,David Allen,IT,87751
7909,Joshua Robinson,HR,59407
1143,James Robinson,Engineering,41680
9631,Lisa Sanchez,Customer Service,139492
5280,Andrew Miller,Research,111304
9929,Matthew Clark,Engineering,130112
8407,Lisa Thomas,IT,89844
5062,Lisa Taylor,Research,126703
456,Daniel Taylor,Sales,32701
3598,Matthew Thompson,Legal,141054
5170,Dorothy Rodriguez,Marketing,136484
3861,Robert Davis,HR,77590
2279,Betty Ramirez,Customer Service,46832
4217,Deborah Moore,Engineering,50901
8916,Joshua Allen,Customer Service,31467
9912,Jennifer Robinson,Marketing,90514
