C_ID,C_NAME,AGE_YRS,LOC_CD,REG_DT
8565,Jessica Moore,22,San Francisco,2022-01-28
994,John Perez,70,Dallas,2022-03-20
5331,Deborah Hernandez,68,Portland,2024-07-18
2473,Christopher Williams,61,Milwaukee,2020-04-02
7325,Dorothy Miller,69,Louisville,2025-05-22
5818,Ashley Walker,53,San Antonio,2023-07-19
123,Matthew Ramirez,34,Philadelphia,2021-01-14
2646,Karen Clark,40,Oklahoma City,2024-10-26
8857,Anthony Anderson,44,Denver,2020-01-24
2496,John Lewis,30,Indianapolis,2024-08-24
3986,Christopher Young,35,San Jose,2020-03-06
5298,Christopher Martinez,38,Los Angeles,2021-12-09
5597,Matthew Rodriguez,55,Louisville,2022-03-16
7743,Sarah Lopez,39,Charlotte,2020-05-28
5000,Christopher Smith,32,Phoenix,2020-11-16
8332,Betty Lopez,53,Dallas,2020-06-23
1622,Donald Sanchez,20,Charlotte,2021-01-07
648,Anthony Walker,49,Columbus,2024-09-03
7607,Sarah Sanchez,68,Tucson,2024-06-24
2250,Jane Lopez,31,Chicago,2025-06-28
6641,Mark Robinson,23,Phoenix,2021-07-04
2440,James Young,54,Oklahoma City,2024-07-13
7605,Sarah King,64,Portland,2021-08-21
3661,Anthony Perez,55,Charlotte,2020-06-16
5642,Nancy Lee,52,Oklahoma City,2023-06-21
8344,David Garcia,33,Indianapolis,2021-12-23
3181,Amanda Thompson,62,Denver,2020-01-24
2431,Daniel Hernandez,56,Los Angeles,2021-09-28
4034,Anthony Smith,59,Boston,2020-09-09
5300,James Davis,34,Columbus,2020-11-18
3617,Jane King,37,Jacksonville,2023-04-21
2513,Daniel Allen,38,Las Vegas,2024-09-09
3268,David Hernandez,34,Tucson,2025-04-19
6104,Anthony Thomas,56,Mesa,2025-05-25
7713,Elizabeth Williams,53,Denver,2020-06-13
3311,David Brown,50,Phoenix,2025-05-14
7898,Christopher Johnson,28,Albuquerque,2022-07-23
5155,James Perez,37,Denver,2020-10-22
359,John Lee,65,Charlotte,2023-12-17
7815,Karen Martinez,53,New York,2024-06-23
6260,Ashley King,58,Nashville,2022-01-02
1252,David White,64,Albuquerque,2024-07-12
2806,Daniel Miller,45,Milwaukee,2024-01-02
5076,Emily Williams,70,Baltimore,2021-02-10
7094,Jennifer White,66,Louisville,2024-11-02
2923,Mark Lee,62,Baltimore,2023-01-17
793,Lisa Thomas,22,Charlotte,2025-08-20
8591,Christopher Ramirez,53,Dallas,2025-06-15
2416,Steven Young,23,Fresno,2023-04-04
2322,Michael Clark,44,Fort Worth,2020-09-06
9338,Amanda Martinez,55,Chicago,2023-10-16
5861,Jane Perez,63,Dallas,2024-11-12
8115,Jessica Johnson,21,San Jose,2024-04-08
5302,David Gonzalez,27,San Francisco,2020-06-28
2916,Robert White,34,Los Angeles,2021-12-03
6718,Mark Perez,61,Kansas City,2022-11-23
5398,Paul Williams,53,Jacksonville,2022-09-20
4772,Ashley Brown,52,Baltimore,2020-07-15
5879,Lisa Clark,43,Sacramento,2021-01-06
4795,Betty Robinson,62,Las Vegas,2025-06-06
5619,Deborah Jackson,64,Austin,2024-03-25
5313,Anthony Miller,43,Tucson,2024-02-21
5412,Karen Taylor,53,Mesa,2021-09-04
1332,Mark Davis,52,Boston,2020-08-18
3513,Donald Gonzalez,20,New York,2023-08-14
3556,Andrew Jones,50,Chicago,2022-07-08
5512,Nancy Smith,44,San Francisco,2020-01-05
6435,Andrew Davis,48,Austin,2025-07-02
7146,Robert Lewis,35,Chicago,2024-10-14
6450,Karen Anderson,70,Albuquerque,2024-10-11
2116,Ashley Davis,18,Oklahoma City,2022-10-17
6299,Jessica Moore,64,Mesa,2024-01-07
3482,Steven Sanchez,54,Austin,2020-11-07
6350,Mark Brown,36,Kansas City,2023-02-04
4084,James Jones,67,Chicago,2024-07-05
