C_ID,C_NAME,AGE_YRS,LOC_CD,REG_DT
1000,Sarah Brown,53,Las Vegas,2024-09-25
1289,Deborah Lewis,53,Fresno,2023-06-08
3480,Mark Garcia,33,Las Vegas,2021-04-26
2047,Christopher Thomas,34,Houston,2025-02-21
5233,Sarah Sanchez,19,Boston,2020-05-16
8314,Daniel Martinez,48,Nashville,2022-11-02
488,Elizabeth Sanchez,46,Houston,2023-06-08
5816,Steven Miller,58,Louisville,2025-10-18
1026,Donald Lopez,57,San Francisco,2020-03-08
3442,Emily Lewis,55,Nashville,2020-08-04
8994,David Lopez,42,Washington,2024-01-06
5590,Sarah Rodriguez,66,San Diego,2020-02-26
9325,Robert Smith,69,Oklahoma City,2022-06-01
2654,Jennifer Wilson,63,Austin,2025-10-22
2325,Steven Martin,31,Kansas City,2024-02-16
7864,Christopher Miller,25,Nashville,2022-09-28
4622,Dorothy Martinez,39,Fort Worth,2020-06-22
2442,Lisa Miller,50,Albuquerque,2024-01-03
2552,Anthony Thomas,41,San Francisco,2024-05-05
9717,Michael Gonzalez,45,San Antonio,2025-07-27
4762,Ashley Moore,33,San Jose,2022-05-07
3709,Daniel Clark,25,Indianapolis,2020-01-17
3581,Lisa Martinez,38,Las Vegas,2020-01-12
1114,David Davis,32,Phoenix,2024-07-16
3031,Andrew Hernandez,51,Louisville,2024-07-20
1151,Anthony Perez,31,Charlotte,2025-12-20
9639,Jessica Williams,44,San Antonio,2023-01-26
74,Jessica Taylor,67,New York,2024-04-12
181,Mark Moore,18,New York,2024-06-09
3806,Robert Davis,38,Portland,2022-07-21
9658,Betty Perez,25,Portland,2020-01-20
9313,Jessica Clark,35,Oklahoma City,2024-03-28
3109,Matthew Gonzalez,21,Louisville,2020-01-14
795,Donald Brown,37,Baltimore,2022-01-14
5574,Nancy Harris,43,Portland,2023-03-19
5292,Emily Williams,32,Washington,2025-10-15
6679,Sarah Thompson,27,Fresno,2020-02-02
1462,Donald Wilson,33,Albuquerque,2022-07-03
6896,Deborah Rodriguez,42,Kansas City,2024-02-28
977,Emily Young,44,San Antonio,2021-05-01
8370,Lisa Lopez,35,Phoenix,2020-06-28
3189,Sarah Lee,25,Mesa,2022-12-14
3248,Steven Thompson,32,Charlotte,2022-09-10
7683,Betty Rodriguez,52,Dallas,2023-03-17
8113,Dorothy Hernandez,26,Dallas,2020-07-15
9111,Emily Johnson,38,Phoenix,2020-08-20
3387,Karen Moore,23,Indianapolis,2022-11-13
5192,John Clark,61,Fresno,2024-06-16
8689,Lisa Jackson,42,Tucson,2025-04-13
8779,Robert Lee,65,Chicago,2025-10-05
7543,Mark Brown,18,Philadelphia,2023-10-27
33,Daniel King,24,San Jose,2024-12-06
4536,Mark Allen,62,Sacramento,2023-04-27
9126,Mark King,50,Tucson,2025-05-01
7672,Robert Allen,18,Philadelphia,2022-08-26
3272,Nancy Garcia,56,San Jose,2024-10-18
1819,Jennifer Jackson,47,Columbus,2022-04-11
5028,Joshua Lee,34,Las Vegas,2024-11-18
7456,Lisa Miller,70,Dallas,2024-04-01
4039,Ashley Lopez,45,Phoenix,2020-08-21
8848,Andrew Harris,54,Milwaukee,2021-06-08
9950,David Jones,59,Kansas City,2020-04-12
2623,Nancy Davis,39,San Diego,2022-02-07
9247,Matthew Anderson,31,San Antonio,2022-08-06
7563,Sarah Lee,35,Philadelphia,2023-10-22
6839,Betty Hernandez,64,Baltimore,2020-06-17
852,Mark Clark,19,Seattle,2021-06-25
7797,Amanda Garcia,34,Fresno,2020-03-05
9023,Jessica Taylor,69,Tucson,2021-02-15
3841,Deborah Thomas,42,Portland,2025-03-15
34,Andrew Moore,27,Portland,2024-07-01
5440,Michael Smith,39,Seattle,2025-07-26
8975,Daniel Walker,61,Kansas City,2022-05-05
5274,Lisa Rodriguez,59,Chicago,2025-07-13
1683,Steven Sanchez,30,San Jose,2023-08-11
