EMP_ID,EMP_NM,DEPT_CD,SAL_AMT
976,Betty Miller,IT,72780
7312,Donald Davis,Legal,69702
1838,Robert Hernandez,Customer Service,79712
8431,Mark Martinez,Finance,143748
3168,Karen Wilson,Marketing,73216
2973,Daniel Davis,Research,126655
7662,Joshua Williams,HR,44138
6584,Steven Robinson,Sales,118156
2956,Steven Wilson,Customer Service,42625
8961,Jane Davis,Engineering,117024
4315,Joshua Anderson,Finance,103503
4287,Emily Miller,Finance,50314
2611,James Lewis,HR,65591
4585,Steven Clark,Legal,66730
9126,Ashley Garcia,Marketing,112135
5174,Karen Lopez,HR,57330
5664,David Allen,Customer Service,111618
7842,Nancy Thompson,Finance,77176
1819,James Martinez,Engineering,74705
331,John Allen,IT,56281
9245,Mark Thomas,Legal,123650
242,Jennifer Taylor,Finance,117383
6296,Anthony Robinson,Sales,85950
6475,Amanda Ramirez,Finance,78750
6507,David Thomas,Finance,130963
8535,Jane Thomas,HR,137243
421,Daniel Walker,Customer Service,73845
2789,David Clark,HR,42520
3088,Paul Davis,Marketing,86037
3382,Donald Perez,Engineering,94600
570,Betty Davis,Operations,68135
1206,Sarah Moore,HR,45250
9485,Jennifer White,Research,128978
9234,Anthony Martin,Finance,106931
3735,Dorothy Rodriguez,Marketing,122770
1837,Matthew Martinez,Marketing,43042
2334,Robert White,IT,123962
8395,David Young,Legal,51929
3571,Lisa Clark,HR,103262
3368,Dorothy King,Marketing,83445
7566,Deborah Ramirez,Finance,61749
7392,Lisa Jones,HR,107210
1327,Jennifer Jackson,Marketing,120897
3358,Anthony Hernandez,Sales,48266
4745,Christopher Garcia,Research,37475
3300,Ashley Smith,Legal,91561
1314,Ashley Jones,Customer Service,54983
4705,James Martinez,Operations,47043
4572,Steven Anderson,Legal,37102
4106,Sarah Taylor,HR,43523
9775,Karen Williams,Finance,145817
4981,James Gonzalez,Sales,78227
7940,Michael Jones,IT,118264
7736,Joshua Clark,Engineering,38201
7053,David Robinson,Legal,148680
7535,Robert Robinson,Customer Service,102812
4103,Karen Miller,Legal,64993
7999,Betty White,Legal,51743
5633,James Lee,Sales,70027
1794,John Anderson,HR,132111
8292,Michael Martinez,Engineering,63356
307,Dorothy Brown,IT,70438
5432,Mark Taylor,HR,132139
3448,David Walker,Finance,71097
5422,Emily Williams,Marketing,32082
1311,Paul Jackson,Operations,73488
3383,Deborah Wilson,Sales,39081
490,Ashley Thompson,HR,59020
6774,Jennifer Davis,Research,93327
2971,Michael Young,Research,139258
3116,Betty Perez,Marketing,61210
4272,Michael Harris,Customer Service,113191
8165,Daniel White,Sales,94800
8503,Lisa Walker,Engineering,67549
1935,Ashley Brown,Operations,51873
3567,Dorothy Gonzalez,Marketing,77165
284,Dorothy Robinson,Legal,91343
7834,Nancy Jones,Research,134943
1310,John Jackson,Research,104502
2888,Jane Lewis,Legal,53678
6893,Ashley Smith,HR,34185
9902,Lisa Jones,Sales,119634
2328,James Davis,Finance,74926
1698,Donald Martin,Customer Service,139366
7074,Deborah Taylor,Operations,59703
3074,Steven Davis,Engineering,83717
9572,Sarah Rodriguez,Research,48493
4595,Joshua Anderson,Engineering,80130
3624,Deborah Robinson,Customer Service,53093
8003,Steven Martin,HR,87353
5168,Mark Jones,Operations,110107
8418,Anthony Harris,Legal,89252
1177,Robert Clark,Marketing,125694
6352,Christopher White,Research,102190
4670,Mark Moore,Engineering,93467
3246,Robert Moore,IT,134461
8264,Joshua Thompson,HR,92991
568,Jane Lopez,Engineering,96212
6264,Nancy Smith,HR,31541
7235,Matthew Rodriguez,IT,114174
