EMP_ID,EMP_NM,DEPT_CD,SAL_AMT
4314,Betty Lee,Finance,79155
3916,Karen Allen,Engineering,36750
7586,Matthew White,Finance,128155
2217,Steven Robinson,Research,96395
569,Donald Harris,Sales,54907
8836,Matthew Brown,Customer Service,132693
3842,Lisa Davis,Sales,64394
4722,John Anderson,HR,119739
2121,Jane King,Operations,136750
8243,Joshua Jackson,Engineering,102524
2636,Christopher Harris,Customer Service,126056
656,Elizabeth Smith,IT,89970
5536,Anthony Harris,Engineering,48465
3126,John Lewis,Customer Service,147282
929,Amanda Jackson,Operations,148851
613,Jane White,Finance,81549
8161,Anthony King,Marketing,48525
1492,Michael Clark,HR,148100
4670,Amanda Robinson,HR,143697
9129,Lisa Robinson,Sales,65693
3704,Dorothy Hernandez,Engineering,59136
1236,Sarah Young,Customer Service,106329
40,Amanda Johnson,Engineering,115904
2644,Ashley Allen,Customer Service,100564
2100,Amanda Lee,Legal,77724
1938,Christopher Ramirez,Operations,108159
1510,Lisa Young,Engineering,94971
3575,Deborah Lee,Customer Service,145156
5974,James Taylor,Research,59553
7047,Nancy Allen,Sales,119238
9983,Jane Rodriguez,Research,102802
2047,Nancy Perez,Operations,132227
1839,Mark Johnson,Legal,75832
1361,Elizabeth King,Customer Service,134786
3186,Donald Davis,Research,43335
2360,Robert Allen,IT,45792
2944,Jane Taylor,Research,142047
2322,Anthony Garcia,Marketing,67543
7186,David White,HR,74337
8771,Steven Perez,Marketing,54012
544,Donald Perez,Research,106702
9412,Jane Ramirez,Finance,42599
9852,Paul Moore,IT,148500
6203,James Moore,Sales,78824
432,Ashley Jackson,HR,94511
4614,Mark Walker,Sales,70721
4331,Andrew Rodriguez,HR,68952
4755,Deborah Martinez,Marketing,124999
9574,Joshua Lewis,Sales,125373
503,Paul Harris,HR,59035
4134,Steven Thompson,IT,91053
2695,Amanda Anderson,HR,56310
4948,Deborah Lewis,Marketing,59095
5342,Emily Perez,Finance,31471
8529,Mark Robinson,Operations,149980
5511,Mark Gonzalez,Marketing,105989
8552,Deborah Thompson,IT,143576
5575,Amanda Jackson,Operations,93289
8133,Robert Lewis,Customer Service,109530
8832,Emily Davis,Legal,107286
234,Lisa Jackson,Customer Service,125623
1265,Anthony Allen,Marketing,126416
5396,Steven Miller,Operations,88791
3134,Ashley Anderson,IT,37744
4293,Lisa Sanchez,HR,72699
7663,Amanda Taylor,Engineering,94786
1814,Paul Harris,Sales,139789
9883,James Perez,HR,94491
362,James Allen,HR,34066
6955,Matthew Anderson,Legal,37594
3757,Lisa Perez,Customer Service,112578
9663,Jane Perez,Finance,98497
6120,Lisa Jones,Customer Service,134538
6041,Robert Harris,Sales,64606
4798,Deborah Jones,HR,69901
2770,Mark Lewis,Marketing,124120
4108,David Sanchez,Customer Service,120868
6057,Christopher Allen,Customer Service,99292
2374,Lisa Sanchez,Legal,52195
8648,Amanda Rodriguez,Marketing,77717
6167,Steven Robinson,Sales,98654
6288,Elizabeth Sanchez,Marketing,49870
527,Elizabeth Johnson,IT,93714
226,Mark Perez,Legal,125649
9156,Ashley Miller,Legal,97221
7015,Matthew Martin,Operations,126810
1113,Anthony Lee,IT,137747
33,Daniel Lee,Sales,73389
758,John Martinez,Customer Service,108718
3751,Jane Robinson,Research,136961
9243,Donald Perez,Sales,56048
5776,Lisa Smith,Engineering,65842
6749,Mark Thomas,Customer Service,73873
5244,Lisa Ramirez,Sales,114164
5468,Matthew Robinson,HR,96007
3003,Michael Thomas,Marketing,34696
8478,Joshua Young,Legal,115519
4860,Ashley Williams,Engineering,76451
5501,Michael Moore,Sales,39884
9269,Nancy Robinson,Sales,73436
