C_ID,C_NAME,AGE_YRS,LOC_CD,REG_DT
1039,Elizabeth Walker,40,New York,2021-07-28
6146,Donald Jackson,38,Fresno,2024-05-12
4816,Christopher Gonzalez,20,Sacramento,2024-11-22
9539,Betty Allen,47,Seattle,2021-02-20
7657,Paul Sanchez,52,Phoenix,2024-01-17
4734,John Jones,53,Fresno,2024-10-01
99,Michael Ramirez,38,Boston,2023-02-17
2333,Lisa Martin,20,Philadelphia,2022-08-19
7635,Steven Rodriguez,28,Phoenix,2020-03-16
9031,Elizabeth Williams,36,Fort Worth,2025-02-07
3283,Jennifer Lee,59,Fort Worth,2022-01-05
5141,Robert Lee,67,Charlotte,2025-10-07
4874,Sarah Clark,43,Indianapolis,2022-11-02
5343,Deborah Gonzalez,50,Fresno,2024-08-14
2994,Ashley Garcia,61,Oklahoma City,2025-08-12
2733,Christopher Garcia,29,Las Vegas,2022-09-21
7694,Steven Jackson,68,Austin,2021-08-24
31,Joshua Garcia,41,Jacksonville,2023-03-27
8009,Christopher Taylor,34,Louisville,2025-03-11
80,Emily Jones,43,Boston,2024-01-08
6466,Mark Thompson,22,Portland,2021-02-28
7297,Deborah Johnson,62,Philadelphia,2025-12-02
419,Sarah Lee,18,Baltimore,2024-07-23
4203,Christopher Ramirez,37,Austin,2024-06-15
3972,Paul Young,40,Chicago,2020-07-20
4607,Sarah Moore,18,Philadelphia,2024-05-14
3174,Donald Smith,46,Oklahoma City,2020-11-25
9595,Anthony Lewis,33,Los Angeles,2020-05-23
5551,Robert Garcia,47,Los Angeles,2023-08-03
5092,Paul Taylor,60,Portland,2020-01-15
2641,Ashley Robinson,61,Indianapolis,2021-12-16
390,Lisa Smith,36,Indianapolis,2024-07-07
1215,Donald Ramirez,39,Dallas,2023-10-04
7062,Joshua Miller,44,Milwaukee,2022-01-14
9893,Anthony Brown,67,San Jose,2021-01-22
4108,Nancy Martinez,26,Washington,2022-01-26
4947,Paul Hernandez,40,Phoenix,2020-11-04
2136,Michael Clark,22,Indianapolis,2024-06-20
3588,Lisa Jones,33,Boston,2025-04-12
3050,Emily Robinson,28,Dallas,2023-11-27
7002,Paul Young,47,San Jose,2021-04-03
7569,Karen King,63,Oklahoma City,2025-12-21
6433,Lisa Williams,35,Milwaukee,2022-06-18
9129,Jessica Taylor,26,Indianapolis,2020-02-28
4313,Anthony Thompson,46,Chicago,2021-08-05
9580,Daniel Anderson,46,Albuquerque,2020-12-24
2148,Donald Wilson,29,Philadelphia,2022-08-25
86,John Ramirez,46,Fort Worth,2021-02-04
868,Nancy Moore,37,Portland,2022-09-08
5385,Karen Garcia,23,Indianapolis,2025-03-09
5796,Joshua Thomas,47,Mesa,2022-11-14
5637,James Brown,37,Columbus,2025-06-12
5087,Amanda Allen,43,Charlotte,2022-10-28
538,Lisa Martinez,19,Albuquerque,2021-08-04
5163,Dorothy Jackson,64,Nashville,2024-05-13
3125,Christopher Johnson,43,San Antonio,2022-03-09
666,Anthony Lewis,56,Boston,2022-10-26
4943,Lisa Anderson,44,Los Angeles,2023-12-25
8937,Elizabeth Lewis,43,Indianapolis,2024-06-12
3444,Mark Williams,62,Chicago,2020-01-26
2088,Jane Clark,54,San Francisco,2022-03-05
8223,Emily Thompson,30,Phoenix,2022-07-16
6910,Elizabeth Wilson,59,Fresno,2025-11-26
1082,Sarah Robinson,54,New York,2021-11-11
7064,Jane Thomas,32,Baltimore,2021-05-03
8895,Joshua Sanchez,49,San Antonio,2023-10-27
6159,Deborah Allen,34,Indianapolis,2025-12-05
1714,Karen Ramirez,43,San Antonio,2024-05-05
5845,Steven Williams,63,Washington,2021-01-28
1324,Michael Young,64,Washington,2025-06-03
6088,Donald Thomas,50,Austin,2021-01-25
2111,Dorothy Sanchez,18,Mesa,2023-07-12
5245,Ashley Smith,20,Portland,2025-08-20
9620,Matthew Clark,42,Fresno,2022-01-14
1160,Robert Allen,18,Fresno,2023-02-12
