C_ID,C_NAME,AGE_YRS,LOC_CD,REG_DT
1428,Steven Thompson,39,San Antonio,2025-07-02
5452,Joshua Harris,48,Fresno,2025-04-27
4435,Jessica Smith,30,Seattle,2023-06-03
7099,Betty King,44,Sacramento,2022-01-07
6758,Mark Robinson,36,Portland,2025-06-14
594,Karen Anderson,43,Denver,2024-11-03
3277,Dorothy Walker,48,Albuquerque,2024-05-19
3491,Daniel Young,50,Milwaukee,2020-03-07
5803,Karen Brown,32,Kansas City,2024-10-18
4930,Robert Martin,59,Jacksonville,2021-01-10
3549,Deborah Clark,21,Phoenix,2025-04-13
4041,Elizabeth Johnson,50,Washington,2021-08-04
4238,Elizabeth Lopez,68,Los Angeles,2025-08-28
1057,Steven Thomas,41,Baltimore,2025-06-10
9935,Betty Anderson,54,Albuquerque,2022-06-23
4396,Karen Ramirez,50,Sacramento,2024-07-12
8768,Lisa Moore,33,San Francisco,2025-12-06
3408,Jennifer King,30,Seattle,2023-11-13
6797,Lisa White,65,Los Angeles,2023-01-09
6874,Andrew Perez,29,San Francisco,2022-05-09
8640,Lisa Johnson,44,Denver,2020-11-17
6321,Daniel Martin,39,Mesa,2022-04-03
5138,James Perez,54,San Diego,2024-07-07
808,Mark Rodriguez,33,Houston,2020-09-17
2877,Anthony Young,58,Los Angeles,2023-06-25
4975,Nancy Allen,45,Charlotte,2022-04-03
373,David Davis,50,San Diego,2023-02-18
2442,Nancy Ramirez,27,Fresno,2020-10-17
8323,Karen Harris,27,Tucson,2022-11-14
1309,Karen Robinson,37,Louisville,2021-04-07
6747,Matthew Walker,49,Boston,2020-04-22
7336,Deborah Smith,54,Tucson,2023-01-27
5894,Mark Martin,42,Charlotte,2022-04-12
9354,Jessica Taylor,37,Philadelphia,2024-12-24
3893,Joshua King,64,San Jose,2021-12-23
3182,Amanda Lewis,31,Baltimore,2022-06-10
9780,Matthew Miller,23,Milwaukee,2023-01-18
6183,Deborah Johnson,52,Jacksonville,2020-12-08
430,Lisa Harris,62,Indianapolis,2024-07-12
8053,David Jackson,45,Portland,2023-10-04
3409,Deborah Hernandez,57,Los Angeles,2024-02-15
6183,Sarah Wilson,70,Las Vegas,2025-12-10
466,Paul Garcia,61,Denver,2024-07-11
9453,Andrew Walker,19,Austin,2022-04-02
2038,Andrew Johnson,70,Oklahoma City,2023-10-14
271,Michael Gonzalez,58,Baltimore,2024-01-17
9816,Betty Johnson,20,Philadelphia,2022-12-12
3072,Robert Jones,52,Houston,2022-05-17
6239,David Moore,61,Jacksonville,2020-05-07
9718,Mark Davis,43,Milwaukee,2020-09-09
7911,Mark Thomas,52,Albuquerque,2022-11-28
9527,Emily Garcia,50,Portland,2025-03-06
9745,Jane Allen,53,Phoenix,2022-11-01
3894,Nancy Martinez,60,Austin,2021-01-09
1615,Joshua Johnson,67,Seattle,2021-04-09
1050,Elizabeth Rodriguez,51,Nashville,2025-07-18
6447,Karen Rodriguez,28,San Francisco,2023-10-11
812,Paul Ramirez,33,Los Angeles,2020-10-17
9047,Paul Sanchez,31,Jacksonville,2025-04-19
9222,Robert Thomas,26,Boston,2020-09-23
3106,Elizabeth Jones,40,Jacksonville,2025-03-07
717,Jane Ramirez,45,San Francisco,2023-07-16
3554,Lisa Thompson,58,Milwaukee,2025-09-27
6720,James Taylor,58,Las Vegas,2025-01-27
8701,Mark Moore,62,Charlotte,2024-08-11
2601,Karen Lee,57,Sacramento,2021-10-17
756,Lisa Jackson,67,Chicago,2025-09-04
9195,Daniel Taylor,29,Nashville,2022-03-28
5814,Lisa Smith,21,Portland,2020-04-28
8102,Dorothy Hernandez,22,Baltimore,2022-06-15
5850,Elizabeth Thomas,56,Seattle,2022-03-14
7949,Jane Clark,25,Denver,2024-03-19
633,Betty Perez,56,Mesa,2020-08-22
7667,Lisa Ramirez,35,Dallas,2024-05-04
1135,John Hernandez,54,Louisville,2021-09-19
