C_ID,C_NAME,AGE_YRS,LOC_CD,REG_DT
9666,Paul Gonzalez,47,Sacramento,2024-12-01
1472,Amanda Walker,48,Baltimore,2022-05-15
3566,Jessica Young,51,Jacksonville,2022-03-18
2439,Andrew Rodriguez,66,Fort Worth,2025-10-09
5246,Christopher Miller,33,Kansas City,2024-05-15
5893,Jessica Lee,41,Washington,2022-11-10
2496,Mark Anderson,27,Milwaukee,2021-08-12
9815,Jennifer Garcia,57,Washington,2024-03-28
569,Elizabeth Miller,18,Baltimore,2024-10-23
985,Lisa Martin,46,Austin,2025-02-01
6368,David Miller,47,Chicago,2024-02-21
429,Ashley Perez,43,Phoenix,2020-02-14
345,Jennifer Martin,32,Fresno,2022-01-28
9094,Deborah King,49,San Francisco,2021-12-24
8151,James Young,51,Charlotte,2020-09-17
4579,Deborah Smith,29,Fresno,2021-05-23
284,Betty Brown,42,Mesa,2022-02-02
5021,Karen Smith,46,San Antonio,2020-11-16
387,Karen Harris,53,Milwaukee,2024-04-18
597,Donald Gonzalez,25,San Jose,2021-03-19
9999,James Martin,18,Mesa,2024-01-12
4567,Daniel Taylor,45,Baltimore,2023-01-17
758,Nancy Martinez,65,Columbus,2024-04-14
2645,Daniel Perez,68,San Francisco,2021-09-17
8278,Elizabeth Garcia,31,Los Angeles,2024-06-01
7153,Betty Lee,34,Mesa,2020-12-28
64,Joshua Lewis,65,Louisville,2022-04-28
5144,Emily Jones,32,Philadelphia,2024-10-03
2449,Nancy Lee,58,Portland,2024-07-20
1651,Jennifer Williams,32,Portland,2020-07-09
8381,Lisa Allen,44,Boston,2023-05-06
3848,Ashley Moore,22,Las Vegas,2023-12-05
3821,Betty Rodriguez,43,Phoenix,2021-02-16
4620,Ashley Sanchez,19,San Antonio,2024-07-16
8646,Joshua Smith,23,Washington,2024-01-06
3250,John Walker,43,Fresno,2025-02-22
1036,Matthew Perez,31,Oklahoma City,2025-06-07
7606,Paul Robinson,48,Columbus,2024-02-09
6217,Nancy Lee,56,Jacksonville,2024-06-03
9403,Emily Rodriguez,30,Louisville,2024-02-27
6759,Matthew Thompson,26,Seattle,2020-06-17
1419,Dorothy Thomas,63,Denver,2022-11-16
4044,Christopher Gonzalez,18,Los Angeles,2024-12-22
8103,Nancy Lee,46,Albuquerque,2022-07-16
4381,Ashley Martin,50,Nashville,2023-10-13
8948,James Williams,27,Indianapolis,2022-04-07
1998,Elizabeth Rodriguez,38,Los Angeles,2020-05-10
8762,Mark Clark,24,Los Angeles,2022-07-18
970,Lisa Thompson,28,San Antonio,2023-02-21
9109,Lisa Thomas,58,Jacksonville,2021-03-01
7362,James Jackson,58,Jacksonville,2022-04-23
270,Sarah Perez,39,Fresno,2021-04-17
7890,Betty Moore,49,Dallas,2022-10-07
2534,Amanda Miller,56,Sacramento,2022-12-26
5771,Lisa Johnson,53,Louisville,2025-01-27
9331,Mark Rodriguez,25,Los Angeles,2021-07-22
5541,John Walker,59,Indianapolis,2021-02-12
4917,Nancy Rodriguez,31,Louisville,2022-04-02
2030,Emily Johnson,19,Fort Worth,2023-02-28
8396,Deborah Martin,67,Las Vegas,2023-05-17
4488,Lisa Lewis,39,Washington,2022-09-01
9036,Mark Lewis,65,Fort Worth,2021-08-28
3201,Jessica Garcia,41,San Antonio,2022-12-27
7373,Christopher Brown,43,Indianapolis,2023-03-09
7521,Karen Jones,33,San Antonio,2020-04-23
8963,Robert Smith,48,Charlotte,2023-03-17
8433,Andrew Moore,19,Jacksonville,2020-12-15
7642,Robert Lee,70,Louisville,2025-01-28
3913,David Taylor,40,Phoenix,2025-04-16
4006,Paul Perez,26,Phoenix,2021-06-28
400,Robert Garcia,47,Las Vegas,2022-11-18
8442,Jessica Lee,55,Tucson,2023-03-16
5213,Lisa Walker,36,Mesa,2021-05-23
1628,Emily Miller,34,Fresno,2022-04-13
6287,Emily Taylor,63,Columbus,2021-08-21
