C_ID,C_NAME,AGE_YRS,LOC_CD,REG_DT
233,Jane Clark,61,Las Vegas,2020-08-01
9233,Betty Sanchez,29,Baltimore,2020-02-28
83,Donald Clark,45,Louisville,2021-04-18
699,Lisa Sanchez,22,Washington,2020-08-02
354,Ashley Rodriguez,51,Fort Worth,2022-10-13
8179,Jennifer Ramirez,22,Los Angeles,2020-03-19
7203,Lisa Rodriguez,24,Portland,2024-01-01
6845,Mark Williams,43,San Antonio,2023-07-23
9435,Steven Jackson,63,Sacramento,2021-11-19
7187,Anthony Jones,60,Las Vegas,2022-06-13
8049,Deborah Wilson,52,Jacksonville,2020-12-26
865,Jane Ramirez,21,Kansas City,2020-04-28
4962,Nancy Brown,62,Austin,2022-09-22
5704,Betty Garcia,39,New York,2021-06-02
2718,Emily Martin,39,Louisville,2020-03-17
1407,Anthony Clark,28,Chicago,2022-02-24
9046,Andrew Harris,43,Las Vegas,2022-10-01
364,Sarah Walker,22,Charlotte,2021-03-06
2686,Andrew Hernandez,28,Milwaukee,2025-04-26
6510,Emily Hernandez,57,Mesa,2020-02-11
269,Lisa Taylor,27,Kansas City,2022-08-23
7187,Jessica Moore,43,Albuquerque,2021-01-06
1044,Donald Davis,38,Denver,2025-07-28
7307,Robert Clark,27,San Francisco,2024-08-24
4361,Michael Jackson,65,Chicago,2020-07-01
2825,Robert Thomas,56,Phoenix,2022-08-10
7035,John Robinson,21,Portland,2020-04-13
6630,Sarah Martin,43,Philadelphia,2021-01-24
332,Michael Miller,42,Columbus,2025-11-27
410,Jennifer White,64,San Antonio,2023-05-20
9916,James Williams,20,Boston,2021-02-18
2624,James Williams,43,Dallas,2021-04-22
8810,John Clark,47,Philadelphia,2020-11-15
6687,Emily Johnson,44,Milwaukee,2021-05-11
1999,Emily Moore,48,Chicago,2025-11-15
5032,James Lee,20,Houston,2021-08-26
7987,Karen Brown,62,Louisville,2024-10-07
7628,Andrew Hernandez,58,San Diego,2023-05-18
4919,David Wilson,54,Nashville,2023-04-08
3819,Michael Robinson,43,Columbus,2020-04-17
6731,Andrew Wilson,53,Austin,2025-11-07
2644,Deborah Moore,41,Portland,2024-10-01
6513,John Miller,49,Denver,2024-07-08
1916,Dorothy Ramirez,69,Dallas,2020-07-27
6593,Ashley Lopez,22,Los Angeles,2025-07-13
3401,Dorothy Clark,64,Nashville,2020-02-25
1749,Emily Williams,57,Philadelphia,2021-12-28
8849,Matthew Walker,31,Milwaukee,2023-06-13
4420,Deborah Gonzalez,69,Fort Worth,2024-10-06
2987,Donald White,57,Fresno,2022-08-09
2312,Joshua Young,61,Indianapolis,2022-07-19
4967,Daniel Ramirez,56,Albuquerque,2023-05-04
5223,Lisa Perez,52,Tucson,2022-02-24
3263,Anthony Jackson,39,Milwaukee,2023-03-28
8848,Sarah Rodriguez,52,Chicago,2022-01-01
7601,Andrew Miller,55,Washington,2022-04-07
5724,Jessica Martinez,64,Columbus,2023-06-05
1993,Dorothy Ramirez,49,New York,2020-10-14
3693,Nancy Davis,41,Denver,2025-05-17
7454,Deborah White,58,Los Angeles,2020-08-06
5272,Amanda Thomas,44,Mesa,2021-07-04
7342,Betty King,62,San Diego,2020-02-11
9888,Lisa Jones,27,Houston,2021-07-07
1922,James Martin,49,Chicago,2021-08-08
596,David Gonzalez,24,Chicago,2025-11-17
8600,Steven White,52,Columbus,2022-11-26
5046,Jane Moore,67,Dallas,2021-10-15
6403,James Thomas,42,Sacramento,2024-07-15
1826,Lisa Martin,38,Seattle,2022-09-24
3679,Joshua Martinez,24,Fort Worth,2023-07-05
4935,Nancy Miller,48,San Jose,2022-09-19
3851,Anthony Martinez,28,Charlotte,2024-04-01
9158,Jennifer Thompson,25,Austin,2025-12-05
6439,Andrew Thomas,53,San Diego,2025-11-16
6423,Michael Lewis,56,Austin,2022-05-04
