EMP_ID,EMP_NM,DEPT_CD,SAL_AMT
4691,Nancy Jones,HR,132683
8331,Jane Martin,IT,144013
6145,Andrew Thomas,Sales,85120
9178,Paul Moore,Research,119268
8120,Lisa Smith,IT,90613
1094,Sarah Harris,Research,93841
8978,John Garcia,Legal,131137
4056,David Thompson,Sales,140364
6608,Paul Miller,Legal,76777
7525,Amanda Thompson,Legal,114347
2597,Deborah Rodriguez,Operations,99625
5759,Nancy White,Sales,141461
5879,Steven Ramirez,Customer Service,132547
1995,Joshua Miller,HR,133489
1813,Daniel Robinson,IT,85108
1698,John Young,Sales,125364
4735,Andrew Thomas,IT,81337
5057,Karen Garcia,Finance,124021
4698,Jessica King,Finance,53064
6654,Mark Smith,Engineering,112459
4349,Joshua Clark,Research,32043
2102,Paul Clark,Legal,102771
5458,Daniel Young,Marketing,77341
2076,Deborah Miller,HR,73203
5426,Deborah Sanchez,Customer Service,88020
1161,Jane Williams,Sales,146568
3862,Andrew Davis,Engineering,90362
2512,Mark Hernandez,HR,125955
9303,Mark Sanchez,IT,75293
4180,Jennifer Jackson,Customer Service,125365
4679,Christopher Thompson,IT,109391
3561,Michael Moore,Engineering,37333
2600,Dorothy Allen,Finance,65761
6639,Lisa Martinez,Engineering,88891
3699,Michael Taylor,Marketing,76234
2117,David Perez,Finance,52271
6945,Jane White,Finance,114605
8399,Robert Rodriguez,Legal,71487
4370,Amanda Lopez,Customer Service,90408
3546,Jessica Hernandez,IT,55338
446,Ashley Thomas,HR,105993
2150,Jennifer Johnson,Legal,43939
9077,Ashley Perez,HR,70955
6667,James Smith,Finance,31019
4297,Dorothy Miller,Engineering,47689
4143,Amanda Allen,Research,92536
8546,Deborah Thompson,Finance,77777
4152,James Clark,Engineering,139744
4731,Steven Walker,Marketing,80249
9708,Robert Hernandez,Sales,72738
2089,Lisa Jones,Research,112241
3193,Donald Miller,Research,145073
7152,Jessica Perez,Operations,126480
7186,Lisa Garcia,Marketing,143793
6345,Daniel Davis,Sales,143494
1198,Steven Jackson,Legal,96087
5937,Steven Thomas,Engineering,40618
4237,Amanda Jones,IT,84417
7591,Joshua Lopez,Customer Service,138278
1870,Donald Martinez,Operations,110686
728,Donald Wilson,Customer Service,114747
6474,Sarah Thomas,Operations,45274
7829,Jennifer King,Research,147992
3685,James Gonzalez,Operations,91958
1909,Dorothy Ramirez,Finance,104466
793,Karen Jackson,Engineering,83036
5114,Jane Taylor,IT,67510
4954,James Harris,Research,139174
7910,Joshua Gonzalez,Engineering,138971
8592,Anthony Ramirez,Operations,84728
780,Ashley Sanchez,Customer Service,120421
7625,Elizabeth Anderson,HR,52196
6763,Ashley Anderson,Operations,143254
3344,Ashley Jones,Legal,126457
8244,Deborah Smith,Customer Service,128854
940,Jennifer Allen,Customer Service,108401
344,Nancy Sanchez,Finance,145896
6828,Lisa Rodriguez,Sales,94502
40,Anthony Sanchez,Customer Service,31916
7862,Mark Wilson,Finance,38214
9558,Donald Ramirez,Customer Service,98122
1999,Lisa Perez,Research,83815
5568,Jessica Harris,Customer Service,75790
8900,Betty Sanchez,IT,97194
7266,Dorothy Robinson,Marketing,133455
6966,Mark Walker,IT,34186
6118,John Thomas,Customer Service,114286
8978,Andrew Williams,Legal,102830
8634,Lisa Wilson,Marketing,104607
2643,Joshua Anderson,Operations,92708
6518,Daniel Garcia,Operations,42765
9960,Mark King,Finance,105647
9458,Anthony Lopez,Engineering,48298
6027,Paul Garcia,Customer Service,38519
7859,David Garcia,HR,43320
3527,Emily Jones,Customer Service,74114
4209,Jennifer Hernandez,Marketing,90617
4116,Lisa Miller,Engineering,67802
1223,Lisa Ramirez,IT,64085
6329,Anthony Johnson,IT,103717
