C_ID,C_NAME,AGE_YRS,LOC_CD,REG_DT
7019,Emily Lopez,62,Austin,2024-09-15
6464,Anthony Allen,55,San Antonio,2025-05-23
453,Nancy Rodriguez,50,San Jose,2022-08-15
1002,Ashley Wilson,52,Seattle,2025-08-10
3905,Anthony King,20,Albuquerque,2024-01-03
9022,Steven Clark,18,Dallas,2022-11-23
2970,Donald Thomas,18,San Francisco,2025-12-21
3106,Christopher Young,25,Denver,2024-11-17
1741,Jane Clark,31,Washington,2022-06-25
3460,Matthew Lee,58,New York,2020-06-16
1490,Steven Davis,38,Portland,2023-08-14
6588,Jane Martinez,50,Seattle,2021-07-13
943,Michael Allen,46,Milwaukee,2021-07-11
7051,David Miller,67,Jacksonville,2025-09-06
3931,Emily Moore,67,Dallas,2024-10-16
6624,Paul Thomas,40,Boston,2020-07-15
5332,Lisa Miller,39,Mesa,2024-09-05
2186,Donald Young,55,Boston,2023-09-13
2816,Jessica Garcia,28,Nashville,2024-11-12
3370,John Sanchez,23,Denver,2023-12-22
7568,Matthew Robinson,26,Dallas,2025-07-17
762,Emily Perez,28,Mesa,2024-02-01
7031,Anthony Perez,21,San Francisco,2022-11-14
9567,Lisa King,55,Boston,2025-09-15
3132,Daniel Robinson,23,Houston,2024-05-10
5304,Christopher Thompson,23,San Jose,2022-05-22
5589,Dorothy Hernandez,22,Boston,2024-10-16
1249,Michael Smith,33,Albuquerque,2024-02-07
857,Jennifer Johnson,36,Fort Worth,2020-03-28
6037,Mark Allen,22,Austin,2020-01-27
421,Elizabeth Sanchez,58,Denver,2024-12-02
2055,Donald White,50,Portland,2022-02-07
1198,Steven Perez,57,Los Angeles,2020-10-27
6195,Nancy Gonzalez,41,Charlotte,2023-06-25
6472,Deborah Martinez,58,Baltimore,2021-10-15
1641,James Miller,35,Sacramento,2022-09-02
1674,Michael Martin,48,Charlotte,2025-05-01
4780,Amanda Gonzalez,70,Kansas City,2024-08-03
491,Robert Thompson,40,Nashville,2023-03-26
6262,Jane Thomas,26,Oklahoma City,2020-09-08
1238,Mark Lee,67,Chicago,2020-12-13
5376,Mark Thomas,61,San Diego,2022-02-17
3679,Nancy Perez,61,Chicago,2021-08-26
4362,Paul Davis,25,Albuquerque,2020-11-23
924,Ashley Lewis,59,Charlotte,2023-09-07
4741,Donald Moore,39,Tucson,2021-06-02
4002,Betty Sanchez,57,San Diego,2024-10-21
7954,Dorothy King,33,San Antonio,2021-05-06
7679,Dorothy Allen,32,San Francisco,2022-04-02
9668,James Lopez,67,Austin,2024-07-05
5931,Christopher Williams,21,Tucson,2023-10-12
214,Paul Thomas,58,Baltimore,2025-02-02
1015,Daniel Robinson,68,Phoenix,2023-09-08
4011,Jane Ramirez,31,San Antonio,2022-06-03
1998,Matthew Ramirez,55,Denver,2023-06-05
9832,Betty Anderson,24,San Francisco,2024-08-19
4226,Michael Harris,62,Columbus,2023-04-27
8489,Lisa Rodriguez,34,Austin,2025-06-12
8894,Sarah Rodriguez,40,Dallas,2021-11-15
8828,Jane King,32,Austin,2020-02-12
2835,Jessica Garcia,33,Seattle,2023-06-13
4712,Donald Walker,34,Jacksonville,2020-08-13
1159,Christopher Thompson,41,Chicago,2020-03-09
6478,Michael Anderson,39,Albuquerque,2023-07-09
8827,Sarah Johnson,44,San Antonio,2024-07-07
9147,Jessica Allen,34,Albuquerque,2024-05-28
1295,Dorothy Allen,66,Philadelphia,2024-05-13
6803,Elizabeth Davis,51,New York,2020-04-06
1983,Nancy Lopez,67,Boston,2020-06-11
4989,Elizabeth Garcia,35,Columbus,2023-09-18
7772,Daniel Harris,26,Mesa,2025-04-13
1189,Jessica Brown,68,Albuquerque,2025-08-12
3170,Deborah Johnson,64,Nashville,2022-04-23
2339,Sarah Garcia,32,Phoenix,2024-02-14
3021,Mark Young,28,Austin,2025-06-01
