C_ID,C_NAME,AGE_YRS,LOC_CD,REG_DT
4159,Amanda Young,24,Austin,2024-03-11
681,Elizabeth Martin,23,Washington,2022-08-05
5352,Karen Lewis,38,Washington,2021-12-16
7887,Joshua Brown,22,Kansas City,2021-07-20
3132,Anthony Martinez,18,New York,2020-02-28
1541,Robert Davis,29,Oklahoma City,2021-01-15
1466,John Taylor,48,San Francisco,2023-12-25
6801,James Williams,61,Washington,2023-09-14
5568,James Clark,37,Nashville,2025-09-24
8822,Elizabeth Perez,54,San Diego,2022-03-02
2025,Ashley Robinson,35,Portland,2023-06-09
4146,Elizabeth Ramirez,50,Fort Worth,2022-11-21
2240,Jessica Ramirez,21,Phoenix,2022-04-20
291,Paul Williams,60,Houston,2021-07-26
9115,Matthew Robinson,29,Mesa,2024-02-18
2223,Deborah Harris,66,Boston,2025-09-02
8232,Jessica Perez,39,Los Angeles,2023-05-26
6632,Christopher Young,68,Seattle,2020-08-06
965,Joshua Gonzalez,70,Denver,2023-08-26
6917,John Young,58,Boston,2023-06-01
1306,Jessica Thomas,18,Mesa,2024-06-08
9774,Joshua Wilson,52,Portland,2023-01-21
9306,John Clark,59,Jacksonville,2020-02-24
2518,Karen Lopez,65,Charlotte,2022-01-28
8962,Nancy Lopez,25,San Francisco,2022-09-03
6603,James Young,70,San Francisco,2020-05-20
5149,Lisa Clark,27,Nashville,2020-11-03
2616,Michael Smith,66,Indianapolis,2023-02-25
4192,Christopher Rodriguez,68,Fort Worth,2022-11-26
9921,Lisa Allen,19,Dallas,2020-08-09
513,Paul Wilson,18,New York,2025-07-28
4754,Steven Moore,66,Portland,2024-02-01
7176,Matthew Clark,61,Milwaukee,2020-06-07
7780,Deborah White,30,Philadelphia,2025-12-11
6054,Jennifer Williams,36,Charlotte,2024-06-26
2482,Robert Robinson,20,Philadelphia,2025-12-14
6294,Robert Wilson,51,Nashville,2021-05-08
9779,Nancy Jackson,47,Philadelphia,2024-04-05
6935,Karen Sanchez,61,Boston,2022-02-16
2029,Anthony Harris,24,Houston,2023-02-16
3187,Jennifer Perez,47,Oklahoma City,2025-02-09
7556,Nancy Lewis,51,Oklahoma City,2023-10-19
1307,Christopher King,22,Seattle,2024-04-06
400,Betty Taylor,37,San Diego,2023-03-11
9286,Nancy Ramirez,54,San Francisco,2021-07-11
5177,Betty Taylor,49,Los Angeles,2025-07-16
5865,Matthew Hernandez,44,Fort Worth,2022-08-05
553,Betty Jones,25,Jacksonville,2020-03-24
6924,Karen Smith,62,Seattle,2020-12-26
3381,Elizabeth Harris,51,Louisville,2025-01-25
36,Nancy Johnson,35,Los Angeles,2025-09-02
9190,Matthew Harris,60,Mesa,2021-03-28
155,Betty Anderson,68,Indianapolis,2025-11-08
3510,Ashley Gonzalez,41,Dallas,2022-12-07
3929,Karen Lewis,19,Indianapolis,2022-05-02
7072,Robert Lee,53,San Francisco,2021-12-17
3562,Robert Ramirez,38,Baltimore,2023-09-18
8989,Ashley Ramirez,22,Chicago,2020-11-24
161,Matthew Jackson,65,Louisville,2020-04-14
6734,Joshua Garcia,65,Phoenix,2020-06-14
1628,Jane King,29,Kansas City,2023-12-21
1199,Michael Rodriguez,29,Louisville,2020-12-15
2784,Paul Gonzalez,41,Charlotte,2021-01-15
2743,Deborah Walker,52,Chicago,2025-09-14
9724,Matthew Wilson,29,Houston,2021-08-26
9016,Joshua Jones,63,Phoenix,2021-11-22
8812,Anthony Robinson,45,Fort Worth,2022-04-03
4991,Anthony Clark,59,Houston,2021-08-17
5435,Jessica Walker,38,Baltimore,2023-11-06
818,Sarah Davis,55,San Francisco,2020-10-18
6481,Emily Wilson,68,Houston,2025-02-15
7918,Dorothy Anderson,56,Albuquerque,2022-12-01
639,Lisa Lee,61,San Antonio,2024-08-06
8797,Jennifer Smith,37,Fort Worth,2021-05-14
1910,Mark Lewis,31,Austin,2023-08-22
