EMP_ID,EMP_NM,DEPT_CD,SAL_AMT
4978,Nancy Brown,Legal,77559
8103,Joshua Johnson,Legal,100330
1073,Ashley Moore,Legal,65470
8962,Nancy Thompson,HR,48455
2384,Sarah Harris,Research,87543
7901,Andrew Moore,Research,112941
9246,Dorothy Martin,Sales,83476
9328,Donald Taylor,Engineering,66842
2026,Lisa Gonzalez,Sales,37709
2001,Matthew Davis,Research,108035
5381,Elizabeth Allen,Sales,46505
9350,Dorothy Jackson,Finance,63515
6199,Anthony Brown,Finance,109954
6516,Anthony Thomas,Finance,140785
773,Donald Lewis,Legal,38441
6334,Christopher Thompson,Engineering,90467
2514,Andrew Clark,HR,47006
4966,Anthony Allen,Sales,135168
6392,Donald Martin,Sales,115540
8233,Andrew Rodriguez,Marketing,93524
6512,James King,Finance,124255
9349,David White,Finance,136565
8012,Michael Anderson,Research,37550
8604,Joshua Davis,Customer Service,148944
381,Donald White,Sales,97168
5851,Matthew Lee,HR,100209
538,Betty Lopez,Marketing,124874
7832,Daniel Jones,IT,83510
2542,Sarah Ramirez,Operations,36398
6531,Jennifer Jones,Legal,111215
3867,Michael Lewis,Engineering,43140
5843,Jane Martin,IT,46253
4736,Nancy Taylor,Marketing,117554
159,Matthew Thompson,Customer Service,99041
8651,Dorothy Lewis,Engineering,69780
6404,Deborah Jones,Sales,129260
3248,Jane Anderson,Finance,47772
7051,Jessica Thompson,Customer Service,105676
8299,Matthew Allen,Legal,78968
1448,Joshua Harris,Finance,41964
5963,Michael Brown,Customer Service,118362
8725,Elizabeth Martinez,Customer Service,83904
6701,Robert Hernandez,HR,56518
3922,Matthew Lopez,Customer Service,137732
9530,Jennifer Brown,Sales,47155
6179,Dorothy Walker,Engineering,118907
6944,Jennifer Garcia,Finance,91002
3504,Steven Smith,Marketing,57322
2470,Jennifer Sanchez,HR,45179
2022,Joshua Williams,Customer Service,143416
8442,David Harris,Finance,120551
4252,Matthew Wilson,IT,139020
4047,Deborah Perez,Research,144234
7119,Donald Allen,Marketing,117770
8306,Emily Thomas,Engineering,42420
5490,Sarah Thomas,HR,117606
632,John Hernandez,Sales,129320
9103,Jane Wilson,Customer Service,30235
9743,Jennifer Anderson,Marketing,141254
348,Deborah Smith,Engineering,110518
9365,Robert Thompson,HR,115614
9867,Lisa King,IT,99711
4146,Christopher Moore,Engineering,51795
789,James Jones,Customer Service,145865
9478,John Taylor,Engineering,78037
3160,Anthony Smith,Research,136578
202,Robert Lee,Sales,53183
6303,Karen Moore,Engineering,134397
1468,Jane Johnson,Research,63195
7698,Amanda Walker,Sales,93459
3408,Jennifer Harris,Research,94870
65,Karen Smith,Engineering,89294
1437,Paul Anderson,HR,42246
2452,Lisa Gonzalez,Marketing,74367
1834,Lisa Jones,Finance,34510
7733,Daniel Martin,Customer Service,65264
3395,Joshua Wilson,Legal,39338
4058,Lisa Garcia,Research,57174
6990,David Jackson,HR,78777
8763,John Johnson,Marketing,118601
5707,Betty Johnson,HR,80821
4737,Dorothy Martinez,Research,64918
1171,Michael Thomas,Operations,118938
7795,Lisa Harris,Finance,34385
418,Lisa Wilson,Engineering,92683
6797,Matthew Ramirez,Customer Service,107838
6002,Jane Brown,Marketing,53572
5039,James Gonzalez,Engineering,140099
5921,Robert Williams,Legal,137383
4959,Mark Martin,IT,139104
8386,Nancy Clark,Research,95235
3853,Deborah Hernandez,Legal,140643
5306,Ashley Ramirez,Operations,109215
951,Steven Williams,Research,60287
4827,Daniel Jones,Research,49286
6846,Karen Clark,Sales,40026
2449,Betty Garcia,HR,77190
8238,Lisa Harris,Legal,71914
2179,Lisa Ramirez,Marketing,119167
8279,James Lopez,Marketing,97693
