EMP_ID,EMP_NM,DEPT_CD,SAL_AMT
3218,Betty Harris,Sales,45012
6390,David Walker,Research,82700
2003,James Allen,Engineering,41699
8614,Matthew Hernandez,Research,38007
646,Andrew Jackson,Engineering,49130
8386,Andrew Anderson,Marketing,111663
6691,Deborah Lopez,Engineering,69568
7157,Amanda Taylor,Marketing,105642
2526,Matthew Young,Customer Service,44730
9082,Nancy Gonzalez,HR,58376
2541,Deborah Smith,Legal,91254
2099,Jane Sanchez,IT,113158
1409,James Allen,Engineering,43796
8632,Ashley Williams,Legal,61402
6252,Donald White,Research,73140
3287,Christopher Lopez,Operations,101568
1042,Betty Robinson,Sales,104264
5235,Betty Gonzalez,Sales,114312
2754,Anthony Lewis,Marketing,74764
628,Lisa Miller,Operations,99335
152,Amanda Wilson,Legal,39487
8425,Donald Gonzalez,Sales,132036
611,Daniel King,Finance,110288
7344,Karen Ramirez,Sales,128367
3514,Jessica Davis,Sales,36503
8359,Lisa Taylor,Marketing,147370
5379,James Ramirez,Research,106945
9421,Ashley Lopez,IT,98790
3287,Amanda Davis,Research,53965
7193,Anthony Thomas,Finance,82441
6113,Donald Johnson,Finance,55744
505,Joshua Williams,Finance,59509
8548,Amanda Young,Research,45671
5917,Ashley Thompson,IT,130880
2056,Lisa White,Customer Service,30736
477,Deborah Hernandez,HR,77343
9072,Ashley Young,Operations,59849
9240,Elizabeth Taylor,Customer Service,104129
5418,Donald Brown,Sales,74660
7973,Jane Lee,Customer Service,80734
7367,John Smith,Finance,61217
678,Andrew Young,Operations,58597
1152,Jennifer Garcia,Marketing,116427
6616,Mark Allen,Marketing,39144
3040,Dorothy King,Customer Service,104516
8066,Mark Miller,IT,91443
8620,Joshua Perez,HR,90743
5713,Elizabeth Thompson,IT,107739
8206,Steven Lopez,Engineering,87554
653,Paul Harris,Operations,121832
960,Dorothy Williams,IT,31897
9241,Nancy Sanchez,Sales,57229
3667,Andrew Thompson,Sales,60515
4508,Donald Smith,Engineering,35422
7535,Daniel Clark,IT,93629
7355,David Lopez,Marketing,134270
9719,Lisa Johnson,IT,120548
3616,David Gonzalez,Legal,123840
4708,Karen King,Customer Service,104040
871,Sarah Miller,Finance,142251
3963,Paul Martinez,Engineering,91490
5671,James Davis,Engineering,48543
195,John Rodriguez,Sales,74389
5915,Jessica White,HR,56914
1406,James Hernandez,Research,96524
9633,Ashley Thompson,Operations,44692
6271,Christopher Davis,HR,146052
6378,Jennifer White,Legal,86066
3205,David Lopez,HR,87557
7764,Daniel Young,Engineering,133704
5141,Nancy Martin,Legal,91650
6318,Christopher Martinez,Finance,40925
803,Emily Miller,Sales,149175
5149,Lisa Lopez,Operations,96544
463,Betty Wilson,IT,55135
7816,Deborah Sanchez,HR,101575
3668,Matthew Jones,Engineering,66402
6057,Ashley Garcia,Legal,139049
3566,Ashley Taylor,Operations,123263
7631,Nancy Brown,IT,74970
2024,James Garcia,Customer Service,108430
8005,Anthony Allen,Marketing,146788
3523,David Jackson,IT,107394
3369,Daniel Ramirez,Sales,127006
2202,Betty Brown,Customer Service,104559
6278,David Sanchez,Legal,89138
1978,Jennifer Young,HR,102498
5821,Karen Thomas,IT,132589
3595,Andrew Young,Marketing,148859
8471,Betty White,Marketing,118065
220,Anthony Williams,Operations,98312
3536,Betty Williams,Operations,43018
5085,Lisa Perez,Customer Service,114779
8018,Robert Johnson,Finance,39692
6626,Michael Rodriguez,Operations,63706
7610,Elizabeth Moore,Sales,84014
846,Ashley Brown,Finance,115202
5598,Jane Garcia,Research,67368
7302,Lisa Moore,Legal,75125
9075,Christopher Robinson,HR,37263
