EMP_ID,EMP_NM,DEPT_CD,SAL_AMT
6567,Steven Jones,Customer Service,139748
3852,Christopher Brown,Customer Service,38585
8119,Betty Allen,Operations,55751
1543,Amanda Allen,Marketing,101048
7093,Joshua Miller,Sales,43854
6964,Elizabeth Jones,Engineering,127317
6442,Robert Wilson,Engineering,148659
8087,Michael Allen,IT,99695
3541,Amanda Taylor,Finance,147571
2139,Karen Gonzalez,Sales,118180
3601,Robert Rodriguez,Research,80991
8076,David Martinez,IT,116663
4624,Ashley Wilson,Research,42737
7035,Anthony Young,Finance,121799
574,Steven Lewis,Research,84547
2221,John Moore,Engineering,129678
7058,Lisa Martinez,HR,118603
7147,Lisa Johnson,Legal,140349
9027,James Miller,Engineering,146258
9301,John Gonzalez,HR,143788
9252,Joshua Allen,HR,80041
6842,Steven Harris,Sales,121756
9138,Amanda Lewis,Customer Service,104988
4173,Michael Lee,IT,147312
201,Nancy Williams,IT,69910
7294,Sarah Martinez,HR,139989
9475,Matthew Allen,Legal,105710
3986,Steven Garcia,Customer Service,68857
9142,Jennifer Lopez,Sales,60287
6695,James Jones,Research,140701
2942,Andrew Davis,Finance,39359
9189,Paul Miller,Engineering,95494
1691,Betty Walker,Customer Service,46989
9523,Lisa Thomas,Marketing,141496
5190,Karen Miller,Operations,49998
264,Christopher Lewis,Legal,66555
2930,Paul Perez,Finance,52049
705,Emily Thompson,Legal,57715
8068,Steven Brown,Legal,146250
3840,Daniel Moore,Finance,95303
3022,Sarah White,Customer Service,85889
5486,Daniel Thompson,Research,34716
3020,Jennifer Jackson,Sales,81620
1099,Paul Garcia,IT,54811
235,Anthony Jones,Sales,138816
1530,Nancy Thompson,Research,103169
8290,Jane Anderson,Operations,75696
1749,Nancy Lee,Finance,91054
538,Robert Walker,Operations,38790
7524,Joshua White,HR,85746
2931,Betty Taylor,Sales,142690
6210,Amanda Walker,Legal,114039
785,Nancy Harris,Research,128675
1984,John Taylor,Finance,116392
3879,Jessica White,Customer Service,88072
3311,James Johnson,Marketing,68163
8149,Anthony Martinez,Legal,90216
3073,Lisa Walker,Operations,67813
6018,Anthony Jones,Sales,80455
2700,Emily Hernandez,Finance,100307
1843,John Hernandez,Research,39198
2178,Emily King,Legal,80580
1997,Sarah Davis,Engineering,134032
5366,Michael Martin,HR,78231
865,Elizabeth Martin,Research,115428
7575,Jennifer Walker,Operations,133744
7697,Donald Moore,Engineering,94432
4256,Jennifer Taylor,Operations,40369
5208,Amanda Martin,Sales,116878
1944,Nancy Jackson,Customer Service,42689
8408,Michael Hernandez,IT,65801
8941,Matthew Anderson,HR,138659
4549,Jane Sanchez,Engineering,125247
1472,Michael Miller,Engineering,66654
4542,Robert Perez,Research,143882
8278,Jane Gonzalez,HR,145763
5660,Deborah Williams,IT,71988
1145,Matthew Wilson,Marketing,33783
3677,Lisa Williams,IT,42871
6079,Joshua Williams,Research,128668
9228,Dorothy Smith,Finance,52735
5204,Daniel Taylor,IT,75147
3887,Emily Walker,IT,134265
6863,Emily Taylor,Research,68050
5735,Mark Wilson,Customer Service,46785
3523,Jessica Martin,Research,51102
4793,Dorothy Williams,Research,81434
1429,Emily Hernandez,HR,136799
8123,Donald Harris,Operations,52573
5991,Paul Clark,Engineering,114594
6173,Dorothy Hernandez,Research,111801
8583,Sarah Lewis,Research,119974
6071,Emily Johnson,Sales,134053
43,Dorothy White,Customer Service,50736
5366,Paul King,Finance,30373
9119,John Ramirez,IT,107939
1613,Dorothy Anderson,Operations,40425
7028,Nancy Williams,Operations,124045
395,Matthew Johnson,Legal,54962
1385,Karen Young,Operations,88585
