EMP_ID,EMP_NM,DEPT_CD,SAL_AMT
9205,David Garcia,Legal,46287
44,Jessica Garcia,Finance,142964
1511,Nancy Williams,Marketing,93163
2652,Christopher Wilson,Operations,38918
4146,Daniel Jones,Sales,77299
8327,Matthew Robinson,Operations,71930
6435,David Robinson,IT,115406
2980,Sarah Johnson,HR,88799
6419,James Thompson,HR,59782
9141,John Thompson,Engineering,91264
7300,David Anderson,Sales,128860
3959,Betty Walker,Customer Service,48787
6791,Donald Ramirez,Research,134522
5538,Jessica Garcia,Legal,41002
3372,Lisa Jones,Customer Service,138358
302,Robert Walker,Sales,89909
5072,Karen Clark,Customer Service,62214
8844,Deborah Davis,Customer Service,56180
8463,Robert Anderson,Sales,88808
6880,Lisa Rodriguez,Finance,58284
7631,Anthony Williams,Research,84871
3976,Steven Sanchez,Legal,70051
9297,Paul Jackson,Marketing,56000
6818,Robert Young,Finance,80923
968,John Martin,IT,89393
3571,John Taylor,Finance,79144
5348,Lisa Harris,Sales,130727
8232,Paul Perez,Finance,83334
8310,Michael White,Finance,83422
5866,Sarah Gonzalez,Customer Service,127135
5408,Robert Rodriguez,Sales,138173
764,Donald Garcia,Research,148964
6375,Christopher Thompson,Sales,39057
1421,Jane Walker,HR,106573
128,Donald Allen,Customer Service,134632
1804,Amanda Johnson,Sales,81354
8122,David Harris,Engineering,131488
3764,Joshua Sanchez,Research,64718
6955,Anthony White,Engineering,94920
8188,Emily Brown,IT,84841
3941,Daniel Lopez,Finance,70910
8531,Christopher Jackson,Legal,32898
8462,Dorothy Sanchez,Finance,57592
2756,Paul Davis,Sales,52826
9841,James Anderson,Engineering,141251
1925,Dorothy Ramirez,IT,77474
6142,Amanda Wilson,Sales,50979
5548,Donald White,Finance,80492
6663,Dorothy Smith,Finance,31497
2259,James Jones,Operations,81434
7118,Emily Perez,Marketing,64190
2038,Lisa Young,Research,126638
6951,Anthony Lee,Marketing,81769
7099,Paul Jackson,Legal,81674
3413,Joshua Allen,Legal,61209
5660,Ashley Martin,Engineering,135721
2514,Jennifer Wilson,Engineering,106128
86,Andrew Jones,Legal,90409
8407,Anthony Moore,Legal,140295
9777,Jane Rodriguez,Operations,46636
9918,John Miller,HR,140174
5847,Emily Miller,Customer Service,64227
1946,Sarah Perez,Sales,32621
5872,Joshua Harris,Sales,54165
1685,Sarah Young,Customer Service,139097
7848,Lisa Wilson,Finance,39755
6764,Lisa Sanchez,Marketing,55579
9894,Karen Jackson,Operations,77402
4663,David King,Engineering,80337
2131,Jennifer Lewis,Legal,61490
9717,Michael Harris,Legal,112339
9395,John Lewis,Customer Service,87901
238,Elizabeth Lopez,Sales,134323
6426,David Garcia,HR,99027
1837,Anthony White,Legal,78400
3016,Matthew Hernandez,IT,72735
4889,Deborah Harris,Marketing,112915
7430,Karen Allen,Operations,36947
7218,Jane Brown,Legal,62347
5885,Elizabeth Davis,IT,138266
2910,Daniel Robinson,Customer Service,90242
9666,Emily Jackson,Customer Service,129842
6461,Steven Johnson,Customer Service,42526
5518,Dorothy White,Research,43343
2885,Matthew Lee,Legal,127841
6315,Jessica Smith,Legal,116006
5389,Anthony Miller,Legal,73380
6918,Lisa Lee,Finance,89249
6005,James Lewis,HR,139553
3253,Nancy Lewis,Marketing,107726
8501,Dorothy White,Operations,51991
5739,James Harris,Operations,56571
6814,Nancy Garcia,Legal,71785
6300,Anthony Hernandez,IT,124830
2096,Matthew Lee,IT,105730
2205,Daniel White,Engineering,107023
91,Anthony Martinez,Engineering,78509
6133,Paul Jones,IT,139912
572,Elizabeth Thompson,Customer Service,123024
2833,Amanda Robinson,Legal,43703
