C_ID,C_NAME,AGE_YRS,LOC_CD,REG_DT
7767,Nancy Gonzalez,60,Austin,2020-06-26
6316,Jennifer Hernandez,40,Washington,2025-08-24
4758,Mark Lewis,32,Baltimore,2023-12-28
7350,Deborah Walker,20,Mesa,2022-11-05
3448,Lisa Martin,63,Mesa,2024-07-27
3751,Dorothy Taylor,64,San Antonio,2020-06-10
2728,Paul Miller,38,Chicago,2024-02-21
1426,David Moore,57,San Francisco,2021-11-18
1721,Anthony Anderson,40,Austin,2024-11-23
2360,Steven Garcia,66,Sacramento,2021-12-22
5330,Matthew Robinson,61,Seattle,2025-06-23
6799,Jennifer Jones,18,Sacramento,2025-06-12
9364,Christopher Taylor,46,New York,2022-10-17
2260,Amanda Young,35,Denver,2021-08-07
7073,Sarah Lopez,70,Indianapolis,2024-08-07
3194,James Smith,31,Denver,2023-04-17
3117,Steven White,57,Las Vegas,2020-02-04
9953,James Thomas,33,Denver,2023-11-09
4246,Ashley Sanchez,44,San Antonio,2021-07-17
7527,Sarah Anderson,38,Oklahoma City,2022-01-08
6083,Karen Moore,20,Charlotte,2022-08-08
3363,Karen Brown,38,San Diego,2021-10-27
3709,Betty Garcia,30,Milwaukee,2025-04-26
4217,Matthew Rodriguez,22,San Jose,2023-11-06
1024,Amanda Wilson,34,Milwaukee,2021-03-07
8045,Lisa Jackson,25,Indianapolis,2021-09-02
5819,Deborah Perez,30,Kansas City,2024-05-18
3004,Ashley Walker,38,Sacramento,2020-04-15
3031,Steven Lopez,19,Columbus,2022-02-14
7685,Mark Thompson,31,Fresno,2020-07-06
3352,Daniel Martinez,36,Austin,2025-06-23
3880,Amanda Garcia,67,Denver,2021-02-24
5751,Emily Johnson,21,Denver,2022-05-07
843,Donald Brown,49,Oklahoma City,2025-03-21
8264,Lisa Johnson,44,Philadelphia,2022-07-02
2103,Christopher Lopez,37,Louisville,2021-08-15
1127,Dorothy Anderson,45,Houston,2021-08-05
1874,Ashley Martin,54,New York,2024-07-21
6289,Donald Harris,65,Washington,2021-01-05
642,Lisa Taylor,56,New York,2025-11-28
4596,Michael Jackson,60,Houston,2021-12-16
3604,Joshua Anderson,42,Fresno,2020-07-22
9976,Karen King,50,Los Angeles,2023-03-11
9854,Christopher Taylor,49,San Diego,2024-09-13
7233,Betty Gonzalez,59,Jacksonville,2024-11-01
9643,Betty Garcia,60,Austin,2024-07-04
9776,Ashley Smith,22,Charlotte,2025-07-19
6713,Nancy White,33,Jacksonville,2020-04-10
2214,John Martinez,27,Las Vegas,2022-06-08
8637,Anthony Williams,55,Portland,2022-07-24
759,David Rodriguez,36,Portland,2022-07-11
8040,Jessica Thomas,56,Tucson,2020-12-10
3853,Nancy Young,46,Columbus,2024-01-27
4496,Matthew Rodriguez,41,Dallas,2024-09-10
7958,James Sanchez,68,Washington,2022-05-13
1400,Karen Moore,60,Oklahoma City,2023-10-15
2677,Elizabeth Harris,56,Washington,2023-06-11
6285,Elizabeth Brown,25,Phoenix,2025-06-04
1605,Jennifer Perez,66,San Diego,2025-05-12
9864,Karen Walker,44,Fort Worth,2022-01-26
1801,Elizabeth Thomas,25,Phoenix,2024-07-05
4702,Steven Davis,20,Columbus,2022-10-09
4281,Lisa Smith,57,Los Angeles,2024-03-05
3582,James Thompson,53,Charlotte,2020-12-25
5291,James Williams,40,Jacksonville,2025-07-13
9086,Nancy Hernandez,67,San Diego,2021-07-07
9673,Donald Lee,41,Fort Worth,2022-12-01
7745,Elizabeth Jones,46,Charlotte,2025-09-12
8814,Paul Taylor,28,Los Angeles,2025-06-07
5253,Joshua Robinson,47,Fresno,2020-08-28
334,Donald Thompson,29,Tucson,2021-04-03
5879,Amanda Rodriguez,68,Charlotte,2021-05-02
3186,Elizabeth Wilson,53,Tucson,2021-09-13
6443,Jessica Taylor,49,Indianapolis,2023-04-13
8570,Lisa Allen,57,Denver,2023-03-21
