EMP_ID,EMP_NM,DEPT_CD,SAL_AMT
9638,Elizabeth Clark,Sales,63471
8212,Daniel Martinez,Sales,57800
2250,Sarah Davis,Engineering,87837
9858,Jane Davis,Finance,38677
9164,Deborah Johnson,Customer Service,70146
2406,Amanda Williams,Operations,121503
3639,Robert Sanchez,Operations,130183
2877,Emily Martin,Customer Service,111297
3894,Lisa Lee,Customer Service,128005
6239,Daniel Taylor,Research,38210
2440,Sarah Johnson,Research,107421
1131,Deborah White,Sales,48196
1797,Jessica Walker,Engineering,144040
8491,Nancy Jones,HR,38698
30,Dorothy Taylor,Marketing,110516
7078,Matthew Martinez,Operations,105258
2412,Andrew Johnson,Operations,98635
3989,Sarah Rodriguez,Sales,92142
4137,John Lee,Legal,143001
3032,Karen Martin,Customer Service,149651
1923,Amanda Clark,Legal,74063
9340,Jane Thompson,Engineering,37207
3091,Mark King,Customer Service,55540
77,Betty White,HR,70026
162,Joshua Brown,IT,53917
3206,Karen Brown,Marketing,34493
860,Jennifer Robinson,HR,148118
9924,Lisa Ramirez,Marketing,56110
2727,Betty Thompson,Marketing,33550
7133,Paul Martin,Customer Service,88345
4087,Nancy Moore,Legal,68005
9933,Ashley Walker,Engineering,52138
8164,Anthony Clark,Engineering,32117
4743,Donald Lopez,Sales,131851
1463,Karen Johnson,IT,83973
7883,Jane Lopez,Sales,134438
1644,Lisa Perez,IT,135981
1880,Sarah Martin,Research,48720
222,Donald Thomas,Legal,132059
3553,John Rodriguez,Legal,127184
2167,Paul Jackson,HR,113394
5928,Sarah Johnson,Legal,117219
3563,Anthony Harris,HR,126778
7824,Sarah Lopez,HR,133869
5665,Sarah Harris,Customer Service,62175
5250,Betty Martin,Customer Service,67260
376,Karen Harris,Engineering,135653
6856,Christopher Miller,Operations,40406
9837,Dorothy Martinez,IT,147612
3796,Lisa Gonzalez,Engineering,93835
7238,Matthew Garcia,Finance,134493
4316,Ashley Hernandez,Operations,39195
6020,Robert Ramirez,Customer Service,80372
8663,Lisa Williams,Operations,92735
6473,Michael Wilson,HR,54609
6780,Jessica Jones,IT,105161
1254,Michael Garcia,Sales,79227
1224,Daniel Allen,Marketing,92353
564,Donald Miller,Legal,84709
3716,James Taylor,Sales,111161
9031,Jessica Hernandez,IT,95873
8686,John Perez,Legal,119210
6742,Matthew Young,HR,95587
8363,John Miller,Engineering,113115
3122,Anthony Davis,Research,38574
8219,Donald King,Operations,67407
4324,Karen Perez,Sales,51303
7162,Steven Hernandez,IT,138071
6404,Anthony Harris,Engineering,120511
4564,Jane Harris,Engineering,119932
2221,Anthony Young,Research,108533
1858,Steven Martinez,HR,93392
84,Anthony Jackson,Customer Service,121902
7057,Jessica Perez,Research,135114
6960,Joshua Thompson,Engineering,115481
971,Anthony Walker,Customer Service,30060
1471,Robert Allen,Operations,76857
5159,Ashley Clark,Legal,51732
8969,Jane Lopez,Research,104889
5454,Robert Garcia,IT,34523
4576,Karen Clark,Sales,42982
5086,Matthew Lopez,Marketing,140529
3812,Elizabeth Miller,Sales,54335
749,Daniel Miller,Legal,55966
1016,James Lewis,Engineering,57320
451,David Davis,Legal,95175
2313,Jane Young,Research,43532
7786,Matthew Williams,Marketing,102942
6897,Elizabeth Walker,IT,31864
7740,Nancy Allen,Marketing,123881
700,Robert Williams,Customer Service,116916
4197,Robert Smith,IT,82595
6928,Mark Allen,Legal,55146
2711,Amanda Sanchez,Customer Service,128109
5688,Christopher Johnson,Legal,91925
6947,Betty Johnson,Customer Service,61642
3620,Lisa Miller,Engineering,132037
726,Elizabeth Perez,Engineering,63618
1063,Amanda Williams,Marketing,44740
5843,Betty Smith,IT,34481
