C_ID,C_NAME,AGE_YRS,LOC_CD,REG_DT
9812,Ashley Lopez,28,Washington,2024-09-26
2428,Mark Robinson,37,Houston,2022-08-01
800,Lisa Lopez,50,New York,2021-01-17
3388,Jane Thompson,59,Phoenix,2020-04-19
5036,Nancy Sanchez,21,Milwaukee,2024-12-23
2362,Michael Anderson,44,Dallas,2023-11-10
4747,Elizabeth Perez,49,Los Angeles,2020-11-08
3853,Sarah Johnson,37,Las Vegas,2020-08-27
3255,Lisa Johnson,55,San Jose,2020-07-11
5914,Donald Harris,19,Washington,2025-03-05
1608,Jane Brown,65,Chicago,2024-07-09
8851,Deborah Lee,64,Baltimore,2023-10-23
5596,Matthew Harris,42,Albuquerque,2025-09-14
4675,Emily Davis,63,San Diego,2022-09-12
889,Andrew Jackson,53,Oklahoma City,2023-11-09
2705,Lisa Ramirez,20,Jacksonville,2022-05-28
8322,Emily Davis,35,Los Angeles,2021-12-08
8996,John Moore,40,San Diego,2023-11-13
397,Daniel Lewis,40,New York,2024-12-20
803,Christopher Hernandez,46,Austin,2022-04-24
1698,James Jones,49,Denver,2020-04-07
7312,David Robinson,45,San Francisco,2023-01-23
434,Emily Ramirez,57,Denver,2024-05-16
7200,Ashley Gonzalez,22,San Antonio,2021-12-05
9727,Amanda Williams,62,Oklahoma City,2025-08-25
516,Ashley Clark,38,Houston,2021-02-08
1998,Jane Hernandez,21,Milwaukee,2025-11-02
8331,Christopher King,30,Milwaukee,2023-04-14
1892,Emily Robinson,51,Boston,2025-03-02
1179,Jennifer Hernandez,58,Albuquerque,2020-06-18
3128,Nancy Thomas,22,Sacramento,2023-03-22
8437,Deborah Thomas,38,Tucson,2020-10-22
8342,Jennifer Wilson,36,Boston,2025-12-13
2797,Sarah White,29,Los Angeles,2025-10-19
8787,Jennifer Moore,46,Charlotte,2024-03-22
5322,Lisa Walker,53,Columbus,2024-11-16
4207,Lisa Smith,61,Los Angeles,2022-01-25
3686,David Moore,28,Dallas,2025-04-05
3395,Jessica Wilson,56,Dallas,2022-06-23
5425,Robert Lopez,45,Milwaukee,2023-10-25
796,Ashley Davis,28,Tucson,2024-04-16
8453,James Smith,50,Kansas City,2022-06-12
9754,Steven Allen,70,Albuquerque,2023-06-07
7873,Andrew Thomas,19,Seattle,2024-12-01
8462,Betty Harris,58,Columbus,2025-11-25
2357,Steven Harris,25,San Diego,2024-05-06
5689,Jessica Jones,60,Phoenix,2020-01-05
8114,Betty Harris,25,Mesa,2021-11-26
4746,Michael Brown,42,Los Angeles,2025-06-08
9174,Robert Clark,30,Boston,2021-07-17
8532,Lisa Thompson,23,Kansas City,2025-09-02
9509,Karen Martin,59,New York,2021-11-14
9538,Nancy Rodriguez,68,San Jose,2020-08-23
7502,Elizabeth Miller,34,Las Vegas,2024-02-13
560,Jennifer White,58,Charlotte,2025-08-02
2380,Matthew Williams,24,Houston,2022-08-12
2345,Steven Sanchez,44,Houston,2022-10-08
7582,Amanda Taylor,61,Dallas,2025-09-09
2681,Matthew Taylor,20,Baltimore,2025-04-23
8176,Matthew Sanchez,54,Jacksonville,2022-03-07
9861,Robert Moore,56,Jacksonville,2021-02-18
2886,Emily Jackson,50,Los Angeles,2024-06-12
7489,Betty Davis,67,San Antonio,2024-10-11
5894,Anthony Wilson,36,San Francisco,2023-02-14
5969,Dorothy Davis,64,Chicago,2023-05-09
2197,Dorothy Walker,68,Dallas,2021-07-14
3490,Donald Lee,50,Fresno,2021-09-26
9594,Andrew White,61,Fort Worth,2021-01-25
6277,Sarah Thompson,27,Phoenix,2025-01-03
8191,Jennifer Martin,52,Milwaukee,2024-02-02
325,Sarah Thompson,61,Baltimore,2021-02-09
2524,Ashley Perez,51,Charlotte,2022-10-05
5489,Nancy Rodriguez,40,Baltimore,2021-01-13
1815,Ashley Davis,66,Portland,2021-11-12
926,Christopher Lee,56,Milwaukee,2025-08-19
