EMP_ID,EMP_NM,DEPT_CD,SAL_AMT
3264,Jane Thomas,Marketing,132545
7857,Donald Lopez,Research,91860
9750,Donald Clark,HR,138284
1878,Donald Brown,Research,57366
3816,Matthew Hernandez,Legal,75226
5371,Matthew Miller,Legal,53789
3948,Ashley Johnson,Sales,60530
7285,Sarah Smith,Legal,78919
9107,Donald Perez,Legal,37021
4350,Lisa Moore,Customer Service,79337
745,Joshua Jones,Operations,33799
3456,Ashley Gonzalez,Operations,33873
6090,Daniel Gonzalez,IT,58249
6526,Robert Davis,Legal,121434
3629,Mark Rodriguez,Finance,75836
7779,Paul Taylor,HR,117747
3275,Michael Brown,Finance,80673
3919,Deborah Anderson,Operations,130382
6112,Christopher Gonzalez,Customer Service,48232
3848,Donald Perez,IT,65595
8375,Robert Johnson,Finance,141191
3979,Mark Lee,HR,71042
20,Michael Hernandez,IT,115001
4544,Michael Young,Operations,47440
8031,Daniel White,Research,75000
7923,Lisa Jackson,Engineering,137646
5935,David Allen,Engineering,110221
444,Mark Miller,Research,53333
8545,Matthew Johnson,IT,81026
2072,David Wilson,HR,108670
2008,Betty Clark,Sales,109376
5110,Lisa Johnson,Operations,118159
5293,Karen King,Finance,111883
9224,Matthew Jackson,HR,51340
4581,Lisa Robinson,Customer Service,143457
1470,Lisa Young,Legal,33510
2011,David Gonzalez,Operations,50481
9345,David Anderson,Research,109476
7198,Matthew Rodriguez,Research,112059
7547,Paul Thompson,Research,103249
1373,John Young,Customer Service,41258
4631,Donald Rodriguez,Marketing,141793
4131,David Wilson,Legal,65479
1824,Christopher Walker,Operations,118441
2709,Donald Thomas,Customer Service,129308
1600,Daniel Young,HR,74386
7801,Andrew Moore,Research,137875
6141,Steven Garcia,Research,116738
2551,Daniel Hernandez,Operations,103199
2310,Anthony Hernandez,Customer Service,95774
5954,John Anderson,Operations,112483
8823,Robert Williams,IT,130411
7303,Matthew Young,Engineering,111790
6937,Betty Harris,Customer Service,89151
9058,Karen White,Finance,117648
9398,Elizabeth Robinson,Legal,93576
4118,Amanda Hernandez,Finance,56058
8772,Jane Lopez,Marketing,34825
8966,Nancy Miller,Customer Service,65667
9659,Mark King,Engineering,88917
9776,Deborah Garcia,Finance,55805
2320,Andrew Jones,Operations,105952
9982,Steven Sanchez,Operations,108850
880,Andrew Martinez,IT,57931
8441,Nancy Davis,IT,94479
7151,Amanda Gonzalez,Operations,49583
2652,Jennifer Jones,Sales,84810
4120,David Taylor,Operations,54020
6352,Anthony Clark,Finance,45272
478,Lisa Rodriguez,Finance,54317
7998,Christopher Young,Engineering,88078
7188,Lisa Johnson,Sales,77140
9092,Nancy Allen,Research,109185
6998,Elizabeth Moore,IT,131829
9603,Robert Thompson,Marketing,72106
403,Robert Moore,HR,138958
8866,Paul Clark,Operations,91856
4436,John Garcia,Customer Service,148780
2906,Nancy Robinson,Customer Service,109309
3940,Jessica Taylor,Operations,67198
1938,Lisa Thompson,Engineering,108120
3109,Nancy Martin,Marketing,111998
1427,Elizabeth Wilson,Engineering,75291
1853,Mark Harris,Operations,76874
1514,Jessica Perez,Finance,50496
1028,Matthew Martin,Sales,133768
156,Amanda Anderson,Engineering,82251
3592,Jessica Lewis,Marketing,106657
3251,Matthew Davis,Finance,84825
3634,Mark Taylor,IT,148829
6755,Elizabeth King,Operations,75708
2254,Amanda Martinez,Sales,108140
6285,Daniel Smith,Legal,67504
5469,Sarah Young,Sales,37647
290,Anthony Sanchez,HR,96933
9592,Andrew Walker,Marketing,148709
8641,Anthony Moore,Finance,100232
5186,Jessica Garcia,Operations,38717
4744,James King,Sales,40469
3436,Jessica Sanchez,Research,101321
