C_ID,C_NAME,AGE_YRS,LOC_CD,REG_DT
7694,Karen Gonzalez,46,Albuquerque,2020-09-27
8404,Robert Taylor,48,Columbus,2020-02-10
8165,Elizabeth Lee,59,Nashville,2021-12-17
1747,Daniel Lopez,34,Indianapolis,2023-12-07
4188,Elizabeth Harris,59,Philadelphia,2023-11-10
8440,Elizabeth Garcia,39,Mesa,2022-10-06
1049,Mark Ramirez,40,Phoenix,2020-10-27
5376,David Young,65,Boston,2023-02-20
759,Jane Wilson,49,Fort Worth,2022-09-27
9034,Mark Johnson,37,Kansas City,2022-01-01
8911,Matthew Allen,34,Philadelphia,2024-12-20
865,Ashley Lee,51,Sacramento,2020-03-01
3642,Matthew Taylor,30,Fort Worth,2024-08-16
8936,Andrew Young,68,Denver,2022-01-09
9051,Jessica Walker,22,Seattle,2021-02-10
4150,Andrew Moore,58,Kansas City,2020-12-15
4499,Paul Smith,50,Seattle,2020-11-14
7248,Andrew Wilson,50,New York,2022-12-13
2677,Emily Jones,23,Houston,2023-09-19
2551,Elizabeth Young,39,Houston,2021-02-20
2356,David Lewis,49,Fresno,2024-02-20
1543,Deborah Young,55,Louisville,2023-07-10
6496,Paul Clark,34,Phoenix,2025-03-12
1001,Jennifer Davis,49,Milwaukee,2025-10-05
8463,Elizabeth Perez,45,Houston,2022-07-23
8399,Jane Martin,45,San Francisco,2023-01-06
269,Joshua Harris,70,Las Vegas,2023-11-23
4168,Anthony Jones,67,Fort Worth,2023-01-14
8675,Deborah Lewis,24,Las Vegas,2020-01-17
1449,Amanda Young,23,Las Vegas,2025-11-08
7922,Emily Young,39,Indianapolis,2024-01-19
7068,Ashley Young,43,Mesa,2025-10-27
138,Lisa Smith,41,Washington,2021-10-23
5161,Joshua Jones,23,Albuquerque,2021-06-24
3099,Anthony King,46,Sacramento,2021-11-22
240,Andrew Williams,47,Columbus,2025-12-01
8082,Daniel Thomas,22,Fresno,2020-04-05
4149,Anthony Wilson,55,Las Vegas,2025-02-22
1285,Anthony Williams,48,Dallas,2020-04-01
8335,Jessica King,30,Austin,2022-03-25
2200,Emily Smith,28,Fresno,2023-02-20
447,David Sanchez,26,Mesa,2022-08-03
9724,Jane Brown,66,Houston,2022-09-08
8423,Emily Williams,45,Phoenix,2021-02-03
1789,James Lee,21,Nashville,2024-07-15
2622,Lisa White,29,New York,2025-05-12
8776,Steven Harris,37,San Antonio,2021-06-03
2633,James Lee,68,Baltimore,2021-11-17
4733,Steven Thomas,45,San Antonio,2025-05-13
6584,Matthew Lewis,33,Fresno,2022-11-06
5084,Mark Ramirez,70,Milwaukee,2021-10-11
402,Paul Jones,42,Phoenix,2023-12-12
2343,Jessica Ramirez,56,Fort Worth,2023-10-11
6518,Michael Rodriguez,64,Las Vegas,2025-11-18
3188,Lisa Ramirez,30,San Antonio,2021-12-09
6321,Lisa Lee,56,Louisville,2025-06-18
8861,Jessica Lewis,39,Portland,2025-11-15
9830,Dorothy White,66,San Jose,2024-11-03
8000,Michael Harris,31,San Antonio,2021-08-23
7557,Emily Lopez,36,Tucson,2021-01-25
451,Anthony Miller,18,Kansas City,2022-03-26
6169,Nancy Harris,40,San Diego,2022-05-19
2390,Ashley Anderson,45,Las Vegas,2023-04-03
8433,Mark Allen,33,New York,2024-02-24
6321,Lisa Thompson,41,Seattle,2022-03-17
9884,Elizabeth Williams,22,Los Angeles,2022-01-26
7182,Betty Perez,36,Boston,2022-02-06
863,Ashley Jones,28,Kansas City,2020-08-19
6911,Donald Taylor,19,Chicago,2020-06-04
4233,John Martin,45,Boston,2020-02-24
2289,James Martinez,21,Boston,2020-09-08
3550,Daniel Sanchez,56,Albuquerque,2021-05-13
2995,Ashley Clark,20,Fresno,2020-11-05
8122,Jessica Brown,68,Los Angeles,2023-05-03
6201,Donald Martin,56,San Diego,2021-12-22
