C_ID,C_NAME,AGE_YRS,LOC_CD,REG_DT
7627,Anthony Wilson,66,New York,2022-11-17
9137,Matthew Davis,66,Columbus,2024-03-25
6390,Karen Williams,60,Sacramento,2021-11-20
9899,Jennifer Clark,23,Las Vegas,2020-05-15
1581,Karen Perez,70,Portland,2020-03-13
4422,Paul Jones,47,Mesa,2021-03-04
4093,Steven Walker,44,San Jose,2021-02-22
1536,Deborah Lee,52,Charlotte,2021-05-22
6215,Jane Perez,51,San Jose,2024-05-12
6505,Christopher Harris,26,Philadelphia,2021-03-16
5034,Matthew Lee,38,Indianapolis,2022-05-23
5074,Amanda Martinez,20,Albuquerque,2020-02-01
2005,John Williams,24,Boston,2024-10-06
2388,Nancy Martinez,69,San Jose,2020-10-24
4815,Daniel Williams,51,Philadelphia,2021-06-28
8164,Michael Jones,31,Charlotte,2025-08-20
7352,John Thomas,61,Nashville,2020-12-23
2268,Nancy Gonzalez,50,Sacramento,2025-08-20
944,James Williams,42,Phoenix,2020-10-20
3839,Deborah King,20,Chicago,2020-05-02
3041,Lisa Harris,68,Las Vegas,2022-01-07
6975,Sarah Harris,25,Mesa,2022-07-13
4663,Robert Jackson,42,Philadelphia,2022-03-16
9093,John Robinson,38,Portland,2025-08-24
6229,Anthony Martin,27,Los Angeles,2023-01-21
6031,David Thomas,31,Los Angeles,2021-07-14
7851,Emily Lee,24,Portland,2024-06-14
9757,Paul Davis,38,Houston,2025-05-15
1347,Anthony King,54,Columbus,2021-10-21
2277,Betty Thompson,55,Denver,2024-06-09
6031,Lisa Moore,29,Kansas City,2021-12-18
4477,Nancy Johnson,26,Denver,2023-02-18
1902,Amanda Jones,70,Chicago,2022-12-18
3514,Dorothy Jones,60,Charlotte,2022-02-19
1584,John Martinez,61,Kansas City,2020-01-20
3547,Deborah Jackson,58,Los Angeles,2025-01-16
6619,Christopher Hernandez,48,Philadelphia,2022-04-15
2202,Daniel Martinez,42,Albuquerque,2022-08-26
2288,Betty Martin,50,Nashville,2022-06-06
8136,Dorothy Walker,56,Chicago,2024-12-14
7458,David Wilson,51,Baltimore,2023-08-15
7294,Dorothy Lee,59,Oklahoma City,2021-03-12
3519,Lisa Johnson,38,Baltimore,2021-07-01
358,Andrew White,43,Louisville,2022-09-07
7090,Amanda Rodriguez,70,Indianapolis,2025-12-02
4387,Nancy Allen,61,Kansas City,2023-05-14
336,James King,47,Washington,2023-11-01
428,Elizabeth Anderson,23,San Diego,2023-02-10
4825,James Taylor,47,Kansas City,2022-11-13
4599,Ashley Anderson,49,Indianapolis,2022-02-03
6933,Betty King,19,Fresno,2022-01-10
7325,Nancy White,29,Louisville,2022-09-14
9099,Robert Anderson,48,Denver,2023-01-17
6090,Lisa Gonzalez,19,Austin,2024-06-18
160,Robert Brown,33,Austin,2023-12-25
6996,Joshua Robinson,19,Oklahoma City,2020-06-28
3740,Deborah Robinson,28,San Francisco,2023-01-20
1801,Elizabeth Wilson,26,New York,2024-12-12
2746,Anthony Martinez,61,Albuquerque,2022-06-18
7240,David Perez,22,Charlotte,2024-07-17
8598,Jessica Sanchez,62,Washington,2024-05-22
2609,Deborah Gonzalez,57,Austin,2020-03-19
8680,James Moore,19,Baltimore,2020-11-27
3571,Ashley Hernandez,58,Charlotte,2021-04-28
7377,Mark Perez,23,Tucson,2025-08-10
997,Emily Walker,20,Oklahoma City,2021-02-14
2489,Jennifer Jackson,47,Austin,2023-06-11
9685,Joshua Jones,30,Indianapolis,2020-11-26
1709,Emily Moore,66,Seattle,2023-05-03
9352,Sarah Williams,63,Dallas,2021-06-11
3367,Daniel Miller,46,San Antonio,2024-09-17
202,Jane Perez,55,Boston,2025-04-11
8310,Dorothy Martinez,44,Philadelphia,2021-08-10
7166,Paul Miller,32,Austin,2025-09-09
9125,Jane Thomas,50,New York,2023-04-24
