C_ID,C_NAME,AGE_YRS,LOC_CD,REG_DT
3140,Michael Robinson,26,Fresno,2023-07-07
9623,Sarah Jones,50,Milwaukee,2024-03-26
2892,Joshua Davis,41,Sacramento,2025-10-18
4123,Karen King,63,Austin,2025-10-08
3892,Lisa Martin,52,Boston,2023-09-08
8331,Elizabeth Thomas,19,Fresno,2022-09-14
7638,Steven Thomas,31,Nashville,2024-09-03
7169,Deborah King,53,Columbus,2025-05-20
1096,Nancy Davis,42,Baltimore,2022-08-11
8704,Dorothy Clark,45,Phoenix,2024-08-20
1447,Robert Sanchez,48,Dallas,2021-11-28
6373,Emily Lewis,35,Philadelphia,2023-06-13
3344,Matthew Miller,21,Portland,2020-10-19
7272,Donald Rodriguez,32,Portland,2021-09-25
6849,Joshua Rodriguez,55,Fresno,2020-03-01
6911,John Young,64,Baltimore,2022-06-27
5008,Karen Rodriguez,66,Tucson,2025-09-18
1189,Dorothy Smith,57,Louisville,2023-02-13
2374,Emily Martin,20,San Diego,2023-05-08
5156,Elizabeth Lewis,44,Austin,2024-07-26
2626,Betty Walker,18,Dallas,2021-07-19
4681,Anthony Moore,49,Boston,2022-02-06
1276,Sarah Martinez,48,San Diego,2020-11-04
7391,Lisa Moore,36,Milwaukee,2025-05-13
4642,Paul Jones,30,Portland,2024-06-21
899,Mark Lewis,60,Milwaukee,2020-04-13
8946,Robert Miller,69,San Diego,2023-03-21
5311,Emily Miller,36,Fort Worth,2020-07-18
9394,Karen Hernandez,57,Houston,2020-04-13
7864,Donald Thomas,48,San Antonio,2025-05-04
6234,Jane Lewis,20,San Jose,2022-04-10
2601,Lisa Hernandez,21,Fort Worth,2025-01-16
8905,Christopher Robinson,40,Oklahoma City,2020-05-15
8832,Lisa Ramirez,42,Indianapolis,2023-07-03
7096,Anthony Robinson,35,Houston,2022-01-27
8646,Amanda Gonzalez,63,Chicago,2023-03-17
2295,Michael Hernandez,55,Washington,2025-04-03
3753,Paul Jones,21,Boston,2021-01-17
8214,Emily Ramirez,28,Albuquerque,2021-03-24
316,Matthew King,64,Austin,2020-04-02
7397,Betty Anderson,26,Fort Worth,2025-06-14
5096,Jessica Ramirez,33,Las Vegas,2021-01-19
2016,Donald Harris,18,Boston,2025-04-19
6135,Michael Brown,29,Baltimore,2021-01-05
6179,Jane Rodriguez,19,Seattle,2023-03-16
3462,Steven Rodriguez,34,Oklahoma City,2020-04-11
2507,Daniel Allen,43,Los Angeles,2022-06-27
4578,Ashley Smith,32,Baltimore,2024-07-14
5618,Jessica Allen,54,Indianapolis,2022-01-05
2659,Christopher Hernandez,66,Philadelphia,2023-07-02
4321,Amanda Anderson,56,Seattle,2021-06-15
7202,Amanda Jones,47,Chicago,2020-08-28
478,John King,50,Jacksonville,2022-10-24
5357,Lisa Thomas,31,San Jose,2024-01-09
4690,Steven Perez,33,Denver,2021-02-23
1835,John Lee,34,Philadelphia,2020-12-16
9399,Lisa Garcia,37,New York,2022-08-01
6247,Ashley Miller,37,Los Angeles,2024-05-23
3337,Michael Sanchez,61,Denver,2020-02-25
661,Andrew Wilson,26,Chicago,2023-02-09
9754,Jane Thompson,68,Mesa,2022-04-19
5007,Jessica Anderson,51,Sacramento,2020-04-06
9461,Steven Taylor,34,Portland,2024-06-06
4962,Matthew Jackson,21,Baltimore,2024-07-12
2415,Daniel Lewis,48,Philadelphia,2024-03-11
5027,Steven Sanchez,53,Seattle,2024-12-04
7345,Daniel King,65,Portland,2022-10-22
6891,Deborah Jones,25,Seattle,2024-03-23
4715,Daniel King,68,San Francisco,2021-01-12
8060,James Jackson,20,Los Angeles,2022-03-10
7339,Donald Perez,65,Baltimore,2024-03-03
4935,Betty Thomas,60,Denver,2022-04-19
7730,Nancy Clark,33,Fort Worth,2020-10-28
3951,Michael Allen,45,Houston,2021-06-01
7317,Robert Taylor,33,Tucson,2025-09-04
