C_ID,C_NAME,AGE_YRS,LOC_CD,REG_DT
3467,James Harris,40,New York,2024-01-02
2194,Anthony Lee,66,Jacksonville,2021-03-12
6818,Donald Walker,19,Albuquerque,2020-04-06
262,Daniel Allen,29,Charlotte,2023-10-26
6141,Dorothy King,18,Phoenix,2023-11-15
4533,Betty Johnson,41,Tucson,2021-09-22
2011,Robert Rodriguez,23,Tucson,2022-05-04
8337,Christopher Garcia,55,Sacramento,2021-04-24
1477,Lisa Rodriguez,57,San Francisco,2021-06-16
4506,Betty Robinson,24,Kansas City,2025-10-20
108,Lisa Brown,47,Albuquerque,2025-07-08
2565,Andrew Jones,36,Portland,2023-09-18
5423,Sarah Walker,70,Baltimore,2025-05-17
4363,Ashley Allen,47,Mesa,2024-02-04
8642,Lisa Miller,50,Baltimore,2024-09-04
8504,Dorothy Thompson,53,Albuquerque,2020-06-03
7226,Jessica Allen,42,Mesa,2022-04-25
1905,Dorothy Perez,61,San Antonio,2022-02-15
7731,Ashley Lee,39,Kansas City,2025-06-05
4942,Michael Sanchez,48,Baltimore,2020-08-08
8649,John Harris,60,Indianapolis,2021-10-10
2709,Dorothy Wilson,31,Louisville,2025-03-19
9227,Sarah Lee,29,Indianapolis,2022-10-05
4171,Dorothy Gonzalez,29,San Jose,2020-08-03
6074,Andrew Gonzalez,32,Seattle,2020-12-23
7828,Andrew Perez,24,Washington,2024-06-13
1200,Deborah Jones,43,Fort Worth,2024-03-14
6762,Lisa Wilson,54,Houston,2023-01-09
9594,Anthony Jones,56,Philadelphia,2023-09-13
7399,Paul Perez,51,Seattle,2021-08-09
9745,Deborah Martin,58,Louisville,2024-02-05
2074,Paul Lopez,21,Jacksonville,2020-11-12
3150,Karen White,65,Philadelphia,2025-11-16
5200,Robert Jones,21,Fresno,2023-05-01
9215,Joshua Smith,40,Oklahoma City,2025-10-13
7999,Mark Walker,46,Chicago,2022-08-01
2182,Amanda Jones,42,Charlotte,2024-12-27
1237,Amanda Gonzalez,44,Chicago,2024-10-18
2109,John White,47,Kansas City,2025-03-11
3353,Ashley Davis,46,Portland,2021-02-16
5246,Steven Gonzalez,69,Milwaukee,2025-07-20
4536,Deborah Martinez,21,Fort Worth,2024-03-14
6298,David Harris,48,Washington,2020-10-04
5102,Ashley Martin,69,San Diego,2025-10-05
1158,Lisa Garcia,65,Jacksonville,2024-12-16
3510,John Lee,44,San Jose,2022-10-14
3458,Robert Davis,29,San Diego,2024-10-23
7087,Anthony Martinez,56,Milwaukee,2024-12-26
3801,James Taylor,19,Nashville,2021-04-17
8416,Emily Wilson,33,Nashville,2021-10-14
5752,Karen Robinson,24,Chicago,2024-11-13
376,Betty Smith,29,Houston,2025-07-07
747,Karen Robinson,35,Las Vegas,2020-03-10
9602,Joshua Miller,22,San Diego,2024-08-11
5059,Lisa Lewis,37,Sacramento,2021-09-21
2122,Dorothy Smith,51,Baltimore,2024-09-05
1787,James Allen,63,Milwaukee,2021-07-20
4519,Joshua Johnson,55,New York,2024-05-28
3359,Betty Lee,34,Austin,2025-05-22
2260,Dorothy Gonzalez,29,Las Vegas,2020-01-13
133,Paul Davis,42,San Francisco,2025-06-26
6082,Donald Davis,64,Tucson,2021-03-03
8467,Lisa Gonzalez,34,San Francisco,2022-10-24
7549,Nancy Clark,26,Phoenix,2024-10-05
8131,Anthony Anderson,39,Houston,2023-06-02
3057,Paul Johnson,38,Oklahoma City,2021-03-22
8361,James Gonzalez,46,San Antonio,2023-06-01
181,Joshua Perez,45,Washington,2020-07-22
5221,Joshua Brown,21,Milwaukee,2021-10-28
7648,Amanda Brown,56,Kansas City,2024-07-13
1262,David Gonzalez,47,Tucson,2020-07-03
2600,Ashley Lee,39,Chicago,2024-06-27
8900,Michael Gonzalez,18,Denver,2021-03-01
5084,Amanda King,49,Los Angeles,2021-09-07
4541,Michael Walker,32,Louisville,2025-01-18
