EMP_ID,EMP_NM,DEPT_CD,SAL_AMT
1310,Daniel Garcia,Sales,99123
6236,Anthony Rodriguez,Operations,84535
3775,Matthew Taylor,Legal,96244
2898,Matthew Lopez,Legal,132051
1590,Daniel Taylor,Customer Service,92959
3988,Ashley Miller,IT,142901
4190,Sarah Martin,Finance,125919
5732,Jane Wilson,Marketing,90482
3190,Deborah Wilson,Sales,58449
284,John Brown,Finance,79055
8837,Emily Ramirez,Operations,102732
7903,Donald Jackson,Marketing,106405
791,Deborah Garcia,Research,42945
8963,Deborah Brown,Marketing,149398
6322,Lisa Miller,Operations,39829
3946,Jane King,IT,53047
9433,Christopher Jackson,Marketing,110208
2954,Jane Lopez,Marketing,146288
5422,James Rodriguez,Finance,102585
1294,Deborah King,Marketing,48766
7059,David King,Operations,132097
4487,Emily Young,Marketing,105825
6157,Karen Jackson,Finance,78601
8022,Jennifer Anderson,Finance,53481
3163,Lisa Perez,Research,41219
7777,Deborah Martin,Finance,92933
5034,Joshua Anderson,Sales,60378
7037,Michael Martinez,Engineering,60838
3558,Lisa Martinez,Operations,103605
5389,Matthew Robinson,Engineering,66749
4657,Jennifer Walker,Engineering,114729
8263,Ashley Rodriguez,Marketing,117590
1522,Sarah Harris,Finance,136216
8698,Ashley Smith,Marketing,54959
297,Jessica Thompson,IT,104756
5612,Dorothy Hernandez,Engineering,136788
74,Anthony Martinez,Operations,101785
4669,Lisa Miller,Customer Service,35891
59,Paul Lewis,HR,106487
9100,John Thomas,Operations,58906
3667,Robert Rodriguez,HR,78927
8775,Jessica Rodriguez,Engineering,44788
4647,Karen Walker,Engineering,46141
846,Anthony Davis,Engineering,71154
7887,Nancy Young,Research,85151
3626,Amanda Davis,Engineering,118784
2380,Emily Sanchez,Research,71692
559,Lisa Wilson,Legal,148295
9020,Christopher White,Engineering,139383
9822,Anthony Martinez,Finance,96906
7265,Jessica King,Operations,130914
8870,Michael Martin,Research,78878
8701,Jane Wilson,Legal,104582
830,Amanda Lewis,Operations,77756
9470,Jennifer Clark,Marketing,78818
9987,Matthew Miller,Marketing,92621
2339,Michael Sanchez,Customer Service,61354
6146,Matthew King,Engineering,75028
1209,Emily Anderson,Customer Service,132097
8597,Karen Miller,Legal,94791
3196,Betty Moore,Legal,85033
4214,Lisa Lee,Customer Service,101058
7791,Lisa Martin,Legal,91949
3485,Lisa Allen,Finance,36035
5239,Jennifer Taylor,IT,81003
7215,Lisa Allen,Legal,105795
3771,Christopher Martinez,Marketing,112891
6618,Emily Anderson,HR,116011
7620,Robert Sanchez,Marketing,101591
1500,James Williams,Operations,96094
5827,Joshua Miller,Customer Service,34576
1252,David Sanchez,Sales,109683
5483,Mark King,Customer Service,97259
2321,Steven Thompson,Operations,116653
5264,Betty Thomas,Marketing,102177
4419,Christopher Young,Operations,61726
8110,Karen Harris,Marketing,90986
7034,Steven Harris,Finance,141201
1451,Nancy Moore,Operations,111935
6577,Anthony Martinez,Marketing,109235
6647,Ashley Garcia,Research,66820
3213,Jane Brown,IT,123786
6705,Sarah Harris,Operations,67830
7249,Amanda Jones,HR,71910
6642,Matthew Anderson,Research,114070
4189,Lisa Moore,Legal,140155
5819,Betty Perez,Customer Service,51713
8862,Ashley Garcia,Customer Service,82279
677,Joshua Thomas,HR,47957
5070,Jennifer Davis,IT,111224
6164,Betty White,Legal,125261
2538,Betty Wilson,IT,72580
4210,Joshua Moore,Research,54128
1161,Karen Johnson,Operations,144371
7921,Betty Rodriguez,Marketing,98496
1196,Nancy Clark,Sales,121431
6344,Robert Lee,Sales,56970
495,Christopher King,HR,110907
695,David Perez,IT,119119
6602,Sarah Wilson,Operations,143907
