EMP_ID,EMP_NM,DEPT_CD,SAL_AMT
3137,Joshua Miller,Customer Service,100699
156,Mark Williams,Sales,43624
6965,David Young,Customer Service,87232
6000,Dorothy Thompson,Customer Service,58292
8044,Andrew Thompson,HR,62101
6553,Mark Walker,HR,101533
3146,Matthew Anderson,Finance,81885
9627,Michael Sanchez,Engineering,95676
3104,Jessica Lee,Marketing,129607
328,Robert Lopez,Research,121698
1720,Lisa King,Legal,97379
5414,Jane Walker,IT,70517
1533,Ashley Perez,Customer Service,81731
5866,Andrew Martin,Finance,51170
904,James White,Customer Service,57686
5840,Andrew Wilson,Research,56945
5462,Jennifer Harris,Customer Service,37105
2742,Daniel King,HR,145477
9067,John Davis,Research,114131
8364,Elizabeth King,Engineering,111813
2202,Robert Sanchez,Operations,135866
2702,Joshua Davis,Engineering,124914
699,Betty Rodriguez,Finance,86296
205,Nancy Williams,Finance,145850
3191,Deborah Thomas,Customer Service,30809
5119,Donald Anderson,Operations,149684
5612,Nancy Walker,Customer Service,104023
7674,Emily Davis,Legal,55164
9970,Ashley Ramirez,Sales,132931
903,Joshua Young,Operations,116698
8039,Amanda Anderson,Customer Service,90236
4855,Deborah Walker,Customer Service,79662
2547,Anthony Lewis,Research,112839
555,Nancy Garcia,Customer Service,113339
4550,Matthew Johnson,Marketing,30634
9124,Joshua Rodriguez,Finance,93789
5001,Daniel Smith,Engineering,78702
1989,Lisa Lee,IT,146423
8275,Karen Hernandez,Customer Service,125642
3106,Daniel Martinez,Marketing,109382
9861,Mark Moore,Sales,59498
2451,Jane Moore,HR,57112
8585,Jennifer Thomas,Customer Service,130893
9434,Amanda Jackson,Legal,107031
6194,Joshua Gonzalez,Operations,95129
7824,Elizabeth Gonzalez,HR,66003
7702,Mark Walker,Legal,90101
6340,Elizabeth Martin,HR,145954
4150,Jane Taylor,Marketing,147525
2584,Daniel King,Finance,73767
8470,Sarah Young,Legal,43653
9597,Karen Wilson,Legal,134102
760,Jennifer Robinson,Sales,141118
9932,Betty White,HR,105299
7530,Mark Garcia,Customer Service,130386
9156,David Harris,Sales,113054
4869,Dorothy Wilson,Sales,93211
6645,Lisa Martin,Sales,107937
4121,Ashley Anderson,Engineering,128055
4188,Deborah Miller,Engineering,38399
9859,Joshua Jackson,Operations,112400
9875,Dorothy Brown,Marketing,94915
9029,David Taylor,HR,141519
2818,Jane Johnson,Engineering,143339
8759,Betty Perez,IT,64516
1226,Lisa Anderson,Marketing,139028
8561,Joshua Allen,Marketing,54183
4002,Anthony Walker,Engineering,149800
8447,Michael Garcia,Research,127541
3801,Emily Moore,IT,149618
2053,Jennifer Anderson,Legal,133073
7226,Steven Davis,Legal,118881
2382,Betty Garcia,Research,125144
113,Lisa Lee,Legal,95979
3230,James Gonzalez,Engineering,136378
3807,Deborah Lee,Operations,103503
2795,Anthony Smith,Legal,90221
1920,Paul Clark,Legal,66881
4924,John Harris,Engineering,131351
9322,James Gonzalez,Research,109415
204,James Ramirez,Legal,104096
4203,Robert Hernandez,Marketing,131873
146,Karen Ramirez,Finance,50325
4526,James Taylor,Marketing,148410
8942,David Young,Engineering,135074
8950,John King,Operations,145662
9872,Daniel Anderson,Finance,56340
1493,Jennifer Ramirez,IT,144031
622,Betty Ramirez,Sales,80884
1139,Ashley Lopez,Research,137030
3012,Sarah Allen,Sales,108937
5657,Jennifer Robinson,Sales,81818
9796,Dorothy Lee,HR,81563
7777,Dorothy Martin,HR,109844
6520,Jessica Lee,Finance,39124
8067,Lisa Thomas,IT,126834
8038,Jane Thomas,Sales,81611
5981,Andrew King,Sales,57314
6409,Robert Perez,Operations,50113
9143,Betty Martinez,Finance,128647
