C_ID,C_NAME,AGE_YRS,LOC_CD,REG_DT
6273,James Lewis,39,Seattle,2021-12-06
1387,Lisa Jones,27,Chicago,2023-11-05
5131,Nancy Thompson,38,Sacramento,2023-02-04
6602,Lisa Lewis,55,Portland,2024-04-12
763,Amanda Gonzalez,49,Chicago,2023-10-02
1149,Daniel Miller,49,Charlotte,2024-08-25
1618,John Wilson,37,Seattle,2025-12-01
4279,Jane Hernandez,52,San Francisco,2021-10-11
7255,Mark Brown,44,Milwaukee,2023-05-24
7868,Daniel Martinez,58,Nashville,2021-06-14
3657,Sarah Jackson,56,Albuquerque,2022-06-09
1891,Betty Perez,69,Indianapolis,2021-01-11
5081,Emily Perez,42,Washington,2022-12-17
4952,Anthony Taylor,66,Albuquerque,2020-07-02
356,Robert Young,29,Columbus,2024-11-11
857,Robert Jackson,33,San Diego,2021-08-14
9508,Nancy Lee,54,San Diego,2020-06-02
7435,Anthony Davis,20,Columbus,2025-07-17
3897,Paul Allen,67,Denver,2020-03-01
2407,Robert Martin,70,Baltimore,2021-01-25
4245,Karen Davis,57,Kansas City,2021-05-17
9522,Mark Allen,38,Albuquerque,2024-05-02
9819,Amanda Gonzalez,55,Chicago,2025-11-11
3160,Ashley Allen,68,Indianapolis,2021-05-18
6276,Donald Martinez,63,Los Angeles,2020-05-22
4294,Jane Martin,67,San Jose,2021-09-01
4383,James Walker,58,Denver,2025-04-17
2904,David Moore,42,Indianapolis,2020-10-01
289,Elizabeth Perez,50,Jacksonville,2025-08-24
3248,Sarah Rodriguez,54,Dallas,2021-10-05
9265,Deborah Rodriguez,25,Nashville,2023-12-05
2248,Karen Jackson,47,Boston,2021-10-27
2516,Emily Miller,36,Seattle,2020-05-13
4181,John Brown,46,San Jose,2020-06-01
2934,Paul Smith,29,Chicago,2020-11-24
2260,Jane Smith,55,Albuquerque,2020-05-26
3701,John Ramirez,43,Charlotte,2021-11-04
4959,Karen White,63,Tucson,2024-12-15
5688,Lisa Young,45,Columbus,2023-06-09
5176,Lisa Williams,42,New York,2021-04-28
198,Jane Brown,23,Charlotte,2025-09-10
3333,Joshua King,27,Denver,2025-04-28
2733,Andrew Martin,27,Las Vegas,2025-11-26
9654,Donald Smith,67,Denver,2020-07-01
8422,Joshua Sanchez,26,Albuquerque,2020-05-01
2617,Anthony Taylor,40,Mesa,2021-03-23
2862,Andrew Harris,65,Nashville,2022-06-16
4751,Paul King,46,Tucson,2021-04-19
6074,Ashley Walker,68,San Antonio,2020-03-06
2141,Lisa Johnson,43,Boston,2023-12-15
3790,Steven Walker,32,Chicago,2020-04-12
7704,James Smith,69,Chicago,2024-07-13
509,Joshua Smith,24,Milwaukee,2021-01-04
7409,John Johnson,44,Denver,2025-07-03
8810,Robert White,50,Washington,2023-08-09
1564,Robert Martin,70,San Jose,2024-06-23
1127,Nancy Martin,34,Portland,2021-10-20
4256,Betty Lopez,51,Albuquerque,2021-08-11
6894,Andrew Martinez,35,New York,2025-10-06
3562,Emily Wilson,55,Nashville,2023-12-24
7818,Mark Martinez,41,Phoenix,2022-04-26
3179,Christopher Jackson,47,Los Angeles,2024-08-16
636,Steven Wilson,68,Philadelphia,2023-07-10
4198,Matthew Ramirez,24,Boston,2020-09-17
8615,Anthony Davis,60,Seattle,2022-07-26
4083,John Young,30,Chicago,2020-02-04
2275,Elizabeth Taylor,52,New York,2025-08-04
9051,Sarah Hernandez,55,Charlotte,2021-12-02
7074,Anthony Perez,59,Columbus,2023-10-13
741,Mark Martinez,48,Jacksonville,2020-07-06
7573,David Harris,58,Houston,2023-02-28
4469,Steven Thompson,23,Los Angeles,2023-04-27
8275,Sarah Hernandez,18,Seattle,2023-02-15
6076,Steven Lee,63,Indianapolis,2021-05-18
2610,Mark King,57,Houston,2020-08-02
