EMP_ID,EMP_NM,DEPT_CD,SAL_AMT
7769,Robert Rodriguez,Operations,106657
5431,Emily Perez,Marketing,30157
9865,James Jackson,HR,118010
2374,Andrew Garcia,Finance,78574
7114,Lisa Lewis,Finance,68800
5490,Christopher Allen,Marketing,43860
2937,Mark Clark,Finance,132230
6431,John Anderson,Marketing,86654
1475,David Clark,Marketing,49008
4369,Jessica Walker,Research,40393
1900,Steven Martinez,Finance,145275
9867,Amanda Johnson,Marketing,61057
5510,Elizabeth Thompson,Legal,99572
1573,Deborah Johnson,Research,124883
7754,Amanda Taylor,Legal,76030
9603,Robert Thomas,Finance,37967
4843,Jennifer Taylor,Engineering,104477
9783,Matthew Smith,HR,77507
3119,John King,Customer Service,92977
1765,Christopher Thompson,Finance,71561
5997,Donald Davis,Marketing,65734
5425,Lisa Davis,Research,63390
6035,Michael King,Marketing,66689
9437,Ashley Rodriguez,Marketing,56953
6753,Jessica Martinez,Operations,44070
2831,Ashley Harris,Marketing,114751
9585,Jane Sanchez,HR,114834
4655,Mark Rodriguez,Sales,36936
1693,Matthew Lewis,IT,137903
9055,Robert Martin,Marketing,128110
8298,Lisa Williams,Sales,111083
4346,Lisa Brown,Legal,46994
4263,Jane Davis,Finance,46388
898,Michael Taylor,IT,135358
8914,Joshua Perez,Engineering,119450
352,Andrew Allen,Marketing,36623
8745,Matthew Sanchez,Research,49904
9931,Karen Hernandez,Finance,45131
6218,Matthew Davis,Sales,121781
9022,Ashley Hernandez,Engineering,99578
7270,Lisa Martin,Sales,37134
9352,Christopher Miller,Sales,88597
9464,Robert Anderson,Engineering,149405
6373,Christopher Martinez,Operations,40838
2437,Jennifer Allen,Customer Service,58355
5684,Emily Young,Legal,95059
676,Jennifer Johnson,HR,45257
5007,Jennifer Perez,Customer Service,132616
862,Elizabeth Hernandez,Sales,46418
6649,Emily Thomas,Operations,77723
6634,Sarah Martinez,Legal,36007
4402,Joshua Lopez,Customer Service,117856
2273,Joshua Robinson,IT,145789
8434,James Sanchez,Operations,103251
4938,Nancy Harris,Sales,137368
6062,Christopher Sanchez,Customer Service,68848
5841,Dorothy Thompson,Customer Service,75637
8751,Emily Jones,Legal,128537
7397,David Martin,Operations,59216
2412,Steven Thompson,Finance,43724
8921,Elizabeth Garcia,HR,70532
8879,Joshua Young,Legal,48739
1473,Paul Perez,Engineering,61721
7113,Daniel Lewis,IT,36463
6741,Paul Garcia,Engineering,32077
8526,Karen Sanchez,Legal,36576
42,James Allen,Research,113310
8960,Elizabeth Brown,Marketing,52967
9609,Lisa Brown,Legal,93503
805,James Gonzalez,Engineering,125901
3487,Joshua Lee,Customer Service,127188
836,Karen Lee,HR,103312
8599,Deborah Young,IT,110626
371,David Lopez,Operations,145830
8803,Daniel Anderson,Research,136047
2415,Jane Martinez,Legal,142609
2162,Deborah Jones,Operations,148029
3031,Ashley White,HR,35744
5902,Jennifer Jackson,Sales,114210
1819,Michael Garcia,Finance,130429
3030,John Lopez,Customer Service,104790
7286,Andrew Clark,Legal,144031
7358,Ashley Anderson,Operations,116978
6143,Donald Jackson,IT,125503
1213,Robert Jones,Research,99017
3698,Jennifer Sanchez,IT,39747
768,Dorothy Lopez,Finance,43978
4234,David Harris,Finance,56074
6030,James Jackson,Research,135090
3535,Lisa Walker,Finance,81071
6267,Amanda Johnson,IT,89441
4733,Amanda Garcia,Sales,125829
2307,David Clark,Sales,38789
8216,Matthew Jones,Research,43792
3610,James Wilson,Marketing,62545
1691,Nancy Taylor,HR,100330
1519,Daniel Robinson,Engineering,100860
907,Elizabeth Moore,Customer Service,91782
5568,Mark Lopez,Customer Service,136979
734,Mark Lee,Marketing,142769
