EMP_ID,EMP_NM,DEPT_CD,SAL_AMT
4325,John Gonzalez,IT,35454
7087,Karen Williams,Customer Service,142315
2158,John Brown,Marketing,80640
2699,Anthony Allen,Engineering,143209
7927,James Brown,IT,50852
3629,Ashley Johnson,IT,110073
9029,Lisa Jackson,Sales,119248
7828,Donald Ramirez,Customer Service,125039
8902,Mark Hernandez,Research,131418
6014,Ashley Jones,Sales,112383
7675,Joshua Robinson,Operations,127582
7519,Christopher Smith,Customer Service,108663
7305,Robert Miller,Engineering,149395
5238,Jessica Perez,Sales,74314
6309,Jennifer Rodriguez,HR,56074
3004,John King,HR,67261
2855,Dorothy Wilson,Finance,96789
8654,Jennifer Allen,IT,99576
1716,Christopher Brown,Finance,95876
4215,Amanda Lewis,Sales,69034
4559,Ashley Thomas,Sales,104230
5280,John Smith,Finance,31485
8204,Christopher King,Operations,120009
42,Karen Gonzalez,IT,130125
796,Robert Thompson,Operations,59095
2176,Robert Clark,Engineering,130658
5420,Robert Young,Research,124429
1433,Sarah Robinson,Research,134814
8913,Amanda Harris,Marketing,127766
5955,Sarah Young,HR,106070
8985,Karen Davis,Operations,70770
5183,Anthony Martin,Sales,59976
4213,Anthony Miller,Customer Service,122061
3436,Dorothy Clark,Engineering,123567
9258,Jane Clark,HR,77767
3015,Karen Miller,IT,62591
887,John Robinson,Engineering,104640
5226,Donald Lopez,Legal,42737
30,Matthew Taylor,Operations,72679
1529,Matthew Thomas,Legal,30509
4448,Paul Taylor,Operations,59798
1716,Lisa Taylor,Research,54066
4872,Karen Davis,Customer Service,94824
1694,Karen Thompson,Operations,41884
7026,Anthony Ramirez,Sales,135922
3673,Elizabeth Lopez,IT,81734
7817,Mark Taylor,Finance,126648
7874,Elizabeth Robinson,Legal,100802
9442,Donald Walker,Sales,92542
4628,Amanda King,Engineering,78825
272,David Anderson,IT,121624
9746,David Robinson,IT,102487
555,Nancy Young,HR,103776
3411,John King,Customer Service,43422
3615,Dorothy Martin,Research,89740
5183,Jennifer Wilson,Marketing,101491
8367,Michael Sanchez,Marketing,69167
1388,Karen Wilson,Research,42345
1267,Elizabeth Moore,Legal,31853
428,Daniel Thomas,Customer Service,86590
1706,Joshua Jones,Engineering,113278
9913,John Gonzalez,Sales,64973
3740,Dorothy Gonzalez,Legal,140536
1383,Karen White,Engineering,98201
7576,John Gonzalez,Finance,86217
6384,Paul Davis,Finance,89209
4525,Anthony Anderson,Engineering,72643
6240,Ashley Taylor,Finance,95493
8782,Emily White,HR,131647
4781,Jessica Lopez,Engineering,116761
4708,Jennifer Johnson,Legal,110970
7022,Matthew Thomas,Marketing,34165
5510,Lisa Harris,IT,127966
9875,Karen Wilson,Finance,66434
2077,Anthony Clark,Engineering,124680
4306,Robert Allen,Legal,31773
7853,Jane Hernandez,IT,30387
7852,Lisa Smith,Research,96456
8015,Lisa Walker,Engineering,99548
8535,Dorothy Wilson,HR,95619
7078,Mark Thomas,Marketing,88723
2869,Jane White,HR,139815
9080,Nancy Hernandez,Legal,138265
9567,Paul Davis,IT,53483
3672,Daniel Allen,Customer Service,83143
5376,Sarah Rodriguez,Marketing,122216
3817,Robert Jones,Marketing,77934
6315,Michael Anderson,Sales,43407
8054,Steven Smith,Legal,41711
2021,Jessica Miller,Sales,127840
910,Anthony Lopez,Engineering,80266
4691,Michael Brown,HR,148297
4190,Daniel Gonzalez,Sales,58421
2706,Christopher Young,Marketing,38016
9001,Lisa Martinez,Customer Service,86624
3424,Michael Davis,Research,74986
4834,Ashley Sanchez,Engineering,100916
2579,Karen Thomas,HR,66067
588,Michael Martin,Engineering,37496
9466,Ashley White,IT,67647
