EMP_ID,EMP_NM,DEPT_CD,SAL_AMT
523,Dorothy Williams,HR,122643
4373,John King,Legal,131197
73,David Lee,Legal,119601
3207,Jane Hernandez,Operations,64472
5676,Emily Garcia,Legal,122269
1879,Jessica Gonzalez,Finance,100500
7651,Dorothy Harris,Engineering,37048
3920,Matthew Wilson,IT,140582
3774,Ashley Hernandez,Operations,106699
833,Amanda Hernandez,Marketing,84340
8542,Jane Martin,Engineering,100611
2466,Jennifer Harris,Customer Service,101511
4806,Paul Gonzalez,Marketing,118696
5280,Christopher Smith,IT,82351
2058,Deborah Brown,Operations,134684
1956,Andrew Lopez,HR,65835
6625,James Gonzalez,Engineering,108874
1200,Emily Sanchez,Operations,60845
3897,Betty Thomas,Engineering,37294
2925,Amanda Brown,Legal,128544
4650,James Brown,Operations,91173
2192,Lisa Jackson,Finance,146289
6605,Christopher Allen,Marketing,50345
505,James Robinson,Operations,60015
5162,Jane Rodriguez,HR,94235
4963,Lisa Rodriguez,Sales,93843
4945,Nancy Thomas,Engineering,141847
5028,John Davis,Marketing,67802
2722,Lisa Taylor,HR,56266
8333,Robert Jones,Research,36970
6300,Jennifer Walker,Sales,85614
6928,Andrew Gonzalez,HR,73603
1683,Amanda Harris,Customer Service,109937
610,Daniel Martin,IT,32559
8400,Jane Wilson,HR,61343
9753,Emily Thompson,Marketing,48097
6034,Michael Martin,Marketing,128211
7165,Jessica Gonzalez,Legal,149247
4607,Lisa Robinson,Finance,121719
7945,Nancy King,IT,128883
8912,Jennifer Robinson,IT,128593
9895,Paul Thompson,Legal,66780
6359,Emily Hernandez,Finance,110804
573,Jessica Brown,HR,67040
8471,Elizabeth Rodriguez,Engineering,54753
4352,Jane Ramirez,Research,49482
3474,Andrew Perez,Finance,126424
8523,Elizabeth Martinez,Engineering,58719
2298,Emily Miller,IT,120582
5751,Christopher Gonzalez,Sales,106527
5550,Paul Wilson,Research,139556
1238,Amanda Walker,IT,109989
2154,Paul Robinson,Research,125083
8781,Betty Lee,Operations,140587
1752,John Wilson,Customer Service,132643
7835,Ashley Robinson,Sales,37716
5811,Sarah Garcia,Research,119394
3590,David Brown,Finance,96667
8845,David Lee,HR,145288
6154,Elizabeth Johnson,Engineering,41472
1140,Anthony Martin,Sales,76945
5905,Deborah Taylor,Operations,146880
6051,Karen Perez,Research,46697
5282,Nancy Williams,Research,72027
6469,Matthew Anderson,Operations,104271
5854,Mark Brown,Customer Service,52156
4540,Elizabeth Lopez,Customer Service,71504
4719,Nancy White,IT,56461
6419,Donald Ramirez,Sales,97550
7799,Robert Clark,Engineering,43605
9207,Nancy Lewis,Legal,66430
1294,Matthew Sanchez,Operations,108057
96,Jessica Clark,Legal,110012
4254,Donald Lee,IT,51804
5963,Donald Garcia,Research,139038
2577,Emily Harris,Sales,68830
2689,James Walker,Customer Service,139818
4445,Amanda Sanchez,Research,51218
4155,Jennifer Young,Sales,63358
2587,Paul Davis,Operations,98837
3874,Elizabeth Garcia,Sales,112851
6873,Michael Miller,Finance,75832
7829,Emily Miller,Sales,79154
987,John Williams,Finance,94867
7520,Deborah Hernandez,Engineering,146679
342,Christopher Garcia,Engineering,107386
1200,John Williams,Sales,143257
9832,Deborah Johnson,Engineering,113197
2981,Lisa Walker,IT,76729
9160,Andrew Harris,IT,74171
1374,Christopher Harris,Operations,79355
3301,Robert Hernandez,IT,148696
82,Robert Garcia,Engineering,33214
9577,Daniel Thomas,Customer Service,80684
1413,Jennifer Davis,Finance,88554
2952,David Moore,Finance,109013
1729,Donald Sanchez,Customer Service,63861
6739,John Anderson,Marketing,80723
2757,Mark Anderson,Marketing,123608
4220,Andrew Lee,Legal,104199
