EMP_ID,EMP_NM,DEPT_CD,SAL_AMT
4515,Steven Wilson,HR,56870
2857,Christopher Allen,Operations,78867
8545,Lisa Williams,Finance,63517
1666,Ashley Clark,Operations,147131
1907,Lisa Lee,Operations,69105
6731,Anthony Miller,Customer Service,143590
5056,Ashley Thompson,Operations,144493
3613,Nancy Williams,Marketing,133933
8542,Daniel White,Legal,88112
9896,Sarah Smith,Engineering,65473
2775,Dorothy Rodriguez,Research,44669
6312,Lisa Smith,IT,120846
8504,Amanda Perez,IT,58803
5371,Elizabeth Jones,HR,53445
6417,Daniel Walker,Sales,123179
3651,Amanda Miller,HR,111839
6636,Andrew Allen,Customer Service,103504
5467,James Harris,Research,98802
1985,Michael Jones,Operations,51436
1612,Amanda Young,Marketing,109251
6331,Nancy Walker,Sales,118553
9266,Paul Gonzalez,Customer Service,77191
4564,Michael Martin,Finance,136925
8572,Robert Clark,Operations,101385
1421,Donald Jackson,IT,137565
6945,Jane Clark,Customer Service,117390
9814,Dorothy Smith,Finance,49921
9133,John Gonzalez,Legal,38801
4453,Michael Young,Sales,58192
4541,Emily Harris,Finance,34560
3924,Lisa Moore,IT,140263
8039,Matthew Allen,Engineering,53216
5522,Dorothy Ramirez,Research,82711
2192,Christopher Smith,Sales,58787
7800,Christopher Perez,Operations,87927
5019,Amanda Johnson,Sales,140900
5604,Jennifer Miller,Finance,82758
301,Lisa Robinson,Legal,72474
128,Jane King,Finance,76646
3982,Steven Thomas,HR,40618
2732,David Jones,Customer Service,90822
2696,Daniel Lopez,HR,122809
3261,Christopher Smith,HR,100183
5945,Emily Harris,Marketing,141856
8233,Lisa Perez,Research,149708
3717,Betty Anderson,Engineering,89403
9661,Jane Sanchez,HR,44164
1195,Sarah Johnson,Sales,144730
3163,Paul Ramirez,Legal,108226
9529,Dorothy Thomas,Finance,54497
4605,Dorothy Allen,IT,90855
662,Steven Williams,Sales,110679
5234,Karen Harris,Research,74989
1917,Jennifer Wilson,Legal,38772
3503,Emily Young,HR,76979
936,John Rodriguez,Marketing,68991
7821,Christopher Jackson,Engineering,30898
9103,Karen Martinez,Finance,30690
4032,Sarah Jackson,IT,45691
9902,Christopher Harris,IT,116235
4642,Betty Johnson,IT,133897
4463,Anthony Garcia,Customer Service,41359
247,Jessica Harris,IT,103556
5327,John Williams,IT,45239
6838,Donald Lewis,HR,137606
9008,Paul Wilson,Sales,95164
7075,Andrew Miller,Customer Service,76001
9940,Elizabeth Young,Legal,114678
4206,Emily Moore,IT,47038
2621,Donald Jones,HR,49431
8171,Jessica Martinez,Marketing,53172
5110,Jane Lewis,Research,123925
2012,Matthew Williams,Operations,123717
4721,Elizabeth Rodriguez,Engineering,46282
5776,Lisa Thomas,Operations,98647
1063,Nancy White,Research,71854
5723,Robert Smith,Engineering,95818
3967,Matthew Miller,Research,102854
7792,Emily Clark,Legal,145012
3904,Sarah Taylor,Sales,120337
6115,Jane Hernandez,Legal,72635
1998,Jane Williams,HR,71525
9872,Christopher Sanchez,Engineering,99376
4403,Sarah Hernandez,HR,45547
3439,Robert Ramirez,Finance,52636
3681,Amanda Jackson,HR,104079
7960,Christopher Jones,Legal,58492
1083,David Johnson,Research,46062
8681,Emily Gonzalez,Operations,109954
175,Andrew Thomas,Sales,80347
9675,Steven Lopez,Research,102833
3723,Betty Miller,Engineering,38684
3647,Dorothy Clark,Customer Service,106869
3981,Emily Hernandez,Legal,72348
4357,John Lewis,Customer Service,78015
9803,Anthony Anderson,Customer Service,82070
8684,Paul Walker,Operations,98483
1061,Robert Martin,Engineering,87143
4233,Robert Sanchez,Engineering,116724
8416,Deborah Gonzalez,Sales,64024
