EMP_ID,EMP_NM,DEPT_CD,SAL_AMT
1882,Matthew Davis,Sales,114992
8139,James Hernandez,HR,57188
7854,James Wilson,Customer Service,45210
2037,Steven Perez,IT,74760
1318,Dorothy Ramirez,Research,34311
9724,Lisa Lopez,Customer Service,113052
7287,Sarah Jackson,Research,75742
7277,Karen Harris,Finance,56431
1232,Nancy Robinson,Engineering,81590
2423,Robert Taylor,Customer Service,137770
4743,Donald Lewis,Engineering,34787
3884,James Brown,Customer Service,31017
9747,Sarah Thompson,IT,148514
4281,Matthew Lopez,Research,149405
5847,Amanda Martinez,Research,122991
9470,Betty Perez,Sales,40808
3485,Joshua White,Marketing,125979
6228,Jessica Williams,Engineering,50898
8247,Lisa Johnson,Sales,149245
3552,Donald Anderson,Engineering,43575
7705,Anthony Lee,Engineering,140063
8437,Daniel Martinez,Legal,97970
4283,Joshua Martinez,Marketing,116338
7745,James Garcia,Customer Service,138645
4522,Ashley Ramirez,Marketing,63451
4654,Michael White,Operations,48335
1212,Emily Taylor,Marketing,102512
4962,Andrew Williams,Engineering,129387
9306,Jessica Davis,HR,37251
831,Anthony Perez,Research,67781
6090,Lisa Sanchez,Operations,96743
2405,Donald Thompson,Operations,89572
6433,Elizabeth Smith,Research,67520
8045,Dorothy Davis,Customer Service,75179
6584,Ashley Jones,Engineering,54373
6668,Ashley Walker,Engineering,74306
4995,Paul Thomas,Operations,31089
6399,Jennifer Miller,IT,74816
6281,Jennifer Taylor,Finance,91998
9223,Lisa Johnson,Marketing,137086
7637,Lisa Perez,Research,100894
262,John Martinez,HR,73672
3576,Elizabeth Miller,Sales,146391
5289,Paul Young,Marketing,35092
4001,Andrew Jackson,Engineering,57785
6459,Daniel Thomas,Sales,39642
7489,Joshua Davis,IT,133752
6472,Emily Clark,Marketing,75977
2536,Michael Thomas,Legal,83962
2090,Steven Taylor,Finance,88212
7255,Betty King,Marketing,36570
904,Lisa Clark,HR,127697
5064,Steven Sanchez,IT,101270
8777,David Sanchez,Legal,94392
7997,Deborah Lopez,Sales,105300
8141,Christopher Clark,Finance,148818
948,Paul Ramirez,Finance,125073
8954,Michael Robinson,Marketing,135396
9237,Emily Gonzalez,IT,115718
1046,Dorothy White,Marketing,137392
7145,Lisa Harris,Finance,93853
6869,Joshua Jackson,Operations,134356
8101,Sarah Taylor,Operations,137985
4113,Dorothy Anderson,Sales,40468
3961,Donald Anderson,Legal,66611
6997,Ashley Miller,IT,69257
6858,Daniel Clark,Legal,31909
3738,Amanda Miller,IT,103273
6946,Lisa Jones,Sales,83942
6997,Amanda Davis,Finance,141913
937,Emily Thompson,HR,78782
8640,Steven Allen,Engineering,119332
8736,Andrew Gonzalez,Operations,62608
7669,John White,Sales,102421
4937,Paul Moore,Customer Service,131458
9011,David Taylor,Customer Service,75446
2437,Amanda Johnson,Research,34230
3915,Deborah Walker,Marketing,117758
2835,Matthew Miller,IT,51431
3929,Steven Anderson,Research,120095
259,Dorothy Rodriguez,Marketing,50014
4798,Dorothy Brown,Finance,50980
3280,Jennifer Gonzalez,Finance,74347
6263,Robert Smith,Research,76238
3088,Steven Robinson,Marketing,142106
177,Ashley Gonzalez,Research,132288
3735,Michael Smith,HR,145395
5344,Emily Ramirez,HR,41664
5606,John Smith,Legal,99439
4932,Andrew Lewis,IT,132640
9244,David Martinez,IT,130628
4400,Karen Davis,HR,88909
9686,Ashley Martinez,Research,52714
1236,Dorothy Harris,Sales,97792
6662,Jessica Jones,Marketing,36098
117,Mark Miller,Engineering,52160
3317,Donald Anderson,Finance,142965
6368,James Miller,Customer Service,101972
1394,Elizabeth Walker,Sales,98939
6815,Nancy Lee,HR,143341
