EMP_ID,EMP_NM,DEPT_CD,SAL_AMT
7107,Karen Ramirez,HR,74422
6943,Lisa Ramirez,Operations,42752
3332,Steven Taylor,Finance,100219
2857,Jane Lopez,Research,138838
6212,Anthony Williams,Legal,105482
3380,Donald Garcia,Operations,103755
8194,Elizabeth Martin,Legal,76737
7595,Betty Rodriguez,Legal,66856
4237,Paul Sanchez,Marketing,119090
2001,Andrew Brown,Research,93328
1567,Betty Brown,Operations,80866
581,Sarah Clark,Operations,129910
8773,Steven Ramirez,HR,83117
8920,Karen Hernandez,HR,133701
485,Steven Thompson,Legal,79040
3177,Andrew Walker,Sales,129872
729,Robert Hernandez,Engineering,117257
3422,Steven Lopez,IT,43382
4209,Anthony King,Operations,35908
4452,Jessica Martinez,IT,76457
8183,Anthony Rodriguez,Marketing,94490
386,Lisa Sanchez,Engineering,52277
3494,Mark Rodriguez,Marketing,95286
1772,Elizabeth Smith,Operations,137209
9793,Dorothy Jones,IT,91084
4425,Jessica Anderson,Customer Service,82351
6303,James Perez,Research,116985
562,Mark Jackson,IT,115389
9405,Emily Hernandez,Finance,70981
8087,Emily Williams,Operations,76951
9041,Christopher Martinez,Marketing,132427
1298,Lisa Thomas,Operations,97951
1997,Steven Allen,HR,68177
8736,John Lopez,Operations,41015
4903,Michael Hernandez,Engineering,116680
2855,Donald Wilson,Operations,83358
1202,David Ramirez,Customer Service,140994
6166,Emily Brown,Research,135759
6311,Mark Jones,Legal,122193
6451,Steven Martin,Sales,46111
7904,Lisa Wilson,IT,31785
1877,Matthew Walker,Research,55180
8144,Jane King,IT,145401
8788,Jennifer Robinson,IT,148704
3312,Elizabeth Martinez,HR,106965
7602,Lisa Robinson,IT,101075
4467,David Harris,Marketing,129175
8696,John King,Engineering,78164
1674,Matthew Robinson,Research,47316
6071,Steven White,Research,58726
2106,James Lee,IT,40766
868,Betty White,Marketing,60931
4997,Elizabeth Hernandez,Marketing,149297
6696,Jessica Garcia,Operations,48471
3535,Ashley Martin,Engineering,57899
4520,James Anderson,IT,45695
9932,Andrew Rodriguez,Marketing,103168
4892,Dorothy Garcia,Finance,130759
2798,Nancy Martinez,Sales,55111
8705,Betty Harris,Marketing,136693
1234,David Walker,Sales,113534
6042,Andrew Lewis,Customer Service,92165
1122,Donald Walker,IT,146645
9021,Matthew Jones,Marketing,62111
3876,Michael Lewis,Marketing,97249
1174,Christopher Miller,Sales,134955
3068,Joshua Perez,Finance,129749
7595,Dorothy Hernandez,HR,138831
7312,David Young,IT,45416
6892,Jennifer Smith,Engineering,110718
2919,James Taylor,IT,131371
2986,Nancy Young,Customer Service,86254
5362,Amanda Clark,Engineering,127592
3112,Daniel Miller,IT,131423
1698,Andrew Robinson,HR,80036
5033,David Thompson,Customer Service,99698
6298,Anthony Moore,Engineering,132713
4922,Betty Allen,Legal,43762
1818,Joshua Martinez,Operations,101613
8361,Ashley King,Sales,125952
8655,Dorothy King,Operations,49321
6725,Donald Martin,Legal,106255
1262,James Jones,Operations,98646
4359,Elizabeth Young,Sales,55101
3279,Steven Thompson,Finance,125098
7921,Lisa Lopez,Operations,83390
4786,Jennifer King,HR,107195
7784,Matthew Martinez,Legal,38316
5243,Jessica Davis,Operations,114596
5129,Amanda Gonzalez,Marketing,140618
1844,Steven Lopez,Sales,99730
9726,Sarah Miller,Sales,97512
7464,Matthew Anderson,IT,98378
71,Nancy Moore,IT,116571
5995,David Martinez,Operations,48338
787,David Walker,Legal,61153
3155,Paul Robinson,Finance,133613
6156,Mark Jackson,Engineering,31686
4216,Matthew Harris,HR,30335
156,Andrew King,Finance,60634
