C_ID,C_NAME,AGE_YRS,LOC_CD,REG_DT
3584,Mark Harris,33,Chicago,2021-10-22
6790,Elizabeth Gonzalez,70,Columbus,2024-04-20
5848,John Williams,43,Philadelphia,2022-12-02
3569,Michael Hernandez,65,Baltimore,2022-01-22
4802,Jessica Garcia,52,Denver,2022-12-03
2283,Paul Lewis,24,Portland,2021-12-26
6483,Betty Brown,35,Chicago,2022-04-04
8092,Daniel Young,42,Austin,2023-11-28
6073,Karen Williams,39,Albuquerque,2024-10-28
2124,Nancy Garcia,55,Nashville,2021-01-06
5196,Jane Williams,20,San Francisco,2024-10-10
4588,James King,63,Seattle,2024-08-09
4953,James Gonzalez,53,Houston,2024-09-01
7856,David Brown,49,San Antonio,2022-11-19
4502,Betty Perez,42,Chicago,2025-05-28
5436,Steven Lewis,35,Phoenix,2020-10-18
3521,Michael Garcia,33,Los Angeles,2023-08-07
5153,Anthony Clark,66,Seattle,2024-05-15
7361,Sarah Perez,20,Chicago,2023-10-26
2854,James Wilson,68,Phoenix,2021-06-20
710,Mark Robinson,64,Tucson,2023-04-21
1982,Robert Martin,61,Nashville,2025-11-20
459,Lisa Jackson,49,Oklahoma City,2021-03-18
4745,Christopher Garcia,36,San Diego,2022-07-06
8607,Jessica Walker,56,Columbus,2021-11-08
5794,Lisa Taylor,52,San Antonio,2025-09-27
4355,Michael Rodriguez,69,Phoenix,2022-03-22
3103,Ashley Lee,46,San Jose,2020-03-13
2850,Elizabeth Lee,64,San Diego,2025-12-07
9954,Michael Williams,48,Columbus,2023-11-01
9604,Karen Clark,60,Charlotte,2024-05-17
5301,Jane Young,50,San Francisco,2021-11-02
4865,Jessica Anderson,20,Oklahoma City,2025-04-20
1624,Emily Lopez,67,Philadelphia,2023-01-28
4988,Deborah Jones,23,Denver,2021-09-02
6662,Christopher Ramirez,45,San Jose,2024-08-01
1566,Dorothy Young,26,Chicago,2024-02-21
9859,John Rodriguez,41,Nashville,2025-01-21
6214,Andrew Johnson,66,Tucson,2023-11-01
9837,Steven Jones,54,Houston,2024-05-12
7603,Emily Moore,31,Albuquerque,2025-08-17
3096,James Young,48,Kansas City,2024-06-24
6629,Daniel Williams,46,Columbus,2020-06-25
6958,Amanda Lee,38,Chicago,2021-08-25
6321,Joshua Martinez,56,Boston,2023-03-20
1646,Robert Allen,62,Portland,2024-08-15
34,Lisa Thompson,54,Albuquerque,2022-07-25
2141,Ashley Garcia,61,Las Vegas,2021-04-09
8052,Lisa Brown,47,Dallas,2021-05-20
537,Jane Clark,34,Denver,2021-11-23
338,Deborah Wilson,20,Milwaukee,2023-07-21
2973,Anthony Martin,60,San Diego,2025-01-09
9760,Elizabeth Gonzalez,57,Philadelphia,2025-01-26
3026,Christopher Young,63,Las Vegas,2020-05-17
6439,Karen Hernandez,23,Philadelphia,2021-10-20
4631,Nancy Williams,55,Jacksonville,2021-11-09
4540,Michael Walker,20,Portland,2025-02-23
4694,Ashley Sanchez,31,San Jose,2020-05-17
1388,Jennifer Thompson,52,Tucson,2020-07-27
9793,Matthew Clark,30,Seattle,2024-02-08
5406,James Clark,28,Boston,2021-02-07
5210,Ashley Harris,48,Washington,2021-10-02
551,Christopher Anderson,31,Fresno,2021-10-14
7513,Amanda Lee,39,Sacramento,2025-11-21
5006,Donald Moore,70,Houston,2023-08-23
6640,Donald Rodriguez,58,Seattle,2021-06-06
4350,Jessica Lewis,25,San Jose,2020-07-21
3699,Elizabeth Miller,54,Charlotte,2024-04-26
2914,Robert Gonzalez,50,San Jose,2024-10-28
6046,Dorothy Wilson,60,Baltimore,2020-03-11
1768,Matthew Sanchez,19,Indianapolis,2020-09-27
3606,Jennifer White,24,Washington,2021-01-24
4288,Anthony Anderson,21,Kansas City,2024-03-20
1784,Joshua Jackson,68,Indianapolis,2025-07-10
8122,Anthony Davis,38,Los Angeles,2025-06-02
