C_ID,C_NAME,AGE_YRS,LOC_CD,REG_DT
5938,Steven Jackson,56,Jacksonville,2023-03-01
8787,Donald Moore,26,Columbus,2020-09-02
3873,Robert Garcia,53,Columbus,2022-06-17
9263,Elizabeth Thomas,67,Albuquerque,2023-04-10
1800,Andrew Davis,46,Phoenix,2024-02-02
2402,Jessica Brown,28,Austin,2022-02-28
6647,Karen Davis,67,Washington,2025-06-10
7997,Emily Sanchez,63,Mesa,2020-07-06
8545,Andrew Martin,45,San Jose,2025-06-27
2648,Jane Thomas,38,Nashville,2020-04-18
1377,Lisa Ramirez,63,Philadelphia,2022-05-24
5447,Christopher Johnson,66,Columbus,2025-08-15
6111,Paul Garcia,51,Dallas,2023-04-20
2830,Mark Thomas,64,Oklahoma City,2022-06-18
3640,Amanda Perez,63,Nashville,2024-02-22
7827,John Allen,62,Phoenix,2022-11-18
5936,Robert Rodriguez,30,Sacramento,2021-02-08
968,Matthew Harris,42,Fresno,2021-05-22
5739,Joshua Lopez,26,Nashville,2022-03-12
2409,Daniel Jackson,62,Tucson,2023-06-11
7609,Joshua Hernandez,25,Houston,2025-07-17
3373,Deborah Lee,20,Phoenix,2025-06-07
7246,James Martin,20,Milwaukee,2024-12-16
9695,Dorothy Robinson,47,Austin,2024-12-01
1878,Elizabeth Taylor,49,New York,2021-08-20
7805,Ashley Sanchez,31,Baltimore,2021-08-07
6087,John Moore,50,Louisville,2025-08-14
8693,Christopher Gonzalez,28,Milwaukee,2020-09-22
2839,Robert Gonzalez,18,Chicago,2024-01-11
7996,Daniel Lee,48,Milwaukee,2025-08-22
7570,Andrew Ramirez,32,San Diego,2024-05-15
1189,John Young,41,Portland,2023-07-26
7571,Matthew Anderson,50,Philadelphia,2021-09-08
7518,David Walker,27,San Antonio,2025-06-25
7261,Paul Thompson,50,Sacramento,2021-05-23
5875,Daniel Walker,26,Tucson,2021-08-02
7765,John Walker,45,Tucson,2025-04-27
8179,Robert Anderson,63,Charlotte,2021-07-24
5998,Karen Hernandez,41,Washington,2022-08-21
2114,Emily Williams,28,Milwaukee,2020-07-10
3689,Paul Taylor,31,Oklahoma City,2022-03-26
5661,Jane Jones,37,San Jose,2023-09-15
4250,John Harris,70,Denver,2021-05-26
6676,Lisa Thomas,55,Tucson,2024-09-07
6639,Jessica Ramirez,63,Austin,2022-12-18
3879,Jennifer Johnson,24,Nashville,2024-11-11
1402,Andrew Moore,44,Jacksonville,2024-05-22
6356,Betty Martinez,43,Baltimore,2022-02-13
3336,Paul Lopez,42,Chicago,2021-05-18
8979,Andrew Rodriguez,53,Dallas,2025-03-08
8974,Joshua Martinez,60,Oklahoma City,2020-11-07
4651,Daniel White,69,Milwaukee,2022-09-09
3523,Paul Thompson,39,Indianapolis,2020-10-13
429,Steven Miller,21,Louisville,2020-08-07
242,Joshua Ramirez,52,Las Vegas,2025-08-28
9601,John Gonzalez,58,Indianapolis,2025-04-26
6553,Nancy Wilson,59,Washington,2020-11-15
2164,Elizabeth Lee,69,Austin,2021-08-10
1090,Sarah Hernandez,47,Baltimore,2025-07-26
7953,Elizabeth Lee,40,Portland,2020-09-10
259,Mark Ramirez,62,San Jose,2020-11-11
1255,Joshua Martinez,31,Jacksonville,2024-08-17
3935,Donald Anderson,66,Oklahoma City,2021-05-22
4266,David Garcia,46,Louisville,2022-10-10
1573,Robert Perez,51,Dallas,2024-09-27
5599,Jessica Young,26,Philadelphia,2025-10-09
9556,Jennifer Hernandez,40,Portland,2020-03-09
488,Mark Allen,30,Sacramento,2024-09-15
3247,John Clark,40,Tucson,2023-11-27
3271,Lisa Robinson,33,San Diego,2024-04-13
4823,Joshua Garcia,51,Nashville,2020-02-05
3795,Anthony Jones,23,Chicago,2025-08-01
8429,Amanda Young,43,Tucson,2021-03-22
3432,James King,56,Dallas,2021-09-17
2723,Daniel Lee,37,Kansas City,2020-12-18
