C_ID,C_NAME,AGE_YRS,LOC_CD,REG_DT
8740,Nancy Taylor,57,Washington,2020-08-19
5720,James Rodriguez,29,Chicago,2021-12-07
7297,Paul Perez,23,Washington,2020-04-12
3873,James Garcia,46,San Antonio,2024-11-12
8242,Matthew Jackson,52,San Antonio,2022-10-19
5433,Sarah Hernandez,26,Kansas City,2025-04-01
1388,Nancy Hernandez,30,Baltimore,2020-09-15
5857,John Taylor,42,Philadelphia,2024-10-25
6519,Sarah Martin,49,Washington,2020-05-16
6771,Lisa Clark,32,San Antonio,2024-12-16
5346,Christopher Anderson,24,Milwaukee,2021-11-01
9850,Amanda King,62,Austin,2023-07-11
1877,Ashley Johnson,58,Oklahoma City,2025-09-10
2376,Sarah Clark,51,Fresno,2024-03-18
3782,David Ramirez,29,Seattle,2022-05-04
9133,Betty Hernandez,47,Washington,2023-12-14
553,Emily Harris,49,Phoenix,2022-02-21
3665,Donald Thomas,26,Nashville,2020-07-06
4102,Christopher Sanchez,61,Fresno,2020-09-22
1051,Jennifer Smith,20,Denver,2022-01-11
1853,Karen Smith,50,Jacksonville,2021-08-13
4164,John Lopez,62,Houston,2023-05-17
5645,Jennifer Harris,58,Los Angeles,2020-11-12
3990,Steven Taylor,45,Dallas,2023-06-02
1079,Lisa Rodriguez,42,Sacramento,2021-08-01
9798,Sarah Davis,27,Las Vegas,2022-11-02
8344,Paul Hernandez,48,Mesa,2021-10-06
646,Lisa Thompson,30,Albuquerque,2024-10-11
731,Dorothy King,59,Oklahoma City,2022-05-19
4194,Betty Smith,26,Washington,2025-11-27
1534,Robert Thompson,57,Nashville,2021-08-05
1822,Jessica Thomas,67,Indianapolis,2024-05-05
9614,David Garcia,67,Jacksonville,2022-06-05
7559,Lisa White,60,Houston,2022-01-02
5782,Dorothy Martin,62,Sacramento,2024-01-23
6560,Donald Allen,31,Las Vegas,2023-07-06
104,Emily Williams,56,Austin,2025-09-07
2937,Christopher Walker,32,Portland,2023-01-25
8795,Jessica Ramirez,46,Dallas,2023-08-20
6627,John Martin,69,Washington,2023-02-22
1346,Mark Lewis,47,Sacramento,2025-06-01
4903,Betty Clark,43,Tucson,2023-11-15
9386,Jane Allen,39,Mesa,2020-06-20
8118,Steven Martin,49,Fort Worth,2021-05-10
658,Ashley Lopez,64,Albuquerque,2022-07-25
2995,Nancy Allen,60,Los Angeles,2022-04-10
7502,Daniel Clark,26,Los Angeles,2022-08-05
769,Mark Perez,30,Los Angeles,2025-03-05
9708,Emily Johnson,30,Charlotte,2024-07-20
3426,Anthony Walker,39,Albuquerque,2022-08-14
1908,Mark Williams,70,San Francisco,2023-08-02
4809,Donald Garcia,44,Fresno,2021-11-11
1612,Steven Harris,21,Boston,2022-06-10
2760,Robert Lee,63,Mesa,2020-11-04
2855,Christopher Gonzalez,56,Milwaukee,2022-09-13
4314,Paul Moore,34,Albuquerque,2024-02-22
28,Emily Walker,31,Charlotte,2020-06-09
9200,Mark Harris,60,Dallas,2024-03-06
1498,Jessica Davis,18,Austin,2023-06-11
1765,Jennifer Thompson,50,Fresno,2021-12-03
9442,Matthew Thompson,66,Fresno,2020-08-12
4155,Lisa Jones,38,Louisville,2021-10-14
5641,Nancy Gonzalez,43,Dallas,2022-03-10
4175,Mark Moore,34,Boston,2024-06-24
8348,Jennifer Hernandez,42,Mesa,2025-09-02
2833,Betty Wilson,38,Los Angeles,2020-10-19
3095,Jane Allen,30,Charlotte,2020-09-12
2816,Emily Williams,43,Baltimore,2022-12-18
1962,Dorothy Young,22,Portland,2025-09-19
6944,Ashley Lopez,60,Baltimore,2023-07-10
2876,Christopher Jones,24,Fresno,2020-03-23
8034,Robert Smith,27,Portland,2024-11-18
6708,Anthony Young,52,Charlotte,2021-11-13
5197,Steven Anderson,20,San Jose,2020-11-19
4316,Jessica Garcia,34,Oklahoma City,2021-06-13
