C_ID,C_NAME,AGE_YRS,LOC_CD,REG_DT
7104,Daniel Williams,39,Fresno,2024-10-08
1005,Mark Young,47,Los Angeles,2025-11-24
6198,Karen Ramirez,63,Fort Worth,2023-12-08
3626,Michael Lewis,54,Louisville,2023-11-27
2088,Daniel Wilson,33,Portland,2022-08-17
3871,Anthony Lee,50,Albuquerque,2023-03-02
2440,Steven Jones,70,Philadelphia,2022-12-08
9734,Lisa Lopez,46,Charlotte,2022-04-06
5397,Mark Moore,68,Tucson,2025-10-15
3209,John Garcia,35,Boston,2020-01-13
6612,Mark Robinson,35,Oklahoma City,2021-08-19
1722,Christopher Gonzalez,31,Kansas City,2025-02-05
3228,Joshua Gonzalez,34,Austin,2021-12-11
1365,Emily Garcia,46,Las Vegas,2023-07-16
9950,Andrew Ramirez,41,Charlotte,2021-01-23
3411,Daniel Gonzalez,68,Oklahoma City,2022-04-10
9685,Ashley Thompson,32,Los Angeles,2021-01-16
6005,John Johnson,43,Louisville,2024-02-02
5273,Karen King,56,Chicago,2022-05-09
2531,Sarah Anderson,50,Los Angeles,2022-07-21
8658,Ashley Sanchez,47,Jacksonville,2020-04-01
9554,Donald Allen,46,Boston,2022-12-15
318,Robert Johnson,46,Baltimore,2021-04-06
9788,Ashley Sanchez,32,Tucson,2021-07-23
3213,Emily Jones,43,Louisville,2024-07-17
1991,Deborah Harris,53,San Diego,2023-06-17
9767,Ashley Williams,55,Nashville,2021-07-23
2670,Karen Garcia,51,Washington,2022-06-15
818,Ashley Martin,35,Mesa,2021-04-12
2484,Jessica Martin,19,Columbus,2023-08-24
6934,Karen Lopez,35,San Antonio,2025-10-02
4325,Betty Thompson,48,Dallas,2023-04-20
7963,Jane Taylor,70,Louisville,2022-03-01
9496,Jessica Davis,37,Mesa,2020-07-28
8057,Dorothy Allen,50,Columbus,2020-03-18
6565,Elizabeth Anderson,20,Tucson,2021-08-08
3320,Deborah Walker,61,San Jose,2020-12-18
7945,Dorothy White,56,Portland,2023-07-27
3355,John Jackson,36,Fresno,2025-06-10
8725,Amanda Jones,40,Kansas City,2023-03-04
2288,Andrew Martinez,31,Denver,2020-10-09
3107,Nancy Taylor,20,Mesa,2024-12-02
4124,David Jackson,32,Houston,2022-05-11
5181,Jane Lopez,46,Oklahoma City,2022-12-27
8469,Dorothy Williams,62,Mesa,2022-08-06
34,John Gonzalez,28,Washington,2020-10-15
5145,Betty Thomas,38,Indianapolis,2024-04-27
5510,Daniel Hernandez,29,Sacramento,2023-05-04
247,Joshua Thomas,31,Phoenix,2025-05-18
6439,Nancy Gonzalez,40,New York,2024-04-20
7624,James Jackson,42,Indianapolis,2020-05-18
3783,Jane Lopez,24,Austin,2025-11-10
7704,Mark Thompson,55,San Jose,2022-07-02
9808,Ashley Robinson,64,Chicago,2021-05-08
7121,Dorothy Jackson,29,New York,2021-08-02
7486,Deborah King,61,San Diego,2023-09-25
9053,Jessica Moore,54,Tucson,2025-01-14
2152,Emily Robinson,63,Charlotte,2025-10-17
7119,Lisa Smith,66,Portland,2020-09-06
2811,Jennifer Young,57,San Antonio,2023-06-08
9785,Lisa Moore,19,Columbus,2025-01-01
7686,Christopher Thomas,35,Tucson,2025-11-20
9256,Joshua Jackson,36,Philadelphia,2021-06-27
8442,Andrew Jones,67,Las Vegas,2025-10-19
7449,Daniel Johnson,56,Louisville,2020-03-21
5756,Deborah Anderson,60,Oklahoma City,2023-12-11
5751,Deborah Lewis,42,Philadelphia,2023-09-23
5169,Mark Sanchez,64,Denver,2020-01-24
3075,Nancy Clark,53,Jacksonville,2025-02-20
7552,Amanda Jackson,47,Denver,2022-01-08
6809,Steven Jackson,30,Boston,2025-03-12
592,Daniel Moore,52,Fort Worth,2023-08-05
1235,Anthony Lopez,64,Mesa,2023-10-22
3714,Nancy Walker,25,Phoenix,2020-10-20
1712,Ashley Smith,67,Charlotte,2021-12-15
