EMP_ID,EMP_NM,DEPT_CD,SAL_AMT
6105,Andrew Young,Marketing,42368
7559,John Brown,HR,39300
4344,Andrew Brown,Engineering,50087
9760,David Ramirez,Research,79594
5161,Matthew Garcia,Research,30692
2018,Lisa Smith,Legal,74537
3254,Michael Garcia,Operations,146319
8287,Emily Gonzalez,Customer Service,97972
4968,Jessica Walker,Marketing,48429
7486,Michael Moore,IT,66764
1213,Paul Lee,IT,99982
1694,Joshua Rodriguez,Research,66817
5036,James Thomas,Engineering,117832
1640,Daniel Lopez,Engineering,118183
2435,Robert Thompson,Customer Service,67049
8237,Ashley Taylor,Research,60828
3413,Christopher Harris,Research,105428
4425,Lisa Smith,Legal,59276
1460,Lisa Sanchez,Customer Service,55637
2797,Elizabeth Moore,Research,127950
4278,Ashley Jones,HR,116867
3687,Lisa Jones,Customer Service,60727
3800,Amanda Hernandez,Research,42264
5590,Emily Gonzalez,Marketing,91741
2321,Andrew Thomas,Customer Service,43243
5677,Lisa King,Legal,105358
6134,Amanda Wilson,Legal,141281
7540,Amanda Martinez,Research,121318
5137,Sarah Martin,Legal,47579
7865,Mark Jackson,Legal,43164
6525,Steven Hernandez,Research,63889
5022,Deborah Moore,Engineering,74903
2214,Deborah Sanchez,Marketing,89029
266,Nancy Allen,HR,114792
8267,Jane White,Operations,87754
7418,Paul Ramirez,Engineering,122412
6231,James Rodriguez,Finance,131867
6767,James Lopez,HR,141780
6285,Lisa Hernandez,Marketing,130417
4758,Karen Rodriguez,Marketing,95524
9063,Nancy Robinson,Marketing,32466
6956,Joshua Clark,Engineering,117549
4242,Joshua Jackson,Finance,80683
6371,Jane Williams,Marketing,82535
6290,Jennifer Perez,IT,99820
4695,Steven Gonzalez,Marketing,65483
7337,Dorothy Garcia,Finance,113915
2790,Dorothy King,Engineering,119527
2656,Jennifer Taylor,Operations,94119
7230,Daniel Walker,Legal,75662
5303,Paul Jackson,Operations,48719
3033,Andrew Brown,Operations,107871
4925,Dorothy Ramirez,Customer Service,62305
9108,James Anderson,IT,68215
1463,Robert King,Customer Service,130842
1416,Deborah Hernandez,Customer Service,46314
3197,Joshua Brown,Legal,107685
5308,Lisa Gonzalez,Operations,44485
929,Anthony Davis,Operations,59149
2477,Ashley Davis,HR,136159
5438,Sarah Martinez,Customer Service,91569
3674,Elizabeth Sanchez,Marketing,34727
8,John Gonzalez,Operations,123788
6091,John Wilson,Operations,99000
6126,Jennifer Perez,HR,128988
5155,Emily Miller,Engineering,146959
5596,Karen Garcia,Customer Service,95623
7724,Anthony Wilson,IT,147870
8519,Ashley Perez,IT,43642
2461,Karen Jones,Legal,127398
1061,Jessica Perez,IT,142103
9432,Mark Johnson,Engineering,128226
1656,Jennifer Clark,Marketing,85836
8607,Matthew Williams,Customer Service,95225
6953,James Lewis,Research,147462
6903,Anthony Smith,Customer Service,77991
6838,Andrew Davis,IT,56985
1944,James Rodriguez,Operations,76661
8570,James Garcia,Marketing,69281
8850,Joshua Young,Engineering,104976
6182,Robert Thompson,Sales,38153
5546,Jessica Jones,IT,32694
9042,Lisa Anderson,Legal,56313
868,John White,Finance,38778
4899,Andrew Moore,Marketing,84889
5138,Robert Garcia,Customer Service,75608
2735,Joshua Hernandez,IT,34778
3991,Lisa Martin,HR,126004
6631,Christopher Walker,HR,73196
9470,Mark Thompson,Marketing,76109
3973,Lisa Jones,HR,101672
7512,Anthony Williams,IT,72654
3258,Lisa Harris,IT,144691
2640,Karen Martinez,Operations,33087
5268,Ashley Martinez,Engineering,75102
5021,Betty Lopez,Research,115115
2132,Jessica Brown,Research,47626
9897,Lisa Smith,Legal,129603
9746,Lisa Gonzalez,IT,124366
8652,Jane White,Research,38221
