EMP_ID,EMP_NM,DEPT_CD,SAL_AMT
853,Elizabeth Martinez,Legal,59192
906,Jessica Thompson,IT,149041
2829,Nancy Lopez,Legal,53182
9472,Betty Thomas,Research,80843
5551,Dorothy Garcia,IT,69898
8985,Dorothy Brown,Finance,128834
6221,Lisa Martinez,Finance,149147
6344,Emily Perez,Operations,30210
7624,Karen Taylor,HR,93745
6059,Nancy Hernandez,Marketing,57019
6556,Ashley Jackson,Legal,78606
7591,Elizabeth Lopez,Sales,139164
3317,John Harris,IT,143884
858,Jane Smith,Finance,147207
3857,Donald Robinson,IT,60085
5959,Steven Lopez,Research,50197
1717,Joshua Anderson,Engineering,140312
5284,Joshua Rodriguez,Marketing,140644
574,Steven Robinson,Research,32513
1013,Steven Anderson,HR,90264
8670,Jessica Jones,IT,56694
9214,Betty Williams,Finance,40075
6638,Lisa Thomas,HR,126709
6438,Jessica Thomas,Engineering,113383
9480,Jennifer Young,Research,66827
1332,Ashley Robinson,IT,114691
8101,Elizabeth Johnson,Finance,43874
8901,Paul Garcia,HR,123396
7366,Andrew Lewis,Operations,47012
3764,Betty Johnson,Finance,44305
4668,Anthony Harris,Marketing,55927
4634,Lisa Sanchez,IT,92712
1062,Daniel Jones,HR,37907
4723,Daniel Anderson,Engineering,88846
5439,Sarah Jones,Finance,80179
1189,Anthony Martinez,Engineering,109913
1461,Jane Jones,Research,53597
6213,Steven Smith,Sales,83916
7217,Betty Thompson,IT,72038
8371,Nancy Taylor,Customer Service,44648
8723,Donald Moore,Research,78995
4356,Donald Lewis,Marketing,118906
63,Jane Garcia,Customer Service,86647
9430,Jennifer Taylor,Marketing,118018
8580,Matthew Lopez,Customer Service,149267
972,Jane Allen,Marketing,137366
1937,Jessica Johnson,Marketing,79809
1808,Donald Garcia,Operations,102855
5334,Dorothy Davis,Finance,122707
7765,Emily Smith,Research,86409
7092,James King,Sales,38881
2815,Anthony Davis,HR,108000
1305,Dorothy Taylor,IT,114024
6767,Sarah Rodriguez,Customer Service,105263
8230,Andrew Garcia,Research,84475
9050,James Lopez,Marketing,104541
343,Daniel Lopez,Legal,46732
2713,Nancy Johnson,Research,102120
6432,Jane Ramirez,Research,119994
5570,Daniel Thomas,Legal,55283
949,Karen Davis,HR,137997
4158,Michael Thomas,Sales,139624
6943,Sarah Moore,Marketing,126050
8306,Emily Clark,HR,101355
7769,Jennifer Walker,HR,97123
9500,Jennifer Young,Customer Service,56573
1973,Lisa Smith,HR,136798
705,Emily Miller,Legal,107033
5546,Nancy Anderson,Sales,113421
5455,John Smith,Operations,133442
8452,Paul Smith,Finance,99240
6229,Michael Garcia,Engineering,116716
9525,Elizabeth Allen,IT,64555
4612,Karen Perez,IT,55510
5151,Jennifer Ramirez,HR,62356
3530,Anthony Hernandez,Marketing,105565
6144,Nancy Robinson,Sales,91390
2931,Jennifer Ramirez,Legal,79156
9067,John White,Sales,146224
2722,Daniel Miller,IT,149586
9568,Amanda Thomas,Sales,100792
2855,Jane Davis,Sales,115065
3237,Deborah Clark,IT,92048
6420,Nancy Lee,Engineering,92241
3966,Joshua Martinez,HR,39739
6507,Joshua Sanchez,IT,110577
6865,Betty Young,Sales,103916
9555,Karen Wilson,Legal,141217
605,Michael Lewis,HR,67081
9699,Betty Hernandez,Marketing,30290
4924,Michael White,Operations,118838
5738,John Lee,HR,102963
7667,Dorothy Hernandez,Engineering,63829
1991,Elizabeth Lee,Research,82406
2020,Sarah Thomas,Engineering,53455
1509,Donald Jones,Operations,34116
2028,James Martinez,Legal,140962
3774,Donald Jackson,Customer Service,70284
6496,Mark Lee,Legal,87641
4219,Robert Moore,Sales,92558
