C_ID,C_NAME,AGE_YRS,LOC_CD,REG_DT
2428,Betty Johnson,45,Louisville,2025-03-17
7950,Emily Harris,33,Kansas City,2025-05-20
6409,Sarah Wilson,25,Louisville,2024-01-04
2509,Matthew Perez,26,Milwaukee,2021-07-03
83,Betty Gonzalez,70,Jacksonville,2023-10-27
5597,Michael White,45,New York,2022-05-08
529,Matthew Hernandez,57,Philadelphia,2021-02-17
7777,Jennifer Gonzalez,59,Houston,2025-08-14
3155,Lisa Jackson,33,Baltimore,2021-12-04
5797,Lisa Clark,58,Albuquerque,2022-04-03
5417,Paul Gonzalez,49,Austin,2023-01-17
5542,Deborah Lee,62,Nashville,2020-07-10
8703,Daniel Robinson,63,Washington,2025-11-08
8892,Emily Martinez,69,Fort Worth,2020-02-17
4986,Joshua Ramirez,37,Milwaukee,2020-07-08
2250,Elizabeth Taylor,59,Portland,2020-11-24
5875,Amanda Garcia,49,Fort Worth,2021-03-14
3698,James Ramirez,52,Washington,2020-07-24
2002,Emily Lee,20,Milwaukee,2022-04-16
8851,Michael Perez,34,Philadelphia,2023-02-25
9126,Emily Walker,25,Houston,2023-01-25
8130,James Perez,40,Indianapolis,2024-03-19
2867,Michael Jones,48,Seattle,2023-01-17
3664,Karen Miller,36,San Antonio,2020-09-17
6000,Anthony Robinson,25,Boston,2021-07-13
3021,John Allen,37,New York,2022-06-27
3732,Lisa Lewis,64,Jacksonville,2023-08-18
8763,Lisa Perez,61,Seattle,2025-01-13
9717,Sarah Walker,24,Seattle,2020-11-28
1046,Ashley Allen,69,Philadelphia,2020-07-04
2310,Karen Rodriguez,34,Fort Worth,2024-08-17
7141,Robert Johnson,64,San Jose,2023-11-28
292,Paul Brown,22,Jacksonville,2021-09-03
2540,Michael Anderson,19,Indianapolis,2024-12-15
6839,Deborah King,51,Los Angeles,2020-01-11
9807,Amanda White,53,Milwaukee,2025-04-23
9215,Nancy King,35,Denver,2024-01-28
5366,Lisa Ramirez,22,San Jose,2022-01-21
8394,Jessica Moore,40,San Antonio,2023-12-28
3091,Elizabeth Moore,18,Fresno,2024-08-14
9030,Sarah Sanchez,53,Charlotte,2020-08-25
4201,Ashley Lopez,32,Las Vegas,2021-02-01
5100,Amanda Hernandez,25,San Diego,2023-07-04
9901,Paul King,64,Oklahoma City,2025-10-15
6940,Joshua Perez,59,Nashville,2020-10-11
1190,Lisa Brown,33,Las Vegas,2022-12-23
537,Jessica Miller,68,Milwaukee,2020-09-26
9211,James Garcia,48,San Jose,2025-12-25
5131,Mark Perez,25,Portland,2020-12-25
264,Nancy Taylor,61,Boston,2021-03-02
9606,John Martin,45,Los Angeles,2024-04-21
9595,Karen Garcia,25,Jacksonville,2022-06-12
9789,Nancy Miller,51,Albuquerque,2024-12-12
2300,Jessica Ramirez,20,Denver,2025-10-27
1102,Matthew Allen,65,Washington,2023-12-17
8308,Betty Thompson,28,Los Angeles,2025-03-11
1653,Anthony Garcia,52,Baltimore,2022-01-02
1866,Paul Walker,69,Chicago,2022-01-20
4420,Anthony Wilson,68,Denver,2025-06-11
9099,Ashley Lewis,34,San Francisco,2023-08-27
5343,Elizabeth Martinez,49,San Antonio,2025-01-20
3881,Sarah Miller,60,Portland,2024-01-22
9700,David Ramirez,35,Washington,2023-07-25
8714,Lisa Gonzalez,48,Portland,2023-03-27
9440,Robert Sanchez,44,Louisville,2024-03-20
7693,Lisa Moore,40,Columbus,2023-03-08
1668,Anthony Miller,70,Tucson,2022-07-01
2561,Donald King,49,Sacramento,2020-08-12
3173,Michael Harris,51,Fresno,2023-02-27
5066,Paul Jones,27,Mesa,2020-05-06
2702,James Thomas,59,San Antonio,2021-08-16
8394,Dorothy Sanchez,61,New York,2025-07-24
9942,Christopher Hernandez,41,Phoenix,2021-08-20
8047,Matthew Walker,49,Dallas,2024-07-13
7404,Deborah Lee,48,Portland,2022-02-25
