C_ID,C_NAME,AGE_YRS,LOC_CD,REG_DT
2961,Jessica Jones,67,Boston,2020-10-28
3281,Christopher Anderson,40,Seattle,2020-02-26
8782,Jessica Hernandez,63,Phoenix,2021-07-19
7315,Andrew Anderson,39,San Francisco,2025-05-28
804,Jessica Martin,66,Fort Worth,2024-09-16
24,Matthew Young,41,Phoenix,2020-04-03
8435,Anthony Lee,19,Washington,2025-08-02
3611,Donald Lopez,51,Sacramento,2022-11-03
4054,Matthew Perez,51,Dallas,2023-08-14
8281,Mark Taylor,44,Boston,2020-12-21
1204,Sarah Davis,64,Charlotte,2025-03-22
8933,Karen King,31,Portland,2022-11-22
9270,John Lewis,64,Washington,2023-07-24
740,Anthony Robinson,31,Seattle,2025-11-05
5443,Paul Young,59,Oklahoma City,2022-02-28
4387,Elizabeth Hernandez,24,Tucson,2025-05-25
3523,Amanda Lewis,27,San Francisco,2022-12-28
6392,Paul Lee,54,Chicago,2020-07-10
3841,Emily Sanchez,38,San Francisco,2023-10-10
3578,Anthony Hernandez,53,Louisville,2021-11-07
6750,Mark Lewis,31,San Diego,2021-06-17
5953,Matthew Taylor,22,San Diego,2023-07-05
3537,Elizabeth Lee,23,Dallas,2024-11-24
4958,Steven Moore,36,Portland,2023-02-23
865,Sarah Ramirez,33,Mesa,2023-07-13
5940,Lisa Allen,70,San Diego,2024-12-14
1768,Lisa Young,39,Jacksonville,2020-06-11
3853,Nancy White,32,Los Angeles,2020-11-04
6290,Steven Walker,65,Nashville,2022-05-21
4684,Jessica Harris,28,Seattle,2025-10-19
4997,Matthew Moore,24,San Jose,2024-09-01
5957,Elizabeth Thomas,27,Phoenix,2022-05-07
675,Nancy Walker,67,Houston,2022-10-09
6979,Michael King,18,San Antonio,2025-08-01
1349,Michael Moore,47,Fresno,2024-11-11
7208,Paul Hernandez,34,San Jose,2020-05-01
8056,Deborah Clark,55,Baltimore,2020-04-03
8746,Joshua Anderson,61,Chicago,2020-07-16
9095,James Lee,65,Tucson,2020-03-15
1949,Robert Jones,51,Albuquerque,2021-06-03
9734,John Taylor,36,Milwaukee,2020-05-05
945,Dorothy Thompson,62,San Jose,2022-10-12
2810,Jennifer Thompson,65,Los Angeles,2023-01-02
8925,Andrew Williams,51,Boston,2022-07-02
6357,Ashley Walker,36,Portland,2025-12-02
9554,Betty Thomas,54,Tucson,2022-10-14
4729,Deborah White,42,Nashville,2020-02-18
7108,Matthew Sanchez,41,Houston,2023-03-04
7935,Betty Jones,37,San Diego,2023-12-09
8172,John Perez,69,San Jose,2024-10-24
7565,Sarah Sanchez,19,Houston,2024-07-21
1300,James Gonzalez,65,Houston,2023-04-04
5413,Nancy Anderson,28,Los Angeles,2020-01-10
9951,Robert Davis,20,Charlotte,2020-05-10
2204,David Smith,27,Fresno,2022-02-23
3992,Dorothy Taylor,19,Houston,2024-01-27
8457,Michael Gonzalez,36,Las Vegas,2020-11-12
2027,Andrew Walker,19,Denver,2024-01-18
9645,Jessica Garcia,64,Jacksonville,2020-05-19
4702,Deborah Gonzalez,40,San Antonio,2022-03-16
8705,Sarah Thomas,42,Albuquerque,2020-07-19
6736,James Martinez,24,Mesa,2020-12-27
2703,Ashley Davis,59,Chicago,2021-02-15
5194,Elizabeth Harris,30,Los Angeles,2020-05-23
9707,Karen Martinez,64,New York,2025-10-26
1632,Jessica Davis,60,San Diego,2024-08-12
6295,Emily Brown,27,Seattle,2021-04-23
2832,Dorothy Gonzalez,20,Albuquerque,2025-07-24
6824,Christopher Garcia,54,San Antonio,2023-03-07
1766,Jessica Jones,61,Columbus,2025-07-15
4219,Dorothy Anderson,51,Denver,2022-06-18
2917,Lisa Ramirez,66,Albuquerque,2023-08-13
8839,Karen Gonzalez,39,Milwaukee,2023-05-12
5651,Robert Williams,39,Fresno,2024-09-16
3903,Nancy White,60,Albuquerque,2024-06-21
