EMP_ID,EMP_NM,DEPT_CD,SAL_AMT
3272,Emily Garcia,Operations,46406
1904,Emily Jones,Research,52391
9252,Mark Martin,Engineering,92399
2729,Ashley Hernandez,Engineering,104746
9164,Ashley Brown,Marketing,72218
6473,David Moore,Marketing,144659
8592,Christopher Wilson,Engineering,36777
7550,Mark Hernandez,HR,59125
5596,Elizabeth Garcia,Operations,90313
5115,Dorothy Perez,HR,131229
2668,John Walker,Sales,107204
6408,Anthony Lee,Research,137143
4017,Dorothy Clark,Finance,62814
915,Nancy Robinson,HR,42920
9682,Ashley Ramirez,Sales,120312
5405,Joshua Brown,Finance,142996
5138,Andrew Moore,Customer Service,146772
9783,Joshua Miller,Engineering,101851
2040,Steven Harris,HR,79160
2530,Michael Thompson,Engineering,35990
489,Jennifer Miller,Operations,138912
8317,Mark Sanchez,Engineering,92948
1782,James Jones,Sales,76919
383,Amanda Young,Operations,135624
1427,Amanda Taylor,Engineering,102788
8255,Jane Walker,Engineering,35283
5847,Anthony Robinson,Research,70507
4179,Mark Hernandez,Finance,138249
5532,Lisa Allen,Research,30829
7995,Andrew Clark,Finance,109896
8614,Ashley Martin,IT,106451
4244,Deborah Martinez,IT,122712
7259,Robert Jackson,Finance,67554
8383,Karen King,Customer Service,90180
4383,Emily Williams,Research,140751
6196,Andrew Moore,Engineering,120427
6488,Donald Ramirez,HR,122430
1089,Betty Garcia,Marketing,135902
7984,Anthony Walker,Research,138775
1169,Amanda Johnson,HR,107877
2986,David Lewis,Finance,55478
4470,Mark Allen,Research,137474
4929,Paul Wilson,HR,92438
555,Sarah Miller,Finance,91922
3404,Anthony Davis,Operations,76982
9409,David Miller,Research,104576
8014,Anthony White,IT,72909
5329,Andrew Garcia,Legal,58103
8000,Daniel Jackson,HR,111687
9510,Steven Smith,Finance,101604
1483,Matthew White,Finance,113226
4367,Joshua Wilson,IT,34846
8783,Anthony Lewis,Legal,108352
2662,Lisa Walker,Marketing,129541
9913,Paul White,Sales,94726
2033,Mark Young,Legal,87930
412,Jane Smith,Research,99246
8931,David Thomas,Finance,63446
4213,Deborah Young,IT,84552
8213,Paul Hernandez,Research,128221
6253,Amanda Jones,IT,80349
1302,Amanda Gonzalez,Legal,114476
7699,Nancy Walker,Customer Service,127300
9032,Lisa Garcia,Research,89049
5351,Jessica Perez,Customer Service,71065
1561,Daniel Thompson,Research,90248
2106,Deborah Clark,Legal,63452
8105,David Jackson,IT,106801
5187,Robert Rodriguez,IT,95970
5619,Mark Martinez,Marketing,79582
6035,Amanda King,Operations,107602
7404,Joshua Martin,Research,111408
3500,Joshua Martin,Customer Service,45198
8908,Amanda Sanchez,Legal,148828
1793,Karen Wilson,Operations,103500
2603,Anthony Johnson,IT,54463
6712,Jane Garcia,HR,84425
6017,John Williams,Operations,117412
3362,Anthony Lee,Finance,98364
2114,Paul Anderson,Research,89830
5753,Jane Martin,Operations,124298
8706,Jennifer Thompson,Operations,33539
9967,Jennifer Garcia,Marketing,58157
4313,Lisa Martin,IT,63739
8532,Lisa Lewis,Customer Service,33127
3395,Ashley Williams,Legal,59613
7975,Jane Clark,Customer Service,72057
7601,Steven Anderson,Research,31588
138,Jane King,IT,70066
5235,Deborah Allen,Engineering,126581
2600,Dorothy Young,IT,82930
5448,James Lee,Sales,93442
2605,James Johnson,Customer Service,97527
1493,Dorothy Walker,IT,62760
9882,Christopher Rodriguez,Operations,67188
5858,Jessica Rodriguez,Operations,33210
6735,Amanda Gonzalez,Marketing,117621
1399,Michael Taylor,Finance,61609
3959,Joshua King,Legal,131864
9188,Karen Thomas,IT,62775
