EMP_ID,EMP_NM,DEPT_CD,SAL_AMT
212,Sarah Martinez,Legal,125243
9345,Karen Martinez,Marketing,30006
7042,David Allen,Sales,47083
9404,Lisa Anderson,Finance,117155
5074,John Perez,HR,147607
9665,Jane King,Marketing,136853
5472,Elizabeth Clark,Engineering,71300
141,Mark Lopez,Operations,129270
9522,Robert Anderson,Sales,138281
3228,Elizabeth Harris,Sales,52306
1607,Amanda Moore,HR,139876
2511,Andrew Brown,HR,87254
9876,Lisa Brown,Marketing,99184
1243,Lisa Johnson,Operations,85426
8940,Matthew Miller,Customer Service,85990
9116,Amanda Allen,Operations,136989
1949,Emily Lee,Operations,148129
6632,Matthew Jones,Engineering,61695
2275,Jennifer Smith,Finance,100470
9185,Mark Moore,Engineering,117818
4988,Ashley Hernandez,Finance,123005
5344,Donald Martin,Sales,40894
3685,Ashley Sanchez,Finance,84366
7755,Daniel Hernandez,Sales,126228
3362,Daniel Thompson,Legal,78037
6247,Lisa Ramirez,Marketing,56240
7140,Michael Williams,Customer Service,127283
8727,John King,IT,68968
7298,Robert Perez,Legal,129482
229,Mark Davis,Engineering,139276
9224,Jessica Johnson,Sales,75946
2904,Mark Young,Legal,99047
7609,Joshua Ramirez,Research,121374
7932,Andrew Martinez,Marketing,80285
1220,Jessica Rodriguez,Research,133443
1697,Karen Gonzalez,Sales,36087
6381,Joshua Moore,Sales,52916
9914,Michael Allen,Marketing,130570
6414,Steven Rodriguez,Sales,64981
6119,Lisa Martinez,Research,121859
5813,Jessica Young,Sales,35722
2373,James Johnson,Marketing,90867
1497,Robert Davis,Customer Service,54875
4289,Karen Lewis,Research,72056
7494,Steven Perez,Customer Service,40652
8729,Betty Hernandez,Customer Service,94296
4157,Christopher Walker,IT,84340
1142,Betty Jones,Finance,123108
7588,Donald Hernandez,Finance,65517
9179,Jane Hernandez,Research,131988
3735,Donald Brown,Finance,49278
8875,Andrew Martin,Marketing,107792
7632,Nancy Thompson,Customer Service,109093
4895,Jane Garcia,Customer Service,69653
264,Emily Davis,Finance,51237
5489,Michael Miller,Marketing,120803
2926,Matthew Gonzalez,Research,86474
1835,Amanda Moore,Finance,94904
1884,Michael Thompson,IT,71146
9532,Elizabeth Gonzalez,Operations,76908
1225,Joshua King,Research,69150
5762,David Sanchez,IT,148668
8926,Paul Taylor,Customer Service,99601
6335,Dorothy White,Sales,91111
6989,Jane Moore,Research,101726
886,James Ramirez,Research,100533
246,Matthew King,Engineering,45960
7582,Nancy Jackson,Finance,38878
4250,Matthew Allen,Finance,63916
8009,Amanda Ramirez,IT,66934
9324,Paul Robinson,Customer Service,133629
7312,Dorothy Smith,Operations,52483
4415,Mark Davis,Finance,81957
6594,Elizabeth Martin,Operations,84316
6547,Mark Johnson,Marketing,125335
703,James Thompson,Engineering,107800
6841,Paul Smith,Research,70946
1775,Dorothy Thompson,Research,126151
145,Jane Walker,IT,31058
4276,Michael Allen,HR,137949
2066,Christopher Allen,Customer Service,34337
4854,David Martinez,Legal,131763
8071,Emily Davis,Sales,127569
746,Christopher Anderson,Finance,149320
8938,Matthew Lewis,HR,34318
1521,Daniel Williams,Sales,92942
9769,Christopher Gonzalez,Customer Service,138106
3377,John Jones,Engineering,41204
3021,Lisa Lopez,Finance,144959
1,Michael Sanchez,HR,59084
7909,Robert Garcia,Customer Service,133936
9242,Sarah Lewis,HR,140275
6797,Deborah Moore,HR,99273
5217,Christopher Taylor,Customer Service,43761
8090,Lisa Thompson,HR,99599
9922,Deborah Miller,Finance,79842
8226,Mark Davis,HR,45122
9116,Donald Thomas,Customer Service,103703
6107,Paul Smith,HR,137347
1009,Ashley White,Customer Service,103297
