EMP_ID,EMP_NM,DEPT_CD,SAL_AMT
445,Elizabeth Martinez,Marketing,44870
9741,Anthony Moore,IT,35590
2401,Dorothy Gonzalez,Research,86390
1907,David Clark,Legal,123580
1648,Deborah Jackson,HR,111052
4775,David Rodriguez,Engineering,118831
1735,Christopher Jones,Customer Service,62195
8073,Anthony Sanchez,Operations,78819
8417,Jennifer Smith,IT,41619
6487,John Hernandez,Finance,123057
7079,Robert Ramirez,Finance,128186
4044,Paul Davis,Legal,148607
4474,Betty Gonzalez,Marketing,57096
2073,Ashley Moore,Finance,80926
6249,Matthew King,IT,31618
2473,Jessica Young,IT,98259
2451,Jessica Jones,Legal,93217
5695,Mark Williams,IT,79606
8453,Robert Thompson,Marketing,99638
4513,Sarah Martinez,HR,85282
6727,Sarah Smith,Research,147352
5303,Lisa Clark,Legal,128956
3452,Jennifer White,Legal,134340
2474,Matthew Allen,IT,81818
63,Jessica Thomas,Finance,50549
4795,James Miller,Sales,119457
2368,Andrew Jackson,Customer Service,90221
6199,Jane Perez,Engineering,93140
8147,Lisa Thomas,IT,143212
6793,Robert Wilson,IT,40351
4522,John Hernandez,IT,121414
1751,Betty Sanchez,Operations,94274
8985,Christopher Garcia,Customer Service,87137
754,Jane Lopez,Research,118294
9477,Deborah Martin,Customer Service,49136
8819,Amanda Davis,Legal,145930
4729,Deborah Martinez,IT,41726
4872,Deborah Thompson,HR,142673
8063,Joshua Thomas,IT,107650
1636,Jessica Lopez,Operations,123131
4443,Michael Ramirez,IT,136661
3582,Deborah Martin,HR,32884
1462,Christopher King,Research,74409
8880,Nancy White,Marketing,59009
2789,Karen Miller,Sales,119293
4891,David Anderson,Customer Service,81549
1784,Lisa Moore,Legal,111167
663,Anthony Smith,Legal,131122
3339,Matthew Hernandez,Legal,129909
5845,Nancy Lewis,Customer Service,105600
9126,Steven Davis,Sales,65135
4348,Anthony Lopez,Customer Service,99904
5227,John Johnson,Research,94772
9051,Nancy Wilson,Customer Service,118971
9761,Joshua Johnson,HR,103147
2451,Karen Ramirez,Marketing,98294
8839,Emily Ramirez,Research,147153
1561,Amanda Lee,Research,58576
7546,Elizabeth Moore,Finance,149108
8032,Paul Thomas,Finance,125361
2016,Lisa Thompson,Marketing,135754
714,Elizabeth Young,Customer Service,48236
1775,Joshua Thompson,Legal,110641
9524,Jessica Perez,IT,85991
6813,Elizabeth Lewis,Marketing,133432
7171,Jennifer Thompson,Legal,104036
5467,Jessica White,Legal,109088
7579,Anthony Clark,Operations,145712
70,Christopher Sanchez,IT,50898
2346,Joshua Hernandez,HR,138768
6542,Steven Jones,IT,115070
1612,Michael Jones,IT,85457
3185,Amanda Robinson,Research,62123
881,Mark Taylor,Finance,118674
9976,John Moore,Finance,104133
4347,John Martin,Legal,83942
2525,Lisa Lewis,Sales,71065
9483,David Jackson,Research,126804
3498,Karen Wilson,Finance,40187
7980,Matthew Thompson,HR,40890
2132,Mark Allen,Research,84798
1867,Paul King,Customer Service,83104
2226,David Clark,Engineering,83468
9904,James Davis,Sales,118613
3384,Karen Ramirez,Marketing,54036
7070,Ashley Garcia,HR,113493
8000,Amanda Young,Operations,54667
4747,Robert Thompson,Marketing,47032
4292,Emily Miller,IT,82210
7106,James Miller,Customer Service,45730
9143,Michael Brown,IT,108980
7180,Robert Hernandez,Sales,140310
1547,Matthew Johnson,IT,121147
7573,James Brown,Operations,76289
7322,Jane Ramirez,Research,73809
3515,Jennifer Perez,Sales,106419
8757,Sarah Jones,IT,67464
2940,Joshua Rodriguez,Legal,123700
9902,Robert White,Operations,128308
1575,Robert Jackson,Finance,42635
