C_ID,C_NAME,AGE_YRS,LOC_CD,REG_DT
2564,Deborah Thompson,45,Louisville,2024-06-11
8798,Amanda Perez,39,Columbus,2025-07-02
8230,James Smith,39,Kansas City,2022-01-26
5857,Karen Thompson,47,New York,2025-08-08
979,Andrew Moore,23,Jacksonville,2022-04-06
8758,David Lopez,18,New York,2020-06-17
222,John Perez,33,Baltimore,2021-02-24
922,David Thompson,29,San Jose,2021-06-28
5672,Jane Sanchez,53,San Francisco,2024-09-13
5583,Christopher Clark,40,San Francisco,2020-11-20
7590,Matthew Perez,40,New York,2022-11-23
3198,Paul White,34,Phoenix,2023-03-24
8053,Joshua Thomas,21,Tucson,2022-08-02
5089,James Garcia,50,Chicago,2024-09-08
9248,Christopher Miller,39,Milwaukee,2022-12-28
8560,Anthony Walker,32,Oklahoma City,2023-01-07
2233,Daniel Young,60,Albuquerque,2023-11-01
265,Paul Martin,49,Chicago,2024-10-26
8381,James Brown,40,Nashville,2020-05-01
1070,Christopher Martinez,64,Sacramento,2022-12-18
5982,James Anderson,33,Houston,2024-07-06
6435,Emily Rodriguez,32,San Jose,2020-01-09
8572,Deborah Williams,18,Philadelphia,2021-07-12
4837,Jessica Harris,59,San Francisco,2023-03-12
9542,Mark Lewis,18,Kansas City,2023-11-10
4968,Ashley Thomas,60,Charlotte,2021-06-08
8810,Paul Harris,57,Philadelphia,2023-09-10
2371,Anthony Gonzalez,68,San Antonio,2021-09-21
4933,Ashley Robinson,29,Washington,2022-11-22
2003,Anthony Walker,18,Sacramento,2022-02-28
8510,Nancy Jones,50,Philadelphia,2025-10-27
3584,David Brown,54,Nashville,2021-09-08
202,Amanda Allen,50,Albuquerque,2021-07-15
7425,Andrew Clark,45,Albuquerque,2025-02-18
4665,Betty Rodriguez,38,Washington,2023-03-04
8724,Elizabeth Smith,70,Los Angeles,2024-08-22
363,Robert Clark,33,Louisville,2025-08-22
7939,Paul Gonzalez,61,Denver,2022-10-23
9297,Ashley Taylor,49,Dallas,2022-10-10
5440,Christopher Martin,35,Indianapolis,2020-05-05
8564,Ashley Hernandez,57,Denver,2023-04-07
817,Betty Miller,60,Austin,2021-10-12
8011,Daniel Martinez,36,San Antonio,2023-11-26
5683,Ashley Lee,41,Charlotte,2023-08-14
4468,Jessica Allen,21,San Jose,2025-09-20
1003,Betty Thompson,29,Portland,2023-10-17
8633,Elizabeth Lewis,62,Austin,2024-02-26
98,David Anderson,36,Phoenix,2021-06-12
130,Elizabeth Davis,66,Jacksonville,2021-10-09
5776,Robert Thompson,51,Seattle,2021-09-19
7478,Dorothy Martinez,56,Jacksonville,2025-02-12
1669,Jane White,36,San Francisco,2021-07-03
820,Donald Allen,47,San Jose,2022-09-16
3361,David King,65,Columbus,2023-09-22
6753,Christopher Lopez,65,Albuquerque,2024-03-21
9392,Joshua Smith,46,Fresno,2023-02-08
4492,Matthew Harris,45,San Jose,2024-09-10
9378,Nancy Garcia,56,Milwaukee,2024-07-28
9947,Andrew Robinson,24,Oklahoma City,2020-05-25
2204,Sarah Davis,39,Albuquerque,2021-12-12
7506,Nancy Thomas,28,Dallas,2022-10-21
9080,Amanda Davis,42,San Diego,2025-07-21
5071,Jane Jones,47,Louisville,2020-01-27
8785,Nancy Anderson,40,Denver,2024-08-10
4514,Jennifer Jackson,27,New York,2025-06-26
1242,Robert Miller,21,Oklahoma City,2024-02-26
351,Mark Smith,38,Albuquerque,2024-04-07
7302,Nancy Young,29,Fresno,2025-11-23
2695,Donald Johnson,60,San Diego,2020-03-08
352,Amanda Williams,60,Mesa,2023-04-19
256,Jennifer Ramirez,36,Charlotte,2021-01-01
7455,Robert Williams,49,Milwaukee,2020-12-21
304,Deborah Thompson,23,Portland,2021-08-24
3866,Daniel Lewis,32,Austin,2021-02-03
214,Matthew Walker,66,Las Vegas,2022-12-17
