C_ID,C_NAME,AGE_YRS,LOC_CD,REG_DT
7083,Amanda Moore,31,Fresno,2020-11-12
1017,Jennifer Sanchez,27,Jacksonville,2020-08-01
9742,Ashley Robinson,56,San Francisco,2024-07-21
6614,Paul Perez,47,Albuquerque,2024-07-04
6511,Ashley Young,65,Boston,2022-09-10
9647,Christopher Smith,57,Sacramento,2024-07-06
1040,Anthony Hernandez,68,Baltimore,2021-09-22
6170,Amanda Hernandez,34,Jacksonville,2025-02-19
4458,Lisa Allen,34,San Antonio,2025-06-16
7554,Jennifer Anderson,23,Austin,2023-09-20
8974,Matthew Walker,61,Denver,2021-12-10
2500,Anthony Clark,52,Houston,2021-04-01
9370,Lisa Lee,37,Boston,2021-05-13
2410,Dorothy Martinez,51,Oklahoma City,2025-05-12
5524,Robert Jones,62,Chicago,2025-01-01
7865,Mark Hernandez,49,Fresno,2022-06-28
6652,Christopher Johnson,57,San Diego,2022-03-04
5345,Jessica Jones,31,Louisville,2025-03-12
4573,Michael Lopez,30,Charlotte,2021-09-22
2569,Michael Sanchez,30,Phoenix,2020-02-19
9029,Karen Johnson,51,Seattle,2024-06-03
4445,Michael Brown,58,Indianapolis,2023-06-12
982,Amanda Wilson,64,Mesa,2021-10-23
5860,Betty Lee,42,Fresno,2023-07-22
6274,John Garcia,44,Albuquerque,2024-01-07
7479,Dorothy Thompson,36,Columbus,2020-03-10
5448,Jennifer Gonzalez,46,Las Vegas,2024-01-20
953,John Williams,32,Houston,2023-09-26
2434,Paul Garcia,36,Tucson,2024-01-16
1788,James Wilson,35,Boston,2023-05-20
9536,Steven Martinez,62,Nashville,2021-06-10
4677,Jane Taylor,26,Denver,2020-08-28
7139,Jane Williams,51,Boston,2022-06-17
2134,Christopher White,43,Las Vegas,2024-01-15
2746,Karen Young,59,Portland,2021-04-19
7348,Joshua Young,48,San Diego,2021-05-08
305,Lisa Harris,39,Washington,2020-03-04
9896,Elizabeth Miller,29,Portland,2024-03-27
3470,Donald Ramirez,60,New York,2020-03-02
1406,Joshua Martin,59,Boston,2021-09-14
5703,Michael Clark,50,Houston,2021-08-19
2912,Christopher Young,43,New York,2021-07-16
4359,Anthony Anderson,40,Oklahoma City,2021-01-02
3029,Karen Martin,25,Seattle,2021-01-08
9486,Mark Jackson,34,Louisville,2023-06-21
8501,David Martin,55,Charlotte,2020-06-10
8788,Joshua Smith,45,Fort Worth,2025-06-03
8415,Jessica Lee,58,Dallas,2024-02-07
289,James Walker,69,Chicago,2022-10-23
8528,Deborah Garcia,49,Jacksonville,2023-07-14
3867,Matthew Moore,24,Chicago,2020-03-27
4122,Christopher Lee,69,Charlotte,2025-03-13
1222,Michael Walker,67,San Antonio,2025-03-28
1622,Steven Miller,32,Phoenix,2023-06-10
5813,Daniel Rodriguez,57,San Antonio,2022-09-09
3019,Elizabeth Wilson,57,Sacramento,2022-03-08
9519,Jane Thomas,65,Charlotte,2025-10-09
4888,Mark Perez,25,Fresno,2024-12-04
7791,Karen Miller,43,Fort Worth,2020-09-02
7607,Lisa Walker,19,Washington,2020-07-24
9975,Steven Williams,49,Fort Worth,2020-12-18
4056,James Wilson,28,Dallas,2020-02-24
7091,Mark Jackson,34,Charlotte,2021-05-17
9988,Jennifer Perez,59,Nashville,2022-03-22
9800,Betty Lewis,53,Charlotte,2020-07-09
9970,Christopher Walker,42,Portland,2025-03-13
3325,Nancy Robinson,36,San Jose,2020-12-27
7029,Paul Smith,26,Albuquerque,2020-09-22
9059,Betty Allen,51,New York,2023-03-09
2350,Mark Johnson,31,Chicago,2023-06-03
2899,Paul Anderson,60,Columbus,2024-01-13
3013,Daniel Williams,58,Washington,2024-02-27
7870,Betty Jones,22,Phoenix,2020-04-06
8678,Jennifer Williams,55,Philadelphia,2020-11-03
8515,Christopher Hernandez,69,Mesa,2025-02-09
