C_ID,C_NAME,AGE_YRS,LOC_CD,REG_DT
5466,Amanda Wilson,64,Kansas City,2020-12-02
2024,Jessica Anderson,46,Fort Worth,2020-08-03
7498,John Miller,28,Austin,2023-01-01
2778,Betty Allen,19,Louisville,2024-06-16
5953,Deborah Jackson,30,Las Vegas,2022-09-17
5294,Jane Hernandez,42,Sacramento,2020-02-16
2853,Donald Johnson,19,Fresno,2020-03-28
2076,Daniel Rodriguez,27,Columbus,2022-11-24
6293,Mark Williams,55,Tucson,2021-07-23
1235,Jane Harris,36,Philadelphia,2021-06-07
6642,Steven Walker,36,Nashville,2022-04-11
5557,Robert Rodriguez,49,Houston,2020-12-14
8880,Sarah Robinson,61,Phoenix,2021-11-21
6744,Deborah Lewis,25,Los Angeles,2023-10-02
8528,Christopher Davis,50,Louisville,2025-03-11
3622,Jane Johnson,25,Washington,2021-12-09
7098,Daniel Brown,22,Nashville,2024-10-13
3840,Daniel Smith,31,Washington,2025-06-06
9464,James Walker,35,Charlotte,2025-03-28
654,Betty Sanchez,69,Albuquerque,2022-02-13
7366,Emily Taylor,48,San Francisco,2021-05-07
8288,Anthony Anderson,49,Mesa,2020-08-19
2997,Karen Smith,49,Indianapolis,2021-01-15
1359,Amanda King,65,Chicago,2025-09-08
7072,Jessica Davis,50,Baltimore,2022-05-02
9356,Deborah Sanchez,57,Philadelphia,2022-06-28
6171,Karen Hernandez,67,Fresno,2025-09-21
7711,Christopher Jackson,53,Las Vegas,2025-04-02
1231,Ashley White,43,Mesa,2021-01-18
6181,Anthony Lopez,70,Boston,2022-02-21
7263,Matthew Jones,26,Tucson,2020-07-25
9336,David Young,70,Charlotte,2025-03-06
8307,Christopher White,22,San Francisco,2023-02-22
374,Paul Brown,18,Washington,2025-08-24
6934,David Davis,53,San Jose,2021-11-04
8431,Karen Jackson,27,Portland,2021-04-04
554,Daniel Anderson,37,Tucson,2024-05-21
6215,Anthony Thomas,65,Charlotte,2020-08-17
4067,Lisa Miller,40,Sacramento,2023-06-14
8923,Joshua Jones,19,Louisville,2021-12-03
1139,Nancy Allen,22,Nashville,2020-01-06
9439,Elizabeth Allen,31,Washington,2021-06-25
245,Robert Robinson,51,Fort Worth,2021-01-02
5959,Michael Rodriguez,34,Philadelphia,2021-11-09
8577,Ashley Robinson,48,Tucson,2023-04-12
6233,Elizabeth Lee,26,Charlotte,2022-03-15
495,Jennifer Thompson,68,Fort Worth,2023-11-09
4655,Robert King,65,Chicago,2021-03-20
8633,Lisa Ramirez,25,Los Angeles,2025-12-02
7468,John White,23,San Antonio,2024-01-02
9239,Mark Wilson,30,Albuquerque,2025-03-14
7726,Dorothy Jackson,23,Tucson,2021-12-09
1016,Paul White,41,Nashville,2025-12-04
2157,Dorothy Lopez,53,New York,2025-05-09
3701,Betty Johnson,69,Baltimore,2021-03-26
7604,Matthew Lopez,19,Oklahoma City,2020-04-19
9256,Steven Garcia,23,Columbus,2023-09-25
7847,Deborah Williams,24,Denver,2023-01-09
3268,David Gonzalez,34,Sacramento,2021-11-10
361,Dorothy Garcia,21,San Diego,2020-08-15
550,Ashley Clark,70,Houston,2023-09-23
8261,Betty Davis,31,Charlotte,2020-02-28
9962,Mark Williams,62,Louisville,2021-06-02
6445,John Thomas,20,Fresno,2023-09-23
2510,Dorothy Jackson,63,Portland,2022-12-20
3957,Donald Wilson,21,Columbus,2025-09-20
5713,Christopher Williams,54,Washington,2024-09-23
576,Andrew Rodriguez,66,Denver,2023-12-21
1090,Amanda Lee,59,Las Vegas,2022-03-13
5369,Emily Lee,34,Baltimore,2025-12-14
3936,John Johnson,59,Oklahoma City,2025-02-22
8700,Paul Martin,30,Fort Worth,2021-09-04
176,Paul Harris,59,Chicago,2025-01-01
6033,Lisa Brown,67,Charlotte,2024-10-21
8910,Emily Walker,36,Milwaukee,2025-01-07
