EMP_ID,EMP_NM,DEPT_CD,SAL_AMT
7665,Steven Thompson,Legal,149378
4303,Dorothy Miller,Finance,136519
9428,Elizabeth King,IT,143768
8429,Christopher Brown,HR,97079
4980,Donald Jones,Engineering,77657
4516,Elizabeth Martin,Sales,35137
6462,Paul Lee,Sales,108638
8903,Ashley White,Finance,82168
8458,Deborah Thomas,Engineering,116398
2716,Michael Young,Legal,34544
5965,Joshua Davis,Sales,90369
2391,James Walker,Engineering,123690
7861,Ashley Johnson,Sales,46510
3437,Ashley White,Engineering,132207
7869,Betty Johnson,HR,53020
2794,Betty Wilson,Engineering,53754
3871,Mark Martin,IT,146874
867,Mark Martinez,Marketing,73511
2437,Lisa Young,HR,114915
9955,Jennifer Jones,Research,115633
2920,Daniel Lewis,Finance,64728
1170,Daniel Rodriguez,Sales,126009
4057,Amanda Hernandez,HR,82806
9869,Betty Lewis,Sales,63873
8601,Lisa Taylor,HR,112174
7627,Elizabeth King,Operations,77855
2486,Donald Young,Finance,88910
8922,Sarah Gonzalez,Marketing,52232
3783,Nancy Perez,IT,70884
8157,Elizabeth Jones,Legal,139457
5203,Lisa Taylor,Customer Service,114576
3391,Sarah White,Operations,69069
2345,Emily Thompson,Research,125184
8142,James Smith,IT,139228
5841,Daniel Lopez,IT,114526
1971,Sarah Hernandez,HR,38256
9494,James Williams,Research,134455
9427,Sarah Ramirez,Marketing,76024
3136,Mark White,Sales,108107
5303,Jessica Wilson,IT,103210
8907,Sarah Thomas,Customer Service,53605
7228,Christopher Ramirez,Sales,98555
5788,Christopher Walker,HR,75650
5644,James Taylor,Research,135872
8800,Robert Brown,HR,114887
144,David White,HR,74052
6036,Jennifer Martinez,Finance,45324
5665,Ashley Ramirez,Marketing,98847
6140,Paul Robinson,Sales,138996
9349,Ashley Brown,Operations,60497
4933,Joshua Brown,HR,129626
1899,Christopher Jackson,Customer Service,112112
6428,Amanda Jones,HR,50255
1069,Paul Sanchez,Customer Service,105352
2079,John Davis,Operations,31486
9632,Joshua Davis,IT,134098
3241,Jessica Davis,Research,41929
3743,Mark Allen,Finance,38886
1583,Karen Robinson,IT,68164
1774,Jennifer Ramirez,IT,140559
6059,Mark Anderson,Research,78205
1235,Steven Hernandez,IT,70207
1921,John Williams,Customer Service,117625
7397,Emily Wilson,Operations,74113
944,David Jones,HR,33955
5377,Joshua Thompson,Research,47865
3490,Elizabeth Walker,Research,44301
3728,Dorothy Robinson,IT,109829
6352,Ashley Thomas,HR,60853
7387,Paul Thomas,Sales,115546
3399,Jennifer Allen,Marketing,98953
3310,Anthony Clark,Marketing,133022
7811,John White,Legal,141936
472,Joshua Martin,Operations,30755
9621,Karen Clark,Finance,145211
346,Ashley King,Legal,83824
9455,Emily Moore,Finance,63374
4972,David Miller,Customer Service,68529
4200,Dorothy Thompson,Operations,70905
3927,Jessica Clark,Marketing,56711
4989,Lisa Harris,Customer Service,132864
9374,Betty Gonzalez,Customer Service,65988
4391,Matthew Miller,Legal,92993
7066,Betty Perez,IT,69183
6762,Emily Smith,Sales,78775
1621,Emily Smith,Legal,80417
1674,Daniel Jackson,HR,38199
9560,Joshua Taylor,Finance,62876
9504,Anthony Williams,Marketing,78216
1328,Daniel Martinez,Engineering,149944
3026,Steven King,Finance,87700
7762,Deborah White,IT,65871
596,David Miller,IT,120395
1121,Andrew Lopez,Customer Service,138409
5018,Daniel Taylor,Engineering,114053
8227,Matthew Lopez,IT,38327
3048,Sarah Hernandez,Sales,99355
8075,James Wilson,IT,104702
5529,Jessica Rodriguez,Engineering,66806
8704,Amanda White,HR,84454
