C_ID,C_NAME,AGE_YRS,LOC_CD,REG_DT
3750,Steven White,38,Austin,2024-01-06
9802,Mark Davis,65,Seattle,2024-11-01
4315,Jessica Lee,40,Phoenix,2022-12-10
6566,Anthony Davis,32,Boston,2021-09-12
9642,Christopher Johnson,50,Phoenix,2021-02-18
5720,Sarah Moore,40,Chicago,2021-11-19
376,Jessica Gonzalez,65,Fort Worth,2023-12-21
3472,Amanda Harris,31,Kansas City,2020-03-15
6055,Joshua Thomas,34,Oklahoma City,2025-07-28
1403,John Taylor,18,Washington,2023-07-20
4642,Jessica Clark,57,San Diego,2021-05-19
9430,Anthony Taylor,24,Charlotte,2022-01-21
6988,Lisa Young,62,Portland,2025-09-04
4416,Anthony Jackson,37,Portland,2025-10-05
2393,Nancy Williams,58,San Diego,2021-11-05
4010,Lisa Davis,39,Milwaukee,2020-06-22
3621,Jane Garcia,37,Columbus,2024-05-10
6512,Emily Lee,23,Milwaukee,2021-07-07
856,Dorothy Lopez,58,Philadelphia,2022-08-22
2286,John Martin,59,Fresno,2025-02-15
3826,Amanda King,39,Chicago,2025-05-07
2607,Dorothy Davis,69,Nashville,2023-10-23
9096,John Walker,48,Oklahoma City,2020-02-20
7458,James Perez,58,Fresno,2024-09-20
7636,Michael Miller,60,San Jose,2021-04-05
5711,Sarah Martin,42,San Jose,2025-10-28
918,Mark Allen,24,Columbus,2023-02-10
2471,Mark White,67,Indianapolis,2023-09-19
2566,John White,25,New York,2025-04-26
6586,David Walker,56,Charlotte,2020-06-21
7091,Robert Lewis,61,Baltimore,2025-12-13
4728,James Hernandez,67,San Jose,2021-02-07
5075,John Hernandez,63,Indianapolis,2020-07-04
2417,James Williams,47,Albuquerque,2022-09-27
5411,Michael Ramirez,52,Mesa,2025-10-21
7251,Paul Thompson,68,Jacksonville,2025-04-06
4826,Ashley Anderson,26,Chicago,2021-07-01
4954,Daniel Williams,20,Indianapolis,2023-08-12
4761,Christopher White,56,Oklahoma City,2022-04-14
5867,Elizabeth Lee,21,Fresno,2025-08-18
477,Jane Robinson,45,Baltimore,2022-02-28
2743,Emily Williams,18,San Francisco,2022-02-27
8239,Jane Sanchez,40,Baltimore,2024-11-23
2264,Lisa Martin,58,Kansas City,2021-10-14
3353,Christopher Ramirez,66,Baltimore,2024-03-10
5910,James Brown,29,Kansas City,2024-07-10
7982,Mark Jones,50,Milwaukee,2021-03-03
6118,Elizabeth Jones,60,Washington,2021-11-22
6119,Steven Jackson,45,Portland,2025-04-27
9055,Paul Davis,60,Louisville,2021-06-28
1247,Donald Thompson,58,Austin,2022-04-27
6289,Nancy Garcia,30,Portland,2024-05-12
6302,Ashley Thompson,39,Portland,2020-10-13
6813,John Anderson,69,San Francisco,2025-02-01
1494,Mark Smith,57,Seattle,2024-05-17
2425,Dorothy Garcia,24,Las Vegas,2025-05-28
4631,Lisa Harris,40,Philadelphia,2021-02-14
5249,Donald King,40,Portland,2024-01-03
364,Deborah Williams,57,Tucson,2024-01-09
3508,Jennifer King,34,Denver,2024-02-17
3486,Jennifer Williams,61,Philadelphia,2024-02-19
4780,Lisa Walker,25,Indianapolis,2025-08-18
511,Karen Smith,38,New York,2020-02-16
7214,James Garcia,23,Jacksonville,2025-04-25
2425,Deborah Robinson,37,Austin,2020-10-24
6044,Deborah Moore,31,Oklahoma City,2025-03-26
5164,John Hernandez,42,Louisville,2025-09-09
8055,Steven Anderson,37,Jacksonville,2022-02-07
9164,Matthew Hernandez,49,Chicago,2021-03-03
4378,Karen Williams,45,Boston,2022-07-15
1500,Lisa Martin,55,Dallas,2020-02-15
7190,David Wilson,19,San Jose,2022-10-05
9825,Mark Lewis,44,Portland,2020-09-22
1611,Amanda White,47,Denver,2024-07-27
6727,Joshua Martinez,31,Kansas City,2023-12-11
