EMP_ID,EMP_NM,DEPT_CD,SAL_AMT
5572,Dorothy Gonzalez,IT,140414
8670,Anthony Harris,Customer Service,70362
8207,Joshua Ramirez,IT,71508
4866,Dorothy Moore,Customer Service,75977
8141,Elizabeth Lee,Engineering,77423
3400,Jennifer Lopez,Operations,82659
3836,Andrew Gonzalez,Research,118914
1049,Dorothy Anderson,Engineering,82626
3483,Matthew Robinson,Engineering,44833
7251,Anthony Lewis,Marketing,132426
4192,Matthew Walker,Finance,142175
1180,Robert Thomas,Finance,130570
2162,Jennifer Clark,Engineering,110402
1031,Christopher Perez,Operations,73541
9144,Amanda Sanchez,Finance,46616
8870,Jane Walker,Operations,125791
6075,Daniel Lee,Research,102245
4617,David Perez,IT,120440
2593,Emily Davis,HR,58432
1338,Sarah Anderson,HR,32256
9600,Robert Sanchez,Operations,42645
3636,Deborah Robinson,Customer Service,39686
143,David Williams,Customer Service,127301
9684,Deborah Lee,IT,75501
6721,Daniel Taylor,Engineering,100836
9193,Donald Allen,Research,145450
2831,Robert White,Legal,116669
85,Anthony Martin,Operations,66672
8570,Joshua Brown,Research,93956
5584,Lisa Smith,Engineering,122102
195,Donald King,IT,144551
1348,Dorothy Moore,HR,44827
1275,Christopher Wilson,Research,106336
2488,Michael Sanchez,Operations,77659
1336,Elizabeth Garcia,Engineering,54421
4015,Donald Anderson,Operations,149661
6855,Jennifer Jones,Customer Service,55390
1568,Christopher Anderson,Marketing,70461
9236,Dorothy Ramirez,IT,52606
6181,Mark Brown,Marketing,135283
5327,Michael Moore,Legal,101463
1452,Jennifer Martinez,IT,88878
213,James Lewis,Operations,83558
9080,Joshua Sanchez,Operations,119238
3204,Steven Hernandez,Research,52108
3756,Lisa Lopez,Sales,59432
9001,Daniel Jackson,Marketing,39520
1668,Donald Johnson,Marketing,99729
7362,James King,Customer Service,109627
564,Jennifer Martin,Engineering,75701
8067,Lisa Taylor,Legal,100781
1255,Dorothy Martin,Marketing,56195
4326,Jane Davis,IT,41809
7341,Andrew Brown,Marketing,41015
8863,Lisa White,Finance,123695
1027,Michael Smith,IT,78554
6272,David Hernandez,Sales,120838
2951,Mark Allen,Research,81470
9633,Lisa White,Operations,78350
1139,Daniel Garcia,Research,64969
3021,James Martin,Engineering,106839
871,Dorothy Miller,Engineering,101727
9892,Michael Smith,Engineering,103072
180,Karen King,Research,108459
3820,Jennifer Taylor,Customer Service,33212
2262,Dorothy White,Finance,79812
6719,Daniel Lopez,IT,119009
8148,Nancy Davis,HR,128323
8643,Joshua White,Engineering,68490
3348,Mark Moore,Customer Service,110889
2860,Betty Johnson,Customer Service,77862
8812,Lisa Martin,Finance,123084
6294,Robert Hernandez,Customer Service,52340
4461,Emily Perez,Legal,148338
8325,Betty Hernandez,Operations,116250
1655,Dorothy Walker,Engineering,74866
5953,Nancy Smith,Finance,48427
4123,Matthew Davis,HR,31590
6456,Amanda Martinez,Operations,46556
968,Daniel Miller,Research,61692
1998,Michael Ramirez,Marketing,137306
3759,Jennifer Robinson,HR,65096
1729,Nancy Rodriguez,Sales,123642
1979,Jennifer Allen,Sales,122129
9893,Betty Ramirez,HR,111090
9216,David Taylor,Operations,149661
3416,Steven Lopez,Finance,137694
1093,Lisa Allen,Research,35339
7815,Lisa Lewis,Legal,132217
3333,Jane Smith,Customer Service,95718
5951,James Robinson,Sales,146209
3959,Jane Walker,Research,47575
6783,Emily Davis,Marketing,42881
3662,Joshua Harris,IT,78539
6879,Jessica Martin,Research,119960
1245,Lisa Taylor,Customer Service,126840
3946,Mark Lopez,Finance,38653
4845,Sarah Taylor,Research,122468
7620,Lisa Allen,Engineering,71295
7226,Jessica King,Finance,114415
