C_ID,C_NAME,AGE_YRS,LOC_CD,REG_DT
3431,Andrew Perez,27,Albuquerque,2022-05-18
1414,Jennifer Taylor,48,San Antonio,2020-03-24
2088,Mark Brown,36,Washington,2023-04-09
4385,Jennifer Martin,68,Albuquerque,2025-04-11
8545,Betty Allen,58,Austin,2024-09-19
2707,Donald Jones,67,Jacksonville,2024-12-13
4457,Lisa Perez,58,San Jose,2025-04-24
8598,Dorothy Thompson,30,Fresno,2020-08-24
4818,Dorothy Lopez,66,Tucson,2020-03-01
3872,Andrew Thompson,48,Boston,2024-10-12
5692,Andrew Rodriguez,63,Columbus,2020-12-26
5018,Deborah Williams,31,San Diego,2020-05-05
7022,Amanda Harris,43,Fresno,2023-10-05
5425,Michael Young,67,Denver,2020-06-03
4726,Betty Ramirez,23,San Diego,2024-11-08
6987,Anthony Gonzalez,30,Mesa,2025-05-22
3457,Matthew Brown,53,San Jose,2021-05-18
8966,Michael Thomas,35,Columbus,2024-10-22
1094,Matthew Ramirez,43,Fresno,2024-09-21
5746,Sarah Davis,68,Baltimore,2024-10-26
5044,Lisa Johnson,55,Washington,2020-07-16
2042,Emily Lee,44,Milwaukee,2022-10-04
9724,Sarah Johnson,34,Denver,2025-07-20
3822,Andrew Miller,29,San Diego,2025-01-10
3432,Anthony King,30,Seattle,2025-09-23
6968,Christopher Brown,61,Las Vegas,2022-01-18
4288,Christopher Garcia,62,Seattle,2023-09-13
8034,James Jackson,19,Fort Worth,2025-11-05
5104,Michael Miller,64,Boston,2022-04-12
5662,Amanda King,69,Las Vegas,2025-08-16
5342,Anthony Brown,56,Portland,2023-02-10
7042,Emily Allen,29,Seattle,2021-06-05
4116,Paul Johnson,31,Sacramento,2023-12-07
9005,Daniel Ramirez,29,Kansas City,2022-02-28
5232,Elizabeth Clark,56,Milwaukee,2025-11-01
2914,Ashley Anderson,42,Las Vegas,2020-07-18
9443,Deborah Lewis,65,Las Vegas,2021-06-04
7845,John Johnson,45,Dallas,2023-04-07
1252,Steven Walker,68,Philadelphia,2025-05-15
660,Mark Jones,27,Dallas,2020-08-07
1272,Emily Davis,21,Austin,2025-05-28
188,Ashley Young,60,San Antonio,2024-09-28
8599,Betty Thomas,30,Milwaukee,2025-07-07
1460,Lisa Ramirez,38,Washington,2022-09-17
5551,John White,39,Austin,2025-08-01
4510,Lisa Clark,35,Columbus,2024-12-19
3632,Donald Thompson,63,Nashville,2021-12-23
5479,Jane Ramirez,51,Albuquerque,2020-03-14
5387,Joshua White,24,Boston,2023-04-05
6564,Paul Allen,50,Denver,2024-06-08
4373,Andrew Lee,39,Los Angeles,2025-10-28
884,Paul Smith,49,New York,2022-09-17
6098,Ashley Williams,50,Fresno,2021-11-23
5070,Sarah Martin,30,Sacramento,2025-12-23
2091,Dorothy King,69,Chicago,2021-03-24
7478,Paul Rodriguez,26,Washington,2023-06-17
1896,Lisa Gonzalez,51,Seattle,2025-03-12
7982,Michael Lee,25,Charlotte,2021-04-11
3659,Andrew Thompson,28,Philadelphia,2022-10-13
8374,Elizabeth Lee,44,Washington,2020-10-03
5605,Deborah Walker,30,New York,2024-01-22
3160,Deborah Jackson,66,Baltimore,2025-04-10
4640,Nancy Walker,20,Austin,2025-03-26
9802,Michael Lopez,37,San Jose,2020-07-05
8797,Robert Harris,52,San Antonio,2022-04-23
3337,Anthony Lee,66,Louisville,2023-12-22
8615,Joshua Gonzalez,27,Jacksonville,2021-05-16
5537,Betty Jones,59,Jacksonville,2020-09-27
2256,James Hernandez,62,San Antonio,2023-09-23
7899,Betty Clark,54,San Diego,2025-09-15
3345,Daniel Johnson,43,Las Vegas,2020-10-07
1727,Deborah Jackson,54,San Diego,2023-12-03
8216,Anthony Jackson,47,Mesa,2023-04-28
8285,Nancy White,53,Baltimore,2020-12-08
1377,Anthony Jones,53,Philadelphia,2025-03-26
