EMP_ID,EMP_NM,DEPT_CD,SAL_AMT
950,James White,Finance,106558
698,Mark Thomas,Research,123599
3078,Deborah Ramirez,IT,91030
4908,Matthew King,HR,85838
5013,Amanda Williams,Engineering,104515
8179,Jane Davis,Research,49673
4081,Emily Thomas,Legal,67759
5179,John White,Operations,135538
6711,David Brown,Operations,87511
9493,Steven Jackson,Sales,122746
3925,Emily Jackson,Marketing,52535
4872,Lisa Martin,Engineering,70692
8380,Jessica Martin,Sales,99984
6469,Deborah Anderson,Operations,34218
9546,Jennifer Ramirez,Operations,31076
7728,James Allen,Marketing,140288
6006,John Robinson,IT,60879
8145,Mark Moore,HR,66514
3602,Elizabeth Martinez,IT,58053
6524,Sarah White,Research,130322
6651,James Lopez,Research,131072
2786,Anthony White,HR,89828
9,Ashley Walker,Operations,130777
1036,Sarah Walker,IT,30260
4749,Robert Martinez,HR,134959
764,Jane Anderson,Marketing,41343
4377,Elizabeth Walker,IT,77012
972,David Sanchez,Finance,110423
9242,Donald King,Operations,134262
5152,Andrew Jackson,IT,140300
6449,Lisa Walker,Operations,31539
1323,Anthony Perez,Marketing,126814
3523,Robert Martinez,Customer Service,63665
9471,Mark Hernandez,Operations,31264
2272,Steven Robinson,Marketing,35845
9419,James Sanchez,Operations,39418
5723,Jane Garcia,Engineering,104527
838,Nancy Davis,Engineering,129981
666,Christopher Martin,HR,42901
4830,Robert Gonzalez,Customer Service,138507
3072,Jessica Davis,Marketing,146094
1441,Amanda King,Legal,127554
7137,Emily Jackson,Sales,85504
988,Lisa Wilson,Customer Service,63306
3509,Michael Walker,Sales,48138
5265,Mark Smith,Marketing,72849
5391,James Miller,Finance,122230
5077,John Williams,Legal,37753
307,James Allen,Marketing,93119
4157,Matthew Harris,IT,54061
5289,Dorothy Sanchez,Customer Service,131824
8759,Paul King,Finance,103358
7965,John Lopez,Marketing,120869
5168,Matthew Walker,Engineering,149192
7677,Steven Lopez,Finance,103883
941,Christopher Robinson,Research,65950
8022,Steven Garcia,Sales,79755
7045,Michael Jackson,Research,111020
6660,Jane Sanchez,Sales,120707
9415,Sarah Garcia,Operations,120474
6421,Paul Harris,IT,35345
383,Elizabeth Martin,Legal,90758
3176,Sarah Jackson,Research,92322
2171,Matthew Miller,Operations,94229
9499,Matthew Garcia,Operations,133280
7105,Jessica Gonzalez,IT,30631
4749,Mark Clark,Marketing,140947
9307,James Harris,Customer Service,53568
9560,Daniel Lopez,Finance,102217
5835,Anthony Gonzalez,Sales,75331
9454,Jane Jones,IT,85719
7808,Karen Ramirez,Engineering,86054
8502,Amanda Anderson,HR,90469
1928,James Wilson,HR,139824
6963,Mark Sanchez,Customer Service,100572
561,Karen Anderson,Engineering,123912
9230,Joshua Perez,Customer Service,116766
9584,Steven Ramirez,Finance,32404
2675,Emily Williams,Marketing,41878
1876,Nancy Harris,Research,141057
8500,James Allen,Marketing,139698
7264,Mark Robinson,Finance,129199
1335,Amanda Clark,Finance,91129
3812,Joshua Ramirez,HR,70638
1111,Andrew Davis,Operations,65460
9862,Lisa Harris,IT,33218
1990,James Brown,Engineering,95774
1037,Steven Harris,Sales,55002
7915,Donald Johnson,Operations,54145
605,David Hernandez,Marketing,140542
8078,Daniel Ramirez,Finance,95196
285,Lisa Wilson,HR,82387
3738,Jessica Thompson,Sales,93192
6858,Jessica Martin,Legal,48772
58,Michael Young,Marketing,139042
1358,Daniel Williams,Research,65167
6111,Betty Sanchez,Operations,30451
3335,Amanda Williams,Customer Service,128520
2507,Andrew Lopez,Marketing,45142
5274,Daniel Walker,HR,135043
