EMP_ID,EMP_NM,DEPT_CD,SAL_AMT
1795,Christopher Moore,Sales,45467
5797,Jennifer Miller,Legal,46265
4806,Lisa Young,Sales,45481
2031,Sarah Lopez,Engineering,48629
18,Anthony Walker,Operations,133986
5924,Emily Thompson,Legal,107718
7527,John Perez,Marketing,51502
3748,Karen Perez,Legal,43938
3472,Daniel Brown,Operations,35740
1444,John Harris,Sales,64998
5899,James Ramirez,Legal,93185
9911,Ashley Martin,Operations,76114
9963,David Clark,IT,131929
2560,Deborah Martin,Engineering,81129
8329,Jane Thompson,HR,131273
3105,Sarah Smith,Customer Service,94118
5370,Lisa Lopez,Customer Service,134019
2710,Sarah Jones,Finance,103283
4322,Jane King,Marketing,107029
6337,Dorothy Robinson,HR,88929
1974,Robert Walker,Research,63108
1981,Matthew Walker,Sales,43270
1052,James Lewis,Engineering,32866
1837,David Gonzalez,IT,34295
9268,Donald Jones,IT,30555
3601,Sarah Young,Engineering,108481
7501,Steven Jackson,Engineering,48966
5461,Dorothy Lopez,Legal,81785
1155,Mark Harris,HR,65281
8558,Jane Thompson,Finance,145136
7247,Joshua Clark,Sales,65705
5826,Jessica Harris,Finance,65928
2801,Paul Taylor,Engineering,85663
8844,Daniel Gonzalez,Legal,94969
7330,Jane King,Research,95846
343,Jessica Moore,Sales,70046
6349,David Gonzalez,Operations,33489
8878,Elizabeth Lee,HR,42148
7182,Steven Anderson,HR,124883
739,James Martinez,IT,128330
9794,Anthony Wilson,Sales,102365
3564,James Thompson,HR,66918
7170,Christopher Harris,Finance,34986
9857,Lisa Miller,Marketing,117708
7477,Betty Moore,Legal,76741
8507,Jane Davis,IT,118156
6194,Amanda Jones,IT,128368
1097,John Perez,HR,73823
3941,Joshua White,Finance,56911
3734,Paul Williams,Customer Service,96016
7602,Donald Garcia,IT,49383
4069,Joshua Jones,Legal,73782
5552,Steven White,Operations,125095
5873,Lisa Gonzalez,Operations,37437
5885,Paul Thompson,Operations,72199
9813,Robert Lee,Marketing,101991
3007,Jessica Lee,Legal,63511
7503,Anthony Martinez,Finance,140718
6710,Deborah Garcia,Marketing,92841
5031,Matthew Allen,Finance,92621
4031,Joshua White,Legal,89621
2958,David Jackson,Finance,32469
1833,Betty Lewis,Sales,124768
2471,Mark Garcia,Finance,40760
580,Donald Ramirez,HR,108797
839,Michael White,Research,126457
3172,Mark Anderson,IT,58477
6565,Jessica Thomas,Marketing,92874
3835,David Gonzalez,Engineering,54809
4766,Andrew Hernandez,Marketing,31527
4816,Christopher Taylor,Engineering,108055
9174,Nancy Rodriguez,Research,94149
1495,Michael Walker,Marketing,36363
9631,Jennifer Robinson,Finance,65780
5037,John Young,HR,51941
9056,Dorothy King,IT,91059
1929,Daniel Williams,Sales,140531
2806,Elizabeth Perez,Marketing,120820
9453,Jennifer Williams,Sales,145869
1193,Jessica Jackson,Customer Service,42327
2862,Anthony Rodriguez,Research,60902
6035,James Moore,IT,38339
8458,Mark Young,IT,70279
4246,Joshua White,HR,45442
9591,Paul Gonzalez,Legal,128301
108,Deborah Walker,IT,113917
6730,Emily Hernandez,Customer Service,102997
9642,Dorothy Thomas,Finance,123614
472,Elizabeth Miller,Research,39702
6029,Deborah Taylor,Finance,33606
5086,David Robinson,IT,77525
8774,Paul Jackson,Sales,126856
6881,James Williams,Research,90000
3748,Joshua Robinson,Operations,64500
731,John King,Finance,113312
2574,Karen Davis,Legal,88254
6239,Daniel Garcia,Engineering,108120
2026,Joshua Smith,Finance,113944
4272,Elizabeth Williams,Engineering,61180
639,Nancy Smith,Customer Service,105018
