C_ID,C_NAME,AGE_YRS,LOC_CD,REG_DT
3780,Nancy Perez,61,Houston,2024-11-04
8936,Andrew Clark,40,Denver,2021-07-01
2252,Betty Davis,52,Fresno,2023-04-11
262,Emily Harris,55,Phoenix,2021-03-10
2204,Andrew Jackson,52,Jacksonville,2021-01-20
2391,Amanda Martin,66,Oklahoma City,2020-05-23
1593,Ashley Robinson,31,Los Angeles,2025-02-08
5900,Elizabeth Perez,35,San Francisco,2022-04-26
369,Andrew Davis,38,Chicago,2023-05-15
787,Matthew King,33,Kansas City,2021-09-11
1584,John White,67,Portland,2023-06-09
1740,Mark Anderson,63,Dallas,2020-10-09
275,Jennifer Thomas,26,Kansas City,2022-10-08
6203,Jennifer Williams,59,Phoenix,2024-05-24
7902,Jane Perez,38,Houston,2024-08-25
814,Christopher Williams,57,Oklahoma City,2024-07-16
7337,Deborah Allen,59,Indianapolis,2021-07-13
1525,Lisa Anderson,62,Milwaukee,2023-12-03
1844,Christopher Harris,43,Seattle,2022-02-23
9930,James Wilson,65,Washington,2024-07-07
9206,Paul Martinez,60,Louisville,2024-12-22
7763,Lisa Walker,49,Baltimore,2022-01-13
1136,Karen Smith,67,Milwaukee,2023-03-01
2516,Donald Wilson,56,Boston,2025-10-10
1107,Amanda White,48,New York,2023-04-04
7290,David Wilson,34,New York,2020-02-12
9481,David White,59,New York,2022-10-27
9887,Amanda Miller,50,Nashville,2021-08-21
3105,Elizabeth Young,28,San Antonio,2024-06-19
1341,Amanda Rodriguez,29,Albuquerque,2021-10-12
5665,Christopher Anderson,66,Houston,2025-03-10
2146,Ashley Allen,70,Kansas City,2023-12-24
3098,Sarah Wilson,66,Jacksonville,2023-06-26
9985,Joshua King,55,Seattle,2023-11-04
372,Daniel Thompson,24,Oklahoma City,2022-06-14
2074,Anthony Allen,59,San Antonio,2024-03-15
2661,Betty Gonzalez,34,San Francisco,2022-12-26
4996,Joshua Taylor,19,Nashville,2025-11-26
8643,Andrew Taylor,31,Houston,2021-07-28
7913,Robert Williams,30,San Diego,2023-12-09
1910,Jane Jones,57,San Jose,2021-11-20
2009,Matthew Jackson,43,Houston,2023-01-22
2336,Dorothy Jones,60,Seattle,2025-08-23
4405,Mark Lee,61,Fort Worth,2022-01-01
8108,Lisa Hernandez,61,San Diego,2024-10-02
6141,Ashley Harris,68,Philadelphia,2021-03-06
5791,Mark Thompson,30,Tucson,2021-11-14
138,Dorothy Walker,30,Oklahoma City,2024-05-01
4223,Sarah Smith,33,Seattle,2020-05-10
5505,Donald Thomas,56,Louisville,2021-03-28
5904,Mark Harris,63,Louisville,2020-05-12
3887,Jane Sanchez,44,San Jose,2021-11-16
5815,Mark Moore,20,San Diego,2024-09-27
7370,Elizabeth Brown,55,Jacksonville,2023-10-23
374,Daniel Walker,67,New York,2024-04-07
3976,Jennifer Rodriguez,18,Charlotte,2022-12-05
4915,David Williams,32,Louisville,2020-01-11
7699,Nancy Clark,35,Oklahoma City,2023-11-10
4062,Jennifer Thomas,63,Las Vegas,2022-02-07
5169,Nancy Martinez,45,Denver,2023-01-22
3080,Lisa Garcia,18,Kansas City,2023-10-08
271,Joshua Lewis,22,San Francisco,2022-01-10
4295,Amanda Sanchez,57,Houston,2024-03-27
1098,Joshua Lopez,67,Louisville,2024-10-10
480,Michael Allen,42,Baltimore,2023-10-05
397,Dorothy King,29,Fresno,2022-05-05
588,Robert Taylor,48,Fresno,2022-08-17
4190,Emily Brown,67,Baltimore,2021-07-12
182,Paul Anderson,28,New York,2021-09-02
1727,Lisa Wilson,65,Phoenix,2024-07-26
1790,Ashley Rodriguez,42,Columbus,2020-05-15
1401,Michael Martin,69,Houston,2020-05-07
9067,Jennifer Jackson,22,Louisville,2020-08-08
622,Matthew Lee,62,Philadelphia,2021-12-28
6503,Christopher Sanchez,60,Fresno,2022-11-28
