C_ID,C_NAME,AGE_YRS,LOC_CD,REG_DT
3262,Amanda Garcia,42,Dallas,2022-02-19
4183,Andrew Wilson,44,Austin,2020-07-14
8313,Deborah Rodriguez,36,Oklahoma City,2023-09-13
2508,Emily Lopez,54,Philadelphia,2020-06-12
4260,Lisa Gonzalez,58,Albuquerque,2021-06-11
4822,Deborah Anderson,49,Albuquerque,2024-01-17
8440,Karen Lopez,26,Los Angeles,2023-10-05
9479,Elizabeth Martin,45,San Francisco,2025-07-12
6481,Lisa Clark,31,Fort Worth,2024-12-07
6262,Daniel Lewis,57,Indianapolis,2023-05-07
8327,James Lewis,22,Jacksonville,2021-12-05
3268,Lisa Young,70,Houston,2021-04-20
7804,John Lewis,60,Mesa,2024-11-19
69,David Martinez,43,Fort Worth,2021-09-24
757,Jennifer Lopez,18,Indianapolis,2023-06-05
2952,Sarah Thomas,23,Baltimore,2023-10-12
6586,Sarah Walker,46,Houston,2020-12-26
2184,Daniel Taylor,25,Baltimore,2022-10-24
6411,Daniel Miller,18,Indianapolis,2021-10-09
7244,James Perez,66,Seattle,2025-01-12
8308,James Hernandez,47,Dallas,2022-12-04
8122,Paul Rodriguez,51,Oklahoma City,2025-07-28
2714,John Clark,37,Fort Worth,2024-03-22
9508,Sarah Perez,46,Jacksonville,2024-04-17
1828,Jessica Garcia,64,Denver,2021-01-18
9165,Lisa Lewis,40,Albuquerque,2021-06-23
125,Lisa Hernandez,54,Boston,2024-04-01
7606,Lisa Walker,56,San Diego,2023-09-25
6091,Steven Walker,24,Austin,2020-11-05
4652,Anthony Lopez,60,Jacksonville,2022-06-07
5736,Robert Gonzalez,49,Kansas City,2023-10-16
6731,Nancy Clark,28,San Antonio,2023-08-09
9626,Robert Moore,19,Oklahoma City,2021-10-18
9007,Lisa Hernandez,55,Charlotte,2020-11-14
7130,Jane King,26,Portland,2022-10-13
540,Lisa Martinez,36,Indianapolis,2024-09-07
1356,Deborah Moore,42,Columbus,2025-01-01
1346,Paul Walker,29,Los Angeles,2022-05-12
4327,Mark Miller,39,Sacramento,2023-02-27
7626,Robert Ramirez,43,San Francisco,2021-08-05
4317,Sarah Gonzalez,18,Albuquerque,2025-03-15
6641,Steven Davis,34,Louisville,2022-02-02
1875,Ashley Smith,40,New York,2025-12-21
3960,Emily Martinez,42,Las Vegas,2022-07-27
4708,Robert Robinson,57,San Jose,2020-09-03
3263,Jessica Lopez,53,Tucson,2024-04-27
2596,Daniel King,42,Indianapolis,2021-02-14
8548,Betty Smith,50,Boston,2021-06-16
7551,Matthew King,63,Seattle,2023-01-23
5778,Amanda White,64,Boston,2022-09-04
3386,Betty Anderson,66,Houston,2025-07-12
9363,Amanda Johnson,27,Houston,2021-03-08
377,Dorothy Lee,29,Seattle,2022-04-22
8728,Christopher Hernandez,66,Phoenix,2022-07-16
8122,David Clark,44,Fresno,2025-02-26
3243,Lisa Jones,59,Albuquerque,2021-09-06
5019,Andrew Lewis,27,Fresno,2025-04-06
9367,Ashley Martin,41,Boston,2020-05-22
934,Elizabeth Gonzalez,68,New York,2024-05-15
1886,Lisa Ramirez,31,San Francisco,2021-01-26
266,Paul Taylor,28,Washington,2024-10-16
6732,Paul Perez,45,Fresno,2020-01-18
1763,Andrew Lopez,36,Denver,2025-06-28
7169,Steven Jones,69,Portland,2020-06-10
1033,Christopher Taylor,42,Milwaukee,2023-12-05
4707,Amanda Thompson,41,Washington,2023-12-23
2434,John Clark,66,Albuquerque,2021-12-06
2692,Amanda Anderson,56,Las Vegas,2022-08-21
206,Anthony Young,70,Columbus,2020-12-05
9868,Karen Brown,22,Houston,2023-07-28
5428,Michael Thompson,44,Fresno,2020-12-24
8004,Joshua Robinson,19,San Jose,2021-11-08
9598,Paul Allen,51,San Antonio,2022-09-09
830,Nancy Lee,54,Oklahoma City,2021-11-19
6766,Jennifer Thompson,46,Columbus,2023-11-12
