C_ID,C_NAME,AGE_YRS,LOC_CD,REG_DT
6594,Mark Walker,42,Charlotte,2023-01-01
1750,Karen White,50,San Jose,2021-04-22
7232,Amanda White,55,Tucson,2023-09-23
968,Jennifer Miller,46,Jacksonville,2024-11-12
2050,Betty Ramirez,44,Louisville,2025-01-13
6576,Dorothy Wilson,39,Seattle,2021-04-12
7734,James Gonzalez,48,New York,2020-02-02
4316,Andrew Walker,24,Los Angeles,2020-11-11
4724,Donald Walker,40,Fresno,2022-03-16
9977,Dorothy Jackson,51,Indianapolis,2025-05-10
4394,David Thompson,68,Columbus,2024-04-20
1439,Amanda Martin,57,Kansas City,2023-05-24
5552,Karen Jackson,32,Indianapolis,2023-06-19
2419,Amanda Thomas,29,Mesa,2025-09-21
6646,Emily Brown,29,Oklahoma City,2020-03-21
9967,Christopher Williams,66,Albuquerque,2023-02-17
4719,Lisa Young,50,San Diego,2022-06-06
2034,Jennifer Hernandez,22,Philadelphia,2025-02-11
7649,Daniel Garcia,63,Baltimore,2021-04-04
1735,Andrew Young,43,San Diego,2021-04-17
172,Matthew Brown,24,San Antonio,2024-11-08
249,Betty Thompson,70,Washington,2024-04-16
6228,Elizabeth Ramirez,66,Baltimore,2020-04-09
1495,Sarah Miller,61,Kansas City,2022-07-08
4476,Daniel Hernandez,62,San Jose,2025-12-05
4484,John Lee,67,San Jose,2021-04-20
5615,Amanda Thompson,63,San Antonio,2021-01-18
7834,Daniel Hernandez,63,Sacramento,2025-04-16
1797,Karen Garcia,59,Columbus,2021-10-04
1059,Donald Garcia,57,Washington,2021-01-22
4132,Amanda Robinson,35,Los Angeles,2020-10-07
3418,John Allen,65,Washington,2023-08-25
6595,Emily Williams,57,Sacramento,2021-06-19
9654,Sarah Rodriguez,27,Nashville,2022-12-10
5183,Nancy Allen,59,Fresno,2021-08-21
9293,Jane Young,63,Los Angeles,2025-03-12
2210,Christopher Ramirez,49,Charlotte,2020-06-27
7369,Nancy King,36,Fort Worth,2024-12-08
604,Nancy Anderson,22,Jacksonville,2021-11-26
8119,Deborah Robinson,21,Philadelphia,2025-09-23
9389,Jane Ramirez,60,Chicago,2022-12-15
3374,Steven Allen,60,Seattle,2025-10-27
704,Lisa Thomas,23,Kansas City,2024-10-09
8483,Emily Taylor,50,Boston,2021-07-15
2680,Donald Thomas,63,Denver,2024-01-16
6811,Nancy Perez,53,Mesa,2024-07-18
7204,Betty Lewis,40,San Diego,2023-08-12
7978,Donald Miller,29,Fort Worth,2023-06-19
1914,Amanda Davis,22,San Jose,2023-01-14
7842,Michael Gonzalez,52,Boston,2025-01-19
1727,Mark Walker,38,Charlotte,2024-05-04
4838,John King,18,Seattle,2025-07-26
3626,Donald Young,58,Austin,2023-04-16
318,Lisa Lopez,67,Seattle,2022-01-23
9248,Jessica Williams,60,Sacramento,2021-10-27
5635,Daniel Wilson,37,Fort Worth,2020-09-21
5481,Lisa Wilson,67,Kansas City,2022-07-23
8296,Emily Wilson,58,Baltimore,2020-12-13
6162,Deborah Harris,63,Fort Worth,2021-05-09
5566,Donald Allen,46,Jacksonville,2024-01-28
3977,Elizabeth Lee,68,Portland,2024-02-25
8682,Nancy King,41,Nashville,2023-10-16
7570,James Anderson,23,Charlotte,2025-01-18
8508,Karen Thomas,36,New York,2022-06-17
1241,Michael Gonzalez,54,Nashville,2024-01-26
3343,Christopher Brown,59,Mesa,2022-03-03
9210,David Ramirez,43,Milwaukee,2021-12-20
4175,Michael Brown,63,Milwaukee,2025-03-05
7949,Joshua Thomas,41,San Antonio,2023-08-25
9084,Deborah Robinson,69,Denver,2024-02-24
2273,Jane Thompson,25,Jacksonville,2025-06-03
4078,Anthony Jones,26,Kansas City,2025-05-12
4641,James Allen,55,Los Angeles,2020-03-19
6478,Dorothy Smith,66,Jacksonville,2021-11-07
1466,Christopher Walker,20,Los Angeles,2025-10-07
