EMP_ID,EMP_NM,DEPT_CD,SAL_AMT
6845,Karen Martin,Research,33961
1408,Deborah Thompson,Research,136852
6214,Sarah Moore,Research,143890
7830,Karen Williams,Customer Service,88153
377,Sarah Clark,Legal,77209
7089,Matthew Anderson,Marketing,125885
6492,Jane Miller,Legal,64189
9306,Anthony Ramirez,Marketing,88588
8237,Anthony Ramirez,Research,34575
1775,Joshua Sanchez,Marketing,144025
1990,Jane Miller,Customer Service,122401
494,Sarah Lewis,IT,94498
9614,Emily Davis,Finance,136242
504,Lisa Lopez,Operations,43502
8229,David White,Customer Service,48314
944,Andrew Wilson,Legal,129707
8772,David White,HR,121595
3516,Paul Thompson,Finance,44326
6691,John Miller,HR,122884
1535,Amanda Thomas,Finance,37926
7271,Amanda Thompson,HR,71412
4830,Andrew Ramirez,Legal,119651
8845,John Jones,Operations,69876
6068,Anthony Jackson,Engineering,130221
102,Donald Brown,IT,31206
4499,Amanda Davis,HR,31497
216,Anthony Hernandez,IT,115031
6324,Daniel Sanchez,Research,75264
7865,Steven Sanchez,Marketing,113896
9301,John Johnson,Customer Service,46193
1808,Deborah White,HR,132540
843,Paul Thompson,Legal,103032
9257,Paul Miller,Sales,69780
3611,Karen Wilson,HR,85985
8161,Karen Lewis,Marketing,145065
2732,Jessica Wilson,Marketing,80763
3731,Sarah Lewis,Customer Service,141874
7667,Dorothy Garcia,Customer Service,120632
8985,Joshua Garcia,Marketing,75582
4107,Ashley Miller,IT,119517
9645,Robert Young,Operations,95075
7113,Mark Harris,Operations,93990
6828,David Garcia,Customer Service,85731
7523,Jessica King,Research,79666
9764,Robert Rodriguez,Legal,117641
364,Elizabeth Davis,Marketing,67611
5265,Steven Jackson,Customer Service,83159
5851,Emily Garcia,Operations,95272
2049,John Anderson,Customer Service,64269
9468,Joshua Sanchez,Operations,107192
6765,John Perez,Sales,51573
3545,Jessica Allen,IT,85847
9173,Michael King,Engineering,34334
9132,Elizabeth Martin,Engineering,106312
2637,Michael Rodriguez,IT,101940
3463,Anthony Robinson,Sales,61557
9733,Andrew Sanchez,Legal,122785
9471,David Smith,IT,80051
3074,Paul Hernandez,Research,44249
7368,Matthew Miller,IT,128153
8718,Sarah Anderson,HR,86652
8224,Christopher Hernandez,Legal,138432
3110,Joshua Thompson,Legal,121499
2276,Betty White,Legal,94352
161,Lisa Harris,Marketing,101555
5767,Paul White,Operations,100727
472,Elizabeth Miller,Research,98131
6475,Lisa Clark,Finance,33138
9943,Lisa Smith,Research,138765
3613,Joshua Anderson,Operations,109177
7750,Dorothy Young,Legal,123460
6283,Andrew King,Customer Service,107064
9600,James Johnson,Customer Service,118258
2347,Lisa Harris,Finance,111702
8365,Karen Anderson,Research,110341
9433,Jane Brown,Operations,114203
3969,Andrew Allen,Customer Service,86391
4663,Jessica Williams,Research,119757
7974,Ashley Smith,Customer Service,103677
6655,Sarah Moore,Finance,107121
1617,Jessica Miller,IT,46597
2119,Daniel Moore,Engineering,112641
9960,Andrew Thomas,IT,49433
6823,Christopher Davis,Operations,66851
3289,Jennifer Williams,IT,79146
4580,Andrew Sanchez,Marketing,84834
5135,Joshua Martinez,HR,31090
6569,Betty Gonzalez,Operations,96617
1422,Robert Sanchez,Operations,67277
3692,Daniel Miller,IT,121344
1455,Christopher Walker,Research,87260
2774,Jane Jones,Marketing,77672
7281,Robert White,Operations,106566
6918,Sarah King,Research,81125
6624,Betty Walker,IT,82482
9390,Donald Williams,Operations,116231
2244,Anthony White,Finance,113262
6367,Betty Johnson,Research,33674
1213,Steven Lopez,Customer Service,127019
5977,Mark Martin,Legal,39934
