C_ID,C_NAME,AGE_YRS,LOC_CD,REG_DT
6462,Donald Anderson,50,Oklahoma City,2020-02-23
5732,Lisa Jones,22,San Francisco,2020-11-20
5587,Jane Walker,60,San Diego,2022-11-13
7371,Elizabeth Thomas,67,Sacramento,2025-11-09
8438,Sarah Davis,54,Jacksonville,2022-02-23
6838,Betty Clark,61,San Diego,2024-08-26
8696,Andrew Hernandez,47,San Diego,2024-06-22
2354,Paul Rodriguez,51,Nashville,2020-04-09
3129,Daniel Perez,29,San Jose,2021-08-08
8684,Matthew Young,43,Kansas City,2024-07-21
3214,Dorothy Perez,51,Fresno,2020-10-11
8564,Anthony Wilson,38,Austin,2021-09-20
6643,Christopher Brown,47,Philadelphia,2020-07-19
3853,Robert Thompson,24,Tucson,2021-10-02
2094,Daniel Thomas,67,Austin,2022-02-24
4463,Andrew Jones,34,Philadelphia,2021-08-19
5534,Amanda Hernandez,66,Charlotte,2020-06-11
7546,Joshua Robinson,68,Indianapolis,2024-04-04
3654,James Allen,45,Indianapolis,2024-01-16
301,Amanda Robinson,63,San Diego,2025-11-06
953,Joshua Sanchez,50,Albuquerque,2022-04-01
9710,Paul Clark,43,Baltimore,2021-04-27
9769,Amanda Martinez,32,Baltimore,2025-08-12
6974,Andrew Rodriguez,39,Seattle,2020-12-08
7048,Dorothy Jackson,36,Albuquerque,2022-07-12
3782,Nancy Rodriguez,66,Nashville,2021-06-05
7261,Daniel Gonzalez,32,Portland,2022-01-15
2556,Matthew Clark,44,Las Vegas,2021-02-19
4575,Amanda Garcia,52,Albuquerque,2025-01-22
926,Andrew Williams,47,Boston,2023-09-25
8270,Lisa Gonzalez,30,San Francisco,2023-10-15
6195,Paul Anderson,38,Portland,2024-04-26
503,Michael Thomas,58,Albuquerque,2022-12-15
8022,John Clark,35,New York,2020-02-02
3468,Ashley Rodriguez,49,San Francisco,2022-10-01
773,Anthony White,58,Houston,2021-11-20
6971,Jane Lee,47,Louisville,2020-12-20
3523,Michael Martin,60,Baltimore,2024-08-13
1358,Steven Martin,35,Dallas,2020-09-21
8130,Andrew Lewis,45,San Diego,2025-01-24
7082,Jennifer Lee,54,Los Angeles,2022-05-15
9705,Lisa Miller,52,Portland,2020-01-12
2637,Donald Sanchez,54,Houston,2022-05-23
2465,Elizabeth Robinson,44,Jacksonville,2021-01-02
291,Deborah Johnson,27,Fresno,2025-11-26
9127,Robert Garcia,37,Mesa,2022-07-06
4623,Jennifer Davis,69,Seattle,2023-04-03
9294,Jessica Miller,20,San Antonio,2025-09-21
7119,James Thompson,20,New York,2020-05-22
2887,James Lee,68,San Jose,2024-05-15
7357,Betty Martin,30,Phoenix,2023-08-27
9423,Michael Allen,59,Denver,2021-02-11
1870,Jessica Davis,48,Houston,2020-08-08
1615,Elizabeth Lee,67,San Jose,2021-12-13
60,Karen Taylor,58,Fort Worth,2023-05-21
7284,Jennifer Thomas,56,Mesa,2023-06-14
4653,Sarah Williams,63,Portland,2020-12-14
5458,Ashley Wilson,36,San Diego,2024-03-24
945,Karen Rodriguez,68,New York,2024-08-13
9553,Ashley Perez,52,Nashville,2020-11-20
3937,Emily Ramirez,64,San Diego,2025-12-02
7178,Amanda Martinez,59,Columbus,2025-09-14
8703,Nancy Wilson,64,Portland,2020-01-14
4087,Jessica Allen,70,Seattle,2024-06-23
5368,Lisa Ramirez,53,Kansas City,2020-09-19
6819,Deborah Thompson,23,Fort Worth,2024-02-08
9170,Deborah Thomas,55,Indianapolis,2025-11-13
574,Ashley Lee,21,Baltimore,2020-07-09
6292,David Sanchez,28,San Jose,2023-04-24
9954,Paul Smith,42,Jacksonville,2024-01-22
4027,Matthew Anderson,39,Austin,2023-09-22
272,Daniel Taylor,46,Nashville,2020-10-08
2133,Andrew Garcia,44,Charlotte,2023-02-05
4550,David Martin,38,Portland,2023-06-15
1829,Christopher Robinson,44,Albuquerque,2020-09-25
