EMP_ID,EMP_NM,DEPT_CD,SAL_AMT
3985,Jennifer Taylor,Customer Service,47508
6597,Amanda Anderson,Operations,93853
1954,Daniel Lee,Operations,87631
2303,Elizabeth Davis,Finance,145975
9601,Lisa Brown,Operations,139902
9102,Michael Thomas,Customer Service,38411
8234,Lisa Young,Customer Service,73107
121,Paul Thompson,Operations,51310
8535,John Johnson,Engineering,128532
9791,Christopher Wilson,Operations,37335
6902,Jane Walker,Sales,52104
9485,Betty Sanchez,Customer Service,125656
6928,Jennifer Miller,Operations,126341
4326,Matthew Gonzalez,Finance,49312
6692,Joshua Perez,IT,71271
7664,David Miller,Customer Service,90557
1889,James Lewis,Customer Service,62907
9235,Paul Lee,IT,46047
3816,Jessica Thompson,Engineering,127289
8531,Steven Thompson,HR,97196
219,Donald Lewis,Research,128462
4400,Lisa Allen,Operations,65643
715,Mark Wilson,Marketing,57845
7092,Jennifer Lewis,HR,124723
5019,Joshua Taylor,Sales,37658
4727,Jennifer Harris,HR,45766
5634,Joshua Ramirez,Research,43246
1001,David Robinson,Marketing,129865
8892,Lisa Lee,Customer Service,120729
6459,Jane Ramirez,IT,41449
7063,Matthew Walker,Marketing,85337
3127,Karen Rodriguez,Legal,73043
2904,Betty Clark,Finance,75287
2741,Steven Ramirez,Sales,135590
757,James Harris,Research,146735
2976,Dorothy Harris,Research,68285
9530,Matthew Miller,Research,140327
9992,Jennifer Jones,Sales,134170
3911,Joshua Wilson,Customer Service,110881
4715,Michael Clark,Research,35568
8873,Jane Thompson,Legal,83207
5454,Emily Moore,IT,77385
8629,Nancy Jones,Engineering,146091
6758,John Garcia,Operations,134460
4255,Mark Wilson,HR,77786
6471,Sarah Brown,HR,115981
78,Joshua Moore,Operations,49507
3401,Steven Sanchez,Sales,121112
5898,Paul Williams,Engineering,142739
4154,Ashley Garcia,Customer Service,39933
4377,Michael Perez,Sales,108059
5274,Jennifer Jones,Engineering,76645
7908,Robert Williams,HR,131407
2441,Amanda Miller,Operations,32537
3329,Donald Jackson,Engineering,103407
4002,Ashley Thomas,Marketing,72647
8787,Dorothy Anderson,Engineering,105688
2137,Jennifer Clark,Research,44209
8470,Paul Williams,Research,70662
6154,Donald Taylor,Research,124535
396,Betty Ramirez,Engineering,134684
235,Robert Taylor,HR,118091
5305,Daniel Anderson,Finance,125422
3504,Steven Garcia,Research,109024
2614,Lisa Young,Customer Service,146944
8901,Elizabeth Williams,Marketing,98275
9676,Andrew Thomas,Research,133019
8102,Jessica Clark,Customer Service,135491
9709,Steven Smith,Legal,90971
2741,Betty Williams,Engineering,97873
1797,Dorothy Martinez,Research,45972
6943,Dorothy Wilson,Customer Service,116738
9434,John Martin,Research,105776
5431,Emily Robinson,Finance,58841
685,Amanda Wilson,Engineering,140942
2514,Elizabeth Rodriguez,Legal,146880
8580,Sarah Martin,Operations,81209
5989,Mark King,Customer Service,128441
4197,Nancy Thomas,Finance,106318
4291,Jennifer Thomas,Operations,130016
1683,James Perez,Operations,87516
6072,James Sanchez,IT,90110
1982,Lisa Martinez,Research,129551
3008,Anthony King,Research,87042
6202,Dorothy Young,Finance,130457
7816,Emily White,Customer Service,87615
5430,Elizabeth King,IT,89404
8260,Mark White,Marketing,69979
7519,Robert Brown,Finance,31778
6991,Ashley Harris,Research,99424
9686,Jennifer Rodriguez,IT,144140
1296,Amanda Lee,Finance,81779
5190,Robert Brown,Finance,102158
1856,Dorothy Jackson,Finance,83363
2791,Steven Perez,Customer Service,40757
3318,Dorothy Jones,HR,111701
5150,Paul Davis,IT,54622
103,Jessica Robinson,Marketing,105420
7300,Andrew Moore,Research,144559
854,Matthew Anderson,Marketing,77078
