C_ID,C_NAME,AGE_YRS,LOC_CD,REG_DT
3745,Paul Perez,20,Fort Worth,2020-12-23
3148,Christopher Harris,62,Mesa,2023-01-15
9603,Dorothy Smith,38,San Francisco,2024-02-09
6653,James Lewis,55,San Francisco,2025-08-17
3991,Michael Allen,52,Philadelphia,2023-06-27
6834,Ashley Ramirez,66,Seattle,2022-02-21
3065,Paul Gonzalez,31,Columbus,2020-11-02
5952,James Rodriguez,18,San Jose,2023-12-20
2643,Karen Perez,44,Chicago,2025-01-11
3301,John Hernandez,34,San Antonio,2025-09-10
5276,John Lee,51,Nashville,2020-01-07
131,David Thompson,46,Tucson,2025-01-06
5809,Karen Clark,27,San Antonio,2025-06-03
2947,Betty Gonzalez,34,Washington,2023-01-03
8335,Jessica White,67,Fresno,2024-08-19
168,Deborah Ramirez,50,Nashville,2024-05-27
4606,Andrew Gonzalez,52,Tucson,2020-11-24
7830,Joshua Anderson,46,Jacksonville,2024-03-14
1638,John Lee,60,Columbus,2023-05-16
6941,Joshua Miller,39,Mesa,2023-05-27
3194,Daniel Young,28,Seattle,2024-06-19
8763,Paul Hernandez,47,Houston,2021-07-17
3857,Steven Jones,54,New York,2023-06-19
1953,Emily Sanchez,39,Boston,2021-02-02
1225,Matthew King,35,Austin,2023-10-04
630,Dorothy Young,56,New York,2025-09-20
8123,Daniel Lopez,66,Baltimore,2024-08-12
5982,Nancy Sanchez,23,San Jose,2023-07-10
2142,James Lopez,22,Fresno,2023-05-11
1520,Christopher Perez,44,Washington,2020-06-24
4814,Anthony Miller,53,Portland,2021-01-17
8084,Michael Johnson,62,Seattle,2024-03-11
9927,James Anderson,45,Chicago,2023-10-23
3159,Daniel Robinson,30,Las Vegas,2024-09-06
4046,Betty Williams,33,Dallas,2022-09-27
1072,David Thomas,31,Baltimore,2023-08-18
7244,Anthony King,20,Boston,2025-01-27
6244,Matthew Ramirez,59,Columbus,2020-09-15
4768,Elizabeth Taylor,41,Washington,2023-07-07
4956,Donald Ramirez,56,San Diego,2022-10-15
7604,Steven Smith,28,Houston,2024-01-15
8421,Dorothy Walker,19,Charlotte,2022-08-13
5090,Christopher Anderson,27,Baltimore,2020-01-12
9638,Daniel Smith,70,San Diego,2020-11-22
9154,Donald Rodriguez,46,Washington,2022-12-14
9564,Steven Thomas,31,Las Vegas,2020-03-03
7398,Deborah Robinson,60,Columbus,2021-03-12
171,Steven Smith,44,Sacramento,2023-02-26
9024,Amanda Rodriguez,24,San Diego,2024-08-18
6597,Christopher Hernandez,56,Houston,2024-09-10
706,Deborah Robinson,64,New York,2023-06-19
6527,Jessica Martin,37,Tucson,2021-06-28
8815,Donald Walker,47,Baltimore,2023-01-03
7573,Donald Martin,22,Kansas City,2023-09-07
1323,Robert Johnson,58,Fort Worth,2020-10-09
8343,Amanda Lopez,41,San Francisco,2024-09-18
1413,Nancy Lewis,43,Portland,2024-08-11
1357,Jane Taylor,55,Nashville,2022-04-06
7836,Ashley Johnson,41,Charlotte,2020-06-14
2799,Michael Ramirez,56,Austin,2025-03-16
8210,Elizabeth White,23,San Antonio,2020-01-08
9224,Steven Lee,19,Sacramento,2023-08-21
2344,Dorothy Martin,45,Chicago,2023-07-18
5597,Daniel Garcia,69,San Diego,2020-12-05
2004,Andrew Wilson,41,Boston,2022-10-10
7045,Paul Clark,38,Chicago,2024-05-22
890,Jessica Gonzalez,59,San Antonio,2020-04-09
168,Jane Garcia,44,Boston,2025-03-23
5488,Jane King,68,Mesa,2020-06-07
6592,James Martinez,18,Seattle,2021-01-17
5390,Matthew Williams,55,Las Vegas,2025-04-05
1462,Elizabeth Walker,55,Mesa,2025-03-07
288,Amanda Allen,54,Washington,2021-08-24
5962,Amanda Walker,67,Boston,2021-07-13
4355,Andrew Perez,38,Las Vegas,2020-08-06
