C_ID,C_NAME,AGE_YRS,LOC_CD,REG_DT
3454,Jane Clark,37,San Jose,2024-07-26
8480,Andrew Clark,34,Las Vegas,2021-05-18
2102,Michael Brown,49,Seattle,2024-01-17
3733,Steven Williams,47,Oklahoma City,2021-08-16
9909,Anthony Robinson,35,Albuquerque,2022-10-18
895,Mark Hernandez,67,Mesa,2020-06-28
6509,Jane Jackson,46,Seattle,2025-01-26
6894,Elizabeth Lee,66,Houston,2023-06-16
9851,John Brown,46,San Diego,2025-03-05
8038,James Gonzalez,38,Indianapolis,2021-03-28
3072,Daniel Brown,23,Philadelphia,2023-03-02
3206,Emily Allen,18,Charlotte,2024-11-26
3533,Nancy Anderson,66,Dallas,2023-09-13
5184,Joshua Smith,22,Baltimore,2024-10-14
1306,Karen Davis,22,Jacksonville,2020-06-14
7277,Karen Jackson,57,Tucson,2020-07-17
7733,Mark Taylor,31,Boston,2021-08-14
5443,James Johnson,41,Mesa,2022-04-18
8010,James Gonzalez,33,Fresno,2024-11-04
5383,Jennifer Martinez,70,San Jose,2023-05-14
8872,Lisa Robinson,25,Tucson,2022-11-22
1753,Robert Allen,65,San Antonio,2023-03-08
5791,Anthony Gonzalez,41,Fresno,2025-05-07
6312,Paul Jones,37,Tucson,2023-04-16
5724,Sarah Thomas,28,Fresno,2023-07-16
5325,Mark Ramirez,30,Columbus,2020-01-04
3639,Michael Young,19,Milwaukee,2020-06-13
8815,Jennifer Wilson,66,Baltimore,2024-05-11
9590,Amanda Allen,40,Washington,2025-06-06
8313,Dorothy Anderson,22,Los Angeles,2020-07-27
1042,Jessica Martin,53,Jacksonville,2024-11-11
6217,Dorothy Gonzalez,69,Albuquerque,2020-08-14
4643,Robert Martinez,63,Charlotte,2022-12-15
7253,Paul White,59,San Antonio,2025-06-28
637,Paul Robinson,31,Louisville,2024-02-08
4895,Steven Young,60,Charlotte,2022-09-20
2885,Jane Martin,41,Fort Worth,2025-06-23
6723,Donald Young,43,San Antonio,2020-03-25
9486,Jane Lee,58,Albuquerque,2022-12-08
1595,Jennifer Williams,57,Austin,2025-09-20
8774,Karen Lee,46,New York,2023-07-03
1621,Paul Allen,35,Mesa,2024-10-04
9450,Paul Garcia,24,Columbus,2020-03-06
5344,Christopher Young,36,Louisville,2020-10-27
9515,Daniel Perez,66,Fort Worth,2022-02-05
3158,Daniel Sanchez,67,Los Angeles,2020-10-01
7763,Elizabeth Wilson,23,Las Vegas,2024-12-23
6971,Andrew Martinez,46,Charlotte,2021-12-01
5025,Daniel Garcia,56,Sacramento,2025-04-02
4466,James Sanchez,39,Tucson,2022-08-13
8411,Jennifer Smith,33,Jacksonville,2025-12-10
8229,Lisa Walker,69,Albuquerque,2022-01-05
150,Amanda Martin,67,Oklahoma City,2025-08-28
3979,Nancy Brown,31,Fort Worth,2021-01-13
4082,Paul Clark,30,Philadelphia,2023-05-05
9530,Jane Lee,66,Austin,2021-05-21
7353,Lisa Martin,63,Milwaukee,2021-06-04
3647,Betty Gonzalez,29,New York,2022-07-03
278,Lisa Allen,45,San Francisco,2021-09-14
7340,Matthew Allen,19,Dallas,2020-09-27
4120,Ashley Williams,60,Las Vegas,2020-09-18
2926,John Johnson,21,Dallas,2022-08-09
8788,Daniel White,70,Portland,2022-06-19
3949,Mark Davis,65,Kansas City,2020-04-28
7125,Elizabeth Thomas,58,Phoenix,2025-12-20
9309,Ashley Robinson,33,Fort Worth,2024-04-16
6775,John Anderson,23,San Jose,2020-02-23
9138,Donald Lee,55,Fort Worth,2023-09-23
5027,Paul Davis,39,Boston,2022-07-04
842,Jessica Clark,67,Oklahoma City,2020-10-20
9428,Lisa Martin,31,Chicago,2022-01-03
9096,Lisa Walker,32,Boston,2021-02-18
1433,James Harris,39,Portland,2020-05-27
1037,Deborah Ramirez,53,New York,2024-01-07
1953,Lisa Ramirez,24,Portland,2022-08-20
