EMP_ID,EMP_NM,DEPT_CD,SAL_AMT
3065,Donald Garcia,Legal,123430
5606,Christopher Gonzalez,Legal,142705
4110,Karen Harris,Research,72384
316,Karen Moore,Sales,108070
8437,Karen Miller,Marketing,83599
8463,Christopher Garcia,Research,73053
133,Ashley Young,Marketing,74107
7290,Jane Perez,Finance,125745
648,Ashley White,Marketing,67821
5310,Amanda Williams,Legal,68058
5669,Ashley Brown,Operations,112855
3198,Steven Garcia,Marketing,120443
949,Christopher Johnson,Research,98488
3019,Sarah Young,Research,41840
2985,Sarah Garcia,HR,132694
2012,John Garcia,IT,139281
1722,Jennifer Martinez,Finance,133730
1748,James Hernandez,Marketing,129998
6856,Lisa Lopez,Marketing,41457
937,Deborah Allen,Engineering,36159
7400,John King,Operations,129690
5569,John Lewis,Finance,75682
8135,Nancy Thomas,Marketing,58587
846,Robert Davis,IT,55363
2642,Sarah Sanchez,Sales,96374
3389,Jane Williams,IT,125570
2184,Elizabeth Johnson,Operations,134051
4673,John Smith,Legal,34290
2867,Betty Smith,Marketing,110413
3870,Sarah King,IT,77780
5664,Betty Perez,Finance,107963
5201,David Perez,Engineering,102895
9250,Dorothy King,Finance,98027
6714,Jessica Walker,IT,94111
1337,Jennifer Williams,Customer Service,135059
3036,Jennifer Jackson,Operations,138688
9987,James Ramirez,Operations,127564
2340,Matthew Miller,Finance,77831
5960,Jane Hernandez,Operations,82953
4962,Matthew Sanchez,Research,63287
8374,Sarah Smith,Engineering,42635
357,Ashley Rodriguez,Operations,81294
4184,Donald Smith,Research,91306
3898,Joshua Rodriguez,Engineering,70712
4583,James Thompson,Marketing,119854
2155,James Miller,Sales,92035
673,John Moore,Finance,107101
884,Betty Robinson,HR,141808
9329,Anthony Gonzalez,Research,92072
7707,Jennifer Thomas,Sales,101108
7643,Anthony Robinson,HR,110092
866,David Thomas,Marketing,50803
6033,Anthony Ramirez,Legal,108870
2159,Jane White,Customer Service,68402
6761,Jennifer Thompson,Operations,39043
2191,Ashley Thompson,Sales,53253
6686,James Thompson,Operations,31181
9495,Mark Taylor,IT,58604
8448,Mark Smith,Finance,91518
9197,Jessica Brown,Research,135569
4646,Karen Lee,Finance,90510
1025,Emily Johnson,Customer Service,121331
852,Dorothy Lewis,HR,118547
9133,Mark Thomas,HR,44238
5345,Lisa Martinez,Finance,129984
4024,Elizabeth Miller,Finance,102725
3406,Dorothy White,IT,137120
7751,Christopher Garcia,Marketing,71275
5240,Emily Martinez,Marketing,62299
2239,Elizabeth Walker,Engineering,65933
8886,Emily White,Engineering,87847
7675,Michael Allen,IT,145259
2568,Deborah King,Engineering,133043
1291,Robert Perez,Research,80441
3326,Daniel Taylor,Sales,60967
8575,Deborah Miller,Research,84826
598,Jessica Garcia,Engineering,99604
9546,Jane King,Customer Service,99761
8195,Emily Thompson,IT,34434
7618,Paul Lewis,Research,58775
6046,Steven Clark,Customer Service,145027
7186,Lisa Young,IT,59487
2008,Karen Taylor,Legal,120140
5934,James Robinson,Marketing,44885
4447,Emily Jones,Marketing,87066
679,David Lewis,IT,40569
2082,Jennifer Taylor,IT,51765
3780,Daniel Martin,Customer Service,61771
1119,Jennifer Sanchez,Marketing,41644
4193,Amanda Sanchez,HR,69988
9387,David Clark,Operations,38370
7165,Paul Allen,Legal,78051
4105,Jessica King,Sales,99176
8629,Christopher Moore,IT,131295
4950,Betty Allen,Operations,85805
1743,Mark Garcia,Marketing,140480
5746,Anthony Lopez,Legal,33864
7290,Anthony Harris,Research,62482
5807,James Thompson,Legal,82584
6678,Lisa Smith,Marketing,59620
