EMP_ID,EMP_NM,DEPT_CD,SAL_AMT
7638,Joshua Rodriguez,Customer Service,144569
9495,Lisa Thompson,Customer Service,100538
5415,Donald Wilson,Sales,32039
510,Paul Smith,Engineering,94746
366,Andrew Anderson,Sales,34576
6192,Ashley Sanchez,Customer Service,122898
9042,Jessica Martin,HR,126436
1917,Elizabeth Sanchez,Marketing,143545
2941,Lisa Wilson,Operations,36259
6969,Karen Perez,Operations,113327
4574,James Lee,Engineering,137610
23,Betty Smith,Sales,89408
8008,Dorothy Sanchez,Engineering,140083
1801,Jennifer Thompson,HR,88879
4537,Anthony Clark,HR,96252
3943,Christopher Thompson,HR,78253
3821,Robert Johnson,Legal,136537
6569,Christopher Garcia,Legal,43874
3078,Christopher Moore,Operations,48137
5634,John Young,Finance,140244
8827,John Sanchez,Marketing,80121
1809,Jennifer Moore,Finance,68597
5436,Matthew Jackson,Sales,138761
6737,Michael Perez,Finance,90015
7501,Ashley Williams,Legal,59815
7519,Robert Clark,Engineering,122610
6370,Deborah Martin,Finance,116155
7844,James Miller,Engineering,38844
1138,Elizabeth Martinez,Engineering,60300
7096,Lisa Lewis,Customer Service,136625
5425,Karen Lee,HR,130624
7917,Nancy Moore,Operations,119701
7729,Donald Jones,HR,72427
9572,Elizabeth Perez,Finance,123087
204,Robert Garcia,Finance,37038
4136,David Martin,HR,101567
5857,Amanda Allen,Legal,103057
3594,Ashley Lee,Engineering,36553
6814,Joshua Brown,Customer Service,117516
7895,Donald Martinez,Marketing,138795
6763,Jane Brown,Engineering,33357
7554,Lisa Lopez,Finance,53728
8961,Steven Gonzalez,Research,111418
6758,Dorothy Young,Customer Service,98154
964,Lisa Lopez,Engineering,32435
3167,Joshua Ramirez,Customer Service,107304
2405,Lisa Jackson,Marketing,120075
3035,Daniel Young,Marketing,97938
9321,Lisa Lewis,Customer Service,83780
6220,John Clark,IT,111053
3752,Jane White,IT,31860
1423,Donald Thomas,Operations,75522
4381,Deborah Walker,Customer Service,118840
7132,Lisa Martinez,Engineering,63501
8464,Jessica King,Marketing,43550
7851,John Johnson,Marketing,100438
9262,Anthony Perez,Customer Service,34947
3402,Matthew Young,Engineering,71128
775,Joshua Taylor,IT,135623
1856,Lisa Martin,Sales,106581
6941,Joshua Lopez,Legal,115097
4552,Michael Davis,HR,100730
9434,Andrew Johnson,Operations,56930
2265,Donald Robinson,HR,49426
526,Jennifer Davis,Research,86897
6932,Dorothy Young,Customer Service,123681
5130,Joshua Taylor,IT,55377
9149,Elizabeth Jones,Customer Service,75073
4582,Lisa Anderson,Legal,101419
9087,Jessica Walker,HR,144954
5211,Matthew Gonzalez,HR,134729
8684,Lisa Williams,IT,78633
3329,Elizabeth Clark,Research,99368
249,John Wilson,Customer Service,135532
9428,Joshua Sanchez,Sales,112999
2456,Robert Perez,HR,109888
6331,Sarah Allen,HR,58139
6024,Ashley Sanchez,HR,47270
4914,Joshua Lopez,Sales,48734
5215,Betty Thompson,IT,46622
4384,Karen Lopez,Customer Service,34891
8415,Christopher Anderson,IT,105539
6608,Anthony Allen,Research,90831
5633,Betty Gonzalez,HR,117046
429,Betty Ramirez,Operations,111306
2066,Elizabeth Clark,Research,140198
6282,Deborah Lopez,Legal,85413
5907,Betty King,Legal,147856
2609,Mark Harris,IT,84860
5177,Robert Allen,Marketing,103214
1201,Jane Perez,Finance,126168
3718,Joshua Walker,Customer Service,92833
2645,Michael Williams,Customer Service,115706
3832,Elizabeth Robinson,Legal,129351
2120,James King,IT,131640
4377,Steven Davis,Sales,137898
3222,James Rodriguez,Customer Service,92542
6031,Michael Martin,Marketing,106988
645,Daniel Walker,Operations,95787
4795,James Robinson,HR,64514
