EMP_ID,EMP_NM,DEPT_CD,SAL_AMT
663,Christopher Jackson,IT,37146
6444,Jane Martinez,Legal,77008
261,John Rodriguez,Legal,65566
8847,Deborah Moore,IT,85884
3705,Amanda Taylor,Marketing,141534
9716,Emily Wilson,IT,43413
5510,Ashley Rodriguez,Marketing,96354
7933,Steven Moore,Marketing,133295
6925,Mark Sanchez,Sales,78771
7364,Andrew Hernandez,IT,74199
7861,Deborah Lee,Research,43072
527,Deborah Johnson,Sales,92460
2197,Dorothy Lewis,Customer Service,148941
4222,Steven Clark,HR,113427
9795,Matthew Garcia,Marketing,66857
3627,Steven Thompson,Sales,95363
5767,Ashley Martinez,Finance,134413
3246,Jane Martinez,IT,37858
163,Karen Lopez,Sales,80590
9620,Jessica Jones,Legal,134554
8625,Robert Walker,Customer Service,104602
3374,Andrew Wilson,Research,94754
7359,Matthew Brown,Sales,45571
7690,Dorothy King,Research,64025
7523,Nancy Johnson,Legal,145334
3838,Betty Perez,Sales,75138
8036,Emily Anderson,Marketing,138569
524,Jennifer Jones,Marketing,61176
7306,Daniel Thomas,Engineering,98080
5669,John White,Operations,107604
1404,Betty Allen,HR,116831
1042,Daniel Thompson,HR,71595
7329,Michael Lewis,Legal,107005
4806,Sarah Ramirez,Operations,47356
3366,Matthew Smith,HR,84705
9950,Matthew Moore,Finance,41537
2959,Betty Martinez,IT,58167
8520,Andrew Martin,HR,73873
6184,Dorothy Thomas,HR,144339
7284,Jane Lee,Sales,34943
6597,David Rodriguez,Legal,114847
9757,Ashley Walker,HR,136718
1643,Ashley Allen,HR,96351
2062,Mark Perez,Operations,68148
6653,Amanda Young,Legal,75853
1899,David Garcia,Sales,133011
452,Andrew Perez,Legal,89305
9519,Andrew Wilson,Research,39845
5045,Jennifer Lewis,Sales,100268
3999,Emily Moore,Engineering,145856
4405,Mark Wilson,Customer Service,87074
8664,Anthony White,HR,110326
8372,Nancy Jackson,Engineering,49972
3387,Emily Lewis,IT,132400
1307,Ashley Sanchez,IT,110325
9257,Andrew Thomas,Customer Service,130138
1690,Matthew Wilson,HR,125457
4601,Sarah Moore,Finance,51246
8237,Jennifer Perez,Legal,83997
7432,John Davis,Marketing,117292
1579,John Jones,Customer Service,87483
4672,James Martinez,Engineering,53443
4183,Amanda Ramirez,Engineering,129860
6271,Karen Williams,IT,39314
8601,Jennifer Lopez,HR,105605
6706,Christopher Lopez,Sales,129636
7151,Amanda Jackson,Customer Service,41904
1455,Andrew Walker,Legal,94497
3992,Jane Clark,Customer Service,37941
9471,James Anderson,Marketing,108180
409,Steven Ramirez,HR,34947
8601,Lisa Perez,Operations,36035
6238,John Harris,HR,145128
4843,Jessica King,IT,116769
6977,Deborah Smith,Finance,71757
5538,David Thompson,Marketing,131023
138,Emily Lee,Finance,68174
6562,Anthony Clark,Operations,32569
93,Lisa Thomas,Finance,30557
860,David Anderson,Finance,88152
610,Matthew Lee,Marketing,99923
2117,Matthew Martin,Legal,58951
5172,Anthony Walker,Marketing,133142
797,Jane White,HR,129081
7578,Steven Robinson,Engineering,85472
422,Anthony Hernandez,Customer Service,33579
6663,Betty Martin,IT,122190
4496,Deborah Perez,Customer Service,114288
4829,Jessica Thompson,Finance,120395
1046,Lisa Wilson,Customer Service,90679
7078,Robert Thomas,Finance,31613
97,Steven White,IT,97286
7144,Deborah Gonzalez,Sales,103173
2292,Paul Jones,Legal,136965
1769,Jessica Allen,Legal,126814
8969,David Thompson,Legal,124722
665,David Perez,Legal,94733
337,Amanda Miller,Legal,75899
9473,Amanda Jones,IT,85058
4283,Daniel Lewis,Legal,72120
