EMP_ID,EMP_NM,DEPT_CD,SAL_AMT
8948,Dorothy Anderson,HR,90435
8765,Christopher Gonzalez,Sales,116890
9174,Steven Garcia,Sales,80776
3446,Deborah Allen,Operations,41399
4807,Christopher Thomas,HR,70682
579,David Clark,HR,135638
7286,Mark Lewis,Sales,149155
6845,Lisa Moore,Finance,44073
9346,Dorothy Young,Legal,36148
4886,Dorothy Walker,Marketing,32573
8612,Matthew Garcia,Research,131209
6167,Dorothy Rodriguez,Legal,55788
2514,Dorothy Clark,Research,145026
8784,Lisa Jones,Legal,52738
8873,Betty Taylor,Finance,44643
9652,Mark Miller,Engineering,131127
8093,Matthew Martin,Legal,80996
1755,Jessica Smith,Sales,36441
129,Lisa Moore,Legal,125832
3557,Paul Sanchez,IT,72882
967,Ashley Clark,Engineering,38098
6034,Steven Anderson,Finance,88208
6436,Christopher Walker,Finance,125441
3721,Emily Harris,Customer Service,53235
3438,Betty Ramirez,Sales,105037
343,Lisa Lee,IT,124618
4786,Jennifer Sanchez,Operations,31157
9488,Paul Allen,Finance,98533
8351,Steven Wilson,HR,139625
4197,Matthew Thomas,Operations,50472
9560,Steven Williams,Engineering,95134
7160,Anthony King,Engineering,120866
5676,Donald Thomas,Legal,100960
6975,Karen Clark,Legal,40950
383,Lisa Johnson,IT,36494
5259,Karen Brown,Finance,145687
2107,Emily Davis,Sales,95772
2705,Deborah Walker,Sales,43803
2327,Anthony Thomas,Engineering,41306
6327,James Lopez,Engineering,103502
1531,James Perez,HR,98781
6270,Jane Garcia,Sales,99114
6707,Betty Walker,Engineering,95786
5219,Jane Garcia,Finance,99159
4002,Donald Allen,Engineering,147719
7225,Jessica Thompson,Finance,45089
3328,James Young,Legal,93537
3230,Betty Gonzalez,IT,63651
7317,John Young,Sales,35509
3708,Steven Sanchez,Sales,129291
7100,Michael Lewis,Research,72290
7748,Dorothy Jackson,Finance,74957
8260,Lisa Williams,Finance,70100
1553,Matthew Gonzalez,Research,97803
9000,Nancy Lopez,HR,91520
5329,Emily Thompson,Marketing,109146
9578,Paul Smith,Sales,111068
4762,Betty Davis,Marketing,99849
9644,David Walker,IT,107267
4982,Daniel Perez,Engineering,108151
6682,Donald Garcia,Research,92719
9767,Paul Jackson,Customer Service,67694
2444,Ashley Moore,Operations,43478
240,Daniel Clark,Research,32294
7923,Andrew Jackson,Finance,119893
3161,Betty Davis,Finance,50365
2438,Steven Thompson,Customer Service,36479
1599,Betty Taylor,HR,101002
354,Lisa Garcia,Engineering,80382
6756,Donald Young,Research,40005
6273,Deborah Rodriguez,Finance,77532
7385,Matthew Davis,Marketing,148126
7784,Lisa Gonzalez,HR,33358
2471,Jane Allen,Operations,47391
6176,Daniel Moore,Operations,67881
8927,Ashley Miller,Engineering,116205
7381,Betty Robinson,Marketing,74259
4053,Joshua Lewis,Operations,102882
2496,Lisa King,Engineering,70775
7395,Amanda Gonzalez,Customer Service,141466
4376,Jane Thomas,HR,137165
8842,Anthony White,Research,98536
8857,Andrew Thomas,Sales,50168
2831,Lisa Thompson,Customer Service,43915
8637,Emily Hernandez,IT,48149
9483,Andrew Robinson,Research,69105
6284,John Walker,Finance,34248
4360,Lisa Harris,Research,36631
110,Betty Miller,Finance,38108
9458,Ashley Miller,HR,118180
8720,Karen Thomas,Legal,98826
7830,Betty White,Customer Service,52770
1900,Anthony Perez,Engineering,145019
513,Donald Wilson,Research,109844
2125,Betty Harris,Operations,110745
9272,Mark Martin,IT,43557
8906,Mark Lewis,Operations,39470
4615,Betty Young,IT,136538
8689,Paul Hernandez,Legal,57914
8452,Michael Thomas,Customer Service,144364
