C_ID,C_NAME,AGE_YRS,LOC_CD,REG_DT
2900,Jennifer White,52,Oklahoma City,2020-08-25
7303,Steven King,63,Indianapolis,2021-02-26
1693,Joshua Miller,49,Philadelphia,2023-05-17
8333,Anthony Williams,25,San Antonio,2020-06-20
2172,Anthony Hernandez,37,Washington,2022-01-26
7743,Lisa Perez,38,Tucson,2021-02-15
1809,Andrew Jones,20,San Jose,2021-07-06
7315,Paul Moore,53,Columbus,2024-11-20
8273,Jessica Harris,33,Portland,2021-05-14
8067,Steven Anderson,49,Boston,2025-08-27
6414,Jessica Williams,64,Jacksonville,2022-04-28
2424,Emily Moore,58,Denver,2022-10-03
3034,Lisa Harris,30,Nashville,2024-02-20
1648,Jessica Moore,40,Mesa,2021-08-03
776,Daniel Smith,44,Seattle,2024-05-17
4813,Anthony Perez,34,Nashville,2022-04-23
8870,Joshua Thompson,56,Seattle,2022-04-02
7150,Amanda Johnson,46,San Diego,2023-04-10
3937,Anthony Harris,25,San Antonio,2024-11-28
6368,Emily Robinson,35,New York,2024-07-01
7618,Joshua Wilson,21,Washington,2024-11-03
7561,Matthew King,46,Sacramento,2025-05-13
3998,Paul Williams,58,Mesa,2022-10-08
3660,Jessica Smith,18,Nashville,2023-05-07
9132,Ashley White,19,Boston,2023-11-12
7426,Mark Moore,47,Washington,2021-06-06
1772,Steven White,23,Portland,2023-02-17
4426,Jessica Garcia,48,Charlotte,2023-09-10
4859,Sarah Lopez,34,Philadelphia,2023-08-11
5951,Nancy Young,25,Columbus,2025-08-15
9813,Matthew Wilson,54,Boston,2020-01-27
7683,James Ramirez,18,San Diego,2023-11-01
371,Michael Sanchez,53,Phoenix,2022-04-18
6040,James Anderson,68,New York,2022-12-07
6205,Andrew Thomas,48,Kansas City,2021-11-23
5578,Nancy Lewis,27,Nashville,2024-03-11
5345,Donald Jackson,37,Mesa,2024-07-13
6545,Nancy Martin,45,Charlotte,2020-06-22
3619,Robert Ramirez,24,Portland,2022-02-24
948,James Thomas,40,San Francisco,2021-07-20
204,Joshua Sanchez,29,Austin,2023-03-18
1437,Michael Davis,45,Portland,2023-07-06
983,Deborah King,69,San Jose,2021-01-22
9476,Robert Perez,33,Milwaukee,2022-01-05
9251,Michael Harris,33,Kansas City,2025-12-03
889,Sarah Robinson,28,Fresno,2020-11-13
7637,Amanda Ramirez,59,Charlotte,2020-01-22
4097,Lisa Young,26,Albuquerque,2024-10-21
5286,Jessica Lewis,57,San Antonio,2020-07-13
4503,Jane Lopez,61,Indianapolis,2020-02-05
7085,Paul Lopez,30,Denver,2020-01-07
9605,Michael Davis,62,Dallas,2024-07-14
366,Dorothy Walker,66,Chicago,2023-10-17
4834,Nancy Robinson,33,Portland,2022-12-02
4779,Nancy Ramirez,47,Denver,2020-06-14
2857,Elizabeth Williams,51,Albuquerque,2021-03-20
6364,Amanda Clark,45,Jacksonville,2024-02-19
1583,Emily Johnson,39,Denver,2022-05-26
2323,John Jackson,18,Phoenix,2025-09-17
9386,Andrew Martinez,24,Sacramento,2022-05-22
3194,Christopher Lee,51,San Diego,2021-06-13
4317,Daniel Martinez,59,Baltimore,2021-02-20
8572,Dorothy King,65,Phoenix,2023-01-18
9452,Elizabeth White,25,Milwaukee,2023-10-11
5303,Deborah Jackson,18,Boston,2022-09-03
531,Joshua Miller,44,New York,2023-08-21
5678,Nancy White,69,San Francisco,2025-02-15
7366,Deborah Walker,47,Columbus,2020-10-13
8069,Andrew Rodriguez,55,San Diego,2023-12-21
9606,Michael Taylor,66,San Jose,2023-06-19
2447,Anthony Johnson,62,Fresno,2025-11-17
8047,Daniel Thomas,65,Los Angeles,2021-10-28
1943,Dorothy White,61,Philadelphia,2023-11-10
8675,Nancy King,38,Sacramento,2022-09-13
2873,Jessica Allen,37,Chicago,2024-03-07
