EMP_ID,EMP_NM,DEPT_CD,SAL_AMT
3793,David Perez,Research,31841
7606,Jennifer Smith,Operations,105848
9035,Deborah Hernandez,Customer Service,107128
5011,Robert Williams,Customer Service,81670
1174,John Rodriguez,Marketing,44134
4856,Andrew Young,Sales,56284
8461,Christopher Williams,Customer Service,131253
7241,Nancy King,Research,126504
7390,Betty Williams,Customer Service,133364
9165,Jane Johnson,Customer Service,135386
1166,Jessica Allen,Customer Service,67553
1797,Elizabeth Lewis,Finance,139963
6700,Christopher Davis,Customer Service,74479
2303,Elizabeth Robinson,Finance,101379
1441,Mark Harris,Engineering,107443
2155,Mark Sanchez,Finance,123161
9700,Joshua Lopez,IT,137409
465,Matthew Williams,Marketing,77442
635,Nancy Walker,Sales,95261
4007,Lisa Rodriguez,IT,43669
3038,Lisa White,Engineering,106249
2241,Joshua Brown,Marketing,86426
4925,Joshua Sanchez,HR,148471
1095,Jennifer Clark,Engineering,140341
743,Emily Williams,IT,73140
9351,John Lopez,Legal,126191
1330,Mark Thompson,Operations,89279
549,Betty King,Legal,108887
4928,James Sanchez,Sales,135265
178,Karen Johnson,Marketing,90788
7188,Amanda Rodriguez,Finance,66013
1834,Jane Miller,Legal,106724
7462,Michael Davis,Marketing,66091
594,Emily Young,Legal,80827
8369,David Jackson,Customer Service,31743
2071,Jennifer Lee,Finance,149025
3363,Lisa Martinez,Sales,75065
9761,Mark Perez,Sales,140797
2165,Dorothy Williams,Research,64709
1399,Elizabeth Hernandez,Operations,141283
7054,Ashley Williams,Sales,90126
8770,Lisa Jones,IT,35633
8390,Betty Williams,Finance,73032
8359,Amanda Smith,HR,129804
4197,Michael Harris,Engineering,61606
6756,Daniel Williams,HR,35000
3396,Joshua Young,Legal,43948
231,Michael Miller,IT,96687
4178,Deborah Ramirez,Customer Service,131797
4498,Andrew Gonzalez,Research,56220
6934,Betty King,Marketing,44472
7628,Lisa Williams,Engineering,121791
5388,Christopher Thomas,HR,66525
6477,Nancy Taylor,Marketing,117635
3535,Michael King,Sales,122805
5816,James Walker,IT,36172
4521,Daniel Rodriguez,Research,118507
2903,Sarah Lewis,Legal,93532
4474,Emily Clark,HR,99637
5479,Ashley Johnson,HR,143257
6852,John Moore,Marketing,88961
7835,John Garcia,Finance,103469
8596,Paul Perez,IT,139841
892,Amanda Wilson,Operations,32751
92,Jennifer Brown,HR,65055
723,Jane Jackson,IT,146548
3936,Emily King,Legal,36247
9165,Joshua Lopez,Operations,128956
2760,Paul Martin,Sales,94002
535,Lisa Sanchez,HR,64336
720,Sarah Perez,IT,135344
1418,Steven Moore,Customer Service,31101
3204,Andrew King,Sales,101923
7409,Paul Sanchez,HR,66277
3017,Mark Robinson,Operations,124525
5505,Matthew Robinson,Marketing,99908
7981,Daniel Walker,Engineering,55164
1551,Anthony Jones,Marketing,70640
3115,Sarah Anderson,Finance,93143
2740,Dorothy White,Finance,129983
1248,Ashley Williams,IT,140048
6073,Michael Williams,Research,35673
5560,Mark Clark,Engineering,108314
6862,David Thomas,IT,130290
3481,Andrew Walker,Customer Service,107541
8426,Mark Lopez,Engineering,39741
8648,Emily Rodriguez,Finance,125948
5664,Betty White,Research,78229
8668,Jane Perez,Finance,128173
8097,Karen Anderson,Operations,74828
5211,Nancy Martinez,Legal,87526
7562,Donald Rodriguez,Legal,68658
4508,James Gonzalez,Research,32832
763,Joshua Lee,IT,118707
6667,Michael Young,HR,146659
2058,Elizabeth Anderson,Operations,59054
5684,Lisa Ramirez,Research,61540
1291,Donald Martin,Marketing,116634
7365,Anthony Taylor,Research,31730
748,Lisa Taylor,IT,44069
