EMP_ID,EMP_NM,DEPT_CD,SAL_AMT
7324,John White,Operations,84935
909,Andrew Johnson,Operations,55914
7530,Robert Smith,Legal,96554
3962,Amanda Williams,Finance,54346
8180,Daniel Thompson,Finance,92088
5904,Amanda Harris,Research,34279
2572,Anthony Lewis,HR,62321
2666,Emily Martinez,Marketing,64405
5912,Michael Perez,IT,56903
8137,Sarah Sanchez,Legal,90716
4490,Andrew Lewis,Finance,88773
4250,Michael Wilson,Legal,148686
6465,David Young,Finance,32642
8076,Anthony Robinson,IT,63493
3199,Sarah Harris,Operations,98091
9325,Lisa White,IT,119117
6049,Deborah Robinson,Sales,145969
8852,Elizabeth King,HR,92421
6506,Anthony White,IT,96358
7143,Lisa Young,Operations,83553
3232,Jane Smith,Research,129401
4538,Andrew Thompson,Operations,114003
3567,Jennifer Williams,HR,107599
9285,Daniel Jones,Sales,49345
6138,Karen Miller,IT,141160
585,Betty Rodriguez,HR,88659
3601,Lisa Martin,Legal,95110
557,Jane Jackson,Research,113576
3771,David Young,Marketing,143831
9307,Jessica Hernandez,Research,37879
1707,Betty Thomas,HR,108968
9844,David Robinson,Finance,64021
6710,Karen Rodriguez,Research,38711
9039,Donald Hernandez,Finance,123926
59,Betty Garcia,Finance,125531
6562,Andrew Jackson,IT,47733
5862,Anthony Martinez,Research,42305
3903,Amanda Ramirez,Sales,72987
2829,Christopher Brown,IT,82651
7595,Deborah Johnson,Sales,40018
6277,Donald Jones,Sales,149194
5087,Michael Miller,Marketing,148141
8028,Lisa Lee,Finance,107097
6717,Ashley Lopez,Sales,93472
7583,Andrew Jones,HR,89237
5096,Michael Lewis,Research,72209
3692,Amanda Gonzalez,Finance,30331
106,Emily Martinez,HR,143693
8951,Jennifer Sanchez,Customer Service,80284
994,Deborah Harris,Operations,129566
2260,Donald Martin,Operations,83070
4284,Karen Lewis,Finance,100981
6561,Donald Lopez,Legal,134293
8245,Dorothy Jackson,Legal,41378
1828,Karen Lee,Research,110631
7039,Joshua White,Operations,61236
6665,David Allen,Legal,139617
8534,Karen Ramirez,Finance,62944
2582,Nancy Thomas,Engineering,143589
197,Deborah Brown,IT,147220
141,Andrew Robinson,Engineering,51708
349,Nancy Williams,Marketing,34128
1480,Ashley Smith,Operations,58242
7450,Anthony Moore,Legal,138806
3177,Robert Johnson,Research,130596
7512,Sarah Miller,Marketing,77455
8264,Jane Thompson,IT,145628
3533,James Lee,HR,33297
7407,Anthony Perez,Operations,40224
9952,Sarah Clark,Finance,148539
4867,Joshua White,Legal,75484
3279,Deborah Jackson,Sales,61202
1160,Jane King,Legal,48167
9597,John Gonzalez,IT,70927
1204,Emily Garcia,Legal,33972
7392,Matthew Thompson,IT,106663
4635,Nancy Gonzalez,Sales,102412
7052,Jessica Lopez,IT,43906
7450,Joshua Gonzalez,Operations,132145
9601,David Davis,Sales,96650
4598,Jane White,Finance,39528
1152,Jane King,Research,101963
9815,Steven Ramirez,Marketing,78733
1364,Joshua Martinez,Operations,73098
2061,Donald Gonzalez,Research,68250
1065,Lisa Gonzalez,Operations,106474
7563,Christopher Ramirez,Sales,97738
7255,Karen Rodriguez,Marketing,98716
1936,Jessica Wilson,Operations,115587
971,Jane Jackson,Finance,74260
8738,Jessica Thomas,Engineering,70031
960,Daniel Miller,Legal,145899
3925,Lisa Smith,Finance,54066
5077,Anthony Hernandez,Marketing,138697
8061,Jennifer Young,Marketing,120188
1472,Robert Robinson,Finance,36220
7432,Deborah Anderson,Engineering,133431
199,Daniel Ramirez,Legal,78956
6669,Elizabeth Walker,Legal,56219
3752,Donald Wilson,Operations,120418
