EMP_ID,EMP_NM,DEPT_CD,SAL_AMT
8383,Sarah Walker,Research,116229
9945,Deborah Johnson,IT,48487
7759,Anthony Gonzalez,Research,61600
3176,John Miller,Sales,111847
1601,Matthew Jones,Operations,74875
1894,Michael White,Legal,126704
5307,Anthony Rodriguez,Legal,36969
4497,Jennifer Walker,IT,38282
7287,Daniel Gonzalez,IT,136000
1642,Lisa Perez,Legal,135824
2748,Daniel Smith,Operations,136331
86,Sarah Young,Engineering,127941
5127,Elizabeth Miller,Finance,54809
8694,Robert Johnson,Sales,68232
3502,Jane Hernandez,Legal,71532
5110,Michael Ramirez,Engineering,79183
8312,John Sanchez,Sales,97097
6978,Anthony Miller,Finance,76708
5835,Donald Moore,Customer Service,85921
954,Matthew Rodriguez,Marketing,128921
9980,James Smith,Customer Service,57255
8198,Jessica Lee,Sales,43496
8239,Steven Davis,Operations,78412
3416,Jessica Garcia,Customer Service,104994
1520,Jane White,Research,48186
7627,Karen Wilson,Operations,143038
3688,Michael King,Legal,64606
2174,John Allen,Customer Service,93051
2486,Anthony Martin,Marketing,97837
631,Daniel Clark,Customer Service,81351
9090,Joshua Martin,HR,84284
335,Anthony Wilson,Marketing,46783
8930,Daniel Martin,Engineering,81854
6592,Donald Thompson,HR,70147
6087,Emily Young,Finance,113656
8735,Donald Robinson,Marketing,61923
6126,Jessica Williams,Operations,90427
9203,Daniel Brown,IT,30472
5697,Dorothy Moore,Engineering,94599
5371,Sarah Williams,Research,112752
1612,Jennifer Hernandez,Customer Service,144700
7032,Sarah Davis,Finance,80081
8390,Jennifer Allen,Marketing,82337
8726,Anthony Sanchez,Legal,33138
2409,Daniel Gonzalez,Sales,116040
7267,Dorothy Davis,Engineering,32363
2613,Deborah Lewis,Sales,129319
7294,Betty Brown,Research,47287
188,Jessica Miller,IT,146284
1826,Jane Robinson,Finance,147532
1875,Daniel Gonzalez,HR,126312
1707,Dorothy Allen,Engineering,104850
70,Elizabeth Anderson,Marketing,46495
1403,David Davis,Engineering,120820
7236,Deborah Lewis,Marketing,55990
5026,Donald Walker,IT,124978
4650,Jessica Thompson,Sales,72165
7204,Amanda Martin,Marketing,94374
4381,Lisa Williams,IT,133597
7429,Emily Garcia,HR,67947
9908,Jane Wilson,Sales,129170
8507,Matthew Wilson,Legal,64953
7481,Nancy Garcia,Sales,84066
2497,Andrew Davis,Sales,51120
5469,Sarah Martinez,IT,73024
8859,Anthony Hernandez,Legal,102646
5500,Karen Anderson,Legal,85477
2534,Dorothy Thomas,HR,37693
7843,Betty Brown,Marketing,146420
6428,Steven Robinson,Finance,124126
8067,Betty Jackson,Research,69819
2076,Steven Sanchez,Customer Service,35394
3270,Matthew Williams,Marketing,131036
6923,Sarah Davis,HR,120324
4935,Betty Sanchez,Legal,106756
9068,Dorothy Lewis,Operations,51928
6838,Emily Martin,Engineering,136979
306,Jane Brown,Customer Service,77378
9413,Ashley Ramirez,Marketing,33474
2076,James Miller,Engineering,81913
2137,Jane Jones,Marketing,53059
5336,Robert Rodriguez,Operations,44267
3667,James Young,Customer Service,108246
4353,David Harris,IT,116919
762,Jane Thompson,Marketing,103246
6645,Michael Moore,Finance,53703
8104,Christopher Garcia,Engineering,60153
189,Jennifer Lee,Customer Service,112234
98,Ashley Miller,HR,46939
9475,Christopher Perez,IT,148279
6744,Nancy Lee,IT,83352
9009,Emily Harris,Research,31376
126,Donald Johnson,Customer Service,62602
5856,Michael Jackson,Legal,32313
8971,Jennifer Anderson,Engineering,58092
8119,Ashley Moore,Legal,72081
2542,Dorothy Garcia,Sales,64950
2982,Mark Miller,Sales,102956
7485,Amanda Garcia,IT,61776
7716,Dorothy Thompson,Research,135435
