EMP_ID,EMP_NM,DEPT_CD,SAL_AMT
2656,Matthew Perez,Finance,141883
7944,Lisa Moore,Operations,146506
7037,Jane Wilson,HR,33321
3525,Lisa Brown,Research,115478
6712,Andrew Davis,Engineering,31581
9887,Paul Robinson,Operations,67531
4332,David Lewis,Legal,52516
2665,Andrew Allen,Legal,65962
5498,Amanda White,Research,111645
7603,Emily Walker,Research,64681
8668,Steven Jackson,Operations,127046
5605,Andrew White,HR,146256
339,Nancy Martin,HR,69281
5595,Mark Allen,Sales,61811
7177,Lisa Walker,Engineering,68970
1190,Lisa Ramirez,Research,138629
3879,Emily Lopez,IT,74812
3979,Lisa Sanchez,Operations,87289
6989,Dorothy Moore,Finance,106218
3790,Deborah Moore,IT,76270
6964,Daniel Garcia,Legal,116332
974,Emily Brown,Research,137662
8681,Paul Wilson,IT,89531
1851,Jessica Miller,HR,47697
4829,Emily Allen,HR,138798
115,Betty Brown,Research,143461
381,Paul Robinson,Marketing,94620
5810,Anthony Moore,Marketing,98764
9515,Paul Martin,Legal,105782
4236,Karen Allen,Marketing,106176
9400,Steven Jones,HR,136358
7909,Amanda White,Marketing,64870
5201,Jessica Ramirez,Engineering,110941
911,Robert King,Research,73695
492,Sarah Lewis,Engineering,85593
3667,Sarah Wilson,Marketing,98208
8449,Daniel Johnson,Legal,86179
7665,Sarah Allen,Legal,112403
1675,John Walker,Operations,49093
5141,Lisa Sanchez,Legal,111359
6915,Betty Garcia,Marketing,85258
2544,Donald Martin,Legal,128508
6256,Sarah Sanchez,HR,61588
5800,Lisa White,Sales,110542
4225,Paul Walker,Customer Service,89927
5839,Donald Moore,HR,58836
5237,Robert Sanchez,Operations,105782
2716,Emily Gonzalez,Customer Service,140585
4666,Karen Lopez,Finance,41381
4129,Ashley Johnson,Finance,45078
8791,Mark Rodriguez,HR,30261
5392,Jennifer Taylor,Legal,93228
3340,Anthony Moore,Finance,73640
6876,Steven Allen,Sales,42725
5958,Anthony Davis,Customer Service,122045
798,Jane Walker,IT,49941
1931,Joshua White,Operations,123112
7359,Robert Thompson,Sales,146914
4918,John Perez,Sales,41289
9459,James Johnson,Operations,116812
6072,Donald Hernandez,IT,55169
4957,Lisa Moore,Marketing,54851
5716,Jennifer Harris,Engineering,69688
3205,Jennifer Walker,Legal,102199
4358,David Smith,Operations,74854
8035,Amanda Taylor,Finance,74633
9574,Paul Miller,Operations,68540
4076,James Perez,IT,58393
8403,Emily Thompson,Operations,85773
4602,Jane Lee,IT,114206
7836,James Young,Customer Service,59018
4043,Lisa Jones,Finance,35633
9757,Lisa Jackson,Engineering,78410
5054,Sarah Anderson,Operations,149182
8773,Amanda Taylor,Operations,120789
9081,Christopher Perez,HR,95858
8862,Mark Robinson,Finance,101646
6256,Daniel Harris,Sales,36419
2885,James Allen,HR,118550
3559,Emily Walker,Marketing,109613
2555,David Ramirez,Research,91065
4258,Jane King,HR,34354
4243,Lisa Jackson,HR,63146
6009,Deborah Wilson,Customer Service,114883
5695,Deborah Robinson,Finance,148979
1315,Donald Garcia,Customer Service,83610
6860,Donald Rodriguez,Engineering,73123
1764,Sarah Ramirez,Marketing,113386
6510,Nancy Martinez,Customer Service,148587
8268,Mark Lopez,Customer Service,64188
9556,Andrew Ramirez,HR,63390
2004,Amanda White,IT,37775
3185,Lisa Allen,Customer Service,62756
1904,Robert Robinson,Customer Service,61917
3234,Karen Martin,Operations,123876
4088,Michael Lopez,Operations,30932
7108,Jennifer Miller,Operations,96839
9983,Karen Perez,Engineering,108010
420,Andrew Jackson,Legal,93932
9050,Karen Walker,Research,93503
