C_ID,C_NAME,AGE_YRS,LOC_CD,REG_DT
6425,Robert Sanchez,50,San Diego,2024-07-26
4553,Christopher Thomas,58,Columbus,2023-09-05
1164,Christopher Anderson,54,Washington,2023-09-01
1615,Joshua Taylor,31,Baltimore,2020-07-19
2076,Mark Harris,59,Fort Worth,2023-12-20
7817,Daniel Lewis,56,Columbus,2023-12-04
6063,Mark Clark,66,Mesa,2024-12-15
982,Joshua Miller,43,Portland,2025-05-20
3306,David Lopez,61,Milwaukee,2020-04-18
1110,Steven Rodriguez,61,Baltimore,2022-04-11
5951,Christopher Miller,21,Phoenix,2024-05-21
8044,Jessica Harris,32,Jacksonville,2021-06-28
7552,Joshua Gonzalez,27,Denver,2025-12-13
6616,Dorothy King,60,San Francisco,2024-10-20
4950,Donald Rodriguez,63,Los Angeles,2021-02-25
9894,Dorothy Smith,41,Charlotte,2024-03-20
5835,Christopher White,57,Chicago,2024-10-19
578,Matthew Hernandez,36,Baltimore,2021-04-12
6715,Karen Gonzalez,46,Columbus,2023-05-17
8825,Lisa Robinson,41,Oklahoma City,2024-11-01
5548,Dorothy Williams,57,Las Vegas,2020-07-14
8047,Mark Thompson,45,Baltimore,2020-08-09
9028,Lisa Walker,54,Dallas,2020-05-20
9612,Matthew Garcia,57,Columbus,2023-08-01
5523,Lisa Martin,23,Louisville,2025-06-18
3772,Michael Williams,24,San Francisco,2021-10-25
1758,Ashley Smith,66,Boston,2023-03-19
3594,Sarah Allen,68,San Diego,2022-02-22
2701,Jane Smith,61,Seattle,2022-12-16
3900,Jessica King,52,Chicago,2025-06-08
9762,Andrew White,19,Dallas,2020-03-15
376,Jennifer Lopez,21,Fort Worth,2024-12-04
3298,Karen Williams,54,Las Vegas,2021-02-04
4050,Michael Martinez,61,Albuquerque,2025-07-27
5772,Mark Miller,66,Columbus,2024-09-21
5648,Daniel Gonzalez,37,Dallas,2024-08-12
9256,Matthew Thomas,38,San Francisco,2025-10-25
915,Andrew Smith,61,Tucson,2020-01-23
93,Anthony Jones,63,Indianapolis,2020-02-23
2677,Emily Lee,47,Tucson,2021-11-16
3261,Christopher Smith,22,San Jose,2025-05-13
8982,Jane Brown,28,San Francisco,2022-05-25
8512,Betty Smith,69,Washington,2023-11-20
4960,Karen Smith,27,Las Vegas,2024-01-23
9762,Donald Smith,55,Dallas,2024-11-19
5542,Steven Walker,23,San Jose,2020-12-15
5505,Emily Lee,34,Chicago,2024-04-21
3103,Elizabeth Williams,28,New York,2025-10-03
3932,Jennifer Lee,41,Tucson,2024-07-06
5458,Christopher Sanchez,21,San Diego,2025-11-25
4592,Mark Martin,53,San Diego,2023-04-21
2040,Mark Perez,70,Boston,2024-01-05
6505,Lisa Sanchez,54,Fresno,2024-02-22
6178,Matthew Brown,43,San Antonio,2023-01-11
8269,Robert Taylor,55,Seattle,2022-01-28
8813,Ashley Clark,40,New York,2020-11-19
9319,Joshua Davis,61,Denver,2020-04-26
8348,Daniel Taylor,39,Washington,2020-07-04
3237,Jessica Lewis,38,Sacramento,2022-12-19
5713,David White,29,Las Vegas,2020-01-21
3388,Karen Thomas,69,Fresno,2022-02-07
8079,Andrew Harris,64,Albuquerque,2020-06-23
5420,Lisa Taylor,22,New York,2025-03-01
16,Lisa Rodriguez,35,San Diego,2024-07-13
2728,Jane White,66,Tucson,2023-05-17
3488,Jessica Jones,39,Las Vegas,2023-04-22
4151,Emily Martin,67,Indianapolis,2021-09-10
9299,Lisa Smith,60,Nashville,2024-11-01
3006,Amanda Clark,36,Tucson,2025-04-16
2251,David Williams,41,Austin,2023-02-24
9226,Steven Walker,55,Washington,2024-06-21
9133,Jessica Williams,53,Boston,2022-11-27
2743,Anthony Johnson,40,Washington,2025-04-17
5813,Betty Rodriguez,44,New York,2022-07-25
8308,Betty Clark,66,Las Vegas,2020-11-27
