EMP_ID,EMP_NM,DEPT_CD,SAL_AMT
7709,Matthew Jones,Sales,101717
6540,Dorothy Lewis,HR,34708
67,Robert Jackson,Research,131980
6645,Christopher Allen,Engineering,90694
818,Nancy Jackson,Sales,59172
7336,Anthony Rodriguez,Legal,102085
6245,Sarah Hernandez,Engineering,145248
1296,Emily Allen,Finance,110736
6550,John Miller,Legal,102942
1021,Emily Gonzalez,HR,132863
4502,Sarah Jackson,HR,110547
8883,Donald Martin,Customer Service,34979
1910,John Ramirez,Customer Service,87944
8645,Michael Smith,Research,94035
6284,Mark Lewis,Customer Service,122350
5764,Elizabeth Moore,HR,128945
8290,Sarah Lee,Engineering,71801
4149,Jennifer Young,Legal,35347
8116,Matthew Lewis,Legal,48808
6744,Anthony Harris,Operations,135214
2954,Amanda King,Engineering,100789
7882,Andrew King,Marketing,67394
7109,Dorothy Lewis,Finance,53973
3491,Anthony Walker,Research,74895
8592,Mark Hernandez,HR,113146
3763,Jennifer Martin,Engineering,43008
3697,Robert Lopez,Sales,60314
1496,Lisa Brown,Marketing,51450
9216,Emily White,Research,126942
4952,Karen Gonzalez,Sales,34198
6505,Amanda Jones,Legal,118904
2102,Michael Rodriguez,Sales,126871
5046,Ashley Perez,IT,108591
6946,Dorothy Harris,Marketing,132209
6760,Joshua Jones,Marketing,81386
4122,Amanda Wilson,Sales,147117
6908,Anthony Rodriguez,Customer Service,147197
1887,Deborah Lewis,Customer Service,32164
4682,Mark White,Research,123442
4043,Joshua Lee,Legal,141211
3921,Joshua Johnson,IT,97166
6711,Karen Allen,Sales,121072
160,Robert Jones,Sales,120359
4247,Jennifer Gonzalez,Operations,86260
9918,Donald Rodriguez,Engineering,133933
3052,Daniel Harris,Research,112741
312,Anthony Moore,Research,54730
4303,Matthew Wilson,Research,115443
1610,Robert Garcia,Finance,120851
9461,Deborah Miller,Legal,118503
3473,Jessica Harris,Operations,36916
9188,Paul Martinez,IT,89512
7354,James Davis,Sales,83037
5209,Jane Smith,Research,86073
3306,Betty Perez,Research,78094
9460,Jane White,Engineering,40464
7129,James Johnson,Customer Service,149118
9988,David Garcia,Operations,129472
2444,Matthew Davis,Finance,118360
8932,Steven Jackson,HR,136758
1252,Amanda Anderson,Marketing,33076
6101,Emily Gonzalez,HR,102911
3549,Jane Taylor,Finance,87163
4357,Jane Gonzalez,Engineering,44114
7110,Lisa Taylor,Legal,144227
8166,Lisa Martin,Sales,36532
503,Lisa Allen,Research,67268
5424,Lisa Gonzalez,HR,84662
2970,Christopher Lopez,Customer Service,43256
8603,Lisa Jones,Sales,67485
4436,David Ramirez,Customer Service,50957
6537,Lisa Jackson,Research,32602
2897,Betty Lopez,Sales,68357
2857,Ashley Walker,Finance,89161
5301,Lisa White,Finance,54252
709,Matthew Brown,Finance,134793
688,Jennifer Allen,Customer Service,46112
2571,Andrew Williams,Sales,79507
3694,Joshua Taylor,Legal,31685
3645,Andrew Walker,Legal,130606
6041,Christopher Brown,IT,93143
5619,Dorothy Lewis,IT,60819
5163,Jessica Ramirez,Engineering,122424
4862,Jessica Lewis,HR,48436
3122,Nancy Rodriguez,Customer Service,140045
3537,Jennifer Clark,Legal,82778
4049,Andrew Allen,Operations,52900
7827,John Martin,Customer Service,104612
9726,Sarah Perez,HR,147880
5389,Amanda Robinson,Finance,74694
3963,Joshua Thomas,Finance,110597
5057,Elizabeth Garcia,Sales,114391
366,James Ramirez,HR,97649
2700,Robert Harris,Engineering,70100
5876,Joshua Miller,Legal,105308
9693,David Clark,Marketing,68585
51,Betty Jones,Research,54146
5337,Donald Anderson,Sales,64920
3332,Paul Ramirez,Finance,104884
4823,James Lopez,Sales,103487
