C_ID,C_NAME,AGE_YRS,LOC_CD,REG_DT
4996,Lisa Hernandez,49,Denver,2023-03-01
4289,Andrew Smith,36,Houston,2021-09-21
8061,Dorothy Robinson,35,Los Angeles,2021-10-20
7226,Jennifer Brown,20,Tucson,2024-09-20
8869,Betty Moore,54,Kansas City,2023-08-09
6345,Sarah Thompson,36,Fort Worth,2023-11-12
990,Emily Johnson,38,Sacramento,2020-08-25
6595,Ashley White,63,Washington,2022-01-23
8291,Steven Thomas,36,Fresno,2022-10-22
7937,Jennifer Robinson,45,New York,2025-12-20
316,Nancy Moore,42,Fort Worth,2023-06-10
232,Jane Garcia,48,Tucson,2020-04-09
3872,James Johnson,44,Washington,2023-03-24
8254,Dorothy Lopez,19,Fresno,2025-02-08
3263,Dorothy Martinez,24,Los Angeles,2025-07-06
7196,Matthew Allen,63,Fresno,2022-10-11
5688,Daniel Young,29,Albuquerque,2020-06-23
5156,Jane Sanchez,30,Mesa,2020-02-20
2001,Robert Miller,32,Las Vegas,2022-11-13
3693,Jessica Jones,66,Columbus,2022-05-14
5313,Michael King,56,San Diego,2024-08-23
4526,Daniel White,51,Fort Worth,2025-02-26
6702,Matthew Lopez,44,Charlotte,2020-07-24
6018,Daniel Jackson,41,Charlotte,2021-02-17
4537,Emily White,48,Las Vegas,2020-05-09
8599,Anthony Thomas,30,Tucson,2022-01-11
7021,Elizabeth Sanchez,43,San Jose,2021-08-18
9294,Nancy Davis,26,Denver,2020-02-02
4299,Robert Thomas,22,Dallas,2023-10-27
926,Donald Johnson,55,Columbus,2021-03-23
2294,John Thomas,54,Los Angeles,2022-12-21
1445,Christopher Anderson,41,Philadelphia,2020-12-05
8933,Karen Lewis,39,Dallas,2024-11-15
7734,David Moore,58,San Diego,2023-11-25
6929,Steven Jones,41,Columbus,2024-02-21
3221,Donald Williams,64,Louisville,2025-07-16
7463,Christopher Sanchez,32,San Jose,2022-05-14
6069,Elizabeth Thompson,52,New York,2021-12-13
3441,Andrew Jones,47,Jacksonville,2020-02-19
6420,Paul King,44,Charlotte,2025-06-26
7264,Jennifer Robinson,62,Baltimore,2020-06-17
4899,Betty Martinez,37,Phoenix,2022-03-09
4950,James Robinson,70,Portland,2021-10-19
9391,Sarah Young,66,Jacksonville,2022-07-07
1436,Dorothy Harris,43,Columbus,2024-12-04
8564,James Gonzalez,36,Indianapolis,2020-12-14
7990,Lisa Martinez,38,Philadelphia,2024-05-02
3469,John Davis,44,Los Angeles,2025-12-04
1009,Matthew Thompson,49,Kansas City,2022-07-19
804,Jane Hernandez,62,Seattle,2024-03-18
6737,Emily Gonzalez,70,Milwaukee,2022-06-12
6414,Paul Anderson,22,Houston,2023-03-06
5098,Jennifer Thomas,26,San Francisco,2020-03-05
8238,Steven Harris,59,San Jose,2024-09-09
7074,Lisa Robinson,56,Oklahoma City,2023-09-24
5636,Jessica King,40,Washington,2020-05-06
8411,Andrew Walker,33,Columbus,2024-08-03
6717,Nancy Gonzalez,48,Charlotte,2025-03-22
6495,Anthony Lewis,20,Fresno,2021-06-04
3962,Lisa Anderson,50,Kansas City,2025-05-19
7924,Emily Brown,20,Houston,2021-07-26
8105,Steven Miller,22,Austin,2025-04-24
8720,James Johnson,22,Tucson,2025-07-27
6626,Robert Thomas,18,San Antonio,2025-09-26
8450,Amanda Williams,49,Dallas,2024-08-08
9750,Lisa Rodriguez,35,Fresno,2023-03-03
2408,Lisa Gonzalez,60,Kansas City,2020-06-25
2721,Michael Thompson,56,New York,2020-11-10
3399,Emily Williams,70,Seattle,2021-12-16
780,John Williams,24,Portland,2025-10-18
4588,Joshua Lee,68,Columbus,2025-03-04
5335,James Anderson,26,San Diego,2021-12-16
2601,Karen Lopez,22,Chicago,2022-02-07
6130,Steven Moore,62,Columbus,2025-01-05
1385,Karen Perez,43,Tucson,2022-12-14
