EMP_ID,EMP_NM,DEPT_CD,SAL_AMT
2877,Daniel Clark,Operations,86033
103,Lisa Miller,Operations,94220
796,Robert Young,Operations,99578
9451,Emily Miller,HR,121672
5835,Jane Taylor,Engineering,84766
8081,Robert Martin,Finance,99638
8296,Anthony Thompson,Finance,96792
325,Donald Lewis,HR,30576
3948,Robert Anderson,Research,40960
8388,Jane White,Legal,49637
9725,James Miller,Finance,46319
9432,Jessica Anderson,Operations,90655
6472,Amanda Martinez,Sales,39879
6847,Jane Walker,Customer Service,31277
7387,Anthony Harris,Finance,90868
3009,Steven Ramirez,Engineering,60387
7951,Robert Wilson,Customer Service,89390
148,Sarah Allen,Legal,54911
2895,Paul Wilson,HR,107442
2663,David Jones,Operations,66512
687,Joshua Allen,Operations,72751
5585,Daniel Smith,Operations,63576
9001,Robert Walker,Sales,122231
6089,Sarah Lopez,HR,147587
3501,Lisa Brown,Engineering,78788
9356,Nancy White,Marketing,121890
4984,David Davis,Sales,31373
6708,Jessica Taylor,HR,124469
7531,John Lee,Legal,40426
8889,Matthew Thompson,Research,133093
9023,Paul Walker,IT,54747
7977,Andrew Thompson,Finance,33386
6298,Christopher Harris,Sales,119705
4133,Jennifer Rodriguez,Marketing,82062
5490,James Brown,IT,129508
272,Matthew Johnson,Legal,100023
613,David Martin,HR,38166
7745,Anthony Martin,Marketing,92154
7350,Amanda Anderson,Engineering,33756
138,Emily Ramirez,HR,126733
9696,Nancy Davis,HR,120481
6078,Amanda Brown,Legal,76963
5710,Robert Lewis,Finance,42821
1545,Joshua King,Marketing,136491
1565,Sarah King,IT,67389
4651,Amanda Moore,Finance,83785
5231,James Wilson,Engineering,55523
7634,Lisa Anderson,Engineering,31606
397,Donald Martin,Operations,138312
8517,Jennifer Clark,Finance,144664
1757,David Johnson,Customer Service,96854
9794,James Anderson,IT,66850
9609,Nancy Johnson,Operations,92975
4149,Daniel Gonzalez,Research,42356
4468,James Smith,Customer Service,149393
4982,David Thomas,Customer Service,147548
1872,John Lopez,IT,68279
2020,Christopher Martinez,Sales,142477
9145,David Clark,Engineering,132132
4248,Donald Thompson,Legal,99715
6891,Mark Hernandez,Marketing,104316
597,Ashley Walker,Engineering,146212
4614,Deborah Williams,Research,138912
6472,Robert Walker,Finance,35099
2211,Karen Lewis,IT,84367
6455,Matthew Moore,Sales,119985
9085,Christopher Wilson,IT,125953
6913,Lisa Davis,Finance,138577
8028,Elizabeth Young,Finance,79342
6642,Mark Perez,Finance,93939
6534,Betty Robinson,HR,92686
2587,Michael Hernandez,Engineering,79230
4721,Deborah Young,Legal,148021
2457,John Hernandez,Customer Service,108176
346,Matthew White,HR,31391
758,Dorothy White,Operations,136018
6785,Daniel Brown,IT,37836
2745,Michael Jackson,Customer Service,60647
7371,Anthony Jackson,Engineering,36261
4590,Deborah Perez,Engineering,142282
1060,Robert King,Customer Service,55399
7743,Christopher Walker,Sales,31924
4282,Matthew Wilson,Engineering,134393
409,Jane Lee,Research,125511
4083,Lisa Young,Marketing,98591
1734,Matthew Wilson,Operations,137518
6811,Matthew Clark,Customer Service,73844
7714,John Rodriguez,Legal,39169
8832,James Sanchez,Sales,116714
6480,James Harris,Customer Service,133083
9191,David Hernandez,Operations,69669
488,Michael Sanchez,HR,80183
9443,Nancy Johnson,HR,74462
5462,Ashley Brown,Engineering,33930
2910,Matthew Harris,HR,93050
9339,Matthew Anderson,HR,65601
7021,Lisa Miller,Sales,84469
7008,Nancy Martin,Customer Service,106413
9220,Robert White,Finance,119683
6350,Donald Miller,Engineering,82340
