EMP_ID,EMP_NM,DEPT_CD,SAL_AMT
4493,Dorothy Wilson,Customer Service,49777
1216,Mark Martinez,Sales,54193
9853,Daniel Walker,Sales,138206
4984,Karen Allen,Research,127175
2341,Christopher Williams,Customer Service,131553
1181,James White,Sales,80794
4078,Robert Robinson,Sales,94392
4312,Betty Lopez,Finance,142767
7852,Jessica Moore,Operations,58507
7390,Donald Lopez,Research,135680
2781,Amanda Lopez,Finance,99727
3643,Karen Anderson,HR,134081
3470,James Thompson,Operations,31688
5129,Daniel Walker,Customer Service,118222
1260,Amanda Perez,HR,34133
2830,Nancy Garcia,Engineering,38147
4955,Nancy Ramirez,Finance,35307
241,Jessica Miller,Engineering,127473
4850,Sarah Taylor,Research,95012
308,Robert Perez,Engineering,51844
3232,Amanda Perez,Customer Service,94222
6708,Jennifer Harris,Sales,90146
6024,Jennifer Williams,Operations,41384
9620,Robert Thomas,Marketing,40178
1445,Lisa Allen,Marketing,102125
9703,Karen Jones,Customer Service,130439
77,Dorothy Lewis,Research,123337
1924,Sarah Jones,HR,65922
3918,Donald Robinson,Engineering,125069
5480,Betty Lewis,Marketing,118318
197,James Johnson,Marketing,113457
1453,Lisa Robinson,IT,99491
7380,Jane Williams,Customer Service,44915
390,Jane Sanchez,Finance,106556
970,Daniel Moore,Finance,83368
5977,Ashley Anderson,Operations,85927
6078,Emily Jones,Legal,148152
8942,James Gonzalez,Finance,101997
1029,Jane Jackson,Finance,73260
4711,Paul Sanchez,HR,114060
6518,Michael Ramirez,Customer Service,30948
6912,Ashley Robinson,HR,82367
6778,Nancy Allen,Engineering,46090
5071,Paul Clark,Customer Service,136978
2772,Ashley Johnson,HR,133285
9119,Deborah Lee,Finance,108965
4782,Christopher Jones,Customer Service,32171
8547,Sarah Johnson,Engineering,100025
9544,Paul Gonzalez,Marketing,36906
6621,Sarah Gonzalez,Operations,147118
7171,Karen Thompson,HR,54013
2319,Paul Davis,Engineering,37001
767,Jennifer Moore,Customer Service,72220
6295,Andrew Harris,Marketing,94943
3206,Jane Robinson,HR,109549
2299,Nancy Robinson,Operations,42678
8038,Jennifer Hernandez,Operations,122319
9654,Michael Hernandez,Legal,115337
2036,Lisa Johnson,Customer Service,59201
419,Andrew Johnson,Customer Service,141948
6968,David Garcia,HR,118730
2494,Lisa Harris,Customer Service,118004
1308,Amanda Miller,Legal,125965
9771,Lisa Lewis,Finance,116416
3872,Ashley Wilson,Marketing,131162
6276,Jennifer Martinez,Marketing,62706
8100,Andrew Williams,Research,32716
9868,Deborah Clark,Marketing,36118
7253,Christopher Gonzalez,Customer Service,146890
2236,Paul Moore,Marketing,85606
4027,Mark White,Customer Service,136789
2573,Andrew Young,Customer Service,129506
9658,Steven Moore,Sales,44699
493,Betty Miller,Research,112353
2282,Mark Miller,Operations,83652
6554,Mark Wilson,IT,94044
9232,Mark Johnson,IT,142477
5055,John Anderson,Finance,130079
3912,Betty Robinson,IT,125818
2207,Lisa White,Sales,77616
9776,Donald Sanchez,Marketing,59085
3859,Anthony Johnson,Research,86726
7744,Anthony Harris,Finance,32804
7798,Amanda Clark,Research,97729
747,Daniel Jones,Customer Service,116212
509,Anthony Thompson,Customer Service,109263
269,Michael Davis,HR,69049
3310,Betty Miller,Finance,58859
6499,Lisa Brown,Finance,85878
3318,Jessica Sanchez,Finance,116778
6458,Daniel Brown,Research,94082
2775,Jessica Jackson,HR,88228
2223,Dorothy Anderson,Marketing,100180
9755,Amanda Davis,IT,111370
5309,Karen Harris,Marketing,48527
8125,Mark Sanchez,HR,102754
8817,David Taylor,Customer Service,134689
6627,Karen Martin,Customer Service,82711
3853,Sarah Lewis,Marketing,88896
3681,Karen Wilson,Research,148460
