EMP_ID,EMP_NM,DEPT_CD,SAL_AMT
8622,Lisa Allen,Research,99578
5553,Betty Thomas,HR,111432
1271,David Martin,Sales,68219
5899,Jane Harris,Finance,37294
4936,Dorothy Ramirez,Finance,81964
9844,Deborah Robinson,Legal,121953
4202,Robert Rodriguez,Legal,95798
8772,Paul Moore,Customer Service,32145
7593,Mark Martinez,Finance,56297
6835,Steven Ramirez,Engineering,47989
6399,Dorothy Lopez,Engineering,95909
2288,David Wilson,Customer Service,32257
5009,Dorothy Anderson,Operations,147775
8208,Dorothy Williams,IT,137911
4416,Amanda Robinson,IT,64391
3499,Paul Jones,Sales,121585
9730,James Brown,Operations,57717
1612,Sarah Anderson,Operations,36714
665,Jane Young,Operations,37753
1988,Joshua Walker,IT,114788
6899,Paul Davis,Research,99749
2670,Robert Thomas,IT,62522
226,Amanda Jackson,IT,78705
7683,Jessica Miller,Research,42553
147,Steven Jones,Sales,119426
3478,Jessica Garcia,Legal,121898
4853,Lisa White,Marketing,106949
4295,Emily Jones,Sales,89878
8755,Steven Davis,HR,90141
7747,David Jackson,Marketing,51584
3684,Michael Walker,Research,118341
8458,Donald Miller,Customer Service,105266
6943,David Martin,Finance,122928
350,Daniel Hernandez,Engineering,60939
131,Emily Sanchez,HR,111670
1070,Joshua Moore,HR,46765
1211,Nancy Davis,HR,120102
7362,Ashley Lopez,IT,105359
9719,Donald Lewis,Legal,38030
3182,Amanda Garcia,Customer Service,75700
2068,Christopher Gonzalez,Sales,78672
5033,Jane Perez,Sales,136115
8576,Matthew Lewis,Research,148630
1298,Jessica Thomas,Customer Service,114747
7818,Jessica Moore,Finance,39020
3065,Michael Hernandez,IT,79098
9188,Joshua Wilson,Research,146802
6433,Christopher Davis,Operations,38772
3251,Betty Hernandez,Research,81560
2045,Matthew Smith,HR,61493
2856,Steven Gonzalez,Legal,125891
2342,Mark Martinez,HR,53387
1156,Mark Brown,Legal,89095
5430,Robert Lee,HR,102623
5627,Christopher Walker,HR,57617
7553,Mark Lee,Finance,86693
5527,Paul Moore,IT,74886
6677,Jennifer Moore,Customer Service,45918
2224,John Smith,Marketing,38523
8692,Robert Wilson,HR,42900
8554,James Brown,Engineering,132183
4965,Jane Johnson,Customer Service,80262
5124,Karen Johnson,Customer Service,82954
6490,Matthew Lee,IT,94698
6411,Jennifer Lopez,Marketing,146440
4644,Jessica Thomas,Sales,146071
5643,Christopher Thomas,Legal,117058
5464,Nancy Perez,Customer Service,60116
8669,Sarah Davis,HR,44504
3103,Anthony Perez,Operations,131816
9175,Joshua Ramirez,Operations,37753
1745,David Thomas,IT,74769
9648,Elizabeth Walker,IT,39225
4734,Michael Lopez,Customer Service,149899
6807,Donald Taylor,Sales,79368
8084,Joshua Moore,Operations,50441
6213,Deborah Hernandez,HR,63744
6742,Emily King,Finance,97964
668,Jessica Rodriguez,Engineering,68399
9284,Matthew Moore,HR,59897
9297,Daniel Martin,Marketing,126812
8192,Daniel Smith,Engineering,102305
6591,Andrew Garcia,HR,139880
655,James Williams,Marketing,95100
618,Jennifer Perez,HR,143978
5919,Robert Johnson,Finance,82348
8277,Christopher Lee,Finance,108042
5668,Elizabeth Perez,Engineering,72641
8497,Lisa Jackson,Finance,98786
7523,Andrew Young,HR,54010
3667,Jane Thomas,IT,114121
7256,Betty Hernandez,Legal,137197
1329,Andrew Perez,IT,108593
8807,Emily Anderson,IT,61464
9730,Nancy Perez,HR,86677
6485,Robert Harris,IT,32096
9188,Karen Miller,Marketing,92154
4506,Paul Moore,Marketing,82185
4878,Amanda Lee,IT,114550
9640,Anthony Clark,Customer Service,74311
