EMP_ID,EMP_NM,DEPT_CD,SAL_AMT
6245,Amanda Thompson,HR,66131
4098,Andrew Ramirez,Sales,120971
3238,Joshua Lewis,Research,72644
2309,Elizabeth Sanchez,IT,134882
3875,Mark Walker,Operations,51166
5400,Jennifer Martinez,Marketing,36992
4428,Robert Thomas,Sales,51811
5499,Steven Harris,Engineering,65904
3550,Emily Ramirez,Marketing,40333
3334,Anthony Thomas,Sales,148247
9114,Nancy Johnson,Marketing,122946
1606,Betty Miller,Sales,81360
5696,Michael Allen,Customer Service,140139
2206,Paul Anderson,Sales,31949
9405,Jessica King,Customer Service,125389
8203,Jessica Miller,Sales,133679
7866,Matthew Martinez,Customer Service,90758
1468,Paul Lewis,Legal,30818
9542,Daniel Brown,HR,57038
1476,Lisa Allen,Research,101128
7700,James Harris,Research,35509
1974,James Lee,Marketing,147950
9089,Karen Wilson,Legal,34772
9979,Paul Gonzalez,Finance,64267
7340,Jennifer Young,IT,62893
7102,David Anderson,Marketing,98986
3145,Jessica King,HR,52190
9398,Robert Moore,Marketing,127810
6452,Lisa King,IT,91510
5037,Dorothy Jackson,Operations,88238
7035,Jane Moore,Finance,54577
5001,Donald Gonzalez,IT,125082
7132,Lisa Allen,Operations,105285
8221,Joshua Moore,IT,141686
7778,Paul Jackson,Legal,101089
8472,Lisa Brown,Sales,49754
5910,Dorothy Taylor,IT,122163
6656,Matthew Hernandez,Operations,122512
1520,Ashley Lopez,Operations,43189
9643,Robert Hernandez,Marketing,115772
5293,David Thomas,Operations,61832
2252,Deborah Martinez,Customer Service,106819
621,Jennifer Hernandez,Marketing,101585
9565,Joshua Rodriguez,Marketing,113642
1954,Nancy White,Operations,57697
4737,Michael Hernandez,Engineering,65553
7996,Emily Thomas,Engineering,100210
6088,Jane Williams,Operations,133688
1486,Jennifer Lopez,Marketing,108393
5704,David Martinez,Operations,45339
5961,Elizabeth Thompson,Operations,70330
3402,John Perez,HR,55001
984,Elizabeth Jackson,IT,82352
1644,Dorothy Lopez,Marketing,68510
8537,Donald Thompson,Engineering,73126
3198,Matthew King,Finance,41868
477,John Ramirez,Marketing,99301
5752,Lisa Walker,Customer Service,52837
2504,Emily Williams,Marketing,41143
1373,Dorothy Perez,Marketing,136488
2986,Christopher Lopez,Marketing,134988
5640,David Anderson,IT,33898
7385,Betty Anderson,HR,114222
5976,Jennifer Johnson,Legal,68663
2536,Deborah White,Sales,112507
1176,Jessica Clark,Legal,88942
3792,John Young,Finance,64211
1224,Betty Lopez,HR,67307
5868,Steven Gonzalez,Customer Service,32403
2949,John Gonzalez,HR,55940
7938,Daniel Young,Customer Service,100108
9910,John Thomas,Finance,139557
4782,Robert Gonzalez,Engineering,148253
6876,Christopher Williams,Research,101349
2887,Amanda Walker,Finance,117998
5138,Daniel Gonzalez,Finance,101963
3748,Anthony Young,HR,108041
9744,David Johnson,Marketing,121805
7611,Nancy Martinez,HR,71844
9964,Emily Walker,Sales,148211
9608,Ashley Lewis,IT,115564
8487,Robert Jones,Research,38109
9368,David Sanchez,Legal,55273
2140,Andrew Allen,Finance,60556
308,David Perez,Research,117652
630,Steven Ramirez,Sales,45574
2798,Ashley Garcia,Research,70172
3734,Matthew Davis,Research,65273
1146,Ashley Gonzalez,Engineering,108937
5687,Joshua Brown,Operations,74560
6190,Mark Wilson,Marketing,56185
6796,Sarah Jones,Finance,122103
5850,Steven Rodriguez,Engineering,87453
8037,Jessica Thompson,Customer Service,145783
9965,Nancy Gonzalez,Customer Service,132337
7727,Matthew Smith,Engineering,61218
9949,Betty Lopez,Engineering,71407
8261,Emily Young,Sales,68182
1071,Daniel Perez,Sales,39128
2896,Steven Harris,Customer Service,126664
