C_ID,C_NAME,AGE_YRS,LOC_CD,REG_DT
3376,Robert Young,49,Fort Worth,2022-04-08
1769,Christopher Davis,29,New York,2022-07-20
9100,Lisa Perez,56,Charlotte,2021-11-13
6818,Andrew Walker,66,Chicago,2024-03-25
2132,Deborah Harris,58,Las Vegas,2021-04-04
9,Andrew Gonzalez,34,Kansas City,2021-09-18
9112,Deborah Robinson,19,Sacramento,2020-08-11
8994,Michael Hernandez,56,Fort Worth,2021-07-12
2781,Donald Walker,65,Austin,2022-06-14
6949,Jennifer Rodriguez,52,Albuquerque,2020-11-23
3028,Jane Miller,46,Las Vegas,2024-07-01
9610,Jane Allen,39,Los Angeles,2025-04-20
9332,Deborah Moore,36,Las Vegas,2020-03-09
1570,Christopher Smith,45,Milwaukee,2023-09-09
753,Amanda Taylor,35,Fort Worth,2022-04-26
9637,Steven Jones,49,Denver,2020-03-03
7819,Emily Lewis,26,Tucson,2020-07-24
5275,Ashley Young,40,San Diego,2024-06-26
6922,David Perez,41,Fresno,2025-09-12
2097,Jessica Hernandez,53,Kansas City,2022-04-24
1265,John King,66,Washington,2023-05-28
2587,Daniel Miller,46,Milwaukee,2023-10-13
6829,Joshua Garcia,41,Boston,2021-05-07
6901,Matthew Jones,43,Los Angeles,2025-03-23
219,Elizabeth Thomas,62,Mesa,2021-08-07
4453,Elizabeth Wilson,19,Kansas City,2022-10-10
7878,Anthony Clark,56,Fresno,2021-01-28
5544,Robert Ramirez,67,Dallas,2020-02-05
8142,David Perez,59,Charlotte,2023-06-18
5797,Daniel Lewis,60,San Francisco,2024-11-19
5868,Michael Ramirez,32,Indianapolis,2024-02-02
2328,John Walker,22,Louisville,2023-09-14
1989,Anthony Thomas,24,Sacramento,2023-06-22
6645,Jennifer Thompson,36,Houston,2020-10-12
4558,Robert Lopez,65,Milwaukee,2023-08-21
106,Lisa Lee,44,Fort Worth,2025-05-07
5530,Jennifer Miller,50,Boston,2024-05-19
8654,Donald Allen,70,New York,2024-03-16
8637,Dorothy Thompson,68,Los Angeles,2022-05-10
623,Jessica Thompson,44,Baltimore,2023-04-17
4292,Elizabeth Lopez,23,Phoenix,2023-08-28
896,Mark Martinez,70,Austin,2022-03-06
6316,Nancy Williams,23,Kansas City,2024-12-10
3775,Robert Lee,70,Fort Worth,2020-02-07
6774,Michael Jackson,47,Dallas,2025-03-13
5248,Ashley Johnson,33,Portland,2020-10-20
5026,Michael Garcia,25,Baltimore,2022-07-20
3867,John Lopez,34,Jacksonville,2020-08-25
8548,Dorothy Jones,70,Oklahoma City,2023-12-25
1969,David Thompson,65,Phoenix,2020-08-27
9289,Joshua Martin,49,Fort Worth,2021-07-06
2413,Dorothy Wilson,42,Jacksonville,2025-08-17
5682,Betty Jones,33,Portland,2024-10-05
671,Daniel Moore,53,Baltimore,2024-11-03
5913,Daniel Hernandez,54,Tucson,2024-10-26
7538,Anthony Brown,33,Sacramento,2022-01-16
3995,Daniel Johnson,63,Mesa,2020-11-12
2445,Amanda Martin,26,Washington,2020-05-08
3073,Joshua Davis,24,Louisville,2024-06-28
3288,Andrew Miller,46,Kansas City,2025-01-11
7535,Jane Jackson,30,Portland,2021-08-15
2826,Daniel Anderson,30,Los Angeles,2020-08-20
8842,Michael Martinez,58,Houston,2020-03-27
7466,Lisa Lewis,46,Louisville,2023-01-12
1897,Lisa Harris,65,San Jose,2020-12-26
9245,James Miller,55,Tucson,2020-11-19
1467,David Moore,54,Washington,2022-09-18
2928,Matthew Hernandez,30,Boston,2024-09-06
4556,Ashley Ramirez,59,Chicago,2022-11-12
9893,Betty Allen,62,Nashville,2021-04-03
6176,Matthew Martin,35,Portland,2022-04-22
1267,Paul Sanchez,33,Denver,2024-06-23
3990,Christopher Lee,46,Phoenix,2025-09-14
2761,Emily Walker,51,Seattle,2020-06-22
1584,Paul Martin,35,Austin,2025-11-24
