EMP_ID,EMP_NM,DEPT_CD,SAL_AMT
4461,Anthony Jones,Research,33292
5357,Mark Clark,Operations,37730
152,James Lee,Research,58039
2786,Steven Johnson,HR,111800
8184,Joshua Walker,IT,125468
1899,Elizabeth Thomas,Legal,106126
6300,John Taylor,Operations,139803
7171,Betty Jackson,Research,121838
1802,Dorothy Hernandez,IT,72370
2604,Andrew Brown,IT,95214
9394,Jessica Hernandez,Legal,122856
1923,Donald Moore,Finance,106780
9797,Jessica Anderson,Marketing,50600
6479,Jane Thomas,HR,82195
1986,Ashley Robinson,Research,113127
1612,Anthony Miller,Sales,131889
7977,Deborah Jones,Customer Service,76853
5576,Joshua Allen,Customer Service,103582
9841,Andrew Garcia,Finance,145959
5588,Michael Jackson,Finance,71966
7845,Donald Johnson,Marketing,42511
4438,Jane Thomas,Engineering,86706
7928,Steven Walker,IT,110402
2965,Sarah Martinez,Customer Service,143603
6339,Elizabeth Moore,Legal,55441
7163,Nancy Davis,Operations,144324
438,James Martin,Operations,111214
4992,Robert Young,HR,79737
176,Paul Rodriguez,Finance,146264
9061,Ashley Brown,Finance,118724
2611,Ashley Thompson,IT,66024
3697,James Davis,Legal,55001
5327,Karen Rodriguez,Operations,40183
9900,Karen Sanchez,HR,131977
4624,Lisa Thomas,Sales,104710
6822,Emily Garcia,Finance,30668
809,Jessica Moore,HR,59845
8746,Matthew Taylor,IT,60412
1509,Sarah Taylor,Customer Service,44511
6594,Jessica Lopez,Sales,63200
299,Dorothy Wilson,IT,42507
2650,Christopher Jones,IT,59419
1003,Karen Thomas,Finance,121066
2457,Deborah Allen,Operations,137463
6430,Elizabeth King,Finance,146072
8429,Lisa Garcia,Marketing,132423
1373,Emily Rodriguez,Engineering,85931
213,Deborah Walker,Customer Service,139527
7404,Robert Williams,Customer Service,56261
3753,Lisa Miller,Operations,50048
8392,Anthony Perez,Marketing,74758
6327,James Johnson,Operations,99521
8025,Jane Sanchez,HR,111780
688,Jane Perez,Operations,88935
7139,John Jones,Finance,31403
9432,Robert Sanchez,Legal,145334
1196,Andrew Jones,Legal,143222
5514,Jessica Davis,Legal,39189
2181,Donald Sanchez,Sales,83560
9097,Lisa Perez,IT,113630
7657,Betty Walker,HR,125078
2114,Michael Sanchez,Operations,45966
2140,Dorothy Lee,Legal,147897
6637,Amanda Jones,Marketing,110020
8000,Jessica Brown,Legal,72616
1638,Anthony Lee,HR,32870
4270,Elizabeth Robinson,HR,118250
6717,Deborah Lopez,Operations,91305
2675,Michael Davis,Sales,97562
7085,Betty Jones,Research,83020
1375,Sarah Davis,IT,88821
7266,James Taylor,Marketing,131889
7594,Karen Miller,Sales,141681
7683,Paul Miller,Sales,64175
6823,Ashley Thompson,HR,134702
8209,Karen Smith,Marketing,36638
2980,Dorothy Clark,Operations,31100
9619,Lisa Davis,Sales,34347
7428,Jessica Martinez,Customer Service,145326
5756,Betty Perez,Engineering,56616
7712,James Martin,Marketing,119049
5476,Ashley Rodriguez,HR,70917
7841,Daniel Miller,HR,98981
2100,Lisa Lopez,Research,122173
3172,Lisa Martin,IT,105138
4483,Donald Young,IT,66165
6295,Joshua Clark,Legal,34559
7595,Betty Young,Operations,108226
3640,Daniel Garcia,HR,63671
2504,Lisa Robinson,Customer Service,126271
6542,Deborah Allen,HR,44564
6721,Betty Young,Engineering,61746
1494,Andrew Allen,Engineering,57164
9266,Steven Moore,Customer Service,139909
1482,Michael Smith,Operations,66095
554,Sarah Wilson,Legal,135540
644,Donald Martin,Legal,44848
6855,Deborah Wilson,Finance,103687
4729,Anthony Robinson,Legal,35281
5439,Paul Ramirez,Legal,139816
