EMP_ID,EMP_NM,DEPT_CD,SAL_AMT
6084,David Perez,Engineering,69220
4470,Robert Martinez,Marketing,128964
9856,Jane Rodriguez,Sales,81308
5939,Nancy Garcia,Operations,32712
43,Michael Hernandez,Marketing,74886
9589,Dorothy Young,Operations,65768
5206,Daniel Walker,Operations,143081
1517,Deborah Lewis,IT,79717
4334,Paul Jones,Finance,125639
2725,Christopher Thompson,Finance,67158
6871,Steven Walker,Operations,128349
4145,Mark White,Customer Service,42038
4997,Betty Perez,Finance,94348
2332,James Brown,Marketing,30171
8658,Dorothy Rodriguez,Finance,37515
2234,Michael Harris,Research,83079
5245,James Sanchez,Sales,135997
7230,Ashley Miller,Sales,142221
2378,Lisa Garcia,HR,141509
9077,Andrew Clark,HR,44229
6895,Mark Thompson,Customer Service,98754
678,Elizabeth Lee,Engineering,112632
5326,James Garcia,Finance,102304
1703,Steven Allen,Engineering,143690
8259,Ashley Perez,Engineering,62074
5820,Matthew Thompson,Customer Service,145433
8965,Sarah Thomas,Finance,46176
3753,Nancy Miller,Marketing,79695
9976,Sarah Garcia,IT,76099
8290,James King,IT,31423
5872,John Smith,IT,47006
8858,James Williams,Marketing,105828
3671,Dorothy Thompson,Finance,122062
1648,Robert Moore,Marketing,113354
4380,Deborah Moore,IT,47090
8705,Karen Allen,Finance,72258
6004,Lisa Thompson,Engineering,93001
7043,Christopher Ramirez,IT,70381
8316,Elizabeth Walker,Sales,93248
3397,Jane Lopez,HR,67920
1715,Steven Perez,Marketing,38843
4509,Elizabeth Thompson,Marketing,49019
5022,Amanda Robinson,Finance,38175
2352,Dorothy Hernandez,Customer Service,66029
69,Emily Garcia,Customer Service,88386
1854,James Johnson,Operations,81169
2434,Elizabeth Perez,Research,64199
8960,James Robinson,Legal,33759
100,Matthew Sanchez,Customer Service,112203
607,Ashley Anderson,Customer Service,94931
7607,Robert Taylor,Research,33333
6571,Betty Jackson,HR,119734
7737,Ashley Thomas,Customer Service,74550
9886,Jessica Moore,Operations,39585
6695,John King,Engineering,67101
6118,Lisa Martin,Legal,90093
2427,Nancy Ramirez,Marketing,58043
8550,Anthony Walker,Finance,65603
2987,Anthony Moore,Customer Service,46776
3653,John Rodriguez,HR,99464
316,Sarah Clark,Engineering,41991
8359,Nancy Allen,Sales,138873
2043,Paul King,Marketing,100028
7783,Nancy Sanchez,Customer Service,76275
5141,Michael Garcia,HR,95601
486,Jane Martinez,Operations,38203
6982,Mark Miller,Finance,72869
6966,John Wilson,Research,35241
9374,Jessica Martinez,Engineering,73215
8268,Emily Rodriguez,Engineering,66943
9174,Donald Martinez,Legal,87399
2778,Steven King,Legal,86537
9948,Matthew Lewis,Customer Service,143419
5513,John Lee,Marketing,78430
1638,Robert Perez,HR,44420
9826,Michael Anderson,Legal,145514
570,Jane Miller,IT,49460
1184,Donald Sanchez,Customer Service,85047
7327,Robert Martin,Operations,121249
122,Betty Perez,IT,56452
2307,Jennifer Williams,Finance,120013
8822,Deborah Johnson,Finance,63614
1032,Emily Rodriguez,Legal,43109
5628,David Wilson,Engineering,77834
9014,Andrew Davis,Customer Service,126709
8651,Robert Williams,Research,102644
3241,David Rodriguez,Research,39452
6549,Robert Ramirez,Legal,67657
9031,David Lee,Research,104029
9119,Robert Gonzalez,Sales,132633
1000,Betty Lopez,HR,119626
5216,Michael Sanchez,Marketing,53825
389,Ashley Thomas,Sales,52738
9603,Matthew Wilson,Marketing,35065
5168,David Perez,Finance,35227
9697,Lisa Jackson,Customer Service,137493
513,Lisa Gonzalez,Operations,80806
6127,Lisa Anderson,Marketing,31857
3646,David King,Engineering,104261
5204,Michael Thompson,Sales,75468
