EMP_ID,EMP_NM,DEPT_CD,SAL_AMT
3528,John Lewis,Legal,133235
9189,David Harris,Engineering,126981
8961,Lisa Martinez,Finance,130722
7875,Jane Sanchez,Marketing,69004
2458,Michael Jones,Finance,98224
2960,Elizabeth Williams,Marketing,50503
7611,John Martinez,Legal,108636
1580,Nancy Williams,Marketing,41481
8072,Amanda Walker,Engineering,144143
8729,Anthony Williams,Marketing,31169
823,Daniel Thomas,Finance,69666
118,Nancy Young,Operations,135438
7241,Emily Young,Marketing,110179
1759,Sarah Thomas,Research,56797
2249,Emily Williams,Sales,96661
1445,John Lee,Finance,36924
677,Paul Rodriguez,Finance,48498
5235,Karen White,Sales,85741
5562,James Martin,Legal,136421
3288,Donald Walker,Legal,115253
426,Matthew Lewis,Sales,123801
2980,Daniel Young,Marketing,75679
1920,Paul Thompson,Legal,53107
7077,Mark Davis,Legal,126923
7388,Dorothy Thompson,Customer Service,61845
1565,Nancy Young,Operations,49115
8142,Betty Smith,Engineering,73812
3799,Joshua Martin,Engineering,114511
2232,Dorothy Jones,HR,146147
3701,John Sanchez,Customer Service,118539
6742,Karen Ramirez,Research,120460
7410,Dorothy Miller,Engineering,58016
8226,Betty Lopez,Sales,142605
3361,Dorothy Johnson,Marketing,105109
8811,Ashley Hernandez,Sales,56099
952,Joshua Allen,Operations,80107
7020,Michael Miller,Engineering,93776
1081,Karen Ramirez,Sales,56218
2033,Ashley Miller,Research,87241
622,Betty Gonzalez,Research,98518
8429,David Brown,Engineering,108172
3580,Jennifer Miller,HR,107203
8250,Michael Wilson,HR,34644
6266,Lisa Moore,Customer Service,93475
5767,Paul Perez,Marketing,75213
8516,Lisa Robinson,Legal,83232
6177,Elizabeth Moore,HR,70589
6110,Dorothy Gonzalez,Marketing,85872
399,Ashley Anderson,Operations,101956
293,Emily Perez,Research,73915
7028,David White,Operations,71488
3021,Anthony Lewis,Finance,88592
3114,Jane Taylor,Operations,121071
650,Betty Johnson,Research,40044
410,Amanda Walker,Legal,73284
2075,John Taylor,Customer Service,32964
3268,David Robinson,Customer Service,142612
2254,Dorothy Ramirez,HR,132650
7541,Jessica Robinson,HR,62227
699,Lisa Harris,Research,57439
2817,Lisa Rodriguez,IT,77493
1394,Joshua Miller,Research,147466
7402,Donald White,Marketing,104485
6511,John Smith,Marketing,69261
6075,Jane Lewis,Research,58834
3882,Matthew Garcia,Customer Service,33571
2901,Paul Thomas,Legal,106602
3074,Dorothy Gonzalez,Customer Service,135428
9802,Ashley Lee,Sales,140843
4246,Donald Thompson,Research,79826
5295,Amanda Perez,Research,43038
1536,Lisa Martin,Marketing,127512
5173,Daniel White,Operations,112051
722,Jessica Clark,Research,108278
1076,John Martin,Engineering,126343
3022,John Wilson,Marketing,47989
1668,Nancy Thomas,Research,132588
6468,Donald Walker,Research,34452
4341,Paul Garcia,Customer Service,57119
527,Christopher White,Research,56142
9920,Steven Hernandez,Research,79640
5508,Betty Lee,Research,105774
3570,Betty Smith,Engineering,146431
7023,Lisa Hernandez,Marketing,78671
3705,Emily Martinez,Finance,106551
6294,Karen Garcia,Sales,59307
1841,Ashley Smith,Operations,105253
5677,Lisa Gonzalez,Marketing,139581
5576,Emily Gonzalez,Operations,61873
4471,Andrew Lewis,Finance,126255
1055,Steven Jones,Marketing,123063
4808,Mark Thomas,Marketing,30387
5222,Andrew Perez,Customer Service,46396
8028,David Robinson,Marketing,124436
779,Jane Smith,Sales,38561
1539,James Davis,Legal,91419
907,Mark Johnson,IT,147289
2681,Matthew Lopez,IT,134028
2386,Betty Lee,Operations,124100
9526,Paul Martinez,Research,69738
