EMP_ID,EMP_NM,DEPT_CD,SAL_AMT
5273,Ashley Brown,Legal,142006
5999,Lisa Moore,Sales,116397
707,John Lewis,Customer Service,128024
4914,Dorothy Garcia,Engineering,57263
8912,Paul Lewis,Legal,42342
4759,Elizabeth Harris,Operations,32663
8076,David White,IT,89724
6397,Amanda Jackson,Marketing,31523
3536,Nancy Harris,HR,39066
1429,Ashley Perez,IT,33129
6833,Lisa Clark,Research,111163
7335,Daniel Brown,HR,84697
386,Christopher Lopez,Research,109526
7910,Deborah Williams,Engineering,88820
2008,Christopher Lewis,IT,66317
6534,Karen Thomas,Finance,126716
1977,Betty Thompson,Research,121184
9117,Karen Anderson,Finance,33929
4671,Deborah Thomas,Sales,77068
4448,Amanda Jackson,IT,83713
128,Michael Harris,Legal,104240
905,Daniel Wilson,HR,69610
3551,Paul Moore,Research,124641
7066,Andrew Davis,Sales,39926
1012,Joshua Davis,HR,81150
8790,Steven Garcia,Engineering,30359
8880,Daniel King,IT,42306
6122,Lisa Lewis,HR,72172
7024,Michael Clark,Finance,98851
5066,Jane Walker,HR,52181
610,James Lewis,Research,63157
2072,Dorothy Brown,IT,92348
9298,Amanda Brown,Operations,69924
5739,Elizabeth Thomas,Engineering,55066
9814,John Ramirez,Research,65966
6402,Mark Allen,HR,51494
279,Dorothy Lee,Research,145410
9165,Jessica Lopez,Operations,52036
4246,Joshua Davis,Operations,82350
651,Amanda Lopez,Customer Service,138756
4322,Mark Allen,Operations,46454
3380,Nancy Young,Operations,137755
8488,Nancy Lee,Marketing,135049
231,Paul Smith,Marketing,132048
4617,Robert Ramirez,Engineering,119145
2830,Amanda Smith,IT,114862
3581,Deborah Young,HR,137226
555,Sarah King,Finance,133913
9981,Joshua King,Operations,132717
8478,Andrew Taylor,Finance,62369
3995,Karen Harris,Marketing,96252
4983,Anthony Jackson,Legal,100742
2163,Elizabeth Jones,Sales,94209
9413,Daniel Miller,Legal,110152
1595,Paul Smith,IT,130531
9766,Jennifer Lee,Operations,124034
1280,Amanda Rodriguez,Research,133844
1466,Nancy Williams,Engineering,108319
7745,John Young,Legal,120580
9850,Emily Perez,Customer Service,136371
4329,Jennifer Anderson,Sales,110436
6385,Christopher Lee,Engineering,103118
1176,Nancy Garcia,HR,131178
5014,Robert Brown,Operations,145289
7727,Daniel Harris,Finance,57291
7624,Lisa Walker,IT,72946
8506,Betty Robinson,Customer Service,92222
6605,Lisa Rodriguez,Finance,83663
8177,Michael Johnson,IT,63891
2830,Anthony Rodriguez,Finance,140962
3454,Amanda Garcia,Research,54848
3003,Robert Robinson,Sales,88831
7495,Amanda Lewis,Engineering,57131
2940,Anthony Sanchez,Operations,134397
668,John Williams,Finance,86774
35,Daniel Martinez,Sales,120291
8075,Emily Lopez,Legal,138896
1075,Karen Johnson,Engineering,47273
7517,Steven Anderson,Engineering,56576
1767,Paul Gonzalez,Engineering,134825
9986,Anthony Lewis,Legal,51254
6379,Jessica White,Marketing,95714
6151,Jane Martin,Operations,143280
4921,Lisa King,Sales,44969
9951,Jennifer Anderson,Finance,88177
2163,Ashley Lopez,Marketing,36489
8006,Sarah Williams,Marketing,88633
9765,Daniel Martin,Legal,33464
8970,Deborah Garcia,IT,34600
3202,Jessica Wilson,Finance,129688
7192,Betty Allen,IT,121894
5857,Nancy Taylor,Operations,97412
9206,Dorothy Robinson,Finance,110335
3080,Nancy Lewis,HR,77078
1290,Jessica Jackson,HR,137565
9047,Steven Thomas,Engineering,123116
2233,Lisa Allen,Operations,116721
5188,Daniel Clark,Sales,81776
8842,Nancy Ramirez,HR,109756
7380,Daniel Gonzalez,Operations,138055
