EMP_ID,EMP_NM,DEPT_CD,SAL_AMT
4317,Jessica Allen,Sales,52691
8243,Daniel Jones,Operations,36156
9400,Karen Williams,Engineering,40653
2070,Robert Clark,Marketing,120805
73,Emily Perez,Marketing,86714
8138,Michael Harris,Finance,121216
2088,Betty Young,Marketing,104515
9749,Steven Walker,Research,92993
8518,Dorothy White,Customer Service,62338
1532,John Smith,Marketing,69955
1516,John Johnson,Research,120729
2490,Deborah Ramirez,Operations,122414
8067,Lisa Thomas,HR,106521
1643,Sarah Martin,Research,66804
9053,Dorothy Sanchez,Research,111382
2129,Jennifer Anderson,Research,39787
5409,Emily Harris,Customer Service,67745
2305,Christopher Clark,Customer Service,78728
105,John Gonzalez,Research,137752
677,Dorothy Anderson,Engineering,101650
3498,Donald Walker,IT,51472
2778,Nancy Lewis,Operations,146357
6729,Jessica Thompson,Research,41282
7816,Nancy Robinson,IT,137861
528,Donald Thompson,IT,134397
9820,Donald Hernandez,Sales,145721
9453,Ashley Perez,Finance,36053
3090,Jane Lopez,Marketing,71173
8309,Ashley Moore,Research,68947
4939,Amanda Davis,IT,33792
7823,Michael Ramirez,Legal,58576
7020,Karen Smith,HR,101101
3783,Betty Williams,Operations,75779
2502,Nancy Smith,Legal,84263
5372,Lisa Jackson,Customer Service,111712
8358,Anthony Walker,Operations,65340
2837,Jane Garcia,Customer Service,61624
621,John Thomas,Finance,113797
6226,Sarah Wilson,HR,89488
2287,John Sanchez,HR,53793
7289,Jane Moore,HR,66690
6025,Jane White,Engineering,113697
4017,Anthony Taylor,Engineering,106711
7038,Amanda King,Marketing,124715
5178,Nancy Hernandez,Engineering,93023
8540,Matthew Martinez,Operations,129104
13,Betty Clark,Operations,46543
7175,Joshua Robinson,Sales,132400
6143,Karen Jackson,Operations,123730
4912,Andrew Perez,Operations,112374
9530,Robert Perez,Engineering,108225
3910,Matthew Thompson,Engineering,149242
223,Paul Lewis,Finance,102106
631,Emily Miller,Customer Service,148487
69,Donald Harris,IT,72770
7126,Robert Hernandez,Operations,57836
8342,Deborah Miller,Legal,39191
5041,Betty King,Customer Service,108157
6475,Lisa Martin,HR,86102
3631,John Martinez,Customer Service,100567
8878,Deborah Thompson,Finance,147059
2739,Amanda Allen,Engineering,67677
3027,Deborah Anderson,Marketing,91592
49,James Young,Sales,81214
4171,Karen Williams,Research,46764
8434,Amanda Taylor,IT,76385
1800,Donald Anderson,Marketing,47276
8438,Michael Taylor,Engineering,143235
7153,John Wilson,Sales,31484
3286,Deborah Martinez,Finance,131230
6757,Andrew Perez,Customer Service,64887
9564,Robert Clark,Finance,146857
5704,Amanda Rodriguez,HR,88681
4631,Lisa Wilson,IT,65316
5724,Elizabeth Harris,HR,86594
3448,Andrew Lewis,Legal,123640
9965,Robert Davis,Sales,64108
6652,Jane Walker,IT,58026
1062,Sarah Davis,Legal,96206
3785,Lisa Taylor,Research,69634
4127,Joshua Lee,Marketing,149416
9830,Anthony Davis,Sales,107711
6110,Anthony Miller,IT,146403
1254,Emily Sanchez,Marketing,104878
7410,Jennifer Miller,Engineering,55826
8585,Robert Martinez,Engineering,146784
2027,Sarah Miller,Legal,142542
2801,Steven Perez,Sales,39050
3809,Ashley Martin,Operations,50438
3237,Joshua Smith,Customer Service,99611
8521,Donald Lopez,Research,69281
8039,Mark Gonzalez,Marketing,34164
5821,Deborah Walker,Legal,42178
5993,David Davis,IT,61021
6152,David Anderson,Research,36038
9042,Lisa Smith,Operations,106042
3425,Mark Brown,Research,39729
3999,John Rodriguez,Finance,107363
4876,Elizabeth Clark,Sales,73357
63,Daniel White,Legal,93625
