EMP_ID,EMP_NM,DEPT_CD,SAL_AMT
827,Daniel Robinson,Legal,123832
4283,John Allen,Legal,142009
6833,Robert Wilson,Legal,84197
6452,John Clark,Operations,108630
9905,Elizabeth Ramirez,Finance,37802
7094,Dorothy Brown,Finance,104069
2597,Anthony Jackson,Sales,44100
4799,Anthony Robinson,Research,111440
9426,Donald Martin,Research,78156
6098,Lisa King,Engineering,132487
1924,Anthony Thompson,Engineering,139155
791,Elizabeth Martin,HR,135302
2957,Christopher Moore,HR,61849
1700,Deborah Thompson,Legal,77220
7060,Paul Sanchez,Sales,30620
4072,Paul Young,Engineering,82070
7995,Lisa Hernandez,IT,82718
8625,Nancy White,Operations,91824
3689,Nancy Martin,Operations,49264
6472,Mark Thompson,HR,101466
1651,Daniel Rodriguez,Finance,147234
1737,Karen Garcia,HR,70814
6121,Andrew Wilson,Finance,90474
5575,Joshua Thomas,Finance,145880
5903,Elizabeth Davis,HR,117561
8453,Deborah Harris,Marketing,35283
4473,Dorothy Hernandez,Finance,71157
869,Anthony Lopez,Customer Service,77719
2058,Karen Jones,Customer Service,51330
2632,Jessica Lopez,Finance,113940
2152,Deborah Gonzalez,HR,148829
7162,Dorothy Hernandez,Sales,146980
651,Dorothy Brown,Research,76381
3017,Sarah Harris,Research,39195
9968,Betty Sanchez,Marketing,97050
6741,Matthew Miller,Customer Service,119189
3017,Karen Jones,IT,107839
7499,Paul Garcia,Sales,62841
6691,Ashley Harris,Sales,104417
5788,David Lewis,Marketing,44046
3310,Emily Harris,Engineering,44987
9748,Jessica Harris,Marketing,62958
635,Lisa Taylor,Marketing,33118
2494,Jennifer Davis,Legal,141690
2398,Steven Taylor,Customer Service,128518
1815,Jessica Taylor,Legal,80457
7902,Steven Jackson,HR,108486
8356,David Rodriguez,Research,146348
3357,Emily Robinson,Legal,45073
9190,James Miller,Operations,83348
6311,Karen Brown,Research,88759
6032,Robert Moore,Legal,92797
3161,Daniel Sanchez,Engineering,120477
9975,Emily Taylor,Customer Service,102204
481,Amanda Rodriguez,HR,36353
6728,Jennifer Johnson,Finance,38043
7195,Christopher Lewis,Marketing,133949
972,Mark Robinson,Research,129163
9745,Dorothy Sanchez,IT,101786
4137,Amanda Thomas,Research,42515
9572,Donald King,Research,66691
3460,Steven Jackson,Research,148095
7469,Mark Johnson,Engineering,69001
8465,Jane Jones,Sales,88895
7581,Jennifer Martin,Customer Service,107130
2294,Emily King,IT,51406
5893,Deborah Allen,IT,60506
6615,Nancy Jackson,Legal,51466
5721,Amanda Rodriguez,Sales,122671
4550,John Robinson,Sales,43735
248,James Robinson,Marketing,55086
565,Ashley Perez,Finance,130503
4773,James Young,Finance,52682
6824,Karen Sanchez,Customer Service,52068
1068,Donald Brown,HR,80563
9370,Joshua Sanchez,IT,127062
3763,Joshua Walker,HR,115977
6842,Deborah Lewis,Legal,35762
2862,Joshua King,Research,41748
9721,Sarah Harris,HR,96159
8792,Robert Miller,HR,118524
922,Steven Lee,Sales,91305
8264,Steven Hernandez,Research,104015
3338,Elizabeth Walker,Operations,137346
1420,Emily Martin,IT,134245
2667,Emily Hernandez,Finance,108820
6606,Mark Williams,Marketing,133649
3293,John Wilson,Marketing,39396
1358,Ashley Smith,Legal,143978
8978,Andrew Gonzalez,Sales,79197
852,Robert Lewis,Sales,149277
9742,Christopher Martinez,Research,115454
9499,Jennifer Brown,Customer Service,97326
5839,James Brown,Engineering,50961
5509,Anthony White,Research,64446
9542,Emily Robinson,Operations,69357
5748,Nancy Gonzalez,Customer Service,97625
2079,Robert Rodriguez,Legal,105771
3860,Lisa Miller,Marketing,67600
4136,Daniel Jones,IT,51026
