C_ID,C_NAME,AGE_YRS,LOC_CD,REG_DT
1259,Jessica Anderson,30,Columbus,2021-12-26
7134,Joshua Sanchez,25,Austin,2021-04-07
4988,Michael Lee,28,Las Vegas,2023-09-01
6586,Anthony Martin,66,Albuquerque,2022-05-15
5468,Dorothy Lee,38,Washington,2020-11-05
1137,Donald Lewis,56,Sacramento,2024-05-01
6700,Mark Williams,54,Chicago,2020-05-15
8897,Anthony Walker,37,Austin,2023-06-08
9452,Daniel Garcia,18,Boston,2022-09-23
9601,Daniel Lopez,20,Portland,2024-12-21
5704,Donald Anderson,69,Denver,2020-09-07
4315,Karen Martinez,60,Charlotte,2022-09-01
291,Daniel White,68,Louisville,2020-03-22
666,Joshua Anderson,29,San Antonio,2021-01-08
7360,Karen Anderson,19,Los Angeles,2022-05-22
5961,Nancy Anderson,20,Los Angeles,2021-08-09
4769,John Lee,62,Fort Worth,2021-09-01
9474,Emily Perez,34,Chicago,2025-06-05
2912,Jennifer Wilson,36,Philadelphia,2024-03-01
7829,Steven Smith,28,Columbus,2025-04-25
655,Mark Lee,25,Austin,2024-12-21
8581,Lisa Lee,61,Fort Worth,2025-11-22
336,Paul Sanchez,19,Chicago,2024-05-19
6854,Joshua Moore,34,Houston,2025-03-27
8597,James Robinson,65,Austin,2020-08-25
6118,Andrew Allen,63,Los Angeles,2022-04-10
9076,Jennifer Lopez,70,Charlotte,2024-02-15
2308,Anthony Taylor,19,Mesa,2023-11-12
1636,Emily Jackson,29,Fresno,2024-05-04
8980,Lisa King,56,Charlotte,2021-09-21
9297,Mark Thompson,48,Boston,2025-05-16
1523,Betty Garcia,24,Tucson,2024-09-03
2274,Matthew Thomas,51,Mesa,2025-04-24
4204,Deborah Anderson,45,San Francisco,2025-11-07
5972,Emily Rodriguez,36,Chicago,2022-05-20
1880,Karen Smith,39,Sacramento,2022-11-27
203,Mark Clark,42,Louisville,2024-01-02
9324,Emily Jones,49,Houston,2023-03-28
2924,Amanda Hernandez,63,Louisville,2025-08-07
1536,Andrew Rodriguez,39,Oklahoma City,2024-11-21
8214,Christopher Walker,21,Jacksonville,2024-06-12
7646,James Johnson,48,Nashville,2024-03-07
2847,Joshua White,51,San Jose,2025-10-10
9412,Emily Lee,69,Mesa,2021-09-27
2577,Donald Johnson,68,Tucson,2024-01-20
4130,Christopher Jackson,67,Albuquerque,2024-12-11
752,Sarah Davis,69,Milwaukee,2025-10-05
8383,John Allen,34,Jacksonville,2021-07-15
460,Mark Hernandez,29,Boston,2020-07-12
8441,Sarah Harris,34,Nashville,2022-09-09
6298,Mark Jackson,35,Baltimore,2023-02-08
7053,Paul Martinez,47,Louisville,2024-03-02
325,Dorothy Ramirez,49,San Jose,2022-02-17
591,Mark Jones,22,Albuquerque,2025-02-20
361,Lisa Anderson,46,Fort Worth,2020-08-28
7236,Mark Martinez,54,Columbus,2020-07-07
4588,Robert Hernandez,50,Seattle,2024-07-12
2005,Lisa White,49,Milwaukee,2022-03-02
9911,Lisa Jackson,44,Milwaukee,2024-08-08
6136,Donald Lee,31,Los Angeles,2025-09-22
6118,Anthony Brown,60,Sacramento,2022-01-02
4174,John Rodriguez,32,Jacksonville,2024-03-21
9393,Elizabeth White,26,Charlotte,2025-07-03
6828,Sarah Gonzalez,23,Austin,2025-06-06
7114,James Sanchez,30,Jacksonville,2020-06-17
7346,Emily Brown,46,Dallas,2023-02-20
2325,Anthony Martinez,53,Charlotte,2022-02-15
9648,Karen King,41,Washington,2022-03-23
9106,David Lee,49,Las Vegas,2020-08-22
8758,Sarah Young,58,Columbus,2023-07-28
875,Amanda Miller,63,San Francisco,2021-02-02
5725,Donald Wilson,18,Boston,2024-12-09
1758,Lisa Garcia,64,Philadelphia,2021-01-09
1253,Jane Robinson,34,San Francisco,2023-10-20
4246,Deborah King,49,Albuquerque,2023-09-19
