EMP_ID,EMP_NM,DEPT_CD,SAL_AMT
2342,Paul White,Customer Service,34228
6525,Karen Thomas,Engineering,32388
2800,Jane Smith,Marketing,140185
9758,Andrew Young,HR,82034
361,Amanda Rodriguez,Sales,48311
8262,Emily Smith,IT,142231
3897,Matthew Anderson,Finance,42108
2676,Andrew Allen,Marketing,48974
6333,Lisa Brown,Marketing,85609
448,Mark Thompson,Sales,131598
9208,Matthew Jackson,Operations,78525
4382,Jane Wilson,HR,78127
1615,Anthony Anderson,Marketing,142942
1861,Jennifer Walker,Engineering,89835
3225,Anthony Thomas,Legal,109622
5259,Joshua Lee,Customer Service,31119
4499,Dorothy Lee,Customer Service,137537
8474,Daniel Taylor,Marketing,42766
1303,Daniel Gonzalez,Research,62833
279,Andrew Jackson,Research,37128
8131,Robert Gonzalez,Finance,96183
1499,Nancy Miller,Sales,119667
1731,Daniel Moore,Sales,129495
3029,Elizabeth Lee,Legal,85385
7027,Dorothy Walker,Operations,124962
6000,Deborah Hernandez,Operations,148553
6138,Michael Davis,Research,94054
6334,Paul Ramirez,Legal,77105
8497,Elizabeth Taylor,HR,38195
8974,James Clark,IT,81714
3159,Dorothy Perez,HR,137906
6420,Ashley Wilson,Sales,64456
6009,Jennifer Lewis,Research,59547
7284,Nancy Brown,Marketing,74702
7314,Anthony Perez,Operations,60386
2930,David Williams,Research,132013
5861,Michael Thompson,Marketing,38726
2067,Anthony Rodriguez,IT,38309
1749,Betty Clark,IT,105844
5861,Matthew Sanchez,Legal,127077
2355,Andrew Thompson,Research,99924
5661,Paul Johnson,Customer Service,111214
3936,Lisa Harris,Legal,90114
1501,James Perez,Finance,39578
1084,Donald Martinez,IT,127418
6115,Paul Moore,Engineering,36009
1498,Matthew Martinez,Legal,136447
9525,Dorothy Jackson,Operations,68393
1699,Christopher Harris,HR,76343
2906,Ashley Anderson,Engineering,77367
5398,Elizabeth Jones,IT,82649
7896,Paul Rodriguez,IT,50497
1824,Nancy Johnson,Operations,65349
2826,Emily Walker,Operations,87567
3414,Emily Sanchez,Marketing,105768
1517,Elizabeth Jackson,Finance,56006
5119,Nancy Thompson,Sales,66605
4263,Emily Perez,Finance,133814
3299,Mark Wilson,Research,47205
43,Lisa Anderson,Research,82854
3829,Christopher Anderson,Marketing,120680
7149,Karen Wilson,Legal,109385
6792,Amanda Jones,Operations,41319
3259,Daniel Martin,Research,134563
4554,Amanda Robinson,Finance,132474
6122,Donald Allen,Marketing,110491
8901,Paul Hernandez,Research,144026
5199,Elizabeth Thompson,Operations,93601
6177,Christopher Jones,IT,93252
4111,Emily Martinez,Finance,107542
696,Emily Garcia,Research,139036
9658,Robert Lewis,Operations,33016
4006,Nancy Sanchez,Customer Service,106803
5383,Matthew Moore,HR,42824
7035,Jessica Martinez,Engineering,125047
1975,Jennifer Wilson,Customer Service,104931
2733,John Lewis,Finance,130315
9728,David Brown,Legal,58118
3256,Jessica Robinson,HR,109215
4428,Steven Walker,Research,58221
3986,Sarah Sanchez,Customer Service,98311
916,John Smith,Customer Service,117348
3928,Daniel Lewis,HR,74024
2768,Ashley Ramirez,Finance,80301
9833,Matthew Williams,Legal,72734
2863,Matthew Brown,Engineering,124302
241,Paul Ramirez,Customer Service,72352
2754,John Moore,Research,147448
1573,Donald Martin,Finance,121485
1020,Emily Lee,IT,127097
6492,Amanda Garcia,Customer Service,50028
4128,Michael Harris,Finance,30549
5811,David White,Legal,35897
5726,Daniel Miller,Operations,149023
621,Deborah Robinson,Finance,119635
6575,Deborah Young,Research,118569
595,Daniel King,Marketing,125580
4639,Robert Miller,Sales,112925
2093,Sarah Allen,Sales,33344
9158,Amanda Thomas,Customer Service,128349
