EMP_ID,EMP_NM,DEPT_CD,SAL_AMT
7476,Deborah Moore,Legal,41487
1078,John Rodriguez,Engineering,147246
8230,Amanda Davis,Sales,103720
2762,Paul Garcia,Customer Service,49495
2731,David Harris,Research,132617
1427,Amanda Perez,Customer Service,136638
2064,Betty Miller,Finance,35879
3887,Andrew Harris,Sales,61376
4969,David Lee,Marketing,90726
8606,Lisa Harris,IT,38079
3322,Paul Garcia,Research,70156
6369,Emily Brown,Legal,61735
3870,Michael Rodriguez,Finance,64729
8515,Jennifer Gonzalez,Customer Service,132009
4992,Betty Anderson,Sales,79326
860,Mark Smith,Customer Service,45563
5142,Karen Taylor,Research,49449
7642,Christopher White,Customer Service,94753
982,Amanda Lewis,Customer Service,47891
5060,Anthony Moore,Marketing,56570
4996,Emily Hernandez,HR,78309
7237,Donald Wilson,Legal,45749
439,Karen Perez,Legal,73123
3489,Mark Martinez,Engineering,116060
3875,John Robinson,Marketing,149164
4736,Anthony Williams,Operations,113866
8475,Amanda Martin,Sales,108339
6336,James Martinez,Legal,39566
6183,Amanda Lewis,Customer Service,79943
5991,Amanda Clark,Legal,98983
6423,Lisa Harris,Customer Service,58070
4902,Betty Lopez,HR,73271
8819,Jennifer Moore,Finance,148114
5097,Joshua Miller,Engineering,74003
7555,Sarah Allen,Sales,74908
2614,Lisa Anderson,Research,92723
8385,Mark Young,Marketing,144574
3936,Robert Clark,Finance,34265
4706,Paul White,IT,115319
8214,Donald Walker,HR,105956
9138,Jane Perez,Operations,79901
1008,Ashley Lee,Engineering,71336
9220,Elizabeth Perez,Operations,124816
7283,Anthony Jones,Marketing,65545
6468,Nancy Walker,Customer Service,142814
4061,Elizabeth Ramirez,Sales,118748
9723,Paul Brown,Sales,61178
6162,Christopher Johnson,Research,107126
5092,Christopher Walker,Sales,122800
7391,Deborah Martinez,Customer Service,59217
9792,Matthew Allen,Customer Service,80176
4669,Anthony Harris,Finance,136485
6744,Dorothy Robinson,Operations,118842
8133,James Hernandez,Research,95062
7680,Nancy Clark,IT,121664
2242,Amanda Rodriguez,Sales,110231
4613,Ashley Clark,HR,59556
9125,Steven Smith,Finance,109308
2912,Lisa Miller,Marketing,127200
6702,Jessica Smith,HR,104563
2263,Matthew Walker,Sales,132383
7998,James Smith,Customer Service,61902
5796,Anthony Lee,Operations,134426
2818,Jennifer Martin,Engineering,97147
5003,Paul Young,Operations,101953
5145,Anthony Jones,Engineering,53635
7485,Jessica Jackson,Marketing,85080
264,Jessica Johnson,Marketing,135072
6503,Jessica White,Marketing,128199
4497,Mark Gonzalez,Finance,35498
7385,Amanda Young,Legal,110994
653,Robert Lewis,Legal,64963
4565,Deborah Clark,Customer Service,119306
44,Michael Lopez,Legal,74920
80,Paul Walker,Legal,101791
9970,Andrew Moore,Finance,63341
9363,Dorothy Young,Legal,46787
2005,Mark Allen,IT,46685
8054,Michael Young,Legal,137031
7506,Elizabeth Thompson,Customer Service,111026
8960,Betty Walker,Engineering,111743
3524,Michael Gonzalez,Marketing,64336
6200,Anthony Allen,Research,138012
4475,Robert Wilson,Sales,89317
6437,Sarah Smith,Engineering,73257
130,Karen Brown,Research,57617
9891,Matthew Young,Operations,128472
6754,Michael Thompson,Customer Service,117556
7577,Michael White,Engineering,148413
5030,Sarah Wilson,IT,122635
3563,Nancy White,Marketing,35208
6987,Emily Davis,Legal,74897
2613,Robert Jones,Marketing,116504
4946,Robert Lopez,Customer Service,133813
612,Sarah Anderson,Sales,107106
748,David White,Research,84528
7744,Robert Lewis,HR,30272
914,Christopher Moore,Research,90089
2099,Joshua Thompson,Research,72952
1698,Matthew Davis,IT,125500
