C_ID,C_NAME,AGE_YRS,LOC_CD,REG_DT
5551,Michael Brown,45,Denver,2021-03-22
3373,Nancy Taylor,34,Phoenix,2024-01-13
5801,Amanda Brown,30,Charlotte,2021-11-23
4226,Steven Robinson,68,Houston,2022-11-28
7081,David King,39,Portland,2024-02-15
4711,Ashley Thomas,51,Dallas,2022-06-18
4985,Paul White,57,Tucson,2020-10-18
916,Lisa Gonzalez,66,Louisville,2020-07-17
9512,Donald Martin,26,Houston,2025-01-20
3985,Elizabeth Young,44,Albuquerque,2020-05-17
3925,Steven Ramirez,20,Kansas City,2021-12-28
6669,Joshua Hernandez,56,Washington,2021-04-17
9032,Lisa Williams,20,Philadelphia,2022-05-08
8209,Christopher Allen,31,Fresno,2023-10-07
6160,Karen Martinez,18,San Francisco,2023-01-07
3141,Anthony Lee,68,Fresno,2020-05-22
9439,John Martin,55,Louisville,2023-07-25
492,Nancy Jackson,55,Philadelphia,2024-07-26
3894,Ashley Sanchez,28,Fresno,2023-10-28
9628,Donald Davis,57,Sacramento,2023-03-06
5027,Anthony King,34,Louisville,2024-12-06
5661,Christopher Thomas,69,Los Angeles,2025-10-06
5960,Paul Robinson,24,Nashville,2022-12-23
219,Paul Hernandez,40,Philadelphia,2023-01-24
5140,Deborah White,27,Jacksonville,2021-07-13
5453,Michael Smith,42,San Francisco,2022-03-09
9859,Donald Garcia,30,Charlotte,2020-10-11
4274,Christopher Taylor,70,San Antonio,2025-06-27
6391,James Lee,44,Oklahoma City,2024-02-19
9505,Andrew Garcia,20,Boston,2024-10-14
4257,Donald Hernandez,24,Portland,2023-11-21
3735,Jessica Anderson,24,Portland,2021-08-13
1293,Anthony Lewis,44,San Jose,2025-06-22
8849,Donald Jones,46,Charlotte,2021-04-23
4471,Dorothy Harris,26,Oklahoma City,2022-07-28
1425,Lisa Jackson,40,Oklahoma City,2021-04-25
2367,Daniel Rodriguez,51,Los Angeles,2023-01-14
2845,Jane Thompson,23,Mesa,2024-06-05
2329,Deborah Young,29,Baltimore,2024-06-09
5489,Amanda Moore,24,Philadelphia,2020-08-07
4777,Christopher Taylor,29,Indianapolis,2023-06-26
1438,Deborah Walker,35,Columbus,2023-02-14
2820,Michael Hernandez,42,Washington,2021-08-05
1111,Betty Hernandez,55,Philadelphia,2020-08-28
6293,Ashley Rodriguez,35,Louisville,2020-08-11
8916,David Miller,40,Philadelphia,2022-07-25
7801,Lisa Wilson,27,San Antonio,2025-01-25
2365,Jane Ramirez,24,Los Angeles,2021-11-02
167,Anthony Ramirez,30,Milwaukee,2025-02-14
3193,Jane Anderson,58,Tucson,2021-02-11
2904,Andrew Smith,20,Las Vegas,2025-05-27
5337,Karen Rodriguez,66,New York,2021-01-28
2532,James Smith,30,Fresno,2025-07-06
6997,Donald Brown,64,Chicago,2023-01-16
9703,James Davis,22,Phoenix,2022-08-27
867,Nancy Lee,30,Dallas,2023-02-16
1523,Mark Gonzalez,22,San Diego,2020-03-05
7714,Emily Thompson,60,Fort Worth,2021-07-16
9971,Jessica Garcia,48,Columbus,2023-07-05
4888,Jessica Perez,28,New York,2025-05-27
3261,Mark King,34,Phoenix,2025-09-22
1287,Michael Martin,19,Portland,2022-03-25
9768,Jane Smith,56,Nashville,2024-08-15
8325,Sarah Taylor,61,Kansas City,2024-12-07
4219,David Harris,37,New York,2021-06-26
4986,Anthony Garcia,54,San Antonio,2025-11-28
2852,Nancy Jackson,26,Milwaukee,2021-01-24
5995,Emily Young,21,Charlotte,2021-01-10
2045,Dorothy Johnson,29,Columbus,2022-04-14
3399,Michael Lopez,37,San Diego,2022-10-24
2315,Mark Miller,20,Jacksonville,2024-12-03
3194,Dorothy Perez,24,Milwaukee,2024-10-12
3135,Matthew Perez,38,Fort Worth,2020-08-28
9084,Emily Martin,22,Indianapolis,2024-07-28
502,Dorothy Harris,46,San Antonio,2025-01-07
