EMP_ID,EMP_NM,DEPT_CD,SAL_AMT
34,Deborah Garcia,Engineering,33659
9075,Donald Gonzalez,Engineering,129919
5324,Ashley Williams,Sales,134049
3483,Matthew White,Research,93668
5138,Lisa Thompson,IT,66323
2407,Sarah Robinson,Research,67554
3507,Lisa Taylor,Engineering,133144
6249,Deborah Wilson,Operations,62747
2344,Ashley Clark,HR,62462
1446,Robert Moore,Legal,60463
8559,Ashley Smith,Marketing,95062
4797,Michael Thompson,Research,95908
6209,Robert Clark,Legal,147314
8749,Paul Thomas,IT,90058
6558,Christopher Williams,Engineering,67961
8231,Robert Rodriguez,Operations,82458
43,Betty Anderson,Legal,53329
7449,Ashley Smith,Research,68042
2502,Jane White,HR,134712
100,Michael Lewis,Finance,133945
4304,Andrew King,Sales,125557
2454,Donald Clark,IT,107742
9400,Steven Thompson,HR,125229
4111,Emily Wilson,Customer Service,67453
4176,Emily Anderson,Engineering,51568
3274,Christopher Martin,Legal,69033
4584,Michael Martinez,IT,107646
9258,Anthony Allen,HR,83325
2130,Matthew Ramirez,Legal,79716
454,Jennifer Allen,Operations,59210
2499,John Garcia,Finance,71531
2300,Amanda Harris,Legal,98808
2206,David Sanchez,Legal,80837
2782,James Sanchez,Operations,59388
460,Elizabeth Davis,IT,48312
3187,Michael Thompson,Engineering,87478
9957,Karen Garcia,Customer Service,146376
1743,Lisa Johnson,Legal,52648
277,Donald Lewis,Finance,40262
5565,Michael Brown,Finance,148609
5834,Nancy Martin,Marketing,144248
8147,Jane Jackson,Customer Service,122597
3655,Joshua Johnson,Finance,85595
697,Anthony Brown,Finance,80495
2786,Christopher Thompson,Marketing,44975
339,Donald Jones,Operations,93161
9249,Andrew Garcia,HR,96937
815,Elizabeth King,Sales,107640
8765,Deborah Young,Customer Service,126498
2477,Karen Miller,Marketing,106310
409,Jane Thompson,Customer Service,149996
380,Donald Brown,HR,65479
2453,Robert Perez,Customer Service,30080
2283,Mark Lopez,Engineering,111704
8361,Christopher Johnson,Research,46615
4332,Sarah Williams,Operations,127499
2804,Andrew Lopez,HR,34253
8224,Andrew Walker,Engineering,97756
8680,Dorothy Sanchez,Marketing,42029
4829,Daniel Young,Operations,62844
2881,Daniel Thomas,Sales,88044
5316,Dorothy Hernandez,Customer Service,128181
3561,Robert Perez,Marketing,73465
3873,Deborah Thomas,Sales,98474
4783,James Jackson,Customer Service,71780
612,Joshua Smith,Marketing,103238
3544,Robert Smith,Legal,126195
3760,Daniel White,Legal,98745
8711,Emily White,Engineering,86465
1499,Dorothy Lee,Finance,149549
4305,Betty Davis,Legal,41256
8987,Emily Lee,Customer Service,110899
4357,John Rodriguez,Sales,74850
4125,Anthony Thomas,Marketing,68349
1435,Betty White,Research,109907
3532,Sarah Smith,Research,134075
1473,Dorothy Allen,Finance,130671
6879,Andrew Jones,HR,46873
3124,Amanda Brown,Research,122153
6643,Betty Jones,Research,146415
2179,Andrew Hernandez,IT,93349
9418,Steven Sanchez,Operations,56327
8679,Lisa Walker,HR,68048
1330,Elizabeth Lopez,IT,136730
5945,John Allen,Engineering,71308
50,Robert Young,Research,148898
836,Joshua Perez,Sales,69524
8040,John Williams,Legal,46195
216,Joshua Hernandez,HR,112283
5735,Michael White,Operations,96801
3073,Emily Johnson,Engineering,119467
2589,Joshua Garcia,HR,61892
1022,Donald Lopez,Research,140534
9626,Lisa Harris,Sales,55591
7997,Paul Harris,Sales,31456
4727,Steven Moore,Sales,54899
5228,Nancy Martin,Legal,107929
1049,Karen Martinez,HR,101361
8790,James Clark,Sales,122579
8882,Steven Smith,Customer Service,113610
