EMP_ID,EMP_NM,DEPT_CD,SAL_AMT
1927,Michael Martin,HR,31953
7824,David Miller,Marketing,142548
6168,Daniel Johnson,Legal,132855
311,Mark Anderson,Sales,84916
2309,Steven Thomas,Research,106162
8703,Karen Young,Research,65695
1522,David Walker,Marketing,117981
424,Robert King,Legal,119092
452,Anthony Miller,IT,59915
78,Jennifer Ramirez,Marketing,82970
4336,Joshua Rodriguez,Sales,80470
2894,Anthony Perez,Sales,125086
8385,Ashley Gonzalez,Marketing,52286
3190,Robert Smith,Research,68874
5307,Jennifer Miller,Finance,96790
9133,Jennifer Walker,Research,149748
3935,John Miller,Legal,61560
6935,Steven Davis,Marketing,138656
3454,Elizabeth Clark,Sales,145261
2941,Jennifer Young,Customer Service,47115
4077,Mark Wilson,HR,36125
6997,John Wilson,Legal,57794
8845,Jane Johnson,Marketing,79142
7415,Ashley Ramirez,Finance,75511
4989,Deborah Smith,IT,71267
4284,Ashley Davis,Finance,55922
5296,Jessica Anderson,Engineering,98260
702,John Jackson,HR,107502
9441,Robert Lee,Legal,135540
5593,Lisa Smith,Operations,140769
3694,Christopher Harris,HR,111759
4558,Ashley Anderson,Research,131874
7641,James Thomas,Sales,64566
7117,Deborah King,Engineering,33416
4321,Anthony Garcia,Research,103258
3340,Elizabeth Johnson,Operations,62891
9488,Daniel White,Finance,55887
669,Christopher Allen,Finance,70828
5668,Karen Thompson,HR,134408
4685,Anthony Jones,Operations,87603
1612,Donald Jones,Legal,96114
2495,David Lopez,Finance,130013
4297,Lisa King,IT,72336
4484,Daniel Thompson,HR,88307
2473,Emily Allen,Engineering,76122
6353,Elizabeth Gonzalez,Operations,68379
7460,Christopher Martin,Sales,133692
3310,Lisa Martin,IT,107976
4887,Matthew Smith,Sales,55643
4943,Christopher Moore,Customer Service,59955
5062,Steven Lee,IT,138166
2527,David Taylor,Research,53266
7196,Betty Jackson,Operations,44634
8972,Deborah Taylor,Operations,112620
1115,John White,IT,36857
1467,Joshua Gonzalez,IT,131122
7458,Christopher Walker,HR,95379
9412,Ashley White,HR,69936
8343,David King,IT,100090
5127,Matthew Miller,Engineering,137122
500,Lisa Miller,Finance,110448
8626,Betty Garcia,Finance,36317
9207,Ashley Wilson,Sales,59759
4136,Sarah Young,Engineering,138017
4226,Emily Davis,Customer Service,119748
3420,Emily Williams,Operations,82234
8910,Steven Sanchez,HR,146483
7167,Anthony Brown,IT,137110
6966,Ashley Ramirez,Finance,143966
8187,Amanda Sanchez,Legal,32216
2410,Lisa King,Customer Service,106781
5923,Lisa Wilson,Customer Service,61212
5921,Mark Young,Marketing,97306
7178,Daniel Smith,Operations,88647
7785,Donald Davis,Legal,36975
8184,Sarah Johnson,Sales,31495
6653,Christopher Davis,Customer Service,111657
3758,Jessica Ramirez,Marketing,120086
4410,Nancy Thompson,Engineering,80076
2272,Robert Jones,HR,47500
2265,Jane Lopez,Engineering,139825
8512,Christopher Robinson,Customer Service,84090
5036,Jennifer Martin,IT,137504
7215,James Lewis,Operations,117631
5072,Michael Garcia,Research,100759
3729,Steven Smith,Legal,136999
4088,Elizabeth Clark,Marketing,138897
9869,Jessica Jackson,Sales,99057
5918,Mark White,Engineering,84073
6432,Anthony Harris,Sales,131829
1016,Robert Jackson,Customer Service,30613
6758,Ashley Johnson,HR,57309
933,Mark Thompson,Customer Service,119642
1211,David Gonzalez,HR,121098
6932,Betty Thompson,Legal,65498
7478,David Jackson,Sales,123427
8831,Deborah Martinez,Operations,41170
9071,Joshua Clark,Legal,88117
5058,Michael Davis,HR,46366
713,Matthew Perez,Engineering,50128
