C_ID,C_NAME,AGE_YRS,LOC_CD,REG_DT
7793,Lisa Thompson,27,Boston,2022-06-21
4088,John Rodriguez,59,San Francisco,2022-08-28
1653,Deborah Jones,28,Mesa,2023-10-11
6331,Jennifer Jackson,60,Mesa,2020-02-23
4421,Christopher Young,53,Louisville,2024-01-05
4392,Anthony Williams,52,Tucson,2023-01-22
3671,John Davis,33,Washington,2021-05-05
8630,Anthony Hernandez,29,Albuquerque,2022-05-06
9507,Robert Jones,41,Washington,2020-08-16
8573,Emily Thompson,23,Denver,2020-11-02
1593,Mark Robinson,42,Boston,2022-09-22
7113,Anthony Jones,43,Dallas,2024-08-12
37,James Garcia,49,Indianapolis,2022-03-16
683,Paul Sanchez,29,San Diego,2023-03-03
355,Andrew Thompson,64,Las Vegas,2024-06-14
9249,Elizabeth Robinson,60,San Francisco,2025-04-12
9063,Ashley Taylor,19,Dallas,2023-05-25
9992,Christopher Sanchez,66,Los Angeles,2022-10-13
7467,Paul Wilson,32,Columbus,2024-01-12
4535,Anthony Allen,63,Philadelphia,2021-12-25
1319,Sarah Smith,25,Fort Worth,2022-01-05
7769,Deborah Thomas,36,Mesa,2022-05-25
5744,Dorothy Davis,43,Nashville,2023-05-28
8739,Paul Brown,40,Fort Worth,2021-06-16
8565,Lisa Clark,40,Kansas City,2021-12-19
1672,Michael Robinson,46,Boston,2020-05-07
2691,Mark Davis,56,Philadelphia,2020-08-27
441,Ashley Rodriguez,40,Portland,2022-09-01
7840,Michael Hernandez,36,New York,2022-08-21
3824,David Robinson,41,Charlotte,2023-09-24
61,Matthew Moore,67,Sacramento,2020-09-05
2728,Steven Young,68,Baltimore,2023-08-15
4707,Steven Gonzalez,47,Tucson,2021-07-08
3474,Dorothy Walker,54,Fresno,2021-06-07
4807,Jane King,24,Philadelphia,2024-07-19
1853,Karen Davis,51,Phoenix,2024-08-03
7851,John Williams,60,San Antonio,2024-01-17
9704,Betty Allen,52,Portland,2020-01-10
8904,Betty Anderson,69,Portland,2022-03-04
8080,David Brown,53,San Diego,2023-12-09
6258,Karen Jones,18,Baltimore,2023-03-08
7619,Jane Gonzalez,53,Washington,2022-05-17
6094,Jennifer White,46,Austin,2021-02-04
2126,Lisa Gonzalez,25,Indianapolis,2022-11-25
6473,Donald Martin,45,Dallas,2024-07-21
8999,John Hernandez,27,Columbus,2022-08-05
3431,Daniel King,62,San Antonio,2022-03-06
9912,Dorothy Taylor,46,Los Angeles,2020-08-01
5822,Nancy Robinson,38,Chicago,2023-05-28
4424,Betty Robinson,66,Boston,2025-01-24
4073,Steven Ramirez,26,Los Angeles,2024-11-17
5765,John Lee,24,Chicago,2020-07-19
3264,Ashley Perez,41,Columbus,2023-11-16
7085,David Jones,64,Houston,2021-06-18
7188,Matthew Martinez,49,Dallas,2022-09-01
9527,Michael Jackson,56,Philadelphia,2021-12-20
6594,Emily Hernandez,25,Louisville,2024-07-25
5622,Dorothy Perez,49,Seattle,2020-10-08
5774,Betty Gonzalez,24,Phoenix,2022-11-06
8010,Joshua Rodriguez,59,Dallas,2023-01-06
2377,Anthony Davis,21,Washington,2020-11-01
211,Dorothy Thompson,35,Nashville,2020-12-13
9975,Betty Lopez,55,Austin,2024-11-19
1844,Sarah Lee,39,Portland,2020-07-06
9789,Lisa Gonzalez,54,Louisville,2025-05-04
6009,Elizabeth Clark,65,Indianapolis,2025-09-25
2284,Emily Clark,46,Washington,2025-09-15
9785,Christopher Brown,59,Kansas City,2022-08-02
6195,Deborah Thomas,22,Albuquerque,2021-04-08
1702,Christopher Davis,69,Mesa,2023-08-25
4623,Betty Rodriguez,20,Tucson,2020-07-21
7001,Donald Sanchez,47,Houston,2025-04-03
6464,Lisa Smith,30,Louisville,2024-03-14
341,Daniel Gonzalez,66,San Jose,2023-12-28
5385,John Wilson,68,Houston,2025-06-22
