EMP_ID,EMP_NM,DEPT_CD,SAL_AMT
9056,Jennifer Lee,Engineering,66594
9775,James Rodriguez,Research,97356
8163,Sarah Jackson,Operations,46048
321,Christopher Martin,Finance,109330
2502,Sarah Miller,Finance,97732
3521,Daniel Martin,Sales,138128
985,Christopher Jackson,Operations,93550
2337,Sarah Robinson,Legal,131556
7132,James Miller,Customer Service,146884
2384,Joshua Davis,Research,73241
6845,Lisa Williams,Customer Service,138921
6687,Deborah Gonzalez,HR,118207
6908,Deborah Garcia,Engineering,98792
7685,John Smith,Operations,85412
5460,Robert Davis,Customer Service,46992
3231,Sarah Jackson,Research,33645
3255,Andrew Rodriguez,Finance,77260
4826,Amanda Lee,Engineering,57062
7688,Nancy Perez,Customer Service,146509
5334,Nancy Perez,HR,65861
5284,Paul Thomas,Engineering,73271
4907,Steven Davis,Customer Service,147354
3132,Dorothy Sanchez,Research,78501
377,Jane Hernandez,IT,60198
5613,Deborah Davis,Customer Service,107935
2324,Amanda Lopez,Marketing,112065
3740,Jane Jones,Research,36069
1614,Jennifer Perez,IT,102721
339,Dorothy Perez,Operations,74603
3448,John Jackson,Sales,45792
1759,Deborah Moore,Marketing,78367
9337,Deborah Walker,Marketing,47448
4712,Jennifer Williams,Marketing,30446
8011,Elizabeth Lopez,Operations,120655
8930,Jane Young,Operations,101910
2609,Elizabeth Davis,Customer Service,79143
2205,Karen Hernandez,IT,141198
8695,Robert Gonzalez,Research,41000
9772,Anthony Clark,IT,92080
1176,Christopher Jones,IT,63529
5992,Michael Lewis,Legal,149247
616,Betty Sanchez,Finance,100719
3690,Anthony Wilson,Sales,89542
1593,Elizabeth Wilson,Customer Service,102555
5983,Joshua Lopez,Legal,47548
2236,Robert Jones,Finance,55169
5117,Robert Lopez,Engineering,93045
9637,Lisa Anderson,Marketing,111826
7956,John Rodriguez,Engineering,67699
8860,Christopher Moore,Engineering,87807
8793,James Lopez,Legal,123119
4735,Donald White,Finance,61299
1116,James Robinson,Engineering,48760
555,Jennifer Perez,Legal,56048
6180,Jessica Johnson,Sales,98390
6226,Emily Brown,Sales,119817
7722,Paul Anderson,Engineering,47077
9656,Betty Moore,Sales,148015
5997,Dorothy Davis,Research,113310
6472,Mark Miller,Customer Service,37167
5003,Lisa Clark,IT,144067
2846,Betty Garcia,Sales,84332
790,Betty Allen,Marketing,103621
6633,Jennifer Williams,Research,94801
6149,John Martin,Operations,124249
7849,Jessica Johnson,HR,87137
4670,Sarah Smith,HR,44117
9363,Betty Lopez,Finance,37647
3425,Joshua Martin,Engineering,135868
698,Deborah Clark,Research,62823
9088,Paul Lee,IT,43052
9775,Daniel Lewis,HR,138265
2557,David Williams,Finance,78129
5654,Dorothy Miller,IT,126241
1577,Andrew Ramirez,Customer Service,37777
9419,Mark Thomas,Sales,84356
2784,Andrew Martinez,Finance,78788
363,Deborah Thompson,IT,59681
1945,Ashley Sanchez,Sales,112350
1885,Amanda Davis,Research,48382
5865,Jane Thomas,Finance,140506
1174,Steven Williams,Operations,94748
6576,Paul Taylor,Legal,127700
4930,Christopher Jones,Operations,132373
5892,Anthony Martin,Engineering,31545
5646,Robert Hernandez,HR,73243
7365,Elizabeth Martinez,Engineering,76166
2053,Jane Rodriguez,Marketing,37996
6906,John Rodriguez,Engineering,116606
1913,Lisa Walker,Engineering,99009
3219,Emily Perez,Customer Service,141983
1143,Dorothy Wilson,Finance,43688
8692,Steven Ramirez,Engineering,90809
789,Jane King,IT,107630
8812,Karen Jones,Legal,103121
6509,Sarah Walker,Legal,74725
1187,Nancy Anderson,Customer Service,105421
3388,Matthew Thomas,Finance,108932
2674,Mark Martinez,Finance,50705
2427,Anthony Williams,HR,80281
