EMP_ID,EMP_NM,DEPT_CD,SAL_AMT
8730,David Rodriguez,Operations,102065
5,Andrew Young,Engineering,147030
6764,Steven Gonzalez,Operations,124789
5412,Betty Thompson,IT,90108
7256,Dorothy Smith,Operations,87902
5758,Michael Perez,Legal,76685
8066,Amanda Allen,Finance,109457
7848,Matthew Jackson,Sales,52803
3700,Nancy Wilson,Research,91108
7325,Jane Johnson,Marketing,93371
2946,Paul Jones,Legal,109629
4735,Robert Jackson,Marketing,62703
7111,James Miller,IT,109946
5449,Nancy Clark,Research,109484
1633,John White,HR,70886
7341,Steven Jones,Sales,137784
2520,Nancy Clark,Finance,38258
1311,Sarah Martinez,Marketing,80281
5705,John Brown,Research,89923
8370,Betty Williams,Engineering,39785
5932,Paul Clark,HR,128596
2705,Sarah Johnson,Research,56479
9453,Elizabeth Perez,Finance,86159
8671,Mark Martin,Finance,89339
2432,Emily Davis,Customer Service,84204
4706,Anthony Gonzalez,HR,120082
1238,Lisa Miller,Legal,68030
9092,Robert Johnson,Engineering,110235
3566,Anthony Ramirez,HR,141362
1866,Andrew Wilson,Sales,98875
6836,Sarah Jackson,Finance,58959
4059,Jennifer Thomas,Customer Service,104844
4350,Deborah Ramirez,HR,48179
3465,Jessica Allen,Research,36073
3247,Emily Wilson,HR,44721
9059,Lisa Garcia,Legal,136310
8938,Robert Thompson,Marketing,135423
9345,Mark Allen,Operations,132905
3781,Betty Walker,Customer Service,64522
4523,Nancy Jackson,HR,137558
8039,Paul Walker,Customer Service,104698
507,Jane Wilson,Operations,94782
2316,Donald Walker,Research,148986
9092,Donald Ramirez,Operations,140507
5584,Jennifer Davis,Marketing,40897
2771,Michael Taylor,Research,72291
53,Donald Martinez,Customer Service,52289
8585,Lisa Smith,IT,114169
3110,Anthony Thompson,Sales,63606
7118,Christopher Martinez,Sales,40377
4382,Anthony Thompson,Customer Service,68443
8205,Emily White,Engineering,57587
5624,John King,Customer Service,110362
7853,Joshua Smith,Research,63771
2229,Betty Miller,Research,100029
2797,John Johnson,Research,133161
4424,John Allen,Engineering,71078
2123,Ashley Thomas,Finance,33385
6345,Andrew Taylor,IT,131181
6730,Paul Lopez,Legal,40251
4328,Paul Miller,HR,38746
3793,Deborah Williams,HR,82341
1637,Andrew Perez,Research,95672
3449,Jessica Johnson,Marketing,148633
1694,Sarah Walker,Finance,138694
1596,John White,Operations,71929
3708,Sarah Lee,Marketing,86189
7149,Deborah Gonzalez,Engineering,85218
9544,Lisa Gonzalez,IT,125738
4000,Paul Robinson,IT,145752
7473,Donald Davis,Marketing,74218
5673,Lisa Davis,Engineering,111659
5269,Daniel Johnson,Operations,110237
3397,David Sanchez,HR,70636
5862,Lisa Lopez,Operations,116244
8805,Nancy Martinez,Marketing,73525
1114,Deborah Davis,Legal,118511
5579,Anthony Martin,Marketing,84186
2629,Dorothy Lee,HR,135796
787,Emily Ramirez,Finance,59294
8593,Elizabeth Gonzalez,Sales,139895
5127,Karen Ramirez,Engineering,133569
7781,Lisa Smith,Marketing,73059
4312,Donald Martinez,Sales,30227
7196,Donald Rodriguez,Operations,120317
9274,Deborah Taylor,Legal,50069
9816,Amanda Taylor,Legal,48793
2927,Robert Anderson,Sales,83083
1618,Paul Ramirez,HR,99752
8900,Betty Wilson,Engineering,143965
2359,Andrew Allen,Marketing,127288
3652,Paul Lopez,Operations,76733
7158,Michael Perez,Marketing,113045
807,Karen Sanchez,HR,57039
5729,Anthony Thompson,Customer Service,92291
1793,Dorothy Gonzalez,Sales,134210
2059,Elizabeth Harris,Research,99709
8451,Dorothy Garcia,Marketing,128361
7366,Anthony Clark,Operations,117726
9491,Matthew Thompson,Marketing,56373
