C_ID,C_NAME,AGE_YRS,LOC_CD,REG_DT
4856,Sarah Robinson,58,Mesa,2022-06-24
5763,Donald Williams,53,Oklahoma City,2024-07-09
3714,Nancy Sanchez,66,Portland,2023-08-05
9369,Daniel Thompson,26,San Antonio,2021-02-04
8566,Andrew King,30,Seattle,2022-01-15
7356,David Thomas,32,Nashville,2023-12-08
8432,Emily Garcia,41,San Diego,2020-06-25
6459,Amanda Ramirez,64,Milwaukee,2022-06-01
5894,Donald White,57,Louisville,2022-09-11
9496,Mark Jackson,28,Dallas,2021-06-20
4612,Jessica Allen,43,Los Angeles,2023-08-04
4161,Donald Brown,59,San Antonio,2022-01-18
7654,Jennifer Robinson,31,Sacramento,2021-12-21
2316,Christopher Anderson,56,San Antonio,2024-08-12
870,Anthony Young,23,Houston,2020-01-18
5604,Steven Ramirez,70,Mesa,2025-07-10
4783,James Moore,43,Las Vegas,2025-11-07
6453,Joshua Gonzalez,68,San Jose,2024-07-05
601,Lisa White,22,Boston,2022-01-03
1128,Jane Perez,48,San Diego,2020-02-23
7711,Paul Robinson,46,Charlotte,2020-09-28
9713,Jennifer Brown,65,Tucson,2021-04-17
6208,Deborah Perez,51,Sacramento,2022-06-27
7748,Deborah Thompson,67,Denver,2020-05-05
5210,Lisa Brown,18,San Jose,2021-12-16
9787,Jennifer Moore,54,Jacksonville,2022-05-19
7803,James Taylor,61,San Antonio,2021-07-08
6792,Michael Martinez,65,Albuquerque,2024-05-02
1044,Lisa Taylor,56,Indianapolis,2022-04-10
1103,Steven Taylor,58,Charlotte,2021-02-28
701,Deborah Williams,35,Louisville,2022-02-20
744,Lisa Moore,40,Indianapolis,2025-11-03
8143,Deborah Smith,49,Philadelphia,2020-10-14
9088,Matthew Allen,29,New York,2021-04-26
9786,Ashley Robinson,51,San Diego,2025-02-21
1332,James Moore,36,Philadelphia,2023-05-04
4754,Anthony Rodriguez,20,Albuquerque,2020-07-09
4097,Steven White,62,San Francisco,2025-11-05
7464,Lisa Johnson,23,Louisville,2025-02-08
4606,Emily Jackson,59,San Francisco,2024-06-10
8274,Ashley Thompson,18,Oklahoma City,2020-06-11
6047,Nancy Moore,31,Seattle,2022-04-14
2121,Jessica Moore,47,Kansas City,2024-06-11
5211,Anthony Young,66,Fresno,2025-05-11
7802,Lisa Ramirez,51,San Jose,2025-02-02
5251,James Taylor,63,Phoenix,2021-01-01
8122,Mark Garcia,37,Chicago,2022-02-09
230,Paul Walker,63,Charlotte,2025-02-15
6156,Steven Jackson,27,Houston,2023-04-24
4013,Deborah Brown,57,Tucson,2020-03-24
7063,Michael Davis,65,Kansas City,2021-12-13
4898,Paul Harris,39,San Antonio,2025-06-22
2440,Donald Taylor,50,Austin,2024-08-24
5540,Matthew Gonzalez,55,Mesa,2022-12-14
5681,Matthew Jones,26,Boston,2022-12-23
5839,Donald Lee,43,Denver,2025-05-11
4979,Dorothy King,43,Jacksonville,2020-06-07
9454,Mark Thompson,42,Washington,2025-10-24
6928,Michael Jackson,58,San Francisco,2021-07-23
2536,Matthew Martinez,50,Fresno,2025-10-06
3044,Ashley Robinson,47,Kansas City,2022-09-21
4702,Michael Hernandez,65,Kansas City,2020-09-03
1093,Steven Thompson,38,Charlotte,2022-04-02
7248,Sarah Johnson,27,Oklahoma City,2022-04-17
7073,Donald Martinez,39,Sacramento,2023-03-12
7254,David Taylor,31,Columbus,2022-09-27
3504,Karen Perez,55,Las Vegas,2021-04-23
7212,Deborah Lopez,21,Louisville,2021-04-20
82,Christopher Hernandez,68,Portland,2020-08-03
6494,Sarah Jackson,32,Charlotte,2022-08-19
3796,David Ramirez,40,Jacksonville,2023-03-06
4610,Robert Moore,39,Washington,2023-02-12
5939,Steven Gonzalez,20,Seattle,2021-08-10
824,Lisa Martin,53,Chicago,2025-03-02
545,Dorothy Martinez,47,Boston,2020-07-08
