C_ID,C_NAME,AGE_YRS,LOC_CD,REG_DT
7720,Jane Brown,58,Seattle,2021-07-25
8292,Daniel Brown,41,Charlotte,2025-09-07
3843,Nancy Thompson,57,Sacramento,2025-05-21
251,Elizabeth Gonzalez,61,Sacramento,2021-02-10
4888,Betty Martinez,24,San Antonio,2025-08-16
6272,Robert Jackson,54,Austin,2023-05-06
193,Jennifer Wilson,49,Kansas City,2025-08-23
8607,Deborah Perez,60,Philadelphia,2025-06-23
6442,Joshua Martin,34,Denver,2023-01-18
7699,Emily Sanchez,69,Houston,2024-02-06
8538,David Jones,36,Washington,2020-04-28
1552,Karen Hernandez,53,Houston,2025-02-20
6093,Nancy Moore,39,Baltimore,2022-03-14
8780,Emily Anderson,47,Portland,2022-01-24
2908,Jane Sanchez,38,Denver,2023-09-14
914,David Young,50,Boston,2024-04-07
1940,Christopher Hernandez,65,Louisville,2020-06-03
6499,Daniel Lee,59,Mesa,2021-11-07
7322,Joshua Jackson,37,Oklahoma City,2020-04-01
1035,Donald Thompson,56,Jacksonville,2024-09-26
961,Jennifer Lewis,65,Albuquerque,2023-09-20
4494,Sarah Williams,44,Tucson,2023-05-15
9734,Nancy Young,30,Mesa,2024-05-05
7835,Karen Smith,65,Tucson,2021-03-14
3586,Anthony Thompson,51,Indianapolis,2023-09-01
4392,Amanda Gonzalez,48,Oklahoma City,2023-06-25
1643,Daniel Ramirez,70,Albuquerque,2022-02-05
8092,Anthony Robinson,57,Sacramento,2021-03-23
1945,Mark Clark,30,Chicago,2020-01-03
5037,Robert Williams,25,Fresno,2020-08-12
2977,Matthew Miller,28,Las Vegas,2021-10-23
9625,Joshua Ramirez,22,Albuquerque,2022-08-02
1165,Joshua Perez,37,Denver,2023-07-16
2061,Paul Sanchez,39,San Antonio,2022-06-08
1909,Emily Williams,35,Louisville,2020-08-11
4387,Emily Thompson,24,Seattle,2025-03-07
1409,Michael White,61,Louisville,2025-10-09
2484,Matthew Brown,47,Sacramento,2025-05-19
2698,Anthony Gonzalez,70,Las Vegas,2023-12-12
8251,Mark Jones,42,San Diego,2025-02-25
5544,Deborah Rodriguez,64,Houston,2024-05-17
6956,Robert Rodriguez,57,Seattle,2025-06-17
931,James Clark,45,San Francisco,2021-02-04
1956,Matthew Miller,45,Mesa,2022-11-12
9646,Michael Perez,46,Sacramento,2023-11-23
2369,Steven Hernandez,46,Charlotte,2022-01-27
3696,Jessica Gonzalez,54,Las Vegas,2020-08-01
1442,James Jackson,21,Charlotte,2020-05-25
4400,Michael Perez,66,Philadelphia,2025-05-21
6626,Elizabeth White,55,Columbus,2021-09-01
5418,Joshua Lee,61,Sacramento,2023-11-20
4129,Amanda King,20,Los Angeles,2020-11-04
1594,Mark Lewis,54,Baltimore,2025-04-03
8239,Joshua Jackson,67,Washington,2023-09-27
1438,David Martinez,30,San Francisco,2021-02-10
267,Emily Moore,53,Phoenix,2023-03-12
359,Elizabeth Allen,69,San Antonio,2024-07-20
5233,Lisa Young,37,Los Angeles,2020-12-16
5712,Dorothy Johnson,62,Louisville,2023-04-24
2823,Andrew Perez,56,Philadelphia,2023-06-09
7230,Donald Jackson,19,Kansas City,2021-04-25
4797,Christopher Davis,47,Tucson,2024-08-04
479,Amanda Robinson,40,San Diego,2025-04-09
8464,Emily Young,25,Las Vegas,2024-01-14
322,Mark Lewis,26,Chicago,2020-08-10
7026,Jessica Perez,26,Boston,2022-01-11
1537,Sarah Johnson,69,Boston,2020-05-24
8554,Matthew Allen,37,Chicago,2022-12-24
2196,Anthony Lewis,23,Mesa,2021-10-14
5409,David Anderson,21,Portland,2025-04-21
3530,Matthew Allen,67,Columbus,2024-01-24
562,Mark Jones,53,Denver,2023-12-16
373,Jane Davis,19,Nashville,2025-01-06
7499,Michael Taylor,18,Kansas City,2022-05-17
3189,Christopher White,24,Austin,2022-09-22
