C_ID,C_NAME,AGE_YRS,LOC_CD,REG_DT
2787,Matthew Williams,21,Dallas,2025-11-21
8079,Ashley Brown,45,Oklahoma City,2024-06-10
6921,Robert White,23,Oklahoma City,2025-05-27
1264,Paul Robinson,48,Mesa,2022-07-24
2208,Lisa Williams,57,Boston,2025-01-25
4827,Donald Garcia,47,Jacksonville,2021-09-03
1499,Andrew Ramirez,22,Columbus,2020-09-26
8891,Anthony Ramirez,57,Sacramento,2024-11-05
9852,Mark Williams,42,Columbus,2023-08-15
8206,Nancy Martin,50,Louisville,2022-08-25
9076,Deborah Miller,50,Baltimore,2025-08-19
95,Betty Young,20,New York,2023-04-12
280,Dorothy Martin,44,San Francisco,2025-11-02
7636,Robert Young,70,Houston,2021-10-15
1230,David Lewis,54,Jacksonville,2025-05-22
9838,Anthony Jackson,63,Charlotte,2020-10-01
5568,Emily Martin,29,Mesa,2021-09-02
454,David Smith,24,Austin,2023-03-14
8059,Emily Allen,29,Boston,2021-09-05
8622,Amanda Allen,52,San Antonio,2024-09-18
3613,Dorothy King,41,Mesa,2020-05-16
8551,Donald Gonzalez,56,San Jose,2023-11-19
2315,Donald Lee,31,Indianapolis,2021-01-04
4296,Robert Robinson,28,Dallas,2021-11-09
3812,Paul Ramirez,42,Indianapolis,2020-03-16
1433,Daniel Miller,43,Seattle,2022-10-07
6067,Steven Allen,18,New York,2024-02-14
9905,Jessica Anderson,66,Las Vegas,2024-12-07
7212,Daniel Johnson,25,Kansas City,2023-10-18
2996,Jessica Thomas,62,San Diego,2021-01-04
4440,Paul Garcia,39,Denver,2020-12-08
5550,Ashley Lewis,63,Seattle,2025-03-17
7649,Paul Hernandez,33,Austin,2022-01-24
9611,Dorothy Brown,36,San Jose,2020-04-25
78,Mark Gonzalez,37,Fort Worth,2024-06-07
1561,Amanda Ramirez,62,Indianapolis,2021-09-01
8367,Anthony Clark,23,Philadelphia,2025-03-13
8029,Andrew Sanchez,56,Jacksonville,2023-10-22
8346,David Anderson,55,Tucson,2024-09-10
5033,James Allen,43,Dallas,2022-07-20
7619,Emily Johnson,20,Philadelphia,2024-03-27
6317,John Johnson,65,Nashville,2020-06-25
8389,Jessica White,23,Austin,2023-02-28
1707,Sarah Robinson,45,Houston,2025-07-17
5194,Karen Davis,55,Indianapolis,2022-08-18
7490,James Williams,52,Philadelphia,2022-06-12
8233,Mark Jackson,42,Milwaukee,2024-05-16
9521,Donald Lopez,38,Oklahoma City,2024-12-09
7082,Jane Thomas,51,Oklahoma City,2021-05-15
801,Andrew Martin,51,Sacramento,2025-02-14
6441,Mark Davis,40,Indianapolis,2021-12-15
2124,Jane Lopez,44,Milwaukee,2022-03-18
2684,Lisa Lopez,41,San Francisco,2023-09-24
3610,Ashley Thompson,59,Fresno,2022-09-03
3776,Donald Garcia,25,Los Angeles,2025-02-12
192,David King,67,Fort Worth,2022-08-24
6113,John Williams,46,Albuquerque,2024-08-15
8081,Emily Martinez,67,Austin,2025-03-23
6477,Andrew Allen,68,Portland,2024-06-22
5570,Jane Miller,18,Las Vegas,2020-09-01
5936,Betty Brown,45,Milwaukee,2025-10-01
8186,Steven White,55,Mesa,2022-07-07
1366,Amanda Rodriguez,63,Austin,2021-01-20
9974,Robert Martinez,39,Boston,2022-04-09
9206,Mark Hernandez,46,Louisville,2021-02-04
4136,James Martin,35,New York,2023-08-02
9546,Daniel Rodriguez,28,Mesa,2023-02-02
554,Betty Moore,38,Chicago,2020-04-27
4910,Matthew Miller,70,Las Vegas,2022-07-16
1662,James Thomas,54,San Francisco,2020-07-28
6717,Karen Perez,63,Austin,2020-02-25
4447,Jane White,36,Washington,2022-05-08
4605,Karen Walker,51,Jacksonville,2021-08-24
8104,John Harris,21,Las Vegas,2023-02-17
2904,Emily Sanchez,23,Austin,2024-09-04
