EMP_ID,EMP_NM,DEPT_CD,SAL_AMT
6433,Sarah Ramirez,Engineering,68641
4727,Nancy Robinson,IT,126267
7327,Jessica Garcia,Customer Service,49911
3895,Betty Garcia,Research,121279
6408,Betty Sanchez,Research,110569
2277,Amanda Robinson,Engineering,135652
8033,Emily Hernandez,Customer Service,128467
8011,Joshua Smith,Sales,62706
3254,Jennifer Davis,IT,109744
14,Michael Garcia,Legal,66928
2662,Joshua Jackson,Engineering,66059
1446,John Davis,HR,143352
3043,Amanda Garcia,Customer Service,31053
2068,Matthew King,IT,146759
9613,Jessica Lopez,Finance,148690
93,Anthony Thomas,Engineering,53116
527,Amanda Robinson,Operations,80012
792,Jane Martin,Sales,120021
4281,David Martinez,Customer Service,45500
5930,Dorothy Lewis,Marketing,117437
7767,Jessica Perez,HR,98283
6576,Jennifer Wilson,Legal,70563
4273,Matthew Wilson,Finance,141382
1417,Matthew Gonzalez,HR,58802
9916,Anthony Wilson,Operations,145319
4734,Karen Garcia,Legal,54277
9639,James Taylor,Customer Service,103629
2605,Elizabeth White,Operations,41355
3318,Karen Jackson,Customer Service,68653
9146,Amanda Thompson,Customer Service,135321
2525,Michael Jackson,Engineering,77338
9190,Paul Allen,Legal,63505
4496,Mark Perez,Operations,47034
2690,Amanda Allen,Marketing,32250
8025,Steven Young,Research,94756
3190,Elizabeth Garcia,HR,65750
4618,Jessica Harris,HR,55888
97,David Clark,Engineering,75294
2959,Lisa Young,Sales,56367
7261,Nancy Lee,Engineering,73956
9162,Steven Lee,Engineering,118804
4083,Michael Thompson,Legal,109905
1563,Donald Sanchez,Research,131613
8038,Betty Martinez,Operations,66073
5651,Lisa Allen,Sales,58165
4103,Christopher Harris,Marketing,67572
5502,Michael Miller,Marketing,137580
480,Jane Robinson,Operations,131827
5242,John Jones,Customer Service,75548
1215,Daniel Davis,Customer Service,114535
5612,Amanda Moore,Engineering,120173
903,James Jones,Operations,109750
8005,Deborah Sanchez,Operations,40408
9634,Steven Gonzalez,Sales,114606
143,Nancy Smith,Customer Service,111557
7749,John Ramirez,Research,148706
4611,Jane Rodriguez,Customer Service,99379
5151,Matthew Lewis,Finance,32930
3543,Betty Robinson,Operations,95314
7079,Joshua Lopez,IT,76637
1370,Amanda Garcia,Marketing,88070
9744,Jessica Lewis,Operations,105592
4585,Joshua Jackson,Sales,67242
9121,Jessica Harris,IT,127358
2888,Mark Moore,Sales,32835
6164,Jennifer Williams,Legal,91759
6884,Lisa White,Operations,149776
5964,Deborah Williams,Legal,109482
2852,Lisa Johnson,IT,41653
6483,Jane Jackson,Finance,47849
2014,Mark Sanchez,HR,88885
1979,Joshua Anderson,Legal,78621
4502,Michael Young,Finance,74685
6108,Donald Thomas,Legal,101303
5150,Jessica White,Sales,38020
8049,Matthew Martinez,IT,42395
2933,Jane Rodriguez,HR,49941
7605,Mark Wilson,Customer Service,60664
7841,Ashley Wilson,Research,83930
3422,Lisa Taylor,Customer Service,33653
7957,Emily Sanchez,Legal,111428
8142,Joshua Walker,Research,129545
965,Karen Lewis,Finance,101971
8121,Mark Brown,Finance,41666
3890,Jessica Martinez,Engineering,113003
468,Jane Jackson,Engineering,123144
5071,Mark Miller,Marketing,42277
8574,Lisa Ramirez,Finance,65715
1043,Jessica Davis,Sales,71324
3779,Christopher Clark,HR,140990
4088,Jane Brown,HR,93744
746,Elizabeth Lee,Marketing,41777
6344,Lisa Martinez,Legal,69932
1293,Paul Anderson,Operations,106930
4784,Emily Clark,Legal,76396
2851,Deborah Jones,Operations,59129
3523,Matthew Sanchez,Operations,127015
2677,Steven Thomas,Research,80153
8967,Deborah Ramirez,Operations,144398
6255,John Taylor,IT,121871
