C_ID,C_NAME,AGE_YRS,LOC_CD,REG_DT
7771,Karen Gonzalez,20,Indianapolis,2022-07-23
188,Betty Thomas,23,Portland,2021-10-05
618,Betty Williams,51,Philadelphia,2023-11-24
2605,Ashley Anderson,54,Philadelphia,2023-01-27
2503,Ashley Taylor,53,Houston,2020-05-12
4576,Jane Thompson,48,New York,2025-03-22
1944,Karen Ramirez,64,Sacramento,2021-08-21
6052,Joshua Jones,36,Mesa,2023-09-04
8900,Mark Martin,27,Charlotte,2021-11-12
4405,Mark Hernandez,70,Las Vegas,2021-03-26
5701,Jane Gonzalez,67,Los Angeles,2022-06-11
5590,Jessica Hernandez,65,Houston,2023-06-09
1118,Dorothy Lewis,57,Charlotte,2021-03-07
8437,Nancy Smith,51,Denver,2023-09-13
1896,Matthew Gonzalez,40,Oklahoma City,2025-12-27
6118,Nancy Anderson,27,Jacksonville,2024-05-13
5525,Donald Gonzalez,40,Tucson,2024-09-18
4392,Jennifer Davis,63,Houston,2021-11-22
3357,Mark Garcia,46,Houston,2020-01-21
5328,Mark Smith,65,Chicago,2020-08-10
4426,David Jones,65,Boston,2022-04-04
1625,Michael Sanchez,64,Charlotte,2020-09-26
5821,Mark Garcia,64,Albuquerque,2024-12-23
1424,Michael White,56,Charlotte,2021-04-05
7686,Deborah Gonzalez,43,Las Vegas,2023-02-18
1873,Sarah Sanchez,51,Louisville,2023-09-09
2254,Jennifer Brown,46,Oklahoma City,2021-04-10
2249,Elizabeth Anderson,65,Kansas City,2022-03-15
4004,Matthew Jackson,42,Kansas City,2024-01-20
7482,Sarah Taylor,58,Austin,2021-04-09
995,Nancy Garcia,41,Indianapolis,2023-08-09
7580,Dorothy Davis,30,Sacramento,2025-05-26
5514,Anthony Lopez,43,Louisville,2021-10-16
7223,Emily Sanchez,28,Los Angeles,2020-12-27
8216,Amanda Garcia,51,Charlotte,2021-01-01
1904,Anthony Martin,31,Seattle,2020-08-18
642,Mark Allen,40,Las Vegas,2020-05-04
5742,Jennifer Wilson,26,Tucson,2025-06-08
4058,Mark Williams,29,Fort Worth,2021-09-23
5137,Mark Jones,19,Philadelphia,2020-08-14
4861,Matthew Lee,51,Phoenix,2024-09-21
7935,Matthew White,37,Baltimore,2020-09-25
3198,Joshua Jones,41,Seattle,2024-11-24
4484,Emily White,28,Fort Worth,2024-12-05
1609,Karen Thompson,30,Fort Worth,2022-03-19
564,James Johnson,43,Mesa,2021-05-26
9172,Donald Sanchez,40,Washington,2024-11-04
9454,Elizabeth Martinez,59,Fresno,2025-05-28
8872,Emily Jackson,49,Columbus,2021-08-08
9551,Dorothy Johnson,49,Oklahoma City,2022-04-11
3820,Emily Anderson,27,San Francisco,2021-08-26
3276,Robert Martin,22,Los Angeles,2023-04-14
8685,Jessica Wilson,41,Mesa,2020-03-18
3664,Paul Taylor,61,Denver,2021-05-04
4390,Karen Johnson,48,Oklahoma City,2022-01-14
4999,Daniel Clark,36,San Francisco,2022-01-20
9042,Joshua Allen,36,Tucson,2020-06-22
4992,Robert Martin,28,Oklahoma City,2023-12-23
6283,Sarah Walker,64,Los Angeles,2022-01-02
5863,Joshua Smith,29,Nashville,2020-02-05
5731,Amanda Johnson,65,Albuquerque,2021-10-13
9402,Lisa Sanchez,40,Austin,2023-05-19
1995,Donald Taylor,39,Fresno,2021-04-05
4784,Lisa Thomas,52,San Jose,2024-05-04
7951,Emily Thomas,19,San Diego,2022-09-27
766,Emily Moore,40,Louisville,2020-04-05
5910,Donald Walker,69,San Diego,2022-09-02
67,Deborah Walker,46,Washington,2024-03-07
6359,Lisa Taylor,20,Dallas,2021-02-14
5025,Anthony Clark,41,Boston,2021-05-19
4388,Andrew Hernandez,18,San Francisco,2023-05-02
8615,Paul Jackson,52,Dallas,2020-03-11
2714,Dorothy Perez,64,Tucson,2020-09-16
4268,Nancy Walker,22,San Antonio,2020-04-02
5278,Jane Lee,50,Houston,2023-08-08
