C_ID,C_NAME,AGE_YRS,LOC_CD,REG_DT
1337,Sarah Jones,19,Oklahoma City,2024-03-21
5571,Jennifer Harris,30,Washington,2022-07-13
8309,Steven Walker,23,Las Vegas,2022-08-18
1165,Betty Martin,33,San Francisco,2025-06-26
4971,Daniel Lewis,19,Columbus,2022-07-28
1441,Paul Davis,60,Baltimore,2024-04-19
9236,Amanda Rodriguez,36,Chicago,2025-05-26
4919,Jane Williams,50,Louisville,2022-04-12
677,Michael Jackson,49,Jacksonville,2022-04-13
3932,Anthony Young,69,Indianapolis,2023-05-24
4627,James Moore,19,Philadelphia,2022-04-08
7578,Lisa Davis,51,Louisville,2022-05-25
4968,Matthew Lopez,68,Fresno,2021-12-23
4237,Christopher Moore,41,Sacramento,2025-10-05
5877,Robert Harris,40,Seattle,2024-07-25
8413,Michael Anderson,39,Albuquerque,2023-12-11
9539,Nancy Johnson,43,Louisville,2020-02-16
3344,Paul King,27,Chicago,2024-10-01
4099,Matthew Jackson,64,Austin,2023-04-26
5147,Anthony Gonzalez,26,Mesa,2023-10-09
8802,Daniel Rodriguez,56,Philadelphia,2022-09-20
6445,Nancy Ramirez,60,Philadelphia,2025-12-21
1688,David Clark,47,Fresno,2025-12-13
3266,Donald Rodriguez,45,Fort Worth,2025-07-11
416,Amanda Rodriguez,29,Philadelphia,2023-11-25
4203,Ashley Lopez,46,San Antonio,2025-08-22
8938,James Ramirez,25,Philadelphia,2023-05-24
9051,Christopher Walker,66,San Francisco,2021-07-26
6007,Jane Allen,26,Columbus,2020-08-20
3770,Anthony Hernandez,37,Oklahoma City,2023-08-18
8176,Andrew Jones,32,Sacramento,2023-09-12
6845,Matthew Walker,68,Denver,2024-05-04
9681,Dorothy Williams,46,Tucson,2024-07-02
3533,Mark Lopez,62,Seattle,2023-05-19
8989,Lisa Davis,60,Indianapolis,2023-03-11
812,Daniel Young,59,San Diego,2023-03-17
430,Emily Martin,61,San Diego,2020-05-18
9739,Emily Walker,19,Milwaukee,2021-01-15
5051,Deborah Brown,53,New York,2020-11-11
4451,Sarah Thompson,52,Milwaukee,2021-03-22
7950,Paul Harris,39,Indianapolis,2025-01-20
326,Deborah Williams,30,Philadelphia,2024-07-23
2139,Sarah Jackson,22,Fort Worth,2023-01-03
4001,Karen Anderson,36,Washington,2025-01-03
2870,Andrew Harris,55,Washington,2024-12-03
5728,John Jones,65,Oklahoma City,2024-03-21
8690,Jessica Miller,19,Dallas,2020-12-13
4987,Elizabeth Lopez,44,Oklahoma City,2023-11-23
1234,Nancy Johnson,50,Las Vegas,2023-04-24
8169,Nancy Allen,56,Boston,2022-08-24
8788,Christopher Martin,65,Portland,2024-05-09
9723,Robert Jones,41,New York,2020-11-22
37,Steven Clark,57,San Diego,2022-09-15
3918,David Jones,19,Denver,2022-01-15
6610,Karen Jackson,49,Austin,2025-10-25
32,Lisa Martinez,36,New York,2024-07-22
7916,Michael Smith,38,Phoenix,2025-11-03
3986,Steven Thompson,70,Albuquerque,2020-07-13
697,Mark Perez,69,Chicago,2022-06-19
8488,Andrew King,18,San Antonio,2022-01-21
821,Steven Lopez,64,Oklahoma City,2025-02-12
2202,Karen Gonzalez,59,Washington,2024-07-08
7486,Deborah Robinson,42,Kansas City,2021-09-06
9665,Elizabeth Miller,50,New York,2021-12-08
8487,Elizabeth Harris,38,Mesa,2023-01-18
3617,Anthony Jackson,65,Sacramento,2024-02-10
6636,James Moore,63,Fort Worth,2021-07-11
899,Matthew Lee,54,San Jose,2021-10-26
4453,Joshua Lee,66,Louisville,2024-11-11
3306,Lisa Martinez,29,Los Angeles,2025-07-19
2194,Paul Jones,69,Kansas City,2025-04-06
8712,Paul Thompson,32,Dallas,2024-11-23
637,John Lee,24,San Francisco,2021-05-26
9338,Nancy Johnson,35,Columbus,2024-11-27
6387,Steven Thomas,23,Philadelphia,2021-09-15
