C_ID,C_NAME,AGE_YRS,LOC_CD,REG_DT
6800,Jessica Davis,41,Albuquerque,2022-08-24
687,David Brown,61,Portland,2025-12-16
8662,Jane King,30,Phoenix,2023-08-23
5858,Jane Brown,65,Los Angeles,2025-11-08
4285,Matthew Harris,24,Milwaukee,2025-07-11
845,Amanda Smith,57,Jacksonville,2020-01-15
6527,Karen Martin,48,Philadelphia,2021-08-04
8540,Emily Young,41,Chicago,2022-03-15
3388,Deborah Perez,29,Milwaukee,2020-03-06
9493,Elizabeth Garcia,45,Columbus,2023-10-28
2482,Christopher Martinez,58,Boston,2021-09-16
4348,Jessica Walker,18,Chicago,2024-04-26
9714,Robert Thompson,60,Mesa,2020-08-24
1119,Andrew Ramirez,27,Nashville,2024-01-12
9937,Joshua Jackson,51,Seattle,2021-12-18
8567,Michael Clark,22,Mesa,2023-11-19
7586,Jane Ramirez,35,Indianapolis,2021-11-18
8192,Daniel Young,38,Milwaukee,2022-08-03
9951,Nancy Sanchez,35,Columbus,2020-06-25
5995,Joshua Davis,23,Philadelphia,2022-09-13
1155,Andrew Allen,19,Kansas City,2022-01-16
5995,John Lewis,54,Jacksonville,2021-05-09
9670,Anthony Lopez,28,Denver,2022-05-28
4973,Christopher Sanchez,54,San Jose,2023-02-19
5456,Michael King,36,Philadelphia,2020-01-19
6022,Amanda Smith,65,Phoenix,2025-06-25
5419,Emily Hernandez,33,Milwaukee,2021-01-16
4675,Mark Allen,67,New York,2024-11-10
5392,Michael Sanchez,49,Washington,2021-09-13
5432,Jessica Sanchez,51,Albuquerque,2025-01-03
1719,Jane Perez,23,Albuquerque,2020-10-13
4651,Lisa White,66,Tucson,2023-04-02
1108,Andrew Perez,70,Los Angeles,2021-11-04
8353,Robert Jackson,57,Tucson,2025-09-04
8175,Robert Harris,24,Washington,2024-07-08
4562,Sarah Smith,66,Kansas City,2023-12-21
1691,Lisa Martin,60,Fresno,2025-02-06
6384,Jane Rodriguez,21,Milwaukee,2024-06-21
388,James Thompson,55,Fresno,2020-09-28
824,Christopher Davis,36,Denver,2023-07-14
8427,Matthew King,42,Charlotte,2023-08-22
8266,Daniel Sanchez,65,San Jose,2020-04-23
9971,Karen Brown,21,Indianapolis,2025-11-17
6572,Emily Lopez,20,Milwaukee,2022-11-09
8254,Karen Clark,60,Albuquerque,2022-02-15
238,Lisa Johnson,52,Columbus,2021-09-19
5838,Mark Harris,27,Charlotte,2024-07-05
9392,Deborah Lewis,32,Dallas,2023-07-08
6817,Nancy Lee,39,Dallas,2025-06-23
3085,Paul Allen,66,Denver,2023-11-04
2692,Dorothy Clark,47,San Francisco,2020-09-11
8892,Sarah Martinez,35,Fort Worth,2023-12-16
6919,Ashley Thompson,19,Portland,2020-11-21
529,Karen Clark,39,Austin,2024-10-26
9172,Jennifer Davis,33,Sacramento,2022-11-08
1086,Mark White,25,Las Vegas,2024-03-06
8407,Betty Sanchez,64,Kansas City,2022-04-28
855,Elizabeth Thompson,45,Houston,2025-11-06
673,Robert Hernandez,55,Louisville,2022-06-15
594,Anthony Rodriguez,64,Kansas City,2022-07-02
9523,Jane Jones,57,Portland,2021-02-10
7955,Joshua Johnson,50,Portland,2020-08-14
4869,Elizabeth Sanchez,65,New York,2025-06-14
4752,Jessica Jones,32,Houston,2020-09-05
8204,Daniel Harris,21,San Diego,2022-03-09
371,Jane White,56,San Diego,2020-01-28
1086,David Walker,47,Jacksonville,2021-11-17
4716,Nancy Davis,65,Las Vegas,2020-03-16
5365,Steven Lee,49,Columbus,2021-09-05
8248,Jane Lopez,41,Mesa,2022-05-12
3313,Steven Ramirez,50,Austin,2025-05-07
718,Nancy Young,37,Tucson,2024-06-28
1399,Donald Taylor,51,Albuquerque,2022-12-19
2595,Christopher Anderson,33,Mesa,2020-01-09
1005,Anthony Lopez,66,Phoenix,2021-04-06
