EMP_ID,EMP_NM,DEPT_CD,SAL_AMT
5374,Nancy Martinez,Research,67318
6108,Mark Williams,Engineering,84212
1788,Michael Smith,IT,86540
2510,Joshua Clark,Engineering,146695
2761,Ashley Brown,Operations,58035
2120,Lisa Thomas,IT,102367
3933,James Jackson,IT,92652
1986,Steven Young,Research,121694
2937,Nancy Hernandez,Legal,42236
6692,Christopher Hernandez,Research,122983
1332,Steven Garcia,HR,121245
9251,Sarah Jones,Sales,42893
26,Donald Perez,Finance,135659
2988,David Clark,HR,64876
2696,Lisa Rodriguez,Finance,32554
211,Anthony Moore,Operations,102531
8514,Christopher Martin,HR,99544
7527,Deborah Davis,HR,139431
2366,Matthew King,Finance,126929
9185,Joshua Williams,Engineering,114181
6953,Lisa Taylor,Legal,120730
5769,Sarah Garcia,Finance,67356
466,David Hernandez,HR,146861
6570,Lisa Davis,IT,129118
9746,Emily Anderson,Operations,145367
2329,Robert Wilson,Finance,100354
3959,Emily Lopez,Sales,94252
8487,Ashley Anderson,Finance,48528
4661,Karen Perez,Sales,148339
5351,Jane Sanchez,Customer Service,111857
9069,Jessica Jackson,Legal,132365
5887,Betty Harris,IT,102422
6946,Jane Rodriguez,Finance,45660
3007,Andrew Williams,Finance,65979
3920,John Wilson,IT,39035
3439,Dorothy Garcia,HR,115759
8438,Paul Wilson,Sales,47353
4378,Sarah Martin,Legal,70227
1464,Michael Taylor,Finance,81502
8215,Donald Martin,IT,35159
4003,Karen Rodriguez,Operations,97985
8419,Donald Johnson,Operations,131873
4851,Jessica Martin,IT,87325
5918,Robert White,Operations,96576
4553,Anthony White,Marketing,116949
1791,Paul Davis,Legal,119809
773,Paul Smith,Research,65940
4109,Betty White,Engineering,31474
9832,Anthony Anderson,IT,64994
3880,Jennifer Brown,Legal,77921
3717,Lisa Moore,Customer Service,126035
1974,Robert Lee,Operations,87506
4965,Jessica Allen,Customer Service,107053
3858,Jennifer Miller,Marketing,59523
8971,Anthony Sanchez,Legal,87140
2712,Matthew Lee,Research,145516
2239,Lisa White,Research,42181
9230,Lisa Sanchez,Engineering,66842
6419,Paul Thompson,Customer Service,123018
5091,Michael Thompson,Legal,125105
681,Steven Young,Sales,55627
81,Lisa Brown,Marketing,113815
2079,Matthew Lee,Operations,35794
7418,Deborah Brown,Engineering,103009
8852,Joshua Martinez,Legal,125525
3330,Joshua Gonzalez,Operations,120964
5411,Paul Ramirez,Legal,139719
5308,Anthony Johnson,Sales,64968
6899,Jane Martinez,Legal,103888
1260,Daniel Gonzalez,Operations,148903
5494,Lisa Robinson,Operations,143225
7068,Christopher Jones,IT,51239
5646,Daniel Miller,HR,104873
1391,Daniel White,Sales,52288
1440,Nancy Robinson,IT,149745
813,Deborah Sanchez,HR,132832
4918,Dorothy Walker,Legal,62143
6389,Michael Ramirez,Engineering,113145
6147,Christopher Young,HR,98252
5232,Michael Young,Research,109823
5223,Karen Walker,Research,138493
556,Jessica Hernandez,Marketing,74291
1756,Lisa Perez,Customer Service,147703
5900,Jennifer Lee,Sales,149153
8830,John Harris,HR,35968
1459,Matthew Allen,Research,97215
7368,Deborah Sanchez,Customer Service,87503
9998,Jennifer Harris,Operations,93447
6760,James Brown,Research,34619
7026,Matthew Jackson,IT,106296
3881,Lisa Allen,HR,68703
7629,Jessica Martin,Marketing,128871
7217,Donald Lopez,Engineering,105832
4882,Matthew Taylor,IT,40279
1564,Elizabeth Thomas,IT,65596
9609,Mark Davis,Engineering,42869
873,Jennifer White,Sales,102363
3489,Dorothy Garcia,Marketing,115048
2607,Lisa Hernandez,Sales,31930
1583,John Taylor,Engineering,45869
