C_ID,C_NAME,AGE_YRS,LOC_CD,REG_DT
8265,Anthony Hernandez,39,Austin,2023-04-01
7030,David Miller,21,San Jose,2023-03-16
3110,Steven Miller,19,San Antonio,2025-07-10
7949,Lisa Martinez,41,Fort Worth,2024-10-05
6796,David Brown,61,Milwaukee,2024-03-18
6143,Lisa Martin,37,Austin,2025-07-04
9490,Robert Jones,67,Portland,2021-04-18
1294,Daniel Sanchez,20,Las Vegas,2024-12-09
7594,Donald Sanchez,68,Mesa,2022-11-04
4357,Jane Lopez,66,Nashville,2023-05-20
3641,Dorothy Lewis,69,Sacramento,2025-09-27
7355,Amanda Martinez,57,Fresno,2022-05-01
7949,Nancy Miller,33,Seattle,2024-12-28
6222,Michael Lewis,31,Fort Worth,2025-09-21
7298,Karen Robinson,21,Milwaukee,2023-05-10
7771,Jennifer Garcia,25,Indianapolis,2020-09-27
4523,Christopher White,18,Portland,2020-07-14
5859,Andrew Jones,67,Boston,2023-08-22
1377,Elizabeth Thomas,63,Portland,2025-09-15
4351,Christopher Johnson,23,Los Angeles,2022-05-26
1908,Mark Johnson,53,Columbus,2022-05-07
5776,Deborah Brown,30,Chicago,2020-08-22
9715,Joshua Gonzalez,32,Las Vegas,2020-04-22
1607,Nancy Jackson,54,Milwaukee,2022-06-01
4747,Emily Jackson,42,Mesa,2025-11-08
2756,Lisa Wilson,43,Las Vegas,2022-07-09
4804,Ashley Anderson,58,Sacramento,2025-04-03
30,Emily Harris,53,Seattle,2023-09-18
9150,Andrew Walker,51,Los Angeles,2021-09-12
3153,Dorothy Garcia,70,Oklahoma City,2022-01-22
5750,James Jackson,38,Philadelphia,2020-01-13
678,Andrew King,64,Indianapolis,2022-10-03
6450,Steven Davis,53,Baltimore,2023-06-19
3169,Daniel Allen,68,Albuquerque,2021-02-16
5968,Jennifer Jackson,24,San Antonio,2022-06-09
5756,Steven Thompson,36,Las Vegas,2023-03-16
2809,Andrew Ramirez,30,Louisville,2023-10-13
6847,Daniel Harris,53,Jacksonville,2024-06-04
165,Betty Gonzalez,41,Portland,2022-05-14
5185,James White,54,Fresno,2023-07-08
6953,Robert Wilson,53,Jacksonville,2020-07-25
9727,Jane Hernandez,43,Washington,2024-08-12
9880,Jane Anderson,29,Houston,2025-04-11
2725,Jane Lee,33,New York,2021-06-09
5919,James Perez,41,San Diego,2024-09-12
7419,Elizabeth White,22,Phoenix,2023-06-13
5473,Michael White,30,Nashville,2023-10-20
8621,Emily Brown,45,San Jose,2022-02-05
7369,Joshua Perez,36,Phoenix,2021-08-06
780,Jessica Perez,70,Jacksonville,2024-08-03
6982,Emily White,25,Albuquerque,2023-03-14
1682,Nancy Allen,57,Mesa,2024-05-26
854,Mark Hernandez,28,Phoenix,2024-06-14
555,Steven Allen,45,Las Vegas,2025-10-04
8555,Joshua Lopez,32,Sacramento,2022-06-06
6714,Amanda Young,35,Albuquerque,2025-01-08
6102,Sarah Walker,62,Phoenix,2021-02-10
9552,Donald Clark,23,Washington,2025-09-22
1220,Daniel Harris,45,San Antonio,2023-01-28
7110,Karen Allen,22,Chicago,2020-02-13
4504,Jennifer Young,52,Louisville,2021-10-27
2454,Lisa Clark,60,Philadelphia,2021-07-21
5542,John Clark,40,Fresno,2021-03-24
9402,Nancy Lopez,54,Chicago,2025-10-26
8907,David White,46,Oklahoma City,2022-07-22
1435,James Davis,70,Boston,2022-12-01
99,Amanda Jones,64,Nashville,2020-10-28
8733,Michael Brown,66,Seattle,2024-07-23
5354,Sarah Garcia,34,Tucson,2020-10-24
7057,Karen Wilson,66,Nashville,2021-06-13
2051,Sarah Jones,44,Oklahoma City,2023-06-18
7708,Joshua Lopez,59,Houston,2025-10-18
7460,Robert Martin,57,Fresno,2020-06-08
4834,Michael Davis,58,Nashville,2024-03-01
9508,Sarah Anderson,30,San Diego,2025-11-04
