EMP_ID,EMP_NM,DEPT_CD,SAL_AMT
6210,Jennifer Ramirez,Engineering,70340
4552,John Johnson,Customer Service,112883
6347,Jane Lopez,Engineering,86938
987,Jennifer Miller,Operations,149017
6796,Jessica Lopez,IT,106396
2717,John Miller,Research,70607
9189,Steven Gonzalez,Customer Service,65904
8242,Elizabeth Martin,Engineering,135943
7123,Matthew Davis,Engineering,119642
6075,Betty Brown,Sales,110206
2109,Lisa Lee,IT,83233
4810,James Williams,Research,56604
2377,Jane Taylor,Marketing,89143
7521,Jane Rodriguez,Customer Service,116961
6093,Jennifer Jones,Engineering,61736
1278,Sarah King,Engineering,52746
8971,Jennifer Thomas,Sales,30761
9907,Ashley Young,Legal,132976
3108,Andrew Thomas,Customer Service,134624
9849,Robert Walker,HR,125373
5039,James Sanchez,Customer Service,37790
3400,Andrew Miller,IT,37794
1937,Joshua Johnson,Marketing,146964
3484,John Brown,Legal,68374
6795,Steven Brown,IT,132901
134,Andrew Perez,IT,85278
1075,Robert Gonzalez,Operations,52457
9253,Christopher Miller,IT,133012
4821,Ashley Johnson,Marketing,62673
6121,Christopher Lewis,Customer Service,116094
1926,Ashley Williams,Research,51847
6598,Ashley Moore,Finance,120408
6666,Betty Wilson,Finance,114896
727,Matthew Taylor,Marketing,71200
9246,Andrew Garcia,Research,34701
2325,Karen Clark,Legal,126242
5598,Michael White,Marketing,98995
9411,Steven Thomas,Operations,113075
1402,Mark Johnson,HR,144807
8087,Sarah Taylor,Research,43643
9861,Michael Lee,Legal,116468
9620,Sarah Robinson,Customer Service,106763
2452,Lisa Perez,Customer Service,85029
1834,Michael Williams,Legal,93272
2770,Ashley Smith,Sales,96443
1801,Andrew Miller,Sales,140178
646,Karen Sanchez,HR,147899
2998,Deborah Martin,IT,99948
2167,Deborah Taylor,Finance,53643
3884,Elizabeth Hernandez,Research,143863
1505,Deborah Perez,IT,142759
1629,Ashley Clark,Engineering,110248
3942,David Wilson,Research,100719
6366,Matthew Jackson,HR,72788
5326,Jennifer Lee,HR,63660
9526,Matthew Jones,Finance,83024
4063,Mark Allen,Legal,53018
7825,Betty Miller,Customer Service,131559
8113,James White,Legal,83683
5809,Jane Lewis,Legal,46698
2268,Anthony Harris,Legal,78939
8641,Christopher King,Operations,76612
6396,Deborah Thompson,IT,104693
3727,Karen Sanchez,IT,53348
5187,Karen Martin,HR,139201
7002,Jessica Lewis,IT,64283
5469,Paul Jones,Legal,120210
9063,Joshua Rodriguez,Finance,103667
9361,David Young,IT,43918
6158,Betty Ramirez,Marketing,92262
5159,Jennifer Lopez,Legal,43723
7967,Donald Moore,Finance,49563
8734,Emily Robinson,Research,55394
8484,Dorothy Lopez,HR,108798
2260,Deborah Hernandez,Engineering,131214
8287,Amanda Walker,Finance,60075
945,Sarah Taylor,Engineering,86081
8063,Betty Taylor,Sales,106708
2774,John Anderson,Customer Service,45699
3398,Karen Robinson,Sales,116796
291,Daniel Lewis,Customer Service,122088
6585,Donald Walker,Marketing,53662
8959,Deborah Jackson,Sales,58462
981,Karen Harris,Finance,33958
3008,Robert Brown,IT,37557
3618,Paul Lewis,IT,137041
9201,Donald White,Sales,121560
6117,Anthony Ramirez,Customer Service,79016
4676,Ashley Lopez,Operations,45104
3763,Andrew Davis,Engineering,40885
7898,Lisa Young,Operations,125641
3853,Deborah Smith,Engineering,96799
5784,Betty Perez,Research,74277
8960,Mark Johnson,Marketing,57326
1038,Amanda Brown,Marketing,75515
9318,Joshua Robinson,Operations,31927
9366,Joshua Sanchez,Engineering,53702
6764,Betty Jones,Operations,36699
8845,Matthew Jackson,HR,136404
8253,Matthew Jones,Customer Service,122214
