C_ID,C_NAME,AGE_YRS,LOC_CD,REG_DT
8174,Karen Smith,59,Seattle,2021-08-15
9008,Deborah Sanchez,18,Boston,2024-07-23
3159,Andrew Rodriguez,43,Phoenix,2022-09-03
4933,Betty Jackson,22,Portland,2025-01-17
1337,Robert Clark,70,Oklahoma City,2023-05-22
9088,Robert Wilson,42,Fort Worth,2023-08-04
4327,Paul Anderson,36,San Diego,2023-01-04
135,Sarah Jackson,62,Albuquerque,2025-05-21
5033,Joshua Johnson,70,Seattle,2021-11-14
740,John Robinson,29,Mesa,2024-04-27
3823,Amanda Robinson,18,Boston,2025-07-23
6763,Mark Walker,41,Boston,2020-10-07
496,David Davis,48,Denver,2024-02-08
1257,Anthony Walker,57,Seattle,2025-05-08
2458,Mark Martinez,39,Indianapolis,2024-09-05
9780,Joshua Thompson,18,Austin,2025-04-27
2970,John King,52,Columbus,2022-05-17
6630,Jessica Davis,55,Tucson,2021-12-04
6307,Christopher Rodriguez,70,Mesa,2025-05-20
3230,Jessica Garcia,23,Washington,2023-01-03
1439,James Lewis,61,Austin,2024-01-06
8072,Dorothy Young,57,Albuquerque,2020-07-28
8615,Joshua Thomas,23,Kansas City,2020-12-12
4877,Daniel Martinez,44,Philadelphia,2025-12-12
9437,Elizabeth Martinez,33,Seattle,2024-02-19
5159,James Smith,30,Nashville,2021-12-13
6168,Andrew Lee,65,Dallas,2023-04-20
4118,Paul Rodriguez,60,Mesa,2022-04-18
7315,Emily Clark,45,Houston,2021-02-17
1011,Andrew Johnson,59,San Francisco,2024-04-13
7038,Deborah Moore,20,New York,2025-08-15
9418,Jessica Jones,50,Austin,2024-09-01
7268,John Gonzalez,63,San Diego,2021-05-28
9998,Lisa Davis,69,Tucson,2021-07-28
1858,Ashley Moore,51,Oklahoma City,2020-09-10
6068,Nancy Gonzalez,38,Boston,2023-05-01
2656,Robert Thompson,59,Phoenix,2024-08-09
9814,Andrew Smith,21,Los Angeles,2024-12-01
384,Jane Thomas,25,Fresno,2024-08-06
7076,David Young,25,Sacramento,2024-11-04
4334,Emily Gonzalez,34,Houston,2022-07-04
412,Jennifer Thompson,32,Charlotte,2024-10-19
6995,John Garcia,34,Las Vegas,2021-12-05
3800,Ashley Lewis,26,Kansas City,2022-06-03
7312,Michael Jones,24,Los Angeles,2024-02-22
6556,Lisa Moore,61,Indianapolis,2023-04-27
3737,Joshua Clark,64,Indianapolis,2021-08-03
8700,Betty Clark,36,Chicago,2021-02-04
7969,Paul Anderson,43,Dallas,2024-04-16
7676,Michael White,64,San Diego,2020-11-27
3910,Amanda Young,51,Las Vegas,2024-05-04
5152,Emily Miller,48,Los Angeles,2022-08-03
1104,Amanda Lee,21,Chicago,2020-08-21
919,Paul Jackson,40,Washington,2024-04-08
1929,Christopher White,38,Jacksonville,2025-01-21
3633,Donald Perez,37,Denver,2023-11-13
9355,Steven Williams,64,Louisville,2022-09-08
1910,Joshua White,69,Los Angeles,2022-05-16
4098,Anthony Walker,47,Albuquerque,2025-11-17
5957,Daniel Martin,39,New York,2022-12-26
7871,Jennifer Thompson,65,Indianapolis,2023-03-22
6149,Deborah Harris,60,San Francisco,2022-07-07
8236,Betty Anderson,24,Charlotte,2021-03-24
4716,Jennifer Martinez,51,Seattle,2023-06-17
6820,Christopher Davis,40,San Diego,2025-12-07
548,Andrew Moore,43,Boston,2022-01-12
4976,Dorothy Martin,44,Milwaukee,2024-11-14
6355,John Gonzalez,36,Boston,2022-04-03
3051,Elizabeth Davis,23,Baltimore,2024-02-20
7615,Karen Lewis,19,Charlotte,2023-09-14
5973,Paul Lewis,61,Albuquerque,2020-08-08
6916,Deborah King,21,Baltimore,2025-07-01
5574,Sarah Lee,42,New York,2024-11-05
5116,Jessica Taylor,20,Albuquerque,2022-10-05
6204,Amanda Brown,41,Dallas,2023-12-13
