C_ID,C_NAME,AGE_YRS,LOC_CD,REG_DT
3686,Elizabeth Allen,47,Boston,2024-11-14
7458,Karen Davis,65,Chicago,2023-08-11
8109,Michael White,59,San Antonio,2020-03-18
6871,Paul Martin,18,Las Vegas,2024-10-19
7908,Andrew White,59,Baltimore,2023-04-25
577,Michael Perez,30,Nashville,2021-07-07
3868,Jennifer Walker,44,Tucson,2023-07-04
8867,Sarah Smith,34,San Jose,2022-03-19
6908,David Young,63,Milwaukee,2021-07-03
9287,Amanda Moore,36,Chicago,2023-05-25
2405,Jennifer Robinson,70,Sacramento,2021-05-03
702,John Hernandez,26,Jacksonville,2022-07-22
6578,Robert Robinson,36,Indianapolis,2023-06-26
9848,Elizabeth Sanchez,58,Albuquerque,2024-06-26
138,Steven Clark,46,San Diego,2021-11-27
4288,Lisa Hernandez,68,San Antonio,2023-05-14
2998,Betty Wilson,23,San Antonio,2024-12-23
1464,Jennifer Lopez,70,Baltimore,2021-05-07
2171,Jessica Thompson,41,Houston,2020-11-09
6398,Matthew Martinez,49,Washington,2025-03-26
8547,Matthew Jackson,56,Denver,2025-04-03
5350,Sarah Anderson,51,Austin,2020-11-17
4067,Christopher Sanchez,25,Mesa,2021-06-14
2000,Jane Garcia,68,Albuquerque,2021-08-01
7341,Betty Ramirez,69,Denver,2020-05-02
4754,Joshua Garcia,35,Los Angeles,2025-09-24
7064,Nancy Sanchez,55,Portland,2022-04-19
7175,Anthony Sanchez,23,Chicago,2022-02-12
9527,Christopher Robinson,34,Tucson,2025-10-10
2095,David King,18,Houston,2024-02-07
940,Karen Lee,30,Charlotte,2025-02-16
6153,John Perez,19,San Jose,2025-11-16
9364,Jane Anderson,46,San Diego,2023-09-12
8376,Christopher Allen,62,Kansas City,2023-04-27
9889,Jessica Harris,50,Baltimore,2025-02-21
9741,Jennifer Allen,34,Fresno,2020-02-07
1201,Betty Smith,56,Nashville,2023-03-16
5421,Donald Allen,30,Baltimore,2020-09-23
5776,Christopher White,30,Oklahoma City,2020-04-04
5124,Daniel Lewis,29,Columbus,2022-09-07
8229,Elizabeth Taylor,50,Las Vegas,2022-06-25
9349,Jennifer Lopez,43,Sacramento,2020-01-16
564,Matthew Williams,45,Tucson,2024-12-22
339,Michael Davis,47,Los Angeles,2020-02-24
6310,Andrew Sanchez,22,Portland,2022-07-06
7705,John Thomas,45,Boston,2024-11-01
1575,Ashley Lopez,51,Charlotte,2022-10-20
4693,James Davis,20,Oklahoma City,2022-12-08
5114,Daniel Brown,38,Denver,2024-07-16
7693,Nancy Hernandez,44,Milwaukee,2020-06-01
6599,Jane Young,64,Kansas City,2021-12-18
4847,Michael Garcia,18,Nashville,2020-12-07
112,Steven Ramirez,26,Philadelphia,2025-06-25
9285,Emily Young,57,New York,2025-11-23
167,Daniel Wilson,45,Denver,2024-08-02
2887,Donald Harris,53,New York,2024-03-09
6385,James Johnson,35,Phoenix,2023-06-18
7047,Deborah Smith,19,Sacramento,2023-12-26
3710,Mark King,40,Las Vegas,2020-03-13
9982,Mark Lewis,36,Seattle,2020-10-08
207,Andrew Perez,21,Columbus,2020-04-06
6486,Sarah Young,18,Denver,2023-12-02
5740,Jennifer Ramirez,18,Baltimore,2024-07-17
3413,Paul Lewis,65,San Francisco,2023-09-14
2512,David Ramirez,47,Philadelphia,2022-01-19
4201,Michael Thomas,30,Nashville,2025-07-17
7791,Andrew Hernandez,44,Chicago,2025-04-25
9941,Robert Moore,33,Tucson,2021-09-22
7131,Sarah Sanchez,67,Sacramento,2022-08-21
8087,Betty Young,38,Dallas,2020-10-10
4034,Michael Lee,61,Columbus,2022-02-09
8145,Daniel Hernandez,43,Boston,2022-12-11
2198,Steven Thompson,27,Baltimore,2021-06-03
8413,Steven Johnson,63,Seattle,2021-11-17
9188,Ashley Davis,32,Phoenix,2023-05-19
