EMP_ID,EMP_NM,DEPT_CD,SAL_AMT
4989,Jane Williams,Sales,88785
5987,Jessica Young,Marketing,80574
1959,John Lewis,IT,65530
4220,Steven King,Finance,33361
3795,Jessica Moore,Research,125360
2842,Andrew Davis,Operations,128416
3242,Jessica Miller,Legal,109201
1198,Sarah Jones,Marketing,130490
6070,Karen Jones,Operations,99352
898,Nancy Thomas,Marketing,133552
5045,Christopher Walker,Sales,127949
5644,Matthew Sanchez,Marketing,100647
7842,Mark Ramirez,Research,145669
4059,Jane Moore,Engineering,71644
8143,Donald King,Sales,101744
5528,Mark Perez,Finance,107265
3028,Lisa Walker,Sales,91948
3691,Joshua Garcia,Engineering,47891
3855,David Sanchez,Legal,100421
8533,Christopher Allen,Customer Service,83186
1371,Christopher King,Legal,49900
3160,James Brown,HR,52988
9076,Robert Young,Sales,106675
1296,Steven Perez,IT,140892
8187,Robert Lopez,IT,113307
4433,Jane Taylor,Marketing,123879
6607,Anthony Hernandez,Sales,145261
636,Deborah Brown,Sales,53563
2904,Donald White,Research,149740
3313,Andrew Wilson,IT,147378
2088,Michael Johnson,Engineering,74462
786,Dorothy Lopez,Marketing,115025
6570,David Walker,Marketing,99269
1852,Anthony Moore,Operations,44686
9048,Anthony Lewis,Operations,127436
5510,Mark Hernandez,Operations,102980
7240,Jennifer Lewis,Customer Service,55295
3274,Ashley White,IT,139004
2157,Jennifer Wilson,Engineering,142541
7889,Lisa Clark,Customer Service,115765
8508,John Ramirez,HR,132710
3002,Sarah Lewis,Sales,110867
7282,Andrew Miller,Customer Service,132108
8326,Anthony King,Sales,140030
8713,John Hernandez,Legal,122092
4054,Matthew Thompson,Customer Service,141063
49,Deborah Miller,Sales,133917
8568,Sarah Clark,Engineering,85007
5575,Robert Lee,HR,116676
5818,Ashley Sanchez,Legal,82499
9568,Michael Walker,IT,44687
7544,Donald Lee,Customer Service,135900
5274,Christopher Johnson,Research,115113
8894,Michael Lewis,IT,50112
1610,Daniel Perez,Operations,40864
6813,Deborah Gonzalez,Marketing,97825
5315,Nancy Smith,HR,124324
4976,Joshua Lopez,Sales,124628
7565,Jessica Lopez,HR,142193
2929,Daniel Harris,Customer Service,148716
3088,Daniel Allen,Operations,60831
1955,Donald Miller,Finance,90202
4419,Andrew Moore,Research,79749
6822,John Thomas,Research,117809
9317,Nancy Jones,Engineering,65231
9488,Jessica Johnson,Customer Service,95944
2444,Deborah Robinson,Sales,149262
7953,Mark Wilson,Operations,58208
3145,Lisa Thomas,IT,83110
7342,Elizabeth Brown,HR,76538
8771,Sarah Gonzalez,Legal,131753
1168,Nancy Perez,HR,114518
7858,Jessica Young,IT,65839
7883,Ashley Clark,Engineering,136856
945,Ashley Lee,Operations,49767
3854,Paul Williams,Customer Service,71073
3792,Sarah Sanchez,Finance,126433
8759,Daniel Miller,Legal,89750
6152,Andrew Johnson,Engineering,65675
7980,Daniel Williams,Sales,109283
3349,Karen Smith,Research,137198
3843,Joshua Thomas,HR,118924
5084,Lisa Robinson,Operations,85988
9237,Karen Davis,Research,86822
2954,Betty Hernandez,Sales,121077
3596,Donald Ramirez,Finance,104023
8022,James Brown,HR,77736
1960,Mark Young,Customer Service,80791
8042,Lisa Allen,Customer Service,141883
2211,Betty Brown,Finance,74910
5897,Michael Robinson,Engineering,101900
3762,Steven Gonzalez,Customer Service,50951
9409,Anthony Miller,Operations,37940
6613,Nancy Smith,Customer Service,109783
649,Joshua Robinson,Legal,46451
4448,Mark Garcia,Sales,100794
9629,Andrew Hernandez,Research,95419
5596,Andrew Martin,Marketing,123004
9752,Christopher Davis,Marketing,44197
7675,Amanda Martin,Marketing,139250
