C_ID,C_NAME,AGE_YRS,LOC_CD,REG_DT
9584,Deborah Harris,19,Sacramento,2022-08-05
3109,Mark Davis,68,Phoenix,2020-04-23
9080,Jennifer Robinson,70,Albuquerque,2022-04-01
2906,Jessica Martinez,70,Houston,2020-07-06
2550,Paul Ramirez,34,Jacksonville,2021-12-12
6846,James Martinez,53,San Francisco,2025-06-12
2068,Lisa Robinson,66,Fort Worth,2023-05-04
9118,Elizabeth Miller,55,Boston,2021-03-09
6250,Karen Lee,52,Nashville,2023-03-15
4549,Nancy Wilson,21,Las Vegas,2023-05-03
7954,Andrew Ramirez,53,Austin,2023-09-20
5765,John Moore,21,Columbus,2020-09-17
5078,Deborah Ramirez,55,San Diego,2025-04-28
8995,Betty Smith,29,Austin,2024-03-01
2185,John Garcia,29,Chicago,2024-03-19
1938,Betty Davis,69,Portland,2023-06-27
8808,Joshua Harris,40,Austin,2023-02-20
2393,James Lopez,66,Jacksonville,2022-05-06
9921,David Walker,43,Indianapolis,2020-04-17
3490,Betty Gonzalez,48,Sacramento,2023-06-26
6359,Betty Williams,21,Houston,2020-08-28
1540,John Jones,22,San Antonio,2024-10-22
912,Paul Clark,40,Denver,2022-06-10
8313,Deborah Martinez,67,Milwaukee,2025-12-07
2115,Anthony Smith,26,Louisville,2020-02-08
3461,Karen Garcia,29,Milwaukee,2021-12-05
384,Nancy Perez,31,Seattle,2025-12-03
2393,David Walker,46,Los Angeles,2023-12-09
8126,Jennifer Robinson,61,San Diego,2025-09-25
7533,Betty Walker,44,Kansas City,2022-04-02
628,Jennifer Garcia,55,Tucson,2025-02-03
76,Paul Perez,37,Austin,2025-04-05
198,Donald Anderson,64,Oklahoma City,2024-01-05
3407,Steven Allen,31,Austin,2021-08-02
1313,James Thompson,49,Mesa,2023-03-01
7518,Elizabeth Allen,25,Houston,2023-12-13
3248,John Hernandez,69,Philadelphia,2021-07-08
6894,Ashley Jones,20,Fresno,2023-10-08
2288,Lisa Anderson,45,Columbus,2021-02-27
2090,Andrew Brown,35,San Francisco,2025-03-14
4318,Joshua Martinez,32,Columbus,2020-09-11
5071,Lisa Williams,55,Baltimore,2024-12-04
8153,Anthony Jones,36,Mesa,2022-02-15
3417,Robert Taylor,59,New York,2020-08-27
1641,Robert Lee,58,Chicago,2021-12-15
4328,Mark Walker,51,Portland,2023-01-27
5719,Nancy Smith,50,Philadelphia,2022-03-17
1589,Emily Anderson,25,Phoenix,2020-10-07
5079,Paul Anderson,51,Denver,2021-12-21
4636,John Johnson,30,Charlotte,2020-11-26
7350,Jessica Ramirez,48,Washington,2022-12-28
5358,Lisa Walker,46,San Jose,2023-10-10
176,Emily Miller,62,Seattle,2020-10-26
6294,Anthony Walker,47,Tucson,2023-04-23
5490,Betty Allen,63,Portland,2024-04-13
2821,Mark Robinson,55,San Diego,2024-12-03
1641,Steven Allen,28,Phoenix,2020-05-22
3069,David Garcia,28,Fresno,2022-06-18
6789,Deborah Miller,70,New York,2022-01-03
4195,Amanda Robinson,40,Sacramento,2024-05-04
8321,Lisa Lee,41,New York,2025-05-26
2851,David Anderson,60,Fort Worth,2021-03-25
6893,Lisa White,46,Charlotte,2021-02-06
370,Joshua Gonzalez,35,Dallas,2025-01-19
8071,Jennifer Allen,27,Louisville,2020-01-14
5004,Michael Walker,43,San Francisco,2024-05-14
6342,Matthew Martin,18,Los Angeles,2021-12-04
2598,Deborah Martinez,23,Tucson,2023-01-16
2276,Elizabeth Jackson,49,Louisville,2021-06-05
8980,Jessica Moore,19,Jacksonville,2023-09-22
5606,Deborah Lopez,33,Oklahoma City,2025-08-16
317,Jessica Davis,39,Phoenix,2021-08-03
2185,Deborah Sanchez,57,Dallas,2020-05-19
2998,Christopher Allen,25,Los Angeles,2021-10-01
7980,John Thomas,61,Austin,2025-09-05
