EMP_ID,EMP_NM,DEPT_CD,SAL_AMT
1376,Michael Thompson,HR,38581
7907,Amanda Miller,Research,102277
8660,Dorothy Taylor,HR,101901
3378,Steven Walker,Engineering,32201
7109,Amanda Jackson,Marketing,125839
6142,Sarah Gonzalez,Sales,42260
9942,Donald Thomas,Finance,67784
3991,Emily Thomas,HR,56672
47,Daniel White,HR,119480
9011,Jane Young,Research,143636
2583,Jessica Moore,IT,123415
8810,James Allen,Operations,46861
2371,Deborah Lewis,HR,93373
6514,Amanda Martinez,Finance,99906
4165,Paul Walker,Operations,100551
5,Daniel King,Finance,138301
1481,Joshua Jackson,HR,146461
7531,Anthony Hernandez,Research,72655
7171,Jessica Lewis,Finance,65531
6166,Karen King,IT,107185
3338,Sarah Brown,Customer Service,138688
3867,Lisa Brown,Finance,32620
4540,Christopher White,Engineering,86795
4925,Lisa Robinson,Sales,92928
8863,Sarah Lopez,Operations,50343
7965,Michael Martinez,HR,53287
6630,Karen Brown,HR,80192
8778,Joshua Wilson,HR,65950
760,Karen Robinson,Operations,121753
5510,Dorothy Lewis,Sales,97254
1926,Deborah Robinson,Marketing,126130
7014,Robert Lee,IT,128325
9735,Steven Brown,Customer Service,133904
3116,Paul Williams,Legal,38898
8794,Jane Robinson,Legal,41107
7430,Ashley Robinson,Legal,38259
1050,Deborah Sanchez,Marketing,68358
4312,Elizabeth Young,Research,41288
8721,Andrew Ramirez,Marketing,141005
4180,Anthony Gonzalez,Marketing,33906
6109,Lisa Johnson,Marketing,105460
6070,Mark Martin,HR,90120
5684,Joshua Lopez,Customer Service,33780
194,Andrew Jones,Finance,118783
5,Michael Miller,Finance,116153
1879,John Jackson,Finance,102694
1981,David Sanchez,Operations,123237
6254,Jane Clark,Marketing,55720
4467,David Clark,Customer Service,84306
1204,Jennifer Lewis,Research,126399
8256,Paul Brown,Research,61657
803,Betty Thomas,HR,45012
5815,Anthony Allen,IT,56756
6848,Steven Williams,Sales,37183
5934,Jane Lee,Research,42128
3454,John Lewis,Customer Service,33935
4573,Sarah Martinez,Customer Service,70977
5215,Deborah Gonzalez,Marketing,64783
7441,Emily Thompson,Marketing,133871
4941,Ashley Allen,Engineering,129434
1837,John Harris,Sales,33057
46,Karen Johnson,IT,68153
8506,Paul Allen,Research,117343
1783,Steven Lopez,Legal,114620
7297,Robert Walker,Engineering,47215
3126,Elizabeth Garcia,Customer Service,121351
326,Michael Walker,IT,127922
4244,James Allen,HR,139566
5731,Robert Gonzalez,Sales,78950
4411,Dorothy Miller,IT,51839
7102,Jane Jackson,Sales,110374
1907,Jennifer Wilson,Legal,85680
4186,Ashley Allen,Research,41056
8184,Daniel Hernandez,Engineering,109925
189,Michael Martin,Research,37516
5365,Anthony Davis,HR,50464
812,Daniel Harris,Finance,138916
496,Betty Thomas,Customer Service,91794
3159,Dorothy Sanchez,IT,103799
7965,Karen Lewis,Engineering,76247
9926,Daniel Moore,Customer Service,96562
5282,Jane King,IT,117437
9557,Donald Harris,Sales,98067
5959,Jessica Wilson,Operations,77895
2823,Sarah Allen,Customer Service,85758
1048,Paul Sanchez,Finance,55003
4732,Elizabeth Johnson,HR,58166
3092,Lisa Walker,Engineering,57554
9690,Robert Jackson,Sales,66285
3897,Elizabeth Walker,Finance,66856
123,Emily White,HR,119561
8130,Elizabeth Ramirez,IT,89434
3207,Matthew Brown,Engineering,128766
9294,James Johnson,Legal,134094
4667,Nancy Martin,Legal,131631
5737,Anthony Lee,IT,148451
8076,Deborah Wilson,Engineering,54192
5288,Amanda Williams,Operations,132667
2596,Steven Moore,Legal,77194
1934,James Taylor,HR,63944
