C_ID,C_NAME,AGE_YRS,LOC_CD,REG_DT
9714,David Robinson,39,Kansas City,2023-08-01
6067,Sarah Taylor,21,Dallas,2025-12-05
8367,Matthew Gonzalez,56,Portland,2020-10-13
4357,Matthew Miller,68,Kansas City,2020-09-27
791,Mark Garcia,43,Nashville,2021-12-08
7590,Lisa Clark,30,Phoenix,2022-12-14
170,Anthony Davis,32,Oklahoma City,2023-11-06
5083,Nancy Williams,38,San Diego,2021-06-28
1364,Matthew Williams,59,San Francisco,2022-11-22
5617,Karen Anderson,49,Washington,2025-02-25
436,James Perez,63,Louisville,2024-03-21
3393,Matthew Perez,18,Fresno,2021-01-19
8085,Amanda Harris,19,Tucson,2022-06-03
256,Ashley Garcia,54,San Diego,2025-06-20
2747,Joshua Martin,19,Nashville,2020-10-24
9306,Anthony Thompson,39,Boston,2021-07-10
7289,Karen Clark,31,Oklahoma City,2023-08-10
8706,Deborah Taylor,70,Milwaukee,2020-01-17
5359,Elizabeth Davis,65,Albuquerque,2020-02-15
2503,Amanda Lewis,23,San Diego,2022-01-26
4673,Paul Gonzalez,47,Philadelphia,2020-05-11
9700,Andrew Miller,21,Nashville,2022-04-16
4618,Lisa Harris,52,San Francisco,2023-04-23
9045,Mark Jackson,21,Louisville,2020-02-01
7287,Christopher Hernandez,35,Fresno,2022-08-07
5563,Christopher Wilson,27,Boston,2023-07-19
1794,Joshua King,44,Phoenix,2024-07-22
5723,Christopher Walker,24,Philadelphia,2020-07-22
9554,Emily Jackson,39,Louisville,2024-11-05
1125,Donald Davis,26,Denver,2021-12-19
9217,Deborah Young,33,Seattle,2022-04-24
144,Deborah Martin,67,Philadelphia,2021-01-17
243,Emily Williams,26,Louisville,2024-02-04
1282,Michael Sanchez,35,Oklahoma City,2020-09-21
213,Michael Taylor,59,Houston,2023-12-08
6699,Robert Jones,38,Oklahoma City,2022-10-19
5427,Michael Ramirez,18,Sacramento,2023-04-08
2284,Nancy Robinson,20,New York,2024-03-01
1897,Sarah Thompson,60,Oklahoma City,2022-05-03
1498,Matthew Robinson,26,Portland,2020-09-23
382,Sarah Moore,24,Tucson,2021-05-13
2540,Joshua Lewis,51,Tucson,2025-12-25
3788,Lisa Harris,57,Albuquerque,2020-06-12
2657,Robert Ramirez,27,Los Angeles,2021-11-20
836,James Wilson,55,Louisville,2025-05-20
1419,Robert Perez,48,Washington,2022-11-03
4326,Joshua Lewis,54,Milwaukee,2024-09-01
6665,Deborah Lewis,53,Austin,2021-02-06
6287,Joshua Clark,30,Chicago,2021-04-27
5113,Emily Martin,31,Phoenix,2023-03-06
1010,Nancy Harris,48,San Diego,2025-11-08
4999,Anthony Lewis,60,Milwaukee,2022-07-19
2952,Sarah Miller,24,Nashville,2021-04-19
4493,Andrew Perez,45,Oklahoma City,2021-08-25
7550,Andrew Martinez,69,Phoenix,2021-04-18
9753,Amanda Lee,55,Portland,2024-01-18
5329,Betty Lewis,62,Baltimore,2022-07-20
6589,John Garcia,49,Seattle,2022-07-24
3628,Robert Lee,24,Washington,2020-08-21
9276,Betty Jones,34,Fort Worth,2022-10-15
2443,Michael Young,55,Austin,2022-01-05
8035,Lisa Robinson,18,San Antonio,2024-05-01
395,Joshua Lewis,21,Fresno,2024-05-02
6277,Steven Davis,46,Louisville,2025-11-10
9287,Steven Smith,43,Baltimore,2022-05-12
4006,Robert Wilson,63,Seattle,2020-11-15
1208,Deborah White,69,Tucson,2020-03-27
7466,James Brown,28,Dallas,2024-09-20
5699,Karen Smith,26,Los Angeles,2020-05-17
9275,Andrew Lopez,42,San Antonio,2023-01-25
728,John Young,70,Fresno,2022-02-14
3426,Deborah Walker,46,Fort Worth,2021-04-05
2555,Emily Jackson,45,Philadelphia,2025-01-05
5756,Jane Clark,41,Fort Worth,2021-12-19
3088,Andrew Davis,35,Nashville,2024-12-01
