EMP_ID,EMP_NM,DEPT_CD,SAL_AMT
670,Michael Wilson,Legal,94397
7224,Ashley Garcia,Sales,112780
8401,Paul Anderson,Marketing,86009
5946,Michael Rodriguez,HR,85263
3911,Karen Davis,Finance,65886
2158,Lisa Thompson,Finance,86411
6505,Ashley Smith,HR,122658
1310,Christopher Martinez,IT,78700
2168,Michael Brown,Customer Service,43626
9300,Robert Garcia,HR,98352
420,Nancy Smith,Finance,88289
3910,Steven Ramirez,Engineering,84995
6070,Emily Harris,IT,48770
2625,Sarah Johnson,Sales,116265
3554,James Martinez,Sales,50470
7410,David Martinez,Sales,62512
8474,Amanda Young,HR,50089
233,Deborah Harris,Sales,122238
1661,Paul Harris,Sales,104028
4775,Michael Gonzalez,IT,139526
8797,Deborah Smith,Finance,148699
9376,Matthew Perez,Customer Service,118403
4256,Betty Williams,Marketing,112343
23,Amanda King,Engineering,73724
2271,Karen Lopez,Finance,148001
1209,Anthony Rodriguez,HR,108191
9169,Jennifer Williams,Marketing,83870
6223,Jennifer Wilson,Operations,135269
3254,John Garcia,Engineering,100630
6397,Matthew Moore,HR,97908
7229,John Gonzalez,Customer Service,74042
4322,John Jones,Research,100372
2901,Ashley Davis,HR,60305
928,Matthew Johnson,Legal,43333
3034,David Lewis,Engineering,89966
9098,Donald Williams,Marketing,38796
4860,Amanda Thomas,Legal,119644
8992,Michael Thompson,Legal,114742
7846,Jennifer Martin,HR,131950
371,David Lewis,Sales,90038
1704,Karen Young,Finance,129894
705,Jessica Garcia,IT,142489
3656,Steven Wilson,Customer Service,113470
1281,Anthony King,Research,63942
4790,Karen Taylor,IT,130247
5721,Ashley Perez,Sales,91250
6349,Elizabeth Ramirez,Operations,84961
1286,John Ramirez,Customer Service,100992
7811,Sarah Taylor,Customer Service,49459
8901,Deborah Brown,HR,52425
6913,Betty Gonzalez,IT,94239
1714,Jessica Hernandez,Legal,143645
8405,Joshua Johnson,Finance,126913
8336,David Lee,IT,132477
7612,Jane Walker,Customer Service,99134
1907,Daniel Hernandez,Operations,128566
4300,Joshua Walker,Engineering,111026
9069,David Sanchez,Marketing,76019
1359,Amanda Allen,Marketing,89943
9582,Nancy Walker,HR,143778
9509,Jessica Thompson,Sales,70593
5285,David Martin,IT,63675
5098,James Ramirez,Marketing,48475
7269,Donald Martin,Finance,31218
7790,James Lee,Research,91758
7055,John Miller,IT,81570
6756,Sarah Rodriguez,Marketing,84109
6393,Sarah Ramirez,Engineering,121864
8754,Jennifer Jones,Sales,144101
5447,Elizabeth Walker,Finance,37861
1327,Steven Martinez,Operations,130562
2153,Jennifer Brown,HR,109845
122,Jennifer Jones,Marketing,51511
6217,Daniel Moore,Operations,129158
4911,Jessica Hernandez,Customer Service,86177
2834,Karen Anderson,HR,52875
7814,Joshua Martinez,Customer Service,66011
6862,Dorothy Young,Customer Service,105314
8408,Michael King,IT,106565
6439,Nancy Gonzalez,Operations,88160
8553,Dorothy Rodriguez,Marketing,104047
7505,Christopher Martin,Research,39791
3056,Jane White,IT,55296
2617,Amanda Robinson,Finance,127599
9493,Betty Moore,Legal,87718
3776,Lisa Wilson,Operations,142831
3711,Christopher Lee,Research,118357
2832,Mark Robinson,Marketing,54597
5738,Anthony Martin,Marketing,114453
587,Steven Thompson,Legal,49578
1639,John Lee,Finance,114612
7824,Paul Garcia,Finance,84488
3687,Nancy Ramirez,Finance,77805
2896,Elizabeth Jones,Operations,72019
2861,Michael Lewis,Customer Service,111939
4368,Matthew Walker,Research,79717
552,Matthew Thompson,Customer Service,74924
4096,Matthew Lee,Research,48911
3367,Dorothy Wilson,Sales,127133
3006,Elizabeth Moore,Operations,97327
