C_ID,C_NAME,AGE_YRS,LOC_CD,REG_DT
6211,Karen Lewis,66,Portland,2022-12-03
9085,Deborah Clark,21,Austin,2021-02-02
9416,David White,56,Oklahoma City,2023-10-15
2390,David Brown,65,San Antonio,2024-01-24
1436,Sarah White,64,Baltimore,2021-04-14
1653,Mark Taylor,57,San Francisco,2020-02-28
4345,Elizabeth Gonzalez,51,Phoenix,2025-03-23
244,Amanda Clark,62,Fort Worth,2022-01-23
5326,Michael Ramirez,23,Chicago,2020-03-11
3291,Jessica Ramirez,53,Louisville,2021-01-07
3786,Steven Lee,54,Chicago,2024-08-17
2112,Donald Young,64,Las Vegas,2023-11-02
1324,Emily Harris,44,Portland,2024-01-17
9310,Steven Taylor,61,Houston,2021-06-17
1249,Donald Martin,66,San Diego,2020-01-28
7110,Paul Garcia,28,Fort Worth,2024-10-19
5700,Karen Gonzalez,36,Boston,2021-03-23
5530,Joshua Walker,49,Dallas,2025-05-13
3243,Emily Williams,45,Dallas,2020-12-15
1467,Betty Jones,58,Jacksonville,2021-06-18
2837,Jane White,54,Oklahoma City,2021-11-19
3872,Mark Anderson,32,Boston,2022-03-02
523,Elizabeth Taylor,67,Austin,2021-11-21
6791,Daniel Sanchez,41,Seattle,2025-08-09
9281,Sarah Moore,40,Dallas,2022-05-27
750,Jennifer Thomas,23,Seattle,2021-11-17
3570,Michael Hernandez,32,Philadelphia,2023-11-06
8458,Sarah Garcia,23,Baltimore,2023-11-11
7788,Jessica Thompson,33,Baltimore,2020-06-18
4108,Anthony Walker,37,Washington,2020-02-26
5739,Matthew Miller,68,Philadelphia,2023-09-02
5710,James Rodriguez,24,Fresno,2025-06-28
8452,Anthony King,56,New York,2022-12-03
4984,Elizabeth Rodriguez,23,Dallas,2025-10-27
5218,Amanda King,63,Columbus,2022-09-08
1935,Andrew Young,18,San Antonio,2025-07-06
6171,Robert Robinson,61,Portland,2025-09-24
2227,Michael Perez,45,Nashville,2022-11-12
1641,Lisa Rodriguez,27,Denver,2021-06-13
9025,Joshua Miller,32,Fresno,2024-10-09
9691,Mark Young,24,Fresno,2023-02-07
2319,Jessica Thomas,31,Phoenix,2020-08-20
9060,Steven Davis,37,San Jose,2023-08-18
5457,Steven Anderson,19,Denver,2025-08-15
9011,Ashley Martin,60,Seattle,2024-09-12
413,Sarah Brown,18,Indianapolis,2021-03-10
797,Robert Williams,34,Tucson,2024-08-18
4728,Jennifer Young,47,Fresno,2025-10-13
5158,Karen Brown,67,Phoenix,2022-02-07
2059,Robert Lee,65,Philadelphia,2022-12-10
7621,Lisa Thompson,42,San Diego,2020-12-01
1108,Amanda Rodriguez,52,Denver,2025-12-25
3953,Michael Thomas,36,Austin,2022-02-26
8629,Jennifer Lopez,59,Sacramento,2023-04-10
8773,Nancy Lewis,47,Baltimore,2023-07-20
2740,Elizabeth King,30,Fresno,2023-09-06
1292,Andrew Lewis,68,Las Vegas,2024-09-11
3627,Robert Young,55,San Diego,2021-02-03
3743,Lisa Jones,38,Chicago,2024-09-26
2651,Anthony Moore,34,Albuquerque,2022-08-20
7802,Deborah Robinson,20,Nashville,2020-05-26
6283,Anthony Perez,38,Oklahoma City,2022-01-06
7091,Mark Moore,23,Louisville,2021-05-06
2918,Deborah Wilson,22,Boston,2022-08-04
3622,Ashley Wilson,61,Los Angeles,2021-12-06
450,Paul Williams,67,Oklahoma City,2020-07-11
9354,Anthony Harris,52,San Jose,2025-04-11
6288,Elizabeth Williams,57,Albuquerque,2024-05-22
7033,Matthew Moore,39,Albuquerque,2024-04-03
8851,Joshua Martin,28,Fort Worth,2020-07-12
625,Deborah Gonzalez,53,Austin,2022-10-19
480,Deborah Walker,62,San Diego,2025-07-28
9588,Jane Sanchez,56,San Jose,2025-11-03
8175,Jennifer Thomas,63,New York,2024-07-26
8624,Mark Harris,57,Oklahoma City,2020-03-04
