EMP_ID,EMP_NM,DEPT_CD,SAL_AMT
9275,Deborah Smith,Customer Service,67484
4983,Lisa Smith,IT,85590
633,Elizabeth Wilson,HR,80279
220,Donald Lee,Sales,81947
7333,Jennifer Thompson,Finance,120059
2626,Steven Robinson,Legal,74796
8584,Steven Smith,Legal,98672
957,Paul King,HR,135035
1491,Karen White,Engineering,44732
6762,Deborah Martin,Engineering,124061
5210,Matthew Jackson,Finance,132514
8616,Jennifer Perez,Engineering,46723
3218,Donald Young,HR,97314
794,Jennifer Taylor,Sales,146044
1847,Ashley Ramirez,Finance,68621
5810,Joshua Robinson,Operations,95472
4659,Amanda Gonzalez,Customer Service,116759
3218,Andrew Jackson,Marketing,147750
9055,Lisa Anderson,Marketing,98075
9190,Ashley Gonzalez,Legal,107676
6559,Lisa Ramirez,Customer Service,96189
6020,Donald Johnson,Operations,145052
5297,Lisa Lopez,Marketing,53970
3374,Jane Wilson,Customer Service,119801
291,Steven Jones,Research,44141
1837,Daniel Garcia,Finance,115202
9939,Jessica Johnson,Operations,41550
8212,Dorothy Clark,Legal,125253
3008,Jane Martinez,IT,92127
5999,Nancy Lewis,Marketing,91243
6540,Robert Taylor,Customer Service,124297
5906,Jane Williams,Research,114069
518,Elizabeth Sanchez,Marketing,48963
1593,Robert Miller,Legal,35226
8172,Karen Moore,Legal,36030
4067,David Miller,IT,44951
5346,Sarah Thompson,HR,108256
1339,Elizabeth Smith,Research,149411
9301,Mark Smith,Sales,138680
6684,Betty Sanchez,IT,107336
9594,Christopher Clark,HR,54645
8399,Deborah Thomas,Operations,44258
6957,Michael Robinson,HR,61812
1067,Mark Anderson,Legal,97846
9171,Sarah Thomas,Marketing,101670
5655,John Gonzalez,Marketing,66680
8124,Amanda White,Engineering,137114
3437,Ashley Johnson,IT,124901
8490,Robert White,HR,129595
6378,Emily Wilson,Sales,110578
3708,Dorothy Thomas,Sales,90416
9416,Deborah Anderson,HR,146018
2223,Daniel Smith,Legal,106348
3523,Paul Thompson,Research,107758
4799,Michael Jones,Marketing,32324
2238,Karen Johnson,Sales,31078
1700,Sarah Jones,HR,45550
1972,Steven Robinson,Research,57974
9104,Jessica Thompson,Engineering,148844
5739,John Martin,HR,118422
7979,Emily Lopez,Sales,40083
9370,James Walker,Finance,131266
6156,Jennifer Martinez,Finance,68653
79,Paul Garcia,Customer Service,77772
4418,Joshua Moore,Finance,108355
9203,Robert Thompson,HR,111974
1902,Lisa Clark,Sales,110349
3645,Betty Martin,Sales,75910
4636,Jane Perez,Marketing,88808
3206,Emily Ramirez,Customer Service,33283
82,Andrew Young,Engineering,61450
6095,Donald Martinez,Legal,98427
5991,Ashley Thomas,Finance,63905
3414,Jennifer Moore,Customer Service,89082
3105,David Moore,Operations,101256
3541,Robert Anderson,IT,82010
8941,Robert Walker,Legal,79554
4189,Michael Lee,Finance,53033
4942,Jessica Martinez,HR,78353
4233,Deborah Williams,Research,40355
1631,Lisa Lewis,Sales,135057
6654,Donald Sanchez,Customer Service,49428
8734,Emily Ramirez,Marketing,71339
9053,Jennifer Walker,Customer Service,47363
2995,Lisa Brown,Legal,35732
8872,Robert King,Legal,146699
7004,Paul Thompson,Sales,30757
2653,Jane Williams,HR,97929
2694,Ashley Moore,Legal,53099
9473,Anthony Clark,Finance,121502
3763,Steven Martin,IT,144957
3412,Andrew Garcia,Customer Service,74402
549,Joshua Garcia,Engineering,89574
1251,Nancy Harris,HR,120663
6097,Steven Perez,HR,113275
8056,Donald White,IT,40289
7167,Amanda Allen,Finance,117976
1884,James King,Sales,149828
6832,Joshua King,Research,71064
7388,Christopher Brown,Legal,44160
