C_ID,C_NAME,AGE_YRS,LOC_CD,REG_DT
3726,Sarah Davis,56,Jacksonville,2025-11-23
1491,James Wilson,55,Nashville,2022-09-01
2783,Dorothy Jackson,62,San Francisco,2023-06-06
7040,Jennifer Johnson,64,Sacramento,2024-07-09
5993,Daniel Young,63,Tucson,2021-09-09
761,Steven Garcia,67,Denver,2023-09-05
9314,Karen Garcia,68,Seattle,2024-01-25
8117,Nancy Sanchez,20,Nashville,2022-10-08
1237,Jane Robinson,48,Nashville,2025-12-16
7558,Christopher Sanchez,28,Kansas City,2024-07-04
8700,Karen Young,68,Los Angeles,2020-04-08
3908,Dorothy Williams,49,Denver,2021-04-15
796,Jessica Johnson,66,Denver,2020-06-11
2841,Matthew Allen,31,Philadelphia,2024-01-13
5999,John Miller,63,Fort Worth,2021-01-16
7646,Robert Martin,30,Milwaukee,2020-08-13
1113,Steven Smith,57,San Diego,2025-06-09
6097,Emily Garcia,52,New York,2024-05-15
8824,Elizabeth Harris,42,Milwaukee,2020-01-02
7403,Robert Miller,35,Albuquerque,2020-05-08
7849,Jessica Rodriguez,38,Seattle,2023-01-05
9774,Elizabeth Taylor,54,San Antonio,2022-08-23
7936,Andrew Johnson,64,Baltimore,2022-11-25
4336,Elizabeth Lopez,33,Oklahoma City,2020-06-18
8979,Dorothy Harris,34,Louisville,2025-05-26
262,Emily Sanchez,18,San Diego,2023-07-17
4536,Nancy Brown,68,Kansas City,2021-08-21
7163,James Young,20,Philadelphia,2020-01-17
8193,Jennifer Jones,36,Los Angeles,2024-12-12
495,Sarah Young,45,Mesa,2024-04-27
3071,Mark Taylor,38,San Jose,2020-11-10
2637,Christopher Walker,52,Baltimore,2023-04-17
8437,Dorothy Lewis,58,Milwaukee,2020-07-08
9778,Daniel Jackson,21,Mesa,2023-04-10
5828,Lisa Hernandez,22,Milwaukee,2024-07-20
6481,Andrew Sanchez,18,San Antonio,2022-12-04
335,Karen Garcia,34,Jacksonville,2024-02-16
9198,Sarah Lewis,66,Washington,2020-04-27
2204,David Perez,29,Charlotte,2020-09-24
1922,David Martin,19,Los Angeles,2025-04-21
1564,Michael Moore,31,Phoenix,2024-05-17
7295,Nancy Ramirez,25,Oklahoma City,2021-10-14
3468,David Jackson,26,Philadelphia,2024-04-15
4260,Daniel Ramirez,41,Fresno,2024-06-25
7444,Steven Garcia,35,San Diego,2024-02-02
7156,Donald Martinez,26,Fort Worth,2020-09-21
3671,Steven Johnson,41,Phoenix,2020-12-19
1181,Anthony Harris,34,Louisville,2020-10-19
2679,Nancy King,56,Jacksonville,2023-06-02
4931,Jennifer Rodriguez,68,San Antonio,2021-05-02
9302,Sarah Jones,54,Boston,2020-02-21
7174,Jane King,44,San Diego,2023-05-05
1898,Amanda Lee,51,Milwaukee,2025-06-15
5960,John Perez,69,Austin,2025-07-06
1312,Christopher Johnson,24,Oklahoma City,2024-03-05
3505,Deborah Gonzalez,53,San Diego,2021-12-12
1122,John Wilson,59,Columbus,2023-05-10
7511,Elizabeth Thompson,37,Seattle,2024-10-21
7150,Robert Ramirez,40,Philadelphia,2024-05-11
136,Dorothy Robinson,56,San Antonio,2020-03-01
9716,Paul Thompson,60,Chicago,2023-04-27
1551,Daniel Robinson,21,Phoenix,2024-09-23
8984,Daniel Johnson,44,San Francisco,2022-09-23
4893,Jane Young,54,Los Angeles,2022-10-23
4715,Jennifer Sanchez,42,Nashville,2025-02-11
7143,James Thomas,43,Denver,2020-05-27
1800,Steven Thompson,62,Nashville,2025-10-17
5705,Steven Miller,49,Oklahoma City,2024-08-07
1567,Jessica Wilson,24,Chicago,2023-01-23
8840,Lisa Johnson,44,Washington,2025-11-22
785,Dorothy Harris,30,Milwaukee,2023-05-15
5613,Matthew Perez,57,Fort Worth,2023-04-08
5270,Jennifer Perez,29,Sacramento,2021-04-23
5021,Lisa Walker,48,Milwaukee,2024-05-16
2250,David Harris,34,Louisville,2022-09-11
