EMP_ID,EMP_NM,DEPT_CD,SAL_AMT
5816,Daniel Williams,Customer Service,87386
8324,Sarah Ramirez,Engineering,34208
6397,Steven Garcia,HR,81658
146,Daniel Hernandez,HR,64362
1068,Paul White,Sales,53911
2367,Ashley Ramirez,Engineering,93926
785,Michael Moore,Operations,80738
4876,Robert Wilson,Operations,79082
3843,Donald Anderson,Operations,129414
1169,Amanda Martinez,Marketing,77526
2413,Mark Lopez,Engineering,36047
3585,Dorothy Perez,Sales,39721
2233,Jessica Robinson,Customer Service,46678
8550,Ashley Davis,HR,55384
7445,Michael Jackson,Legal,115541
6059,Daniel Martinez,Sales,93399
3334,Jane Allen,HR,106438
357,Elizabeth Lee,IT,106843
6138,Jane Miller,Operations,89145
3796,Amanda Lewis,Marketing,52848
4286,Mark Young,HR,64516
8184,James Allen,Operations,80811
95,Robert Gonzalez,Legal,133815
1441,Michael Smith,Marketing,100361
479,Jane Harris,Sales,43142
3988,Lisa Rodriguez,IT,61837
640,Emily Miller,Sales,71139
771,Joshua Wilson,Research,56815
6555,Anthony Thompson,HR,49923
9373,Daniel Robinson,Customer Service,52931
5285,David Allen,Finance,35594
7058,Nancy Thompson,Research,139576
29,Daniel Rodriguez,HR,146158
8180,David Smith,Customer Service,78593
591,Jane Garcia,Finance,62310
365,Michael Clark,Finance,114197
2862,David Johnson,Operations,40191
8890,Donald Hernandez,Legal,140074
4137,Donald Martin,Research,47141
3010,Emily Thompson,Operations,107583
7780,Amanda Johnson,Finance,47038
9925,John Miller,Operations,79300
7653,Elizabeth Johnson,IT,97352
5106,James Harris,Customer Service,40622
5905,Ashley Sanchez,Marketing,137210
3898,Ashley Martinez,HR,141097
9890,Jennifer Hernandez,Customer Service,118356
7663,David Martinez,Engineering,104223
6311,Lisa Thompson,Operations,66430
500,James Robinson,Customer Service,60967
9272,Dorothy Martinez,Marketing,139149
6393,Donald Taylor,Sales,117405
4918,Steven Lopez,Engineering,87033
8568,Elizabeth Ramirez,Research,30660
9466,Joshua Anderson,Marketing,112336
7404,Amanda Hernandez,HR,122585
9216,Emily Perez,IT,41795
5701,Elizabeth Miller,Engineering,144607
5590,Amanda Wilson,IT,62290
4643,James Davis,IT,49923
5364,Joshua Gonzalez,IT,116296
7446,Paul Robinson,IT,99017
97,Betty Jackson,Research,91591
7688,Elizabeth Jones,Engineering,92611
6506,Elizabeth Lee,Legal,95935
3263,John Martin,HR,74049
6398,Daniel Moore,Sales,30952
5397,Karen Gonzalez,Marketing,139837
2762,John White,Engineering,125915
8314,Karen Williams,Marketing,30086
6916,Sarah Allen,Sales,98929
1314,Steven Williams,Operations,140710
2059,Paul Young,Engineering,32595
1749,Betty Davis,Operations,121359
4364,Betty Thompson,Customer Service,43008
7613,Joshua Jones,Marketing,30059
3981,Deborah Miller,Engineering,65701
1939,Emily White,Operations,61093
765,James Garcia,Operations,31892
4224,Lisa Martin,Research,45338
3077,Paul Garcia,Customer Service,130004
5740,Karen Martin,Marketing,40341
7142,Dorothy King,HR,56554
8825,Amanda Gonzalez,Finance,121154
4535,Amanda Young,Sales,131071
9172,Elizabeth Lewis,Customer Service,41919
9665,Jessica Allen,IT,92440
1340,Ashley Robinson,HR,34675
475,Amanda Gonzalez,Sales,67665
2100,Jennifer Harris,Research,113633
5418,Nancy Jackson,HR,34315
3813,Lisa Hernandez,HR,55088
7713,John Davis,Engineering,133997
3024,Daniel Thompson,Legal,94277
2976,James Williams,Legal,39028
561,Anthony Lewis,Research,70415
8652,Robert Jackson,Marketing,53597
8456,Lisa Anderson,IT,143358
6868,Karen Williams,Legal,115144
1393,David Harris,HR,87672
