C_ID,C_NAME,AGE_YRS,LOC_CD,REG_DT
6431,Lisa Jackson,41,Phoenix,2022-01-26
3935,Paul King,41,Dallas,2020-08-14
7135,Daniel Martinez,47,San Jose,2022-04-08
8845,Lisa King,27,Indianapolis,2021-04-10
5318,Jennifer Gonzalez,46,New York,2025-08-06
6912,Ashley Brown,53,Austin,2022-07-13
5603,Joshua Brown,43,Philadelphia,2023-04-01
732,Deborah Lewis,18,San Diego,2020-06-09
2469,Jessica Taylor,52,Albuquerque,2020-05-13
5509,Daniel White,68,Los Angeles,2024-08-12
3141,David Lopez,27,Austin,2020-12-15
3505,Donald Lopez,35,Columbus,2022-05-06
7996,Donald Walker,38,Columbus,2023-06-12
1020,Deborah Lopez,44,San Antonio,2021-07-09
1050,John Jackson,69,Los Angeles,2020-03-13
9777,Matthew Harris,59,Kansas City,2024-12-10
237,David Martin,68,San Jose,2021-11-26
3633,Daniel Robinson,65,Albuquerque,2021-04-21
983,Sarah Miller,67,Indianapolis,2022-12-26
7291,Matthew Rodriguez,60,Charlotte,2025-03-01
3411,Robert Harris,42,Las Vegas,2025-05-19
209,Emily Thomas,33,Washington,2022-04-24
5846,Anthony Davis,21,Dallas,2021-12-10
9467,Mark King,33,Tucson,2023-02-22
1538,John Jones,54,San Francisco,2020-09-01
1011,Andrew Smith,21,Baltimore,2023-10-15
9605,John Anderson,68,Milwaukee,2021-04-18
7683,Mark Lewis,62,Louisville,2020-05-09
4214,Mark Martinez,45,Sacramento,2023-07-10
628,Lisa Brown,22,Charlotte,2025-09-12
4197,Paul Perez,66,Nashville,2021-01-20
6972,Karen Ramirez,37,Oklahoma City,2024-07-13
4238,Anthony Rodriguez,42,Albuquerque,2022-04-01
2619,Mark Thomas,54,Mesa,2025-07-21
7319,Andrew White,56,Mesa,2023-01-10
1589,Christopher Sanchez,39,San Francisco,2022-08-09
7034,Jennifer Garcia,46,Oklahoma City,2023-05-05
4542,Nancy Robinson,45,Dallas,2025-11-08
4179,Ashley Harris,63,Tucson,2024-07-14
3316,James Martin,24,New York,2021-01-14
5419,Betty Thompson,58,San Antonio,2023-08-16
6188,Matthew Smith,60,Chicago,2021-09-26
3346,Mark Robinson,50,Nashville,2025-03-16
9555,Elizabeth Jones,39,Albuquerque,2020-09-04
9277,Jennifer Lopez,25,Denver,2021-06-03
1763,Karen Walker,30,Sacramento,2022-07-26
6945,Dorothy Thomas,23,Charlotte,2023-05-14
8679,Amanda King,64,Jacksonville,2024-10-13
8774,Joshua Thompson,47,Charlotte,2022-12-03
8044,Jennifer Sanchez,49,Washington,2024-02-18
9175,James Young,24,Indianapolis,2025-03-13
5392,Anthony Martin,62,Los Angeles,2024-06-20
1521,Donald Johnson,66,Las Vegas,2022-12-21
4200,Mark Rodriguez,32,San Antonio,2021-03-22
4686,Matthew Brown,65,San Jose,2022-04-27
8732,Dorothy Davis,40,Boston,2020-01-18
5121,David Walker,59,Seattle,2025-01-01
1636,John Walker,68,Tucson,2023-12-06
208,Jessica Robinson,52,Boston,2024-08-21
5741,James Jones,34,Jacksonville,2023-06-03
7543,John Walker,23,Louisville,2020-09-05
7257,Elizabeth Robinson,24,San Jose,2025-05-06
5000,Elizabeth Wilson,64,Philadelphia,2024-06-19
5864,Anthony Thomas,45,Los Angeles,2025-12-05
3006,Nancy Walker,47,Denver,2021-04-17
2853,Elizabeth Gonzalez,21,Seattle,2022-06-14
5124,John Thomas,56,Las Vegas,2025-10-24
6909,Steven Garcia,38,Houston,2025-06-06
3343,John Anderson,66,Fresno,2020-10-05
7639,Ashley Gonzalez,54,Seattle,2022-02-06
147,David Thomas,62,Austin,2020-04-25
7322,Ashley Perez,19,San Diego,2025-12-20
3866,Emily Jackson,31,Oklahoma City,2021-07-07
2856,Deborah Garcia,39,San Francisco,2022-09-11
2042,Jennifer Taylor,69,Boston,2020-09-15
