C_ID,C_NAME,AGE_YRS,LOC_CD,REG_DT
5474,Michael King,58,Fresno,2021-10-02
164,Dorothy Jackson,57,Fort Worth,2023-01-09
9884,Robert Lee,68,San Antonio,2021-04-21
5453,Jennifer Harris,35,Columbus,2020-01-01
8810,Dorothy Martin,36,Houston,2024-05-18
8255,Jane Harris,55,San Jose,2024-02-22
5632,Daniel Jones,69,San Diego,2022-06-03
4439,James Thompson,18,Fresno,2025-12-22
2110,Sarah Walker,35,Seattle,2021-07-11
5121,Lisa Jones,35,New York,2023-06-08
2205,Andrew Jackson,18,Columbus,2021-01-13
2236,John Martin,67,San Antonio,2021-08-19
5178,Joshua Wilson,40,Dallas,2021-01-05
4075,Joshua Harris,40,New York,2025-08-24
3668,Amanda Hernandez,54,Seattle,2025-05-02
7160,Mark Rodriguez,43,Mesa,2020-02-22
9475,Michael Robinson,25,New York,2023-04-11
1064,Michael Moore,38,Baltimore,2022-07-26
9397,Steven Perez,30,Sacramento,2023-04-23
8701,Elizabeth Miller,36,Chicago,2022-11-22
2914,Jessica Rodriguez,68,Seattle,2020-12-23
8310,Jessica Anderson,44,Columbus,2024-02-04
1144,Karen Taylor,66,Sacramento,2020-07-03
4017,Anthony Smith,33,Portland,2024-10-12
2977,Deborah Brown,24,San Francisco,2022-07-18
8137,Mark Gonzalez,21,Nashville,2020-05-19
5392,James Johnson,21,Houston,2025-04-28
1774,Lisa Martinez,56,San Antonio,2020-02-15
9136,Paul Wilson,40,Seattle,2020-02-15
1722,Amanda Williams,24,Albuquerque,2021-09-24
4529,James Young,24,Denver,2021-10-22
1304,Jane Hernandez,39,Fresno,2025-02-11
3938,Sarah Martinez,58,Phoenix,2020-04-25
7585,Emily Williams,48,Kansas City,2020-02-07
9915,Betty Young,20,Indianapolis,2022-02-12
1834,Elizabeth Thomas,62,Phoenix,2020-11-15
781,Jane Brown,63,Indianapolis,2022-02-27
369,Lisa Clark,19,Washington,2022-08-27
8665,Paul White,63,San Jose,2022-04-17
128,Lisa Moore,31,Oklahoma City,2024-01-07
7774,Emily Davis,31,Phoenix,2022-12-06
9099,Lisa Walker,52,Los Angeles,2025-02-12
1845,Elizabeth King,21,Kansas City,2020-04-16
7544,Daniel Jackson,24,San Francisco,2025-11-22
5732,John Taylor,45,Oklahoma City,2021-01-21
8259,David Clark,53,Denver,2021-11-07
2920,Anthony Moore,63,Austin,2020-01-21
8850,John Walker,31,Dallas,2022-03-04
2403,Jennifer White,28,Austin,2024-01-18
3606,Dorothy Johnson,51,Tucson,2023-08-07
9629,Jennifer Lewis,35,Seattle,2023-09-15
1243,Paul Brown,45,Louisville,2022-06-03
5002,Christopher Wilson,22,Houston,2024-05-23
6045,Christopher Lewis,39,San Jose,2025-08-04
9786,Emily Thompson,57,Tucson,2024-11-09
3414,Daniel King,62,Austin,2025-06-11
8847,Nancy King,56,Boston,2021-07-22
2935,Paul Robinson,24,Dallas,2020-09-07
2330,Ashley Lee,50,San Francisco,2020-04-16
6463,Jessica Smith,43,Dallas,2021-07-22
1484,Joshua Hernandez,64,Austin,2025-02-20
1519,Betty King,62,Baltimore,2024-07-18
2349,Amanda Gonzalez,44,Fort Worth,2021-11-11
435,Dorothy Lopez,23,Seattle,2021-10-15
4794,Jennifer Anderson,39,Jacksonville,2022-01-10
2649,Matthew Thomas,64,Kansas City,2024-04-24
6968,Betty Rodriguez,65,Baltimore,2022-08-07
2150,Elizabeth Wilson,19,Columbus,2025-08-06
8885,Mark Thomas,28,Kansas City,2024-01-16
6107,Jessica Miller,56,Sacramento,2022-10-21
3615,Robert Clark,62,Nashville,2024-09-05
7075,Lisa Davis,67,San Francisco,2020-08-19
947,Nancy Jones,34,Los Angeles,2023-12-25
4590,Nancy Smith,69,San Antonio,2022-07-20
9367,Emily Ramirez,69,Portland,2023-01-25
