EMP_ID,EMP_NM,DEPT_CD,SAL_AMT
5840,Donald Gonzalez,Sales,125957
2212,John Lewis,Engineering,106232
6667,Jessica Ramirez,Operations,51579
2002,Dorothy Garcia,HR,38155
9146,Jessica Lewis,Operations,103761
735,Emily Lopez,Legal,33153
8659,Emily Rodriguez,IT,56023
7149,James Harris,Engineering,67308
4381,Nancy Williams,Operations,59872
85,Elizabeth Moore,Legal,88734
7070,Lisa Taylor,Customer Service,112869
9901,Andrew Lopez,Engineering,76717
411,Andrew Martinez,HR,98519
6880,Ashley Jackson,IT,131935
5736,Donald Martin,Marketing,147990
2556,Joshua Anderson,Legal,31313
8136,Elizabeth Lopez,IT,54580
9472,Nancy Harris,Finance,31406
2728,Michael King,Legal,72448
3876,Anthony Miller,Engineering,34482
8401,Jennifer Wilson,Sales,62259
613,Michael Thompson,HR,69104
6337,Joshua Wilson,Legal,78873
2140,Jennifer Jones,Operations,103985
4572,Deborah Johnson,Engineering,127161
8572,Jane Jones,Legal,55456
2091,Nancy Lopez,Sales,145762
7566,Joshua Thompson,Operations,111387
5423,Amanda Miller,Engineering,71454
8557,Jennifer Young,Research,129574
1021,John King,Marketing,105529
2321,Nancy Smith,Operations,101932
6485,Lisa Miller,HR,119617
3420,Jessica Harris,Operations,123105
9526,Jane Williams,Legal,128380
760,Anthony White,Sales,130520
3523,Christopher Hernandez,IT,134111
2833,Ashley Young,Sales,73439
7984,Dorothy Ramirez,Legal,63419
9016,David Taylor,Finance,122907
699,Betty Thompson,Research,102725
54,Michael Gonzalez,Engineering,64947
6667,Steven Garcia,IT,99171
7357,Deborah Taylor,Legal,52450
4534,Robert King,Legal,51629
861,Ashley Wilson,Operations,118477
305,Christopher Perez,Engineering,75178
9291,Lisa Walker,Sales,69185
1958,Daniel Young,Operations,106153
23,Betty King,Marketing,63793
2776,Betty Thomas,Finance,80934
3805,Matthew Johnson,Finance,120181
9805,Jessica Moore,Operations,35006
198,Dorothy Perez,Legal,82942
1810,Deborah Lewis,Legal,54739
7573,Dorothy Smith,Legal,100637
1690,Anthony King,IT,91850
9362,David Garcia,Finance,63810
6381,Lisa Moore,Engineering,77940
3331,Matthew Martinez,Customer Service,126683
3498,Robert Miller,IT,78205
7672,Lisa Perez,Customer Service,36272
1664,Michael Smith,Marketing,145562
7333,Karen Martinez,Marketing,44001
4906,Matthew Allen,Customer Service,149809
3099,Lisa Hernandez,Engineering,63628
6468,Christopher Allen,Operations,146023
8719,Lisa Harris,IT,52678
2467,Steven Brown,Sales,46869
5712,Mark Allen,Legal,40205
9673,Christopher Robinson,Legal,38683
6779,Deborah Robinson,Finance,122858
6308,Andrew Sanchez,Research,84859
3207,Jennifer Garcia,Sales,53283
619,Elizabeth Ramirez,Finance,126904
5361,Lisa Ramirez,Sales,59158
3579,Karen Rodriguez,HR,85521
3059,Amanda Thompson,Sales,43435
9297,Lisa Lewis,Marketing,60305
7642,Dorothy Moore,Engineering,75125
9441,Dorothy Wilson,HR,117513
8877,Donald Thompson,Customer Service,114654
4140,Christopher Johnson,Operations,95556
7837,Lisa Allen,Engineering,92012
3458,Betty Moore,Sales,96567
8071,Amanda Harris,Research,66938
2096,Matthew Martin,IT,96916
9159,Karen Martin,Legal,40553
8441,Elizabeth Moore,Sales,79925
237,Jessica Clark,HR,91440
9686,Michael Anderson,Sales,110057
7942,Karen Sanchez,Sales,125730
3861,Karen Garcia,Finance,148764
6725,Anthony King,HR,131579
9049,Amanda Jackson,Sales,70532
420,Ashley White,Sales,87384
6392,David Lee,Finance,69254
1159,Deborah Brown,Customer Service,61888
8681,Jennifer Jackson,Marketing,79563
3714,Elizabeth King,Sales,69754
