C_ID,C_NAME,AGE_YRS,LOC_CD,REG_DT
4412,Dorothy Lopez,59,Las Vegas,2020-12-16
8482,Sarah Johnson,18,Fresno,2022-11-15
9807,Dorothy Allen,18,Mesa,2021-03-18
6951,Nancy Walker,66,San Antonio,2025-03-28
3351,Dorothy Gonzalez,43,New York,2025-01-27
3341,James Brown,25,San Jose,2023-04-13
8516,James Martinez,21,Phoenix,2020-11-27
3900,Christopher Johnson,65,Chicago,2020-11-06
3847,Andrew Sanchez,26,Mesa,2022-09-25
385,Elizabeth Allen,67,Charlotte,2025-12-25
1203,Elizabeth Martinez,18,Houston,2021-04-10
312,Robert Clark,31,Columbus,2022-12-26
8078,James White,66,Las Vegas,2021-06-14
4356,James Perez,54,San Francisco,2025-01-08
6815,Jennifer Martinez,22,Jacksonville,2022-02-13
320,Paul Jackson,38,San Diego,2021-07-21
4474,Ashley Garcia,41,Phoenix,2021-12-21
2346,Jessica Hernandez,46,Houston,2023-10-09
3627,Daniel White,26,Philadelphia,2025-02-28
8811,Deborah Jackson,21,Milwaukee,2025-07-25
9574,Dorothy Taylor,38,Louisville,2021-09-24
4309,Michael King,69,Seattle,2023-01-25
9693,Joshua Young,60,Fort Worth,2025-06-04
3247,Jane Martin,34,Louisville,2020-01-27
1172,Donald Garcia,30,Albuquerque,2024-08-23
3268,Andrew Moore,45,Philadelphia,2023-03-24
3213,Lisa Martinez,36,Seattle,2021-09-22
2448,Michael Robinson,19,San Francisco,2025-01-10
5495,Nancy Jackson,57,Fresno,2022-05-02
5283,Lisa Brown,19,San Jose,2020-02-04
7903,Daniel Young,69,Houston,2025-02-28
6171,Deborah Brown,30,Sacramento,2024-07-20
919,John Thompson,59,Columbus,2024-08-26
1001,James Martinez,68,Nashville,2025-07-05
1008,Elizabeth Perez,35,Los Angeles,2025-07-20
7556,Karen Walker,39,Philadelphia,2020-06-05
9936,Karen Jackson,69,Boston,2025-03-04
5775,Karen Young,39,Milwaukee,2025-07-18
8034,Lisa Perez,24,Jacksonville,2024-05-28
7043,Jennifer Thomas,70,San Antonio,2023-12-15
1843,Donald Walker,59,Houston,2025-11-13
9597,Andrew Smith,66,Milwaukee,2021-05-15
8527,Anthony Smith,23,Milwaukee,2020-05-12
445,Donald Martin,58,Denver,2024-04-15
5555,Nancy Robinson,27,Seattle,2023-10-27
1875,Christopher Jackson,35,Austin,2024-08-02
8159,Jane Jackson,23,Albuquerque,2022-01-18
6225,Michael Thompson,46,Boston,2021-08-17
9406,Nancy Robinson,35,Houston,2024-06-23
9236,Betty Jones,32,Fresno,2025-06-24
7082,Lisa Anderson,19,Nashville,2020-04-06
1508,Karen Sanchez,22,Jacksonville,2023-01-26
9859,Elizabeth Robinson,59,New York,2020-05-09
4946,Michael Brown,59,Phoenix,2022-07-02
7144,Steven Walker,36,Sacramento,2020-04-24
9192,Jennifer Moore,31,Fort Worth,2023-12-28
6190,Betty Smith,45,Phoenix,2021-10-17
52,Steven Moore,23,Seattle,2023-09-27
9478,Karen Garcia,23,San Diego,2021-12-18
3473,Dorothy Rodriguez,33,Jacksonville,2024-09-09
5720,Nancy Sanchez,26,Portland,2024-09-02
2944,Karen King,61,Seattle,2020-04-26
1323,Karen Hernandez,28,Columbus,2024-08-25
8090,Deborah White,33,San Diego,2020-10-03
7556,James Smith,24,Kansas City,2022-01-11
4720,Paul Wilson,48,Jacksonville,2023-11-18
1796,Deborah Ramirez,58,Portland,2020-12-13
9137,Daniel Smith,36,Fort Worth,2020-04-19
3348,James Lewis,61,San Jose,2023-12-13
9185,Nancy Davis,65,Charlotte,2021-08-23
1887,Mark Johnson,60,Las Vegas,2024-07-24
6909,Donald Brown,42,Baltimore,2025-03-17
8593,Amanda Miller,66,Las Vegas,2023-06-04
3233,Emily Martin,18,New York,2022-07-04
8763,Emily Johnson,33,Las Vegas,2020-05-15
