EMP_ID,EMP_NM,DEPT_CD,SAL_AMT
5239,Michael Young,Research,99319
9897,Daniel Allen,Engineering,91750
4660,Betty Robinson,Legal,78860
7970,David Lee,Operations,90605
2360,Jennifer White,Operations,147512
3948,Jessica Martinez,Engineering,32962
1537,James Rodriguez,HR,112456
704,Steven Miller,Sales,139558
5398,Elizabeth Rodriguez,IT,72885
9529,Matthew Lee,Sales,76255
3378,Matthew Smith,Engineering,71410
3550,Emily Lewis,HR,38985
2055,Emily Brown,Finance,112129
902,Lisa Jones,Customer Service,119782
5482,Andrew Jones,Finance,149535
8166,Nancy Taylor,Sales,130291
3588,Anthony Clark,Engineering,116209
7804,Jessica Thompson,Legal,149793
5133,Amanda Martinez,Engineering,40502
1427,Ashley Walker,Finance,99651
1867,James Thomas,Engineering,100737
5419,Matthew Clark,Finance,84532
9114,Andrew Clark,Finance,131168
6770,Jane Davis,Customer Service,39320
1277,Amanda Young,Operations,113786
5081,Deborah Miller,Research,144306
2321,Matthew White,Customer Service,135789
5228,Jane Johnson,HR,68219
9961,Lisa Sanchez,HR,58143
9166,Emily Jackson,Sales,94508
3593,Dorothy Martinez,IT,32238
6427,Lisa Hernandez,Sales,141326
3977,Ashley Young,Legal,41506
8024,Karen Moore,Finance,102976
3198,Jessica Thompson,IT,144539
5993,Lisa Taylor,Customer Service,149942
2677,Robert Robinson,Operations,143855
1670,Sarah Young,HR,73974
7656,Paul Brown,Research,149914
7910,Deborah King,Customer Service,67775
4584,Betty Martin,Engineering,42449
8195,Nancy Wilson,Engineering,44316
4498,Matthew Moore,Legal,74733
5394,Andrew Jones,Research,59783
831,Karen Brown,IT,133195
4894,Dorothy Jones,Marketing,139699
1598,Donald Sanchez,Sales,53660
3825,Michael Moore,Finance,118079
9612,Dorothy King,IT,43105
503,Dorothy Miller,Engineering,68221
679,James Williams,Engineering,62406
1835,Anthony Lewis,Customer Service,90624
1806,Nancy Young,IT,125344
8791,Jessica Ramirez,Marketing,33197
8301,Mark Smith,Finance,43539
1957,Robert Young,HR,93241
4646,Lisa Lopez,Finance,141019
3099,James Thompson,IT,52293
2957,John Harris,Research,93784
55,Mark King,Sales,75748
2642,Nancy Martin,Operations,95836
2902,Daniel Harris,Research,100996
9204,Sarah Young,HR,111980
4854,Emily Rodriguez,Research,41472
9871,Paul Allen,Engineering,45424
6452,Nancy Perez,Sales,142601
5770,Amanda Sanchez,Customer Service,86786
43,Dorothy Rodriguez,Marketing,131162
6612,Lisa Garcia,HR,65503
6196,Jessica Williams,HR,131316
5174,Daniel Harris,Research,107685
4151,Jennifer Thomas,Research,36625
7746,Betty Ramirez,Engineering,89645
1379,Jessica Lewis,Finance,103036
2093,Jane King,IT,126365
9507,Mark Harris,Marketing,113839
6325,Daniel White,Customer Service,43601
4804,David Allen,Research,130763
2934,Jessica Clark,Finance,68025
1387,Amanda Harris,Engineering,128283
1007,Paul Davis,Engineering,59576
9243,Paul Rodriguez,Sales,43066
7369,Christopher Lopez,Marketing,32028
7016,Robert Ramirez,Operations,42074
4220,Daniel White,Customer Service,136351
9395,Dorothy Thomas,Marketing,94849
3960,Jane Thomas,Legal,67630
9134,Emily Gonzalez,IT,37965
3860,Betty Davis,Operations,74206
497,James Sanchez,Engineering,79189
3453,Steven Johnson,Operations,120918
1045,Jane Clark,IT,50569
4356,Daniel Wilson,IT,132173
7674,Anthony Jones,Research,74486
3568,Ashley Walker,Sales,56801
5592,Nancy Robinson,Legal,31677
1630,Amanda Ramirez,Sales,90418
2418,Lisa Sanchez,Customer Service,76915
9154,John White,HR,139095
6896,Andrew Taylor,Finance,95723
