C_ID,C_NAME,AGE_YRS,LOC_CD,REG_DT
449,Nancy Martinez,66,Fresno,2024-05-19
2501,Matthew Jones,63,San Francisco,2024-11-27
2581,Emily Young,23,Columbus,2023-12-06
4123,Christopher Sanchez,50,Fresno,2021-11-06
2420,James Johnson,43,Charlotte,2025-04-15
8733,Michael Hernandez,59,Jacksonville,2022-01-10
7009,Dorothy Moore,35,Oklahoma City,2020-08-23
2935,Jennifer Jackson,57,San Antonio,2024-11-09
166,Anthony Harris,58,Dallas,2025-04-15
9388,Anthony Rodriguez,63,Mesa,2024-02-07
7671,Lisa Taylor,47,Tucson,2024-06-18
3290,Donald Sanchez,19,Fresno,2022-10-18
7796,Joshua Thomas,55,Columbus,2022-05-04
5928,Amanda Taylor,22,Los Angeles,2020-11-24
1044,Elizabeth Allen,54,Tucson,2021-08-13
4491,Deborah Rodriguez,49,Boston,2025-10-12
1137,Sarah Moore,40,Indianapolis,2020-06-23
1122,James Perez,65,Baltimore,2024-10-10
2405,Jessica Clark,21,Columbus,2022-09-16
9117,Joshua Garcia,19,San Antonio,2022-09-25
8997,Amanda Taylor,34,Washington,2020-09-24
3332,Sarah Gonzalez,60,Baltimore,2024-07-15
2825,Mark Thomas,69,Washington,2024-04-10
4124,Amanda Sanchez,31,San Jose,2024-05-08
8135,Sarah Brown,48,New York,2024-10-14
8087,Matthew Young,48,Kansas City,2023-06-03
6733,Amanda Martinez,25,San Diego,2021-02-22
3092,James Thompson,36,Albuquerque,2021-11-03
7181,Emily Clark,67,Los Angeles,2021-11-04
5070,Steven Ramirez,41,Chicago,2020-01-22
7035,Christopher Hernandez,43,Dallas,2025-10-04
38,Andrew White,18,Sacramento,2024-07-21
7678,John Martinez,63,Austin,2021-02-11
7333,Anthony Lopez,31,New York,2024-04-04
5255,Jennifer Williams,32,Albuquerque,2020-02-07
2513,Paul Jones,65,Boston,2025-03-01
3831,Matthew Lopez,39,Austin,2021-04-24
3901,Jennifer Thompson,62,Boston,2025-05-14
5842,Elizabeth White,70,San Jose,2021-03-27
4800,David Perez,51,Columbus,2024-11-22
1994,John Robinson,22,Charlotte,2024-02-22
7724,Emily Martinez,25,Los Angeles,2025-01-19
5495,David Hernandez,59,Sacramento,2021-07-05
3624,Jennifer Johnson,38,Denver,2021-04-18
8703,Christopher Lopez,54,Oklahoma City,2025-10-19
3297,Ashley Ramirez,56,Austin,2023-05-03
5476,Lisa Lewis,42,Tucson,2021-10-18
4895,Christopher Miller,70,Milwaukee,2023-12-09
5271,David Allen,26,Fort Worth,2022-02-28
2184,Jessica Johnson,34,San Jose,2025-04-13
1953,Betty Jackson,38,Sacramento,2020-10-08
3485,Nancy Johnson,68,Oklahoma City,2020-07-02
8783,Paul Smith,44,Denver,2025-03-28
2471,Jane King,59,San Francisco,2020-05-19
768,Dorothy Lopez,66,Mesa,2021-07-15
876,Robert Hernandez,36,Boston,2023-02-28
367,Lisa Ramirez,24,Austin,2021-01-06
3841,Jane Hernandez,55,Seattle,2020-03-07
9170,Matthew Allen,28,San Diego,2025-04-13
9740,John Robinson,29,Louisville,2024-06-04
3857,Deborah Lopez,23,Los Angeles,2022-08-03
1672,Christopher Ramirez,52,Oklahoma City,2020-01-04
8339,Nancy Williams,23,Baltimore,2024-11-08
4836,Jessica Thomas,63,Phoenix,2024-01-14
8852,Anthony Allen,34,Los Angeles,2022-05-13
7227,Dorothy Lewis,41,Seattle,2024-04-04
4863,Joshua Moore,46,Mesa,2022-03-19
7561,Andrew Johnson,45,Charlotte,2022-08-23
8183,Jane Garcia,63,San Jose,2020-04-23
6078,Jessica Brown,53,Seattle,2023-09-12
5014,Andrew Wilson,63,Washington,2022-02-27
6364,Karen Wilson,49,Fort Worth,2021-03-02
9327,Donald Wilson,33,Nashville,2020-12-27
1914,Jennifer Wilson,57,Las Vegas,2021-11-26
426,Ashley Williams,28,Dallas,2024-03-12
