EMP_ID,EMP_NM,DEPT_CD,SAL_AMT
3592,Ashley Johnson,Legal,118541
4314,Jane Garcia,Legal,39198
4472,Amanda Hernandez,Engineering,140141
5316,Anthony Moore,Sales,98502
6084,Lisa Perez,HR,114614
9991,Joshua Jones,Engineering,105084
33,Emily Moore,Finance,76775
2793,Jennifer Johnson,Marketing,99051
4606,Christopher Taylor,Operations,34353
35,Mark Brown,Research,59113
131,Robert Clark,Legal,80389
3985,Karen Walker,Customer Service,143130
484,Anthony Jackson,Sales,125848
1920,Robert Hernandez,Marketing,108539
1357,Sarah Clark,Engineering,41024
3437,Nancy Sanchez,Marketing,68986
5899,Joshua White,Customer Service,120441
8516,Daniel Perez,Customer Service,122922
8539,James Ramirez,HR,147305
2851,Andrew Gonzalez,Research,142419
6365,Sarah Johnson,Legal,118893
2473,Robert Williams,Legal,34240
2461,Anthony Martinez,Sales,147372
3181,Dorothy Robinson,Engineering,45959
5526,Deborah Smith,Legal,74413
4225,Daniel Jackson,HR,140571
9508,Deborah Ramirez,Customer Service,62950
2058,Donald Brown,Finance,50959
8458,Ashley Walker,Operations,39255
2156,Dorothy Walker,Research,47839
9589,Amanda Young,Operations,60962
4363,Daniel Brown,Operations,78263
8439,Elizabeth Robinson,IT,72489
3882,John Davis,Research,82503
8360,Mark Robinson,IT,119200
7661,Nancy Hernandez,Finance,79917
2654,Steven Lee,Research,116671
1496,Paul Davis,Marketing,107898
3898,Jane Martinez,IT,134189
6503,Lisa Davis,HR,30356
4188,Nancy Williams,IT,110761
4530,Jessica Sanchez,IT,91846
1952,Elizabeth Lewis,Research,139588
9268,Christopher Wilson,Research,34225
3743,Jane Lewis,Finance,42790
2044,Nancy Clark,IT,133015
3928,Lisa Lewis,Operations,57807
781,Lisa Wilson,Marketing,52645
1566,James Anderson,Sales,90504
45,Karen Jones,Customer Service,32331
6289,John Rodriguez,HR,73103
734,Joshua Young,Customer Service,88442
2325,Steven Perez,Customer Service,61552
6348,Nancy Rodriguez,HR,116095
5773,Mark Young,HR,43505
1260,Jane Hernandez,HR,147501
411,Karen Ramirez,Customer Service,49137
6935,Amanda Martin,Engineering,148882
5009,Lisa Wilson,Customer Service,88212
94,Ashley Rodriguez,HR,114756
3081,Jessica Moore,Customer Service,106062
2607,Lisa King,Customer Service,47636
5618,Lisa Williams,Operations,56153
9148,Nancy Sanchez,Operations,75892
5009,Paul Robinson,Research,36231
2162,Mark Martin,Marketing,89983
5278,Robert Lewis,Sales,72840
980,James Lewis,Research,90793
3583,Joshua Williams,Customer Service,129251
1631,Daniel Miller,Marketing,101684
920,Donald Garcia,Sales,115145
4653,Amanda Thomas,Operations,102822
5951,Emily Clark,Marketing,122960
888,Matthew Smith,Research,34153
1479,Dorothy Perez,Operations,59919
3824,Jane Martin,Operations,137446
404,Andrew Martin,IT,97638
6306,Andrew Gonzalez,Customer Service,120158
5073,Matthew Rodriguez,Marketing,102991
5054,Ashley Gonzalez,Marketing,41555
1632,Amanda Brown,Customer Service,43059
3222,Betty Thompson,IT,82216
9098,David Harris,Sales,85307
8223,Sarah Harris,Legal,75601
2146,Robert Williams,Research,137139
3391,Joshua Davis,Customer Service,139251
3217,Lisa Garcia,Marketing,124824
221,Emily Garcia,Marketing,46213
6837,Robert Ramirez,Finance,92187
8761,Joshua Gonzalez,Legal,145768
6451,Deborah Young,Marketing,101325
6380,Dorothy Smith,Finance,33174
632,Deborah Thompson,Customer Service,62053
285,Betty Rodriguez,IT,44101
1245,Jessica Miller,Engineering,120323
3002,Andrew Wilson,Research,36554
7454,Jane Allen,HR,78960
8634,Jessica Jones,Sales,59618
9162,Paul Robinson,IT,41904
5641,Lisa Lee,IT,67903
