C_ID,C_NAME,AGE_YRS,LOC_CD,REG_DT
8589,Amanda Davis,20,Chicago,2020-09-25
1777,Lisa Moore,63,Dallas,2023-04-26
6210,Lisa Miller,55,Nashville,2021-06-06
3983,Anthony Johnson,59,Oklahoma City,2024-10-11
1561,Sarah Smith,31,Louisville,2021-10-05
1251,Michael Martinez,39,Phoenix,2022-11-16
7358,Nancy Martin,70,Albuquerque,2020-10-15
1453,Dorothy Lewis,52,Indianapolis,2021-01-22
9726,Jane Lee,39,Philadelphia,2023-08-05
4134,Joshua Sanchez,55,Dallas,2024-05-16
1018,Robert Garcia,26,Boston,2022-06-24
8071,Donald King,48,Philadelphia,2020-02-16
9557,Steven Johnson,47,Oklahoma City,2024-08-23
128,Paul Williams,39,Tucson,2024-08-23
7531,Dorothy Sanchez,70,New York,2025-09-10
8817,Daniel Johnson,19,Oklahoma City,2025-01-10
6089,Andrew Smith,58,Denver,2025-02-09
477,Amanda Clark,24,Houston,2024-12-02
1311,Donald Harris,38,Tucson,2021-07-23
382,Christopher King,29,Chicago,2024-01-18
6257,Robert Lopez,31,Columbus,2021-01-05
2383,Robert Sanchez,64,Mesa,2023-02-08
2702,Nancy Jackson,57,Philadelphia,2023-12-18
4683,Paul Martinez,32,Philadelphia,2020-06-20
3185,Daniel Davis,57,Washington,2020-01-18
927,Andrew Thompson,56,Tucson,2025-08-28
64,Jennifer Miller,41,San Diego,2023-02-28
3633,Jane Miller,40,Philadelphia,2024-09-22
5488,Lisa Jones,48,Nashville,2022-10-05
873,Jessica Johnson,54,Charlotte,2022-05-13
2487,Daniel Perez,25,Chicago,2022-02-18
4834,Jennifer Jackson,61,Portland,2023-04-25
7337,Nancy Williams,65,San Diego,2022-08-18
8060,Anthony Taylor,28,Boston,2023-12-13
6530,Deborah Walker,70,Baltimore,2022-07-02
3173,Andrew Wilson,70,San Jose,2024-10-17
8952,Dorothy Martinez,57,San Antonio,2021-09-20
2147,Amanda Thompson,63,Dallas,2025-08-27
650,Deborah Smith,64,Columbus,2022-12-25
8276,Deborah Thomas,19,New York,2020-01-04
95,Steven Rodriguez,29,Portland,2020-09-03
2771,Michael Jones,26,Mesa,2020-03-19
8601,Robert Jones,69,Los Angeles,2024-06-06
1555,Michael Lee,56,Louisville,2020-05-02
9853,Jane Lewis,31,Charlotte,2021-11-14
9032,Nancy Hernandez,23,Austin,2023-08-12
5722,Jane Young,42,Phoenix,2022-03-08
2973,Jessica Miller,52,Boston,2022-02-12
9436,Daniel Thomas,33,Denver,2022-02-14
4418,Emily King,30,Denver,2025-06-28
9114,Dorothy Allen,18,Washington,2025-10-15
5074,Jessica Lewis,69,Tucson,2024-02-12
9806,James Clark,64,Jacksonville,2020-11-01
1057,Michael Lee,22,New York,2024-01-04
1345,Andrew Robinson,65,Boston,2022-09-20
62,Andrew Allen,58,Albuquerque,2021-07-11
4066,Nancy Jackson,63,Milwaukee,2023-04-15
4169,Jessica Clark,69,Nashville,2020-08-05
3364,Anthony Wilson,18,Seattle,2025-05-21
7060,Ashley Jackson,20,Kansas City,2023-05-23
6789,Dorothy Brown,44,Seattle,2024-05-28
2180,Deborah Thompson,68,San Francisco,2024-01-03
6931,Joshua Clark,21,Milwaukee,2021-10-01
1333,David Williams,70,Louisville,2021-11-16
7776,Joshua Jackson,29,Oklahoma City,2022-05-23
7347,Mark Robinson,19,Portland,2022-03-22
7150,Anthony Walker,21,Jacksonville,2024-01-07
6494,Steven Gonzalez,58,Los Angeles,2025-05-09
2542,Steven Perez,58,Dallas,2023-04-05
5293,Robert Lewis,53,San Francisco,2025-02-07
8101,Matthew Robinson,18,Albuquerque,2023-11-04
9829,Paul Perez,25,Columbus,2024-01-13
1925,Nancy Robinson,19,Denver,2020-09-22
4150,Mark Young,31,Fort Worth,2023-10-19
5053,Christopher Jones,51,San Francisco,2021-07-19
