C_ID,C_NAME,AGE_YRS,LOC_CD,REG_DT
4609,Ashley Anderson,42,Fort Worth,2023-04-12
4753,James Allen,25,Denver,2021-02-09
7093,Betty Lewis,18,Mesa,2023-10-25
5571,Robert Martin,40,New York,2021-08-17
1543,Nancy Miller,36,San Francisco,2023-11-19
444,Paul Moore,45,Tucson,2020-10-17
9004,John White,18,Columbus,2022-02-06
4726,Emily Brown,56,Chicago,2024-06-09
4933,Joshua Clark,54,Houston,2022-04-07
8921,David Sanchez,36,Portland,2021-02-19
5280,Emily Robinson,63,Las Vegas,2021-11-11
6637,Sarah Ramirez,30,Tucson,2020-10-27
9395,Donald Gonzalez,66,San Diego,2020-05-03
1079,John Perez,61,San Diego,2023-11-05
1936,Anthony Johnson,55,Philadelphia,2020-10-21
7894,Amanda King,34,Boston,2025-10-01
7994,Joshua Ramirez,67,Baltimore,2022-09-22
9568,Deborah Davis,56,Las Vegas,2025-06-10
9449,James King,62,Jacksonville,2020-05-08
1311,Elizabeth White,54,Houston,2022-09-15
4270,Emily Sanchez,32,Indianapolis,2022-02-25
1530,Ashley Martin,41,Sacramento,2020-08-15
9127,Elizabeth Anderson,62,Sacramento,2023-06-24
4427,Christopher Perez,22,Baltimore,2022-08-26
5742,Michael King,42,Seattle,2023-11-03
6733,Matthew Clark,64,Chicago,2021-05-25
510,Jennifer Young,63,Milwaukee,2023-02-16
8678,Lisa Lewis,45,Albuquerque,2021-11-21
8877,Dorothy Thompson,50,Philadelphia,2021-06-24
927,Elizabeth Martin,22,Nashville,2020-01-03
3293,Mark Harris,43,Indianapolis,2021-04-12
5249,Jennifer Williams,21,San Francisco,2023-10-13
9061,Matthew Thompson,69,Dallas,2020-02-13
3236,Anthony Jackson,54,San Diego,2021-10-18
4938,Lisa Garcia,24,Las Vegas,2024-01-12
7215,Lisa Gonzalez,30,Tucson,2022-07-26
5494,Michael Johnson,32,Louisville,2024-12-06
6959,Robert King,53,Milwaukee,2021-12-22
8183,Betty King,56,Charlotte,2025-01-14
2629,Emily Harris,51,Seattle,2024-03-22
3690,Sarah Garcia,55,San Diego,2025-04-19
3160,Deborah Brown,30,Milwaukee,2023-04-08
4031,Emily Clark,20,Kansas City,2025-10-14
2199,Donald Martinez,55,Nashville,2020-09-15
7438,Sarah Davis,27,Charlotte,2020-04-06
9530,Amanda Wilson,24,Louisville,2023-12-24
9165,Emily Martin,26,Fort Worth,2025-02-16
2483,Dorothy Thompson,33,San Diego,2022-11-25
5181,Michael Martin,47,Oklahoma City,2023-06-28
7930,Elizabeth Clark,56,Phoenix,2024-04-14
1634,Michael Moore,60,San Diego,2024-10-20
9296,Mark Wilson,39,San Francisco,2020-07-27
5832,Anthony Harris,62,Chicago,2024-03-17
1187,Lisa Taylor,26,Chicago,2023-09-15
775,David Hernandez,66,Baltimore,2022-12-08
4736,Steven Rodriguez,62,Washington,2021-02-20
1853,Emily Gonzalez,46,Houston,2021-02-15
9344,Betty Anderson,45,San Antonio,2023-07-25
8700,Paul Thomas,55,Phoenix,2025-04-08
2021,Nancy Anderson,56,Chicago,2021-03-19
976,Michael Martinez,20,Philadelphia,2022-09-01
647,Anthony Ramirez,66,Nashville,2021-12-03
8783,Lisa Ramirez,42,Kansas City,2021-03-19
8224,Lisa Gonzalez,60,Oklahoma City,2021-11-08
2367,John Robinson,42,Milwaukee,2025-05-01
1984,Amanda Anderson,64,Portland,2023-01-15
5436,Christopher Robinson,26,Philadelphia,2021-06-28
9854,Nancy Anderson,56,Washington,2021-02-13
9135,Donald White,52,Chicago,2020-09-04
6039,Joshua Clark,45,Fresno,2023-12-02
6475,Paul Anderson,63,Fresno,2020-04-10
712,Daniel Sanchez,53,Indianapolis,2021-03-04
2590,Anthony Brown,45,San Jose,2024-06-19
1786,John White,54,Denver,2023-12-28
3017,Daniel White,45,Mesa,2023-02-07
