C_ID,C_NAME,AGE_YRS,LOC_CD,REG_DT
1028,John Young,23,Los Angeles,2025-01-10
8238,Paul Moore,18,Kansas City,2021-03-05
5913,Robert Sanchez,70,Dallas,2024-04-11
8641,Nancy Martinez,25,Portland,2023-09-06
7028,Paul Lopez,49,San Francisco,2020-04-02
306,Ashley Miller,30,Albuquerque,2020-08-06
9659,Deborah Garcia,20,Dallas,2021-09-07
6921,Joshua Hernandez,34,Phoenix,2025-03-12
5828,Deborah Gonzalez,26,Baltimore,2021-04-02
5785,Lisa Sanchez,40,Los Angeles,2025-02-13
7812,Anthony Jones,41,San Diego,2022-05-19
3276,Joshua Gonzalez,56,Louisville,2021-02-05
9722,Anthony Gonzalez,42,Jacksonville,2025-11-20
6447,Joshua Taylor,34,Austin,2025-05-16
7844,Dorothy Moore,58,Las Vegas,2022-04-09
8368,Jessica Davis,37,Fresno,2025-10-10
3750,Andrew Perez,44,Boston,2023-01-13
6341,Matthew Jones,25,Portland,2025-07-01
6339,Betty Moore,47,San Antonio,2024-08-02
9184,Mark Allen,48,Albuquerque,2024-02-20
8186,Matthew Jones,41,Fort Worth,2024-06-01
9909,Mark Hernandez,30,Oklahoma City,2025-05-25
3639,Lisa Young,28,Philadelphia,2020-07-14
5180,Dorothy Anderson,31,Boston,2025-01-08
3758,Lisa Clark,49,Charlotte,2021-08-17
7039,Jennifer Sanchez,36,Charlotte,2022-06-08
5847,Joshua White,56,New York,2023-10-16
5812,Daniel Martin,63,San Jose,2024-06-07
5819,Donald Taylor,69,Nashville,2021-09-02
2160,Karen Perez,45,Phoenix,2022-12-20
5750,Jessica Robinson,53,Baltimore,2022-08-19
6858,Deborah Rodriguez,26,Kansas City,2024-02-28
3104,Matthew Thomas,43,Chicago,2021-01-18
2580,Matthew Davis,59,Austin,2022-12-22
8894,Andrew Brown,30,Dallas,2022-06-01
7415,Amanda Perez,69,Boston,2021-11-14
2519,Andrew Taylor,63,Tucson,2020-03-11
1809,Paul Wilson,51,Albuquerque,2022-04-27
3983,Jennifer Lewis,28,Oklahoma City,2020-10-13
4450,Dorothy Anderson,18,New York,2024-08-13
8671,Ashley Robinson,32,Albuquerque,2021-12-05
7959,Nancy Gonzalez,46,Denver,2020-12-07
3218,Lisa Brown,18,Houston,2025-02-24
8758,Daniel Martinez,62,Baltimore,2023-07-11
4973,Steven Clark,22,Portland,2024-09-12
2912,Christopher Jones,36,Charlotte,2022-12-06
9797,Steven Hernandez,29,Indianapolis,2022-01-26
1281,Donald Hernandez,30,San Francisco,2022-12-19
8412,James Allen,64,Sacramento,2024-08-21
2475,John Robinson,24,Los Angeles,2021-03-28
2558,Anthony Ramirez,49,Tucson,2025-11-06
6360,John Gonzalez,32,San Jose,2024-05-13
740,Michael Jones,68,Los Angeles,2023-10-16
1726,James Robinson,66,Las Vegas,2023-08-02
4375,Andrew Walker,27,Dallas,2022-07-03
7385,James Young,36,Seattle,2024-08-18
6657,Lisa King,68,Indianapolis,2022-05-02
7567,Betty Hernandez,32,Kansas City,2020-09-27
2373,Michael Allen,38,Albuquerque,2024-10-25
7918,Lisa Anderson,19,Columbus,2025-10-01
4216,Mark Allen,65,Washington,2020-01-13
6096,Steven Lewis,42,Fresno,2022-10-05
7305,John Lopez,32,Milwaukee,2023-12-06
1503,Andrew Martinez,57,Oklahoma City,2023-09-22
2922,Amanda Lopez,67,Indianapolis,2021-08-02
5035,Emily Thompson,69,Seattle,2023-04-15
8660,Steven Smith,38,Mesa,2022-02-25
4966,Joshua Lewis,55,San Jose,2021-08-21
2761,Lisa Martin,58,Indianapolis,2023-03-06
4225,Donald Harris,34,Las Vegas,2025-09-16
8254,Emily Smith,66,Albuquerque,2024-06-20
1952,John Clark,58,Dallas,2024-12-10
7192,Dorothy Williams,59,San Diego,2023-03-04
8729,Andrew Smith,54,Sacramento,2023-07-19
5922,Jessica Brown,21,New York,2023-03-15
