C_ID,C_NAME,AGE_YRS,LOC_CD,REG_DT
5277,Matthew Walker,63,Milwaukee,2024-02-07
5844,Robert Lopez,31,Mesa,2022-03-03
804,Lisa Jones,68,Sacramento,2022-05-04
5800,Anthony Taylor,47,Phoenix,2025-10-02
2354,Karen Anderson,61,Kansas City,2023-07-09
2918,Joshua Williams,41,San Diego,2023-06-23
1431,Emily Smith,31,Washington,2021-08-20
5950,Sarah Moore,23,Nashville,2025-02-10
3850,Anthony King,43,Louisville,2022-02-27
1957,Joshua Thomas,51,Seattle,2020-01-20
1346,James Lewis,22,Charlotte,2021-06-27
8914,Anthony Williams,35,San Diego,2022-02-27
977,Daniel Young,43,Denver,2021-11-16
1285,John Wilson,50,Tucson,2025-12-27
4368,James Thompson,56,Louisville,2024-12-02
2398,Michael Young,31,Indianapolis,2023-06-24
3662,Jennifer Walker,65,Milwaukee,2025-06-25
5161,Lisa Allen,20,Mesa,2020-08-03
8935,Lisa Jones,66,Kansas City,2023-06-12
5619,Ashley Robinson,36,Las Vegas,2024-11-25
8146,Ashley Harris,37,Fort Worth,2023-11-27
6764,John Lewis,28,San Francisco,2025-04-19
5217,Nancy Garcia,56,Louisville,2022-07-01
610,Amanda Jackson,69,Denver,2023-03-23
4132,Sarah Robinson,60,Jacksonville,2022-01-16
1825,Karen Gonzalez,64,Portland,2023-05-27
6534,Karen Gonzalez,58,Los Angeles,2024-08-26
5274,Lisa Ramirez,54,Nashville,2025-04-14
1807,Donald Johnson,27,Charlotte,2023-01-10
3534,Mark Gonzalez,31,Jacksonville,2021-10-17
3843,Steven Young,41,Houston,2025-03-08
7603,Mark Clark,36,San Francisco,2024-04-10
3112,Amanda Lewis,48,New York,2024-07-15
165,Nancy Martinez,37,Columbus,2025-06-03
8758,Sarah Williams,63,Sacramento,2022-09-14
8197,Sarah Martin,55,San Diego,2021-04-24
665,Matthew Martinez,42,Kansas City,2025-03-28
8106,John Garcia,59,Kansas City,2024-05-03
8807,Ashley Gonzalez,54,San Jose,2020-05-04
9026,Mark Wilson,41,Sacramento,2020-03-21
2639,Steven Taylor,59,Washington,2025-11-08
1139,Mark King,62,Oklahoma City,2022-05-17
4456,John Davis,70,Milwaukee,2024-02-25
4468,David Lee,57,Albuquerque,2024-09-10
7001,Robert Jackson,40,San Diego,2021-06-13
3101,Lisa Miller,64,Phoenix,2024-08-13
420,John Allen,27,Philadelphia,2021-05-07
6413,Nancy Robinson,59,Los Angeles,2021-01-07
1134,Steven Johnson,18,Las Vegas,2022-07-03
9546,Jennifer Martinez,44,Louisville,2020-04-11
1631,Jane Williams,55,San Jose,2022-10-10
2225,Ashley Anderson,24,Charlotte,2024-08-20
7336,Steven Jones,67,Las Vegas,2021-04-16
1433,Jennifer Allen,62,Chicago,2021-04-10
5988,Christopher Young,36,Sacramento,2025-03-20
3227,Robert Brown,63,Milwaukee,2023-03-10
8286,David Davis,60,Jacksonville,2023-12-12
5778,Betty Rodriguez,50,Fort Worth,2020-07-22
7802,Sarah Martin,39,San Francisco,2024-11-14
8006,Steven Thomas,40,San Francisco,2024-04-04
2034,Amanda Young,39,Jacksonville,2024-04-24
4990,Joshua Johnson,63,Seattle,2025-02-24
704,Paul Gonzalez,22,Philadelphia,2021-04-14
3492,Joshua Lopez,29,Nashville,2020-12-06
9913,Betty Thomas,60,Las Vegas,2024-03-05
4228,Michael Young,37,Oklahoma City,2022-05-09
4147,Robert Wilson,33,Charlotte,2023-10-13
4358,Elizabeth White,27,Baltimore,2022-05-05
2859,Anthony Brown,49,Las Vegas,2024-06-14
3877,Lisa Martinez,57,Louisville,2022-09-11
4165,Betty Davis,23,San Jose,2020-07-19
2443,Jennifer Martin,40,Austin,2025-08-05
5753,Ashley Garcia,43,Nashville,2022-10-19
1,Michael Allen,43,Jacksonville,2024-12-13
4723,Daniel Smith,64,Indianapolis,2022-04-19
