EMP_ID,EMP_NM,DEPT_CD,SAL_AMT
464,Amanda White,Legal,54406
802,Lisa Martinez,HR,59167
4247,Robert Robinson,HR,149985
9979,Robert Hernandez,Legal,122650
5723,Sarah Smith,Sales,45476
793,Donald Anderson,Sales,65540
2240,Matthew Ramirez,Finance,50982
4997,Paul White,IT,88425
5340,Daniel Martinez,Marketing,120606
458,Anthony Thompson,HR,94796
5265,Karen Johnson,Sales,102091
4421,Jessica Harris,Engineering,144235
5656,Dorothy Perez,HR,96535
4053,Robert Rodriguez,Finance,59323
6860,Donald Allen,HR,52327
2919,Lisa Thompson,Engineering,100109
1983,Jane King,HR,71655
9354,Anthony Walker,Engineering,65939
9080,David Moore,Marketing,33272
1609,Amanda Lopez,Marketing,37616
933,Anthony Hernandez,Legal,113790
8585,Michael Davis,Sales,111618
9966,David White,Customer Service,111463
7728,Amanda Perez,IT,97633
8092,Emily King,IT,125976
5739,Jennifer Williams,IT,52560
9568,Christopher Sanchez,IT,75495
6428,Lisa Thompson,Legal,119883
9635,Jessica Williams,Legal,41817
7907,Michael Anderson,Operations,43238
4550,Emily Taylor,IT,133039
5692,Emily Davis,Customer Service,139897
5145,Christopher Lewis,Engineering,71617
8736,Robert King,Operations,43638
9678,Amanda Lee,Research,39632
3916,Sarah Garcia,HR,131863
2231,Jessica Brown,Legal,91927
1183,Steven King,Legal,105725
9024,David Davis,Engineering,125223
3130,Karen White,Sales,32999
2501,Lisa Wilson,Operations,116044
4324,Dorothy Jackson,Finance,78286
227,Amanda Wilson,Sales,98281
1524,Donald Allen,Engineering,102244
6567,Mark Thompson,Sales,97786
3222,James Walker,Legal,131479
8214,Daniel White,HR,148624
1607,Joshua Young,IT,131354
1373,Ashley Wilson,Legal,142410
7166,Lisa Robinson,IT,102686
7653,Andrew Hernandez,IT,71578
3226,Daniel Walker,HR,91048
2781,Sarah Young,IT,94116
1588,Ashley Rodriguez,Customer Service,41630
7150,Emily Gonzalez,Engineering,78113
3730,Andrew Smith,IT,85578
527,Jessica Perez,IT,95335
4503,Paul Davis,Marketing,33961
7034,Robert Johnson,Research,98602
9323,Deborah King,Legal,58147
260,Betty Young,Legal,149483
5635,Amanda White,Marketing,81613
334,Sarah Sanchez,Legal,80647
9819,Dorothy White,Operations,99943
7986,Robert Perez,Sales,96641
6639,Joshua Young,Sales,91874
2644,Sarah Lewis,Customer Service,72197
1571,Nancy Allen,Finance,132165
1584,Deborah Anderson,Engineering,74889
9542,Robert Thompson,IT,98778
3399,Matthew Miller,Sales,143967
3602,Lisa Sanchez,Finance,51921
5784,Christopher Williams,Research,47768
8422,Jessica Smith,IT,139755
4436,Deborah Wilson,Finance,45424
7421,Amanda Allen,Research,81419
9894,Mark Walker,Legal,117566
6396,Mark Allen,Legal,142837
6981,Amanda Sanchez,Engineering,66967
2648,Matthew Lewis,Marketing,110157
6963,Jennifer Lee,Engineering,67912
7276,Mark Taylor,Legal,117128
501,David Miller,Finance,134787
1274,Betty Jones,Marketing,134133
3742,Ashley Gonzalez,Engineering,124964
6580,Lisa Lewis,Customer Service,125609
6119,Paul Smith,Marketing,50208
2535,Amanda Gonzalez,Finance,97311
4357,John Garcia,Engineering,34867
9483,Ashley Taylor,Legal,61840
9880,Karen Anderson,Legal,93605
2209,John Garcia,Legal,120031
3494,Mark Davis,IT,123541
5546,Jessica Jackson,Customer Service,100857
7248,Christopher Clark,Operations,30302
1081,John Miller,HR,72393
5326,Joshua Anderson,IT,95814
777,Andrew King,HR,56022
6514,Emily King,Research,100311
596,Emily Moore,Operations,123578
