C_ID,C_NAME,AGE_YRS,LOC_CD,REG_DT
2580,Elizabeth Wilson,70,Columbus,2024-06-15
6417,Matthew Johnson,53,Columbus,2021-04-07
3457,Betty Clark,65,Philadelphia,2020-03-11
3745,Betty Allen,57,San Antonio,2020-12-16
2830,Lisa Martin,19,Baltimore,2023-01-08
2467,Paul Lopez,42,Washington,2022-11-24
7796,Sarah Garcia,45,Philadelphia,2023-06-21
748,Nancy Brown,70,Seattle,2024-02-20
4824,Nancy Smith,26,San Diego,2025-07-25
9026,Michael Young,36,Charlotte,2022-12-08
1342,Paul Martinez,35,Sacramento,2021-04-15
6539,Emily White,47,Portland,2023-12-14
8848,Robert Rodriguez,28,Boston,2025-12-23
6541,Jane Lee,30,Chicago,2020-04-26
5507,Jane Ramirez,24,Kansas City,2022-06-11
7624,Betty Williams,32,Fresno,2021-12-09
2226,Jane King,24,Austin,2020-07-07
1338,Betty Davis,28,Mesa,2023-10-28
8846,John Taylor,51,Philadelphia,2025-02-28
7527,Sarah Jones,19,Tucson,2020-07-06
4260,Robert Gonzalez,21,Oklahoma City,2024-11-11
1096,Jane Johnson,66,Tucson,2022-01-01
641,Karen Martinez,21,Los Angeles,2023-12-25
6332,Joshua Lewis,21,Washington,2025-11-01
4091,Andrew Rodriguez,21,Fresno,2022-12-06
500,Paul Rodriguez,27,Tucson,2023-06-24
2121,Deborah Williams,47,Fresno,2022-08-20
6513,Betty Thomas,18,Charlotte,2024-08-26
1398,Michael Taylor,55,San Antonio,2021-10-09
9174,Christopher Hernandez,45,Los Angeles,2023-05-01
5480,Betty Miller,65,New York,2021-01-22
9473,Christopher King,47,Seattle,2020-05-25
7131,Paul Robinson,27,Indianapolis,2020-01-27
7635,Jane Smith,55,Boston,2021-10-22
5399,Deborah Jones,53,Charlotte,2025-05-06
3225,Andrew Hernandez,51,Philadelphia,2020-08-10
9128,Paul Clark,62,Charlotte,2020-03-13
9361,Robert Lopez,40,Las Vegas,2023-09-10
5699,Steven Perez,26,Louisville,2025-09-07
9218,Jane Smith,31,Washington,2020-02-13
5394,Amanda Lee,66,Mesa,2023-07-05
246,Elizabeth Lopez,39,Milwaukee,2021-02-27
3362,Amanda Lewis,30,Las Vegas,2023-10-01
4471,Christopher Robinson,43,Milwaukee,2022-07-03
659,Ashley Thomas,63,Portland,2021-05-02
4585,Michael Taylor,60,San Francisco,2021-01-06
9986,Christopher Wilson,44,Denver,2024-03-27
7101,Karen Harris,60,Las Vegas,2024-04-18
4806,Emily Hernandez,65,Mesa,2025-08-23
8383,Emily Hernandez,44,Seattle,2025-12-28
5462,Robert Jones,51,San Antonio,2025-12-07
6945,Nancy Sanchez,60,Baltimore,2023-08-02
7635,Lisa Perez,37,Tucson,2020-05-21
8944,Betty White,48,Fresno,2021-01-27
3046,David Harris,25,Phoenix,2020-11-10
3904,Paul Moore,43,Oklahoma City,2023-02-09
1061,Mark Moore,33,Dallas,2024-11-23
2916,Daniel Jackson,28,Washington,2021-09-18
8013,Andrew Jones,60,Boston,2023-09-13
8665,James Jackson,64,Sacramento,2024-11-22
3202,Steven Gonzalez,33,Nashville,2020-01-20
7754,Nancy Martin,47,Fort Worth,2023-04-03
4902,David Wilson,57,Austin,2024-09-15
8687,Karen Lee,37,San Francisco,2023-05-03
2723,Anthony Gonzalez,64,Tucson,2021-01-25
4930,James Johnson,33,Fort Worth,2020-11-22
4699,Jessica Anderson,26,Tucson,2022-03-21
780,Dorothy Allen,53,Washington,2022-11-13
7348,Michael Jones,52,Kansas City,2021-05-14
4688,Nancy Thompson,33,Philadelphia,2022-10-17
3875,James Anderson,29,Fresno,2022-11-14
8167,Steven Taylor,31,Fresno,2020-11-27
3433,Michael Brown,63,Nashville,2021-05-25
5611,Karen Perez,20,Dallas,2024-03-04
8178,Mark Miller,53,Phoenix,2024-09-11
