C_ID,C_NAME,AGE_YRS,LOC_CD,REG_DT
921,Emily Rodriguez,43,San Diego,2020-10-08
3188,John Anderson,69,Portland,2024-07-22
6811,Anthony Gonzalez,34,Milwaukee,2020-05-18
1647,Amanda Clark,43,Tucson,2025-01-18
3779,Nancy Thompson,29,San Antonio,2023-06-22
8990,Dorothy Smith,69,Jacksonville,2020-06-26
471,Lisa Lee,60,Los Angeles,2025-01-06
8298,Dorothy Smith,23,San Francisco,2022-03-03
2278,Elizabeth Williams,59,Philadelphia,2020-05-25
3640,Daniel Jackson,63,Boston,2025-06-08
4812,Betty Davis,53,San Diego,2022-05-13
1055,Sarah Martinez,62,Chicago,2024-06-01
1321,Nancy Gonzalez,35,Denver,2023-12-09
6495,Matthew Thomas,20,San Antonio,2023-01-22
1988,Anthony Moore,18,San Antonio,2023-08-09
5297,Karen Wilson,46,Indianapolis,2020-08-14
5773,Emily Lewis,66,Los Angeles,2023-02-13
8646,Emily Jackson,37,Seattle,2021-08-02
8247,David Rodriguez,38,Austin,2025-06-26
7000,Joshua Perez,47,Dallas,2022-11-06
5057,Anthony King,32,Dallas,2021-12-01
4253,Mark Lee,46,Columbus,2025-05-24
7944,Mark Ramirez,47,Chicago,2020-12-20
2939,Deborah Thompson,68,San Jose,2020-02-13
7384,John Walker,62,Albuquerque,2023-12-01
6802,James Harris,35,New York,2025-02-02
992,Andrew Davis,65,San Jose,2025-10-06
9843,Nancy Perez,40,Phoenix,2020-09-02
4971,Jane Lopez,36,Las Vegas,2021-03-13
8034,Paul Young,41,Louisville,2025-09-04
6733,Jessica Perez,63,Louisville,2025-03-24
1453,Anthony Allen,46,Fort Worth,2023-11-16
3466,John Perez,27,Indianapolis,2024-07-06
4259,Joshua Lewis,49,Austin,2025-06-01
4610,Steven Jackson,63,Kansas City,2022-07-28
6119,Ashley Lewis,52,Kansas City,2020-12-26
9728,Michael King,64,Dallas,2024-05-20
6408,Paul Davis,49,Washington,2021-11-06
1017,Karen Thompson,27,Oklahoma City,2023-07-23
2713,Dorothy Clark,56,Las Vegas,2020-10-22
408,Jane King,70,Chicago,2020-05-10
9176,Paul Thomas,22,Austin,2022-12-18
6214,Anthony White,55,Chicago,2020-06-25
287,Michael Martinez,25,San Diego,2024-04-08
5915,Deborah Thompson,68,Philadelphia,2021-03-28
3359,James Taylor,47,Charlotte,2021-10-09
8681,Jennifer Hernandez,24,Columbus,2022-02-10
2454,Lisa Moore,28,Las Vegas,2025-01-22
7949,Betty Johnson,27,Las Vegas,2025-02-05
4158,Betty Robinson,51,Las Vegas,2020-03-14
7362,Joshua Perez,18,Los Angeles,2023-08-12
8171,Andrew Lopez,26,Jacksonville,2020-04-20
8524,Betty Clark,59,Albuquerque,2020-03-02
7507,Daniel Hernandez,61,Albuquerque,2025-07-09
7836,Michael Allen,70,San Antonio,2025-01-06
3849,Jessica Brown,30,Charlotte,2020-12-12
5602,Nancy Williams,23,Los Angeles,2025-05-01
9421,Steven King,54,Portland,2022-10-12
9080,Robert Lopez,60,Indianapolis,2025-08-28
6217,Amanda Ramirez,61,Tucson,2020-12-23
9178,Lisa Jackson,69,Tucson,2020-07-20
9671,Lisa Allen,27,Phoenix,2025-05-26
9797,Steven White,26,Portland,2024-04-23
4824,Ashley Walker,24,Phoenix,2022-02-13
7240,Lisa Clark,22,Houston,2024-04-12
1424,Emily Lopez,35,New York,2025-06-14
6979,Jane Young,45,Baltimore,2020-03-04
7423,John Taylor,28,Louisville,2022-09-01
8109,Lisa Wilson,63,San Diego,2020-04-19
8990,Nancy Johnson,29,Denver,2020-05-02
9611,Karen Martin,58,Washington,2024-10-14
1017,John Young,70,Milwaukee,2022-02-28
2020,Joshua Miller,53,Baltimore,2025-05-21
427,Jessica Thomas,42,Seattle,2025-02-24
8556,John Ramirez,33,Los Angeles,2023-11-10
