C_ID,C_NAME,AGE_YRS,LOC_CD,REG_DT
1247,Lisa Clark,63,Chicago,2024-11-01
8390,Michael Moore,49,San Antonio,2022-09-20
4993,Jane Martinez,23,Tucson,2025-09-03
452,Anthony Brown,46,Chicago,2020-08-15
7041,Amanda Thomas,19,Oklahoma City,2025-03-26
2694,Emily Thomas,58,Albuquerque,2025-10-26
3497,Donald Hernandez,43,Jacksonville,2021-06-09
4574,Emily Harris,20,Chicago,2024-07-21
9195,Betty Allen,27,Oklahoma City,2022-07-21
4877,James Young,27,Denver,2020-05-10
6870,Ashley Young,29,Albuquerque,2020-07-09
8652,Steven Martinez,61,Los Angeles,2020-04-04
8249,Deborah Thompson,42,Baltimore,2023-11-03
28,Jane Gonzalez,53,Kansas City,2020-12-20
7379,Emily Johnson,47,San Diego,2020-06-16
9527,James Moore,26,San Jose,2022-02-24
2520,Dorothy Ramirez,42,Tucson,2025-07-19
7198,Karen Moore,24,Kansas City,2023-08-07
8292,James White,46,Fort Worth,2025-05-27
4571,Sarah Anderson,50,Dallas,2024-01-14
8807,Lisa Davis,23,Dallas,2023-04-13
7607,Christopher Young,42,Louisville,2024-10-28
7397,Amanda Smith,18,Fort Worth,2024-11-02
6194,Donald Thomas,46,Fort Worth,2021-02-10
5797,David Jackson,69,Boston,2025-09-06
5731,Paul Miller,38,San Francisco,2021-10-13
8627,Daniel Williams,26,New York,2023-11-20
9720,Lisa Jones,20,Dallas,2022-02-10
5523,Karen Lopez,60,Fort Worth,2025-04-19
7859,James King,48,Sacramento,2023-11-22
9631,Michael Lee,21,Los Angeles,2025-12-12
2268,Andrew Allen,68,San Francisco,2025-11-08
9360,Betty Walker,37,Kansas City,2020-03-13
6593,Sarah Clark,51,Oklahoma City,2020-06-08
5745,James Davis,47,San Diego,2023-06-22
6733,Jennifer Jackson,39,Fort Worth,2020-07-03
73,Jane Rodriguez,25,Albuquerque,2024-01-20
7301,Joshua White,52,Los Angeles,2021-10-15
1080,Ashley White,41,Portland,2024-12-12
3001,Joshua Jackson,27,Mesa,2022-03-13
3460,John King,24,Indianapolis,2025-01-28
2280,Matthew Thomas,21,Houston,2021-06-26
9950,Donald Lopez,28,Fresno,2025-11-01
6743,Elizabeth Ramirez,43,Seattle,2024-01-10
5730,Dorothy Clark,67,Albuquerque,2021-08-13
7590,Betty Walker,35,Milwaukee,2025-04-26
6728,Nancy Thomas,19,Indianapolis,2023-02-11
1359,Jessica Wilson,62,Denver,2025-01-09
9157,David Johnson,67,Boston,2022-11-16
3227,Christopher Martinez,41,Indianapolis,2024-11-15
4730,Anthony Jackson,28,Phoenix,2020-04-08
8243,John Walker,59,New York,2023-01-06
4887,James Robinson,31,Milwaukee,2021-03-25
4396,Karen Lee,56,Denver,2022-07-24
4026,Amanda Wilson,45,San Francisco,2024-05-03
8719,Mark Rodriguez,67,San Francisco,2024-07-01
6774,Nancy Davis,69,San Jose,2025-10-23
8680,Steven Allen,51,Charlotte,2020-01-20
6080,Jane Sanchez,48,Charlotte,2021-02-05
9091,Karen Johnson,47,Louisville,2023-01-10
9886,Joshua Davis,39,San Antonio,2025-07-19
9983,John Young,44,Austin,2020-05-20
9174,Sarah White,37,San Jose,2022-10-28
3419,Joshua Johnson,46,Milwaukee,2021-01-23
4913,Christopher Martin,38,Louisville,2023-12-09
310,David Garcia,32,Indianapolis,2022-03-16
8093,Dorothy Hernandez,33,Fresno,2022-02-27
1867,Joshua Moore,65,Columbus,2021-06-18
5921,Steven King,24,Houston,2025-01-14
9734,Nancy Perez,23,San Diego,2022-08-10
4066,Lisa Thompson,59,San Antonio,2022-02-03
9291,Deborah Ramirez,67,Dallas,2021-05-10
6813,John Sanchez,18,Nashville,2024-10-06
489,Lisa Miller,25,Boston,2020-04-23
8478,Matthew Brown,48,Baltimore,2022-07-25
