C_ID,C_NAME,AGE_YRS,LOC_CD,REG_DT
561,Anthony Gonzalez,19,Charlotte,2021-11-02
6869,Emily Martin,62,Indianapolis,2020-03-10
1988,Emily Perez,49,Louisville,2025-02-10
3095,Anthony King,29,Fresno,2023-04-06
222,Dorothy Perez,59,Milwaukee,2022-11-19
5036,Daniel Jackson,44,Washington,2025-06-14
1455,Robert Ramirez,58,Indianapolis,2022-08-03
5354,Andrew Clark,38,Austin,2024-12-06
3682,Deborah Johnson,29,Houston,2023-04-01
1345,Ashley White,51,Portland,2022-05-13
4380,Daniel Young,36,Seattle,2020-07-03
851,Nancy Martin,40,Dallas,2023-10-24
9877,Ashley Gonzalez,24,Philadelphia,2025-08-21
2343,Sarah Walker,67,San Francisco,2022-03-08
4753,James Ramirez,66,Indianapolis,2021-07-24
9187,Paul White,68,Philadelphia,2022-05-10
3946,Karen Gonzalez,47,Austin,2024-06-08
6781,Dorothy Lopez,55,San Antonio,2025-04-19
1810,Daniel Martinez,51,Nashville,2021-05-24
3897,David King,53,Jacksonville,2022-10-20
7829,Andrew Allen,24,Denver,2021-05-25
7240,Anthony Allen,41,Chicago,2022-10-01
7359,Daniel Lee,58,Columbus,2022-04-04
5779,Karen Garcia,18,San Jose,2022-04-08
4316,Emily Allen,67,Albuquerque,2025-12-04
3854,David Walker,42,Chicago,2022-03-10
5426,Paul Miller,60,Chicago,2022-03-01
3580,John Taylor,70,Columbus,2021-04-25
2407,Paul Martin,67,Albuquerque,2020-11-22
7235,Amanda Walker,37,Chicago,2022-10-06
6914,Andrew Thompson,61,San Diego,2020-06-09
2741,James Thomas,29,Washington,2021-12-27
7835,Deborah Moore,44,Houston,2020-08-28
3818,Joshua Jackson,51,Oklahoma City,2022-01-25
6177,Andrew Hernandez,54,Chicago,2021-03-02
9855,Daniel Smith,61,Denver,2023-08-03
9160,Robert King,48,Phoenix,2022-06-28
165,Matthew Allen,66,Baltimore,2020-04-09
3752,Ashley Jones,41,Boston,2025-01-16
685,Ashley Gonzalez,26,Boston,2024-07-26
2132,Elizabeth Clark,30,Kansas City,2024-02-10
321,Jane Sanchez,70,Sacramento,2021-05-16
5267,John Anderson,18,Mesa,2025-12-09
981,Deborah Johnson,56,Albuquerque,2020-07-05
7664,Lisa Thomas,39,San Jose,2025-03-02
8826,Anthony Anderson,34,Indianapolis,2024-01-04
8765,Dorothy White,21,Austin,2020-05-19
1881,Nancy Perez,57,Fort Worth,2021-09-03
4091,Donald Sanchez,62,New York,2023-09-07
8589,Betty Williams,63,Washington,2025-09-05
708,Mark King,63,Milwaukee,2020-05-03
2593,Steven Rodriguez,24,Denver,2021-05-02
7235,Lisa Johnson,44,San Jose,2022-06-16
1641,Jennifer King,52,San Antonio,2021-08-11
3254,Anthony Martinez,69,Seattle,2024-08-28
2910,Ashley Brown,29,San Antonio,2025-07-10
7802,Ashley Garcia,39,Oklahoma City,2024-07-13
5993,Andrew White,21,Indianapolis,2022-12-11
8515,Joshua Taylor,49,Albuquerque,2023-04-14
8133,Ashley Garcia,69,Baltimore,2023-11-23
758,Amanda Young,53,Boston,2024-04-14
6664,Christopher King,51,Philadelphia,2024-05-02
838,David Sanchez,68,Dallas,2023-01-23
6569,Deborah White,20,Las Vegas,2023-05-21
2578,Deborah Garcia,19,Portland,2020-01-17
8292,Karen Brown,39,Jacksonville,2024-08-16
6999,Donald Davis,23,Dallas,2025-10-14
6066,Lisa Lewis,68,Louisville,2025-06-15
3195,Paul Harris,39,Nashville,2025-12-03
3856,James Garcia,28,San Diego,2023-01-09
4269,Michael Gonzalez,27,Kansas City,2023-01-11
3245,Christopher Sanchez,57,Austin,2023-02-14
5020,Matthew Hernandez,26,Portland,2024-03-19
6036,Donald Anderson,29,Houston,2022-05-10
2909,Lisa Clark,38,Chicago,2024-05-01
