EMP_ID,EMP_NM,DEPT_CD,SAL_AMT
1215,Daniel Johnson,IT,69812
52,Donald Williams,HR,36968
9919,Elizabeth Moore,HR,104967
2693,Ashley Garcia,Sales,123515
8510,Anthony Lopez,HR,130027
2736,Andrew Hernandez,HR,135969
2801,Christopher Perez,Finance,104741
5727,Ashley Hernandez,Sales,123236
3290,James Lee,Finance,91606
434,Betty Anderson,Sales,37922
6148,Karen Moore,Research,112579
1118,Jennifer Rodriguez,Legal,113979
7783,Amanda Brown,Customer Service,120348
4992,Paul Hernandez,Research,54217
6685,Elizabeth White,Operations,56945
974,Betty Williams,Sales,55013
2516,John Gonzalez,Marketing,54475
5721,James Robinson,IT,58745
1001,Christopher Johnson,Legal,132142
8038,James Moore,HR,53904
379,Betty Wilson,Legal,95572
7870,Lisa Young,Sales,71968
1275,Ashley Garcia,Customer Service,47114
3264,Joshua Perez,Research,137648
4211,Betty Allen,IT,98558
5589,Ashley White,Marketing,132594
5094,Lisa Martin,Engineering,94618
9048,Karen Thomas,Marketing,101843
1731,Christopher Wilson,Finance,71366
606,Sarah Lopez,HR,70604
8915,Amanda Smith,Engineering,31259
685,John Thompson,IT,53161
5458,Robert Smith,Customer Service,46717
7176,Anthony Miller,HR,139253
2860,Daniel Garcia,Research,71982
736,Jessica King,Research,65703
6014,Nancy Lewis,Engineering,104131
2081,Andrew Anderson,Research,103223
3782,David Young,IT,50514
2456,Dorothy Taylor,Legal,147783
7794,Lisa Williams,Marketing,113183
3865,Jane Johnson,HR,87345
7546,Steven Davis,Finance,56962
4906,David Thompson,Sales,94730
5674,Paul Williams,Operations,132394
2134,Michael Thompson,Legal,148648
8927,Jessica Lee,IT,89267
4464,Karen Anderson,Marketing,45654
4622,Joshua Robinson,Marketing,134268
4520,Amanda Jones,Operations,118064
2932,Jennifer Garcia,Engineering,140261
1700,Jennifer Rodriguez,HR,118921
8343,Paul Rodriguez,Legal,127550
2358,Lisa Jackson,Operations,148960
4786,Matthew Harris,IT,148094
7815,Nancy Jackson,HR,60143
7491,Anthony Allen,HR,41013
2130,James Lee,Customer Service,131102
4739,Michael Brown,Finance,63040
7481,Steven Lopez,Operations,43525
4793,Andrew Wilson,HR,52693
4138,John Jones,Legal,122133
3887,Donald Ramirez,Sales,69943
9988,Amanda Taylor,Finance,66687
8123,Steven Allen,Sales,62378
1073,Lisa Lee,Customer Service,35898
4249,Elizabeth Thompson,Legal,75422
6679,Matthew Perez,Engineering,122375
9769,Deborah Lopez,Marketing,117741
6520,David Thompson,Marketing,50895
1602,Sarah Jones,Engineering,137132
5936,Donald Williams,IT,148939
9835,Betty Johnson,Customer Service,48640
985,Michael Allen,Customer Service,83810
8896,Nancy Ramirez,Legal,145155
5612,John Wilson,Customer Service,134847
9684,Paul Williams,Engineering,101968
4953,Christopher Perez,Sales,115325
4085,Betty Brown,Operations,58188
1837,Mark Wilson,Research,83101
4160,Ashley Thomas,Finance,42085
7913,Nancy Moore,HR,67767
2513,Anthony Brown,Sales,113726
5803,Christopher Martinez,HR,36777
3713,Andrew Lee,Customer Service,34039
6958,Andrew Brown,Legal,97027
1300,Matthew Lewis,IT,64335
4909,Ashley Allen,Research,95669
6957,Jane Sanchez,Marketing,103363
4481,Nancy Ramirez,Sales,122255
7810,Jessica Harris,Finance,94661
6705,Amanda Ramirez,Research,113463
6686,Lisa Anderson,HR,43425
8927,Jennifer Clark,Finance,103906
335,Christopher Lee,Sales,66615
3542,Karen Anderson,Engineering,122458
2838,Dorothy Garcia,HR,104471
6691,Andrew Jones,HR,135494
6006,David Williams,Customer Service,105043
636,Andrew Sanchez,Legal,54935
