EMP_ID,EMP_NM,DEPT_CD,SAL_AMT
7941,Deborah Martinez,Customer Service,142598
8136,Matthew Harris,Finance,86539
9856,Joshua Taylor,IT,62700
2997,Paul Smith,Customer Service,64524
630,Betty Anderson,Research,45925
3450,Dorothy Sanchez,Engineering,94540
1047,Lisa Clark,Finance,80933
8306,Steven Jones,Customer Service,95208
1531,Steven Clark,Finance,58979
8426,Christopher Jackson,Research,35420
8472,Lisa Young,Finance,47571
3478,Daniel Harris,Sales,40359
1465,Emily Jackson,Operations,37201
7670,Paul Clark,Legal,91900
3316,Sarah Hernandez,Legal,77284
854,John Jones,Customer Service,148745
2563,Jane Allen,Finance,148870
9235,James Johnson,Marketing,69907
1610,Donald Hernandez,Marketing,94994
9255,Jessica Taylor,Sales,65250
7500,John Robinson,Operations,48165
2069,Karen Brown,IT,79928
7575,Lisa King,IT,60245
945,Steven Thomas,Finance,130225
8461,Sarah Sanchez,Sales,116298
2070,Joshua Lewis,Marketing,100203
1465,Joshua Smith,HR,36710
8217,Lisa Ramirez,Customer Service,61645
609,Daniel Williams,Legal,81191
1227,Betty Gonzalez,Marketing,132350
4280,Jane Thomas,Customer Service,83828
4034,Sarah Young,Finance,58856
4617,John Anderson,Customer Service,58728
7558,Betty Thompson,Engineering,90841
1036,Robert Sanchez,Finance,133401
4090,Sarah Jones,HR,56003
7283,Joshua Martin,Research,76400
5949,Jennifer Davis,IT,74491
327,Steven Lee,Operations,116638
9697,Nancy Williams,Sales,56024
9734,Michael Brown,HR,58993
3901,Mark Miller,Research,115929
3282,Paul Johnson,Engineering,74607
2840,Matthew Thompson,Customer Service,129062
836,Jennifer Martin,Sales,96038
4448,Sarah Ramirez,Research,69553
538,David King,HR,113355
4080,David Brown,Customer Service,113285
2104,Matthew Moore,Legal,89344
6570,Emily Martin,Engineering,103329
1095,Christopher Walker,HR,32781
6024,James Gonzalez,Sales,60159
5646,Michael Ramirez,Customer Service,127794
9871,Jessica Miller,Engineering,115358
9264,Ashley Robinson,Marketing,132862
5784,Donald Harris,Finance,94667
7659,Emily Hernandez,Marketing,126231
1508,Jane Lopez,Research,142140
4636,Andrew Robinson,Research,122011
2501,Elizabeth Thompson,Engineering,32317
7959,Karen Gonzalez,Customer Service,53343
5014,Lisa Sanchez,Customer Service,118021
2498,Nancy Johnson,Marketing,88510
7492,Betty Young,HR,84710
5372,Jennifer Taylor,Marketing,84930
5151,Michael Moore,Finance,96214
9985,John Lewis,Customer Service,67701
4771,Betty Robinson,IT,146374
300,Mark Ramirez,Marketing,92291
6712,John Clark,Marketing,127723
9248,Christopher Jones,Marketing,111825
2945,Ashley Brown,Customer Service,105645
7525,Donald Lee,Customer Service,72449
20,Anthony Garcia,Research,38430
1868,Joshua Hernandez,Engineering,108028
4828,Sarah Robinson,IT,107807
7069,Lisa Young,Sales,67377
8401,Jennifer Thomas,Marketing,52717
5817,Nancy Gonzalez,Marketing,62464
4763,Lisa Taylor,IT,52477
8112,Jennifer King,Legal,41570
8699,Steven King,Sales,91367
980,Lisa Lopez,Engineering,108092
3962,Elizabeth Ramirez,IT,33746
8769,Jessica Miller,Sales,67442
3650,Lisa Harris,IT,115029
4952,Amanda King,Engineering,61648
8512,Dorothy Walker,Research,94865
1207,Robert Moore,HR,107449
7528,Dorothy Perez,IT,53645
6256,Deborah Rodriguez,Finance,137822
9657,Joshua Wilson,Operations,117211
8676,Sarah Taylor,Customer Service,146441
1641,Anthony Williams,Legal,83384
7725,David Lee,IT,116388
4889,Dorothy Ramirez,Customer Service,75716
493,Betty Ramirez,Operations,83807
7543,Emily Walker,Engineering,116205
5813,Daniel Taylor,HR,76388
5479,David Allen,Research,38730
