C_ID,C_NAME,AGE_YRS,LOC_CD,REG_DT
4193,Donald Robinson,43,San Francisco,2023-03-24
9350,Nancy Miller,39,Albuquerque,2023-11-13
5417,Karen Young,21,Nashville,2024-08-10
406,Daniel Clark,36,Austin,2024-03-28
6782,Anthony Walker,53,Jacksonville,2022-07-16
49,Jessica Sanchez,28,Austin,2020-05-22
1022,David Gonzalez,18,Tucson,2021-05-10
691,Andrew Moore,18,Dallas,2024-05-11
7194,Betty Brown,39,Las Vegas,2022-08-22
1279,Robert Davis,60,Milwaukee,2021-01-26
5984,Dorothy Clark,23,Philadelphia,2020-05-24
6011,Joshua White,27,Phoenix,2023-09-03
7990,Lisa Young,64,Washington,2021-12-08
7200,Andrew Perez,65,Baltimore,2024-11-23
4089,Donald Jackson,35,Milwaukee,2021-10-04
2843,Steven Miller,31,Dallas,2024-11-26
4074,Elizabeth Lopez,35,Albuquerque,2024-11-01
9874,Anthony Thomas,37,San Diego,2020-02-25
100,Mark Rodriguez,68,Fort Worth,2025-11-12
9926,Anthony Gonzalez,56,Baltimore,2020-11-11
2189,Amanda Davis,33,Austin,2024-12-04
7254,John Anderson,30,San Diego,2023-11-07
1305,Paul Lewis,57,Philadelphia,2024-08-22
4704,Andrew Miller,67,Indianapolis,2022-10-28
575,Jessica Rodriguez,32,Oklahoma City,2020-10-11
4614,Christopher Perez,37,Milwaukee,2024-06-01
2234,Andrew Sanchez,69,Portland,2023-07-12
8620,Betty Clark,19,San Antonio,2021-02-04
8241,Matthew Jones,46,Fresno,2025-01-19
3451,Jennifer Martin,20,Baltimore,2024-10-27
3020,Nancy Lee,38,Washington,2023-01-12
6537,Nancy Moore,53,Mesa,2021-12-05
612,Michael Lewis,62,San Jose,2025-05-15
3445,Sarah Martin,41,Chicago,2021-05-02
3488,John Williams,19,Oklahoma City,2020-02-27
2016,Christopher Rodriguez,49,Charlotte,2025-10-02
6652,Emily Martinez,22,San Antonio,2020-11-22
9818,John Brown,70,Louisville,2023-03-23
4542,Donald Miller,22,San Diego,2022-02-03
2138,Lisa Sanchez,42,Mesa,2022-04-09
327,Sarah Miller,30,Nashville,2025-01-24
6288,Ashley Hernandez,58,San Diego,2020-03-04
6671,Nancy Young,36,Dallas,2023-02-25
9294,Nancy Taylor,29,Charlotte,2021-11-26
9748,Nancy Rodriguez,27,Fresno,2024-12-11
2083,Lisa Martinez,35,Washington,2024-11-21
6598,Christopher Clark,30,Jacksonville,2023-03-26
6931,Christopher Miller,48,San Diego,2025-11-28
7412,Lisa Gonzalez,26,Phoenix,2025-03-08
5183,Nancy Smith,68,Louisville,2021-09-05
2258,Michael Sanchez,25,Kansas City,2022-08-16
890,Sarah White,32,Milwaukee,2021-05-16
1297,John Clark,21,San Antonio,2025-03-10
3565,Steven Williams,31,Fresno,2024-01-15
6311,Matthew Williams,21,Seattle,2021-07-23
8496,Christopher Hernandez,39,Philadelphia,2022-01-10
8870,Matthew Williams,33,Jacksonville,2025-04-14
8520,Mark Jones,70,Nashville,2021-02-25
4132,Michael King,34,Sacramento,2025-12-04
6780,Amanda Taylor,51,Sacramento,2021-06-13
3321,Joshua Rodriguez,36,Chicago,2025-08-07
1479,Amanda Jones,34,Boston,2022-06-16
5738,Jennifer Smith,51,Baltimore,2025-06-12
8196,Paul Rodriguez,57,Denver,2025-05-09
7582,Jane Gonzalez,22,Nashville,2023-04-28
4316,Mark Jackson,35,Baltimore,2022-09-24
4015,Robert Williams,70,Boston,2025-09-27
2939,James Hernandez,31,San Francisco,2023-09-17
1075,David Sanchez,66,Charlotte,2022-05-14
2767,James Jackson,65,Oklahoma City,2024-10-11
1288,Christopher Robinson,18,San Antonio,2020-11-27
416,Steven Sanchez,67,Kansas City,2021-12-26
9595,Amanda Sanchez,55,Washington,2025-12-21
7314,James Lewis,26,Portland,2021-12-19
586,Elizabeth Garcia,66,Kansas City,2020-05-07
