EMP_ID,EMP_NM,DEPT_CD,SAL_AMT
2083,Deborah Jackson,Customer Service,119838
9957,Michael Perez,IT,116795
3562,Emily Anderson,Customer Service,102736
4341,Dorothy Johnson,Sales,60785
1452,Donald Jackson,Legal,89403
5235,Mark Sanchez,HR,123850
2736,Elizabeth Thompson,Finance,55789
9132,Robert Johnson,Customer Service,57603
6469,Elizabeth Martinez,Marketing,101737
9918,Emily Garcia,Research,65377
4279,Mark Moore,Operations,121315
6410,James White,HR,105498
2237,Deborah Thompson,Research,74204
9963,Lisa Taylor,Operations,38167
8858,Matthew White,HR,149859
5374,Donald Harris,Research,48228
3207,Dorothy Gonzalez,Legal,61898
1983,Steven Hernandez,Engineering,124273
5799,Ashley Williams,Customer Service,94928
3719,Robert Allen,Engineering,112413
1896,Matthew Rodriguez,IT,96821
8165,Jessica King,Finance,115696
431,James Jackson,Research,127066
268,Sarah Young,Finance,149137
2536,Emily Lee,Legal,148869
2582,Robert Lee,Customer Service,54422
1155,Ashley White,IT,35856
9278,John Anderson,Operations,144927
8870,Betty Perez,Sales,136093
9299,Dorothy King,Research,43894
305,Deborah Rodriguez,Customer Service,36427
3956,Elizabeth Garcia,Sales,55256
2488,Karen Allen,Sales,35076
4498,Jessica Martin,IT,73253
178,Paul Young,Research,70117
9406,Lisa Williams,Marketing,36927
2821,Christopher Taylor,HR,90337
5703,Andrew Smith,Operations,128617
6559,Lisa Taylor,Sales,49889
9307,Donald Jackson,Research,118567
7682,Sarah Young,Customer Service,75510
7368,John Taylor,Marketing,54595
3089,Karen Moore,Sales,121837
2148,Elizabeth Martin,Operations,55194
4016,Mark Sanchez,Marketing,112915
2726,John Harris,Sales,75474
9426,Jennifer Rodriguez,Engineering,108457
2800,Paul Clark,HR,53742
2350,Ashley Lewis,Finance,62948
3629,Betty Thomas,Legal,104436
6029,Lisa Young,Legal,68238
3994,Betty Moore,Sales,103047
6520,David Sanchez,IT,73252
7911,Joshua Brown,IT,111574
7905,Karen Perez,Operations,148700
9337,Dorothy Garcia,IT,58532
1653,Robert Thomas,HR,86368
3830,Ashley Jackson,Customer Service,30785
6756,Jessica Perez,Operations,32620
4473,Jennifer Thompson,Operations,104591
5420,Robert Perez,Sales,79612
2505,John Martinez,Legal,52004
6106,John Ramirez,IT,73935
6088,Amanda Smith,IT,138573
2996,Matthew Garcia,Legal,97366
8738,David Young,Customer Service,124574
5321,David Jones,Sales,73960
8809,Emily Lee,Customer Service,60695
108,Anthony Harris,Finance,117596
8344,Steven Brown,Engineering,72093
1737,Ashley Wilson,Engineering,32007
1432,Steven Harris,Legal,55030
2566,Emily Jackson,Engineering,42000
7525,Amanda Brown,Customer Service,141567
9772,Daniel Rodriguez,HR,132081
2026,Jennifer Harris,IT,119582
6348,James Miller,IT,79450
4481,Sarah Ramirez,Marketing,90089
6691,Steven Johnson,HR,106325
3120,Robert Walker,Research,59282
3138,Andrew Robinson,HR,149715
3165,Christopher Jones,HR,144568
3821,Amanda King,Operations,106081
9633,Deborah Martinez,HR,119249
6958,Sarah Martin,Legal,35077
9912,Emily White,Legal,60058
4235,Andrew Jackson,Engineering,120175
4890,James Clark,HR,68174
9273,Amanda Perez,Marketing,30446
239,Steven Williams,Sales,81278
3928,Elizabeth Johnson,Research,61609
2275,Sarah Wilson,Operations,47767
190,Christopher Allen,Research,137767
4470,Daniel Anderson,Engineering,80588
6624,Paul Martin,Operations,103142
2349,James Smith,Customer Service,46456
2806,Joshua Clark,Marketing,55578
1366,Sarah Moore,Marketing,128513
3147,Michael Young,IT,62709
5222,Lisa White,Marketing,62135
