EMP_ID,EMP_NM,DEPT_CD,SAL_AMT
2020,Paul Perez,Sales,39725
5938,John Walker,Research,39714
650,Elizabeth Lopez,Operations,122151
2979,Anthony Harris,Engineering,122702
7759,Mark Harris,Operations,84469
5177,Andrew Williams,Engineering,63783
9758,Lisa King,IT,136873
7671,John Williams,Customer Service,66956
993,Emily White,IT,95836
8480,Karen Lewis,Sales,104259
2635,Daniel Davis,IT,128062
6009,Matthew Brown,Marketing,148338
5329,Lisa Garcia,IT,54932
1829,Matthew Lee,Operations,132243
5216,Sarah Thomas,Marketing,122214
7316,Sarah Lee,Sales,108718
4845,Sarah Harris,IT,46245
702,Christopher Young,Operations,103907
9212,Joshua Taylor,Marketing,45711
8544,John Smith,Research,46100
7757,Donald Young,Operations,101586
2823,Karen Clark,Legal,76027
985,Nancy Martin,Sales,129638
8567,Elizabeth King,HR,138760
5041,Joshua Allen,Marketing,31511
9178,Matthew Miller,Sales,47771
5411,Joshua Martinez,Finance,48519
9515,Jane Sanchez,Marketing,88985
466,Jessica Miller,Research,81615
3448,Amanda Sanchez,Operations,32009
7925,Jane Perez,Operations,140395
1253,Elizabeth Robinson,Operations,87572
6638,Anthony Miller,Research,136079
9685,Karen Martin,Finance,30129
596,Donald Jackson,Marketing,34922
124,Sarah Gonzalez,Finance,111748
3031,Dorothy Rodriguez,Research,120997
5943,Andrew Sanchez,Operations,84222
837,Donald Garcia,HR,139323
602,Robert Thomas,Research,66099
8534,Betty Moore,Customer Service,137096
5965,Betty Martin,Customer Service,133545
4174,Robert Smith,IT,138984
1498,Amanda Thomas,Engineering,99083
9545,Daniel Taylor,Customer Service,102962
400,Emily Clark,IT,138708
6148,Donald Miller,Operations,51872
8161,Lisa Williams,Engineering,84945
3221,Robert Anderson,IT,58806
74,Nancy Allen,Research,103021
7860,Karen Davis,Customer Service,133271
68,Sarah White,Engineering,86239
9065,John Rodriguez,Sales,35388
7980,Michael Ramirez,Marketing,76643
1074,Christopher Martinez,Operations,138523
142,Elizabeth Johnson,Finance,146143
3575,Ashley Williams,IT,105923
6910,Jessica Lopez,Research,146706
4547,Donald White,Customer Service,93621
9660,Sarah Lewis,IT,135859
2130,Daniel Sanchez,Research,33468
6328,Betty Walker,IT,114887
4224,Donald Smith,Marketing,106598
2136,Jennifer Sanchez,Legal,118714
7772,Paul Moore,Engineering,31766
7541,Elizabeth Garcia,Customer Service,129206
6906,Deborah Rodriguez,HR,69494
8710,Dorothy Williams,Finance,73218
9604,Michael Perez,Legal,121229
4347,Lisa Sanchez,Research,133622
2370,Karen Taylor,Operations,87900
3357,Emily Anderson,Finance,104282
8636,Anthony Davis,Engineering,107798
1604,Michael Hernandez,Customer Service,142949
226,Emily Gonzalez,Finance,118293
8392,John Young,Operations,96471
6370,Elizabeth Davis,IT,71943
7151,Joshua Smith,Finance,73238
9387,Donald Moore,IT,105254
5776,Anthony Sanchez,Customer Service,137121
6682,Jennifer Johnson,Legal,91688
1258,Jennifer Sanchez,Marketing,51471
9040,Jane Brown,Finance,82975
3738,Emily Miller,Research,133529
7116,Ashley Gonzalez,Marketing,107921
9965,Nancy Lewis,IT,34858
9162,David Johnson,IT,96799
5851,James Clark,Customer Service,134128
8668,Jane Hernandez,HR,116623
9962,Emily White,HR,98128
1016,Robert Martinez,Marketing,128432
4190,Ashley Hernandez,Finance,90852
2312,Michael Lopez,Legal,143018
7577,Karen Young,Marketing,48162
5079,Deborah Gonzalez,Legal,41884
8727,Sarah Taylor,Engineering,71478
9437,Jane Johnson,Finance,56892
9771,Christopher Clark,Finance,84129
728,Jessica Hernandez,IT,61603
9720,Christopher Hernandez,Engineering,37196
