C_ID,C_NAME,AGE_YRS,LOC_CD,REG_DT
3242,Lisa Jones,28,Portland,2021-11-13
6174,Matthew Thompson,47,San Francisco,2023-09-11
1570,Paul Walker,38,San Jose,2023-07-11
6206,Michael Brown,30,Mesa,2020-01-13
7728,Robert Gonzalez,40,Boston,2021-04-10
1535,Andrew White,33,San Jose,2025-03-26
9463,Jennifer Martin,42,Mesa,2020-10-21
6912,Daniel Jones,37,New York,2025-09-12
3036,Paul Ramirez,28,Jacksonville,2022-09-03
128,Joshua Thomas,45,Chicago,2020-05-16
4471,Karen Gonzalez,59,San Francisco,2022-01-10
5365,Steven Jackson,34,Louisville,2023-06-16
1032,Lisa Clark,58,Nashville,2021-06-02
3490,Jennifer Ramirez,41,Los Angeles,2021-01-25
7672,Deborah White,48,Kansas City,2020-12-26
7188,Deborah Johnson,41,Denver,2023-05-15
5975,Emily Hernandez,39,Nashville,2023-05-07
278,Dorothy Jackson,18,Los Angeles,2022-10-09
1962,Michael Jones,55,Washington,2020-05-26
8817,Mark Anderson,64,Sacramento,2024-03-11
3657,Paul White,19,San Francisco,2025-03-05
8517,Anthony Smith,36,Phoenix,2020-07-18
7016,David Garcia,42,San Francisco,2024-08-05
8809,Mark Robinson,22,Austin,2022-01-04
1071,Robert Jones,50,Fort Worth,2025-04-17
6004,Mark Smith,18,Sacramento,2025-01-07
1935,Lisa Anderson,39,Phoenix,2024-03-27
2272,Lisa Davis,49,Boston,2023-09-25
6561,Ashley Lewis,52,Philadelphia,2021-10-20
379,Robert Sanchez,32,Philadelphia,2022-07-11
2661,Robert King,23,Milwaukee,2023-12-24
5676,David Miller,31,Jacksonville,2024-11-07
7483,Lisa Rodriguez,33,San Jose,2023-01-17
8161,Betty Young,47,Sacramento,2024-02-23
4820,Karen Martin,26,Los Angeles,2025-10-04
2262,Joshua Lee,70,Oklahoma City,2020-06-10
1820,John Sanchez,50,Baltimore,2023-12-17
8685,Ashley Ramirez,53,Los Angeles,2025-11-22
6741,Anthony Davis,36,Portland,2025-07-28
727,Mark Robinson,53,Fresno,2020-12-25
7974,Christopher Brown,68,Chicago,2022-11-22
2530,Elizabeth Sanchez,52,Fort Worth,2020-05-22
1863,Andrew Jones,28,San Francisco,2023-03-01
3604,Lisa Martinez,26,Boston,2025-05-27
3791,Jennifer Perez,23,Las Vegas,2021-07-14
2466,Sarah Thompson,47,San Antonio,2023-01-15
3434,Joshua Johnson,61,San Diego,2022-12-13
4424,Christopher Lopez,53,Baltimore,2025-03-14
2389,Ashley King,59,Baltimore,2024-07-09
8394,David Jackson,28,Austin,2024-01-28
5193,Donald Smith,60,Boston,2024-04-12
9005,Elizabeth King,44,Phoenix,2024-05-11
6798,Anthony Miller,60,Dallas,2022-11-08
1364,Lisa Ramirez,67,Phoenix,2024-03-25
3744,Lisa Walker,24,New York,2020-10-01
4762,Sarah Robinson,39,Mesa,2021-12-25
5177,David Rodriguez,30,Indianapolis,2023-04-22
5900,Matthew Jackson,34,Portland,2025-07-11
7032,Robert Brown,19,Dallas,2021-02-27
5660,James Hernandez,52,Oklahoma City,2022-06-19
8393,David Jones,28,Chicago,2023-06-05
8469,Jennifer Harris,22,Washington,2023-10-10
8660,Anthony King,62,Philadelphia,2023-05-08
5886,Ashley Thomas,65,San Antonio,2022-01-12
8715,Anthony Harris,53,Columbus,2024-10-05
6616,Jane Lopez,21,Chicago,2022-08-17
8353,Daniel King,25,Mesa,2021-11-23
3687,Andrew Thomas,44,Washington,2025-02-12
4347,Matthew Rodriguez,38,Fort Worth,2023-10-25
6298,Deborah Clark,69,San Francisco,2024-08-09
9703,Karen Garcia,42,Indianapolis,2024-10-15
1452,Lisa Sanchez,56,Louisville,2023-10-20
89,Donald Rodriguez,23,Sacramento,2022-03-15
6082,Donald Johnson,37,Austin,2025-12-04
8382,Karen Harris,35,Charlotte,2022-12-22
