EMP_ID,EMP_NM,DEPT_CD,SAL_AMT
1235,Donald Allen,Operations,93549
7148,Andrew Jones,Customer Service,81605
2451,Amanda Smith,Legal,67111
5169,Daniel Davis,Engineering,82517
6667,Donald Moore,HR,146688
7419,Steven Williams,Legal,80877
6317,Karen Allen,Research,149272
6087,Anthony Gonzalez,Research,96921
9527,Dorothy Jones,Customer Service,138154
5394,Deborah Lopez,Legal,45822
9921,Deborah Smith,Operations,76729
2240,David Martin,Legal,85962
1368,Jennifer Ramirez,Legal,112995
5857,Donald Young,Finance,107431
9727,Deborah Walker,Operations,102810
7386,Emily Thomas,HR,59343
4104,Dorothy Rodriguez,Operations,82409
4592,Ashley Miller,Sales,76890
9732,Mark Johnson,Legal,46076
1646,Amanda Allen,Customer Service,118427
3294,Andrew Miller,Research,145162
9320,Emily Martin,Sales,33881
4027,Joshua Gonzalez,Sales,143400
8095,Jane Perez,Marketing,134022
2924,Steven Lewis,Engineering,65706
8087,Emily Martinez,Engineering,116520
5782,Donald Moore,Sales,43617
8249,Jane Jones,Finance,57455
7667,Deborah Allen,Operations,148332
6891,Steven White,Research,123650
241,Betty Lewis,Operations,70415
1309,James Gonzalez,Legal,57560
9763,Dorothy Allen,Engineering,113089
4032,Ashley King,Engineering,52452
1672,Matthew Taylor,Marketing,114503
1914,John Thomas,Legal,123154
1975,Christopher Thomas,Legal,129093
9297,Jennifer Lee,Research,105356
4720,Donald Taylor,Finance,51300
7435,Ashley Jones,Engineering,73547
1312,Daniel White,HR,97256
9114,Matthew Wilson,Marketing,120820
578,Sarah Lewis,Legal,93068
5841,John Taylor,Finance,92578
425,Dorothy Clark,Legal,40427
5091,Nancy Allen,Sales,66801
1169,Anthony Jones,Research,119777
9741,Anthony Brown,IT,85522
6528,Donald Davis,Sales,42459
7963,Emily Anderson,IT,69894
1404,Matthew Gonzalez,HR,55770
4560,Ashley Thomas,Research,112517
8241,Matthew Hernandez,Finance,53820
9505,Donald White,Sales,141658
9786,Amanda Williams,Marketing,115861
3774,Ashley Walker,Marketing,96981
6456,Sarah Allen,Customer Service,49997
8850,Steven Walker,Operations,81696
1559,James Gonzalez,Finance,100960
8758,Jennifer Taylor,Engineering,121030
9379,Daniel Lewis,Operations,147957
3750,Amanda Taylor,HR,101476
7261,Andrew Harris,HR,97776
6737,Michael Ramirez,Marketing,125090
3727,Mark Perez,Customer Service,128995
2029,Joshua Walker,Engineering,147486
7625,Steven Garcia,IT,84041
1354,David Young,Finance,131275
5768,Jane Allen,Sales,43206
25,Steven Moore,Customer Service,114955
4195,Karen Moore,Research,148942
9048,Matthew Harris,HR,135086
2886,Robert King,Research,32596
9877,Christopher Jones,Finance,136584
9426,Paul Martin,HR,75366
1165,Karen Brown,Operations,147923
2177,Joshua Sanchez,Legal,131554
1095,Mark Lewis,IT,106640
7563,John Jones,HR,35865
2157,Jane Thompson,Legal,137805
2393,James Jones,Sales,140629
9600,Joshua Wilson,Research,137771
887,Paul Sanchez,Engineering,111784
1345,Steven King,Marketing,103039
8265,Sarah Jackson,Operations,65101
9414,Elizabeth Clark,Finance,72182
7229,Steven Miller,Operations,60109
411,Lisa Perez,Sales,103615
95,Jane Thompson,Engineering,33904
131,Jane Martinez,Customer Service,30024
4512,Amanda Taylor,Customer Service,46052
3785,Elizabeth Walker,HR,85327
510,Christopher Smith,Engineering,45459
5480,Matthew Gonzalez,Operations,81376
7957,Michael Garcia,Finance,58444
99,Ashley Rodriguez,Sales,103138
7191,John Young,Engineering,102661
8790,Lisa Lee,IT,38439
8957,Betty Miller,Sales,64681
8047,Nancy Taylor,Finance,148685
