EMP_ID,EMP_NM,DEPT_CD,SAL_AMT
9263,Nancy Sanchez,Operations,72905
1564,Joshua White,Sales,90743
741,Emily Wilson,IT,105878
9400,Lisa Harris,Legal,122422
4766,Paul Taylor,Engineering,137396
1101,Karen Allen,HR,97781
3784,Lisa Lopez,Marketing,45454
8519,Emily Garcia,Customer Service,53289
6833,Paul Rodriguez,Finance,130386
7572,Karen Wilson,Engineering,129939
4443,Paul Williams,Customer Service,71659
902,Betty Wilson,Marketing,142230
3229,Betty Lewis,Research,148772
8415,Robert Hernandez,HR,121085
7343,Jessica Jones,HR,89175
2198,Nancy Robinson,Research,86976
1457,Matthew Perez,Finance,89822
9465,Christopher Jackson,Sales,132368
2050,John King,Research,37571
2652,Paul Perez,Operations,66235
9045,Daniel Anderson,Customer Service,86085
3734,Elizabeth Ramirez,Research,39958
4714,Elizabeth Rodriguez,Operations,55440
4262,Joshua Harris,Customer Service,99596
8475,Jane King,IT,127049
6210,Christopher Wilson,HR,114447
9989,Betty Thompson,Sales,32204
922,Donald Brown,Operations,125430
7961,Anthony Brown,Marketing,102045
1765,Andrew Hernandez,Customer Service,37935
5659,Joshua Thomas,Marketing,120755
9900,Emily Davis,Engineering,73748
9372,Mark Lee,HR,128895
3872,John Jones,Research,102524
4202,Joshua Young,Research,41530
1136,Jane Sanchez,Marketing,141321
495,Christopher Garcia,Operations,70801
5913,Anthony Jackson,Legal,38069
4681,Lisa Hernandez,Sales,143599
3755,Dorothy Moore,Operations,134118
3570,Sarah Jackson,Research,109305
6867,Jessica Wilson,Finance,85862
8296,Nancy Lee,Operations,56484
9009,Daniel Jones,Sales,140179
286,Christopher Allen,Research,138862
1462,Donald Wilson,Operations,51734
7856,Elizabeth White,Sales,30650
3109,Christopher Wilson,Engineering,149658
4429,Lisa Jackson,IT,90699
4154,James Sanchez,Legal,61362
3269,Jennifer Jones,Marketing,117687
1114,Christopher Moore,Research,123570
154,Lisa Harris,Engineering,67497
8712,Robert Anderson,Sales,75843
2727,Jessica Johnson,Engineering,60777
1694,Jane White,IT,97415
464,Christopher Allen,Operations,60504
7309,Steven Martinez,IT,97419
9811,Emily Anderson,Finance,99839
2111,Karen Wilson,Engineering,58989
2580,John Davis,Finance,114435
8796,Lisa Taylor,Operations,40059
6634,Steven King,Marketing,116391
3247,Mark Taylor,HR,96803
5474,Jennifer Moore,Sales,70324
3037,Sarah Jackson,Sales,131156
4519,Daniel Allen,Research,91412
9454,Nancy Wilson,Sales,145682
5949,John Davis,Operations,97632
7141,Jennifer Jackson,Legal,141555
1813,Mark Thomas,Engineering,69631
799,Lisa King,IT,96232
4395,Mark Lee,Marketing,99359
2119,John Perez,IT,45769
9655,Ashley Clark,Customer Service,129815
4232,Steven Robinson,Finance,99647
5219,Lisa Robinson,IT,73432
5075,Steven Walker,Legal,87932
2633,Nancy Lewis,Operations,67449
7458,Donald Miller,Customer Service,64858
3158,Christopher Jones,Legal,136401
3822,Elizabeth Lewis,Engineering,92514
1778,Lisa Gonzalez,Customer Service,140268
3722,Dorothy Thomas,Finance,42056
4195,Matthew Anderson,Marketing,62321
2177,Betty White,HR,126672
6584,Karen Brown,Research,82576
8267,Joshua White,Finance,144480
7495,Emily Lee,IT,57966
4413,Karen Lewis,HR,59509
6131,Christopher White,HR,81932
6942,Donald Young,Legal,53410
2218,John Martin,HR,135850
5685,Sarah Davis,Sales,104988
2220,Anthony Clark,IT,105256
8639,Matthew Moore,Finance,143825
6485,David Rodriguez,Customer Service,91062
5323,Sarah Moore,Operations,70271
1657,Elizabeth Garcia,Marketing,68615
1473,Emily King,Legal,102247
