C_ID,C_NAME,AGE_YRS,LOC_CD,REG_DT
6341,Betty Lee,23,Charlotte,2020-05-21
119,James Thompson,42,Denver,2021-08-13
6392,Amanda White,34,Portland,2023-09-02
9290,Karen Williams,21,San Diego,2024-09-17
7754,John King,25,Seattle,2021-03-09
6527,John White,43,Philadelphia,2020-07-16
2917,Jane Young,34,Los Angeles,2024-02-23
4788,Jennifer Martinez,60,Las Vegas,2021-08-05
7309,Lisa Brown,28,Philadelphia,2024-03-24
563,Karen Ramirez,46,Columbus,2020-03-09
6472,Elizabeth Taylor,53,San Jose,2025-06-02
9223,Robert Lewis,32,Mesa,2025-02-28
8373,James White,62,San Jose,2024-03-01
8336,Lisa Young,34,Indianapolis,2024-09-01
8388,Michael Davis,42,Fort Worth,2025-02-13
7890,Daniel Allen,29,San Diego,2024-03-04
6006,Michael Sanchez,44,Portland,2024-06-24
9658,Christopher Lee,58,Columbus,2023-05-24
9143,Mark Miller,58,Milwaukee,2022-09-23
5006,Dorothy Martinez,33,Boston,2025-02-05
1137,Anthony Jackson,60,Milwaukee,2024-09-22
7361,Jessica Williams,53,Indianapolis,2023-05-04
309,Ashley White,46,Chicago,2021-07-10
7922,Jennifer Ramirez,19,Washington,2024-11-22
5518,Anthony Young,33,Sacramento,2024-04-17
4905,Emily Thomas,61,Chicago,2021-01-09
19,Lisa Williams,29,Charlotte,2020-04-18
4233,Mark Williams,21,Austin,2021-10-22
9366,Jane Ramirez,57,Dallas,2021-07-17
556,Deborah Young,32,New York,2021-07-07
5548,Michael Martinez,22,Columbus,2024-06-17
4329,James Lewis,18,San Jose,2023-04-18
3857,Jennifer Miller,66,Houston,2023-08-12
294,Mark Wilson,57,Columbus,2024-03-17
9770,David King,38,Portland,2023-04-10
5762,Jane Johnson,39,Washington,2024-09-03
7686,Elizabeth Thompson,31,Portland,2020-10-06
1661,Christopher Miller,56,Baltimore,2021-05-04
3608,Sarah Clark,48,San Diego,2023-01-02
9592,Jennifer Williams,48,Tucson,2022-05-16
6939,Nancy Wilson,32,Phoenix,2022-08-24
3468,Daniel Garcia,67,Portland,2021-10-18
8283,Amanda Johnson,32,Chicago,2025-12-05
7811,Elizabeth Clark,21,Baltimore,2020-01-08
5770,John Johnson,62,Columbus,2025-06-23
358,Sarah Lee,60,New York,2023-12-22
6483,Anthony Perez,55,Charlotte,2024-10-17
9916,Jessica Jackson,28,Boston,2022-07-10
2655,Lisa Hernandez,30,Nashville,2021-02-14
6067,Joshua Lee,67,Los Angeles,2025-07-01
2627,Sarah Hernandez,30,Indianapolis,2021-02-07
8270,Joshua Ramirez,55,Charlotte,2022-05-02
6347,Jane Perez,68,New York,2020-02-09
2520,Ashley Lopez,65,Philadelphia,2025-01-23
1160,Elizabeth Miller,65,Albuquerque,2024-06-04
9013,Lisa Walker,53,Nashville,2021-02-17
9075,Ashley Thompson,63,Houston,2021-02-13
2508,Betty Taylor,19,Fresno,2024-04-13
4836,John Garcia,58,San Diego,2025-08-09
1914,Robert Lewis,65,Milwaukee,2021-12-06
6898,James Garcia,61,Houston,2024-03-21
3130,Donald Martin,60,Fresno,2020-09-23
1309,Amanda Clark,60,Oklahoma City,2022-02-15
812,Dorothy Rodriguez,62,Columbus,2022-11-03
3519,Lisa Lee,57,Sacramento,2025-03-02
600,Deborah Jones,21,Albuquerque,2025-10-23
7794,Daniel Lee,61,San Antonio,2022-07-25
3538,Nancy Lopez,47,Dallas,2021-02-10
8461,Mark Garcia,61,Boston,2024-09-25
3751,Michael Harris,69,Seattle,2022-03-19
9259,Mark Williams,56,Albuquerque,2023-08-03
6972,Matthew Clark,22,Indianapolis,2023-01-07
7510,Deborah Taylor,62,San Antonio,2022-11-12
9415,Dorothy Davis,60,Nashville,2023-08-22
9876,Daniel Hernandez,38,Houston,2025-07-22
