C_ID,C_NAME,AGE_YRS,LOC_CD,REG_DT
9707,Mark Anderson,42,Fort Worth,2025-08-17
8272,Lisa Miller,70,Indianapolis,2020-12-20
7543,Michael Sanchez,43,Louisville,2021-02-19
5557,David Brown,22,San Antonio,2021-07-11
444,David Young,61,Philadelphia,2020-05-22
1331,Steven Thompson,45,Dallas,2024-06-28
4014,Anthony Lee,38,Fresno,2021-08-02
7511,Jessica Johnson,26,Kansas City,2024-01-11
2583,Andrew Moore,56,Jacksonville,2025-04-17
2219,Lisa Moore,60,Boston,2025-09-26
8285,Jessica Ramirez,41,Oklahoma City,2023-11-24
7146,Joshua Sanchez,66,Phoenix,2023-12-19
8856,Donald Brown,37,Baltimore,2022-10-28
2167,Deborah King,61,Las Vegas,2020-03-19
3944,Sarah Taylor,35,Baltimore,2025-01-16
2761,Deborah Walker,64,Baltimore,2021-11-12
7168,James Lewis,18,San Jose,2021-07-28
8532,James Johnson,70,Jacksonville,2024-08-06
6102,Dorothy Lewis,45,Houston,2020-03-11
2612,Jessica White,70,San Jose,2021-05-07
9623,Lisa Anderson,61,Nashville,2023-07-07
4715,Lisa Johnson,49,Washington,2020-05-04
4682,Deborah Rodriguez,41,Nashville,2022-01-11
888,Robert Taylor,40,Fort Worth,2023-06-08
9731,Betty Walker,54,Tucson,2024-11-08
3030,Daniel Thomas,59,Boston,2021-07-10
5994,Lisa Robinson,42,Denver,2020-04-16
8928,Karen Miller,60,Washington,2023-05-23
3278,Jessica Robinson,36,Tucson,2022-12-08
3049,John Walker,50,Mesa,2021-11-20
9225,Paul Smith,19,Washington,2020-08-22
9015,Emily Thompson,38,Oklahoma City,2025-02-20
3648,John Moore,34,Columbus,2020-12-12
2828,David Anderson,41,Kansas City,2024-10-18
111,James White,32,Sacramento,2023-02-24
8290,Andrew Smith,57,Jacksonville,2023-09-14
9948,Lisa Allen,40,Los Angeles,2022-05-04
7859,Steven Harris,56,Washington,2023-01-28
1592,Steven Davis,53,Mesa,2025-05-23
7341,Amanda Miller,56,Baltimore,2025-08-02
8238,Jane Smith,24,New York,2025-05-01
9367,Matthew Gonzalez,30,Los Angeles,2020-07-20
9597,John Rodriguez,70,San Diego,2023-07-05
2666,Amanda Clark,65,San Jose,2021-02-24
4505,Jessica Thompson,40,Columbus,2020-07-16
6764,Christopher White,49,Los Angeles,2024-09-10
4228,Elizabeth Sanchez,53,Oklahoma City,2020-03-20
7395,Anthony Brown,27,Austin,2025-04-18
7702,Donald Thompson,27,Jacksonville,2025-02-10
4960,Betty Clark,33,Fort Worth,2022-05-07
2565,Donald Lopez,30,San Antonio,2025-07-02
8257,Lisa Clark,56,Nashville,2020-04-11
4151,Nancy Brown,54,Dallas,2021-09-17
7872,Jane Allen,44,Philadelphia,2025-08-18
354,Deborah Gonzalez,52,Jacksonville,2022-02-04
6692,Ashley Young,46,San Francisco,2025-11-22
1197,Andrew Martin,68,Columbus,2020-04-06
5186,John Gonzalez,63,Boston,2022-12-16
3138,Donald Taylor,65,San Jose,2020-06-24
3380,Lisa Lopez,69,Dallas,2020-12-09
5494,Mark Taylor,57,Dallas,2021-12-25
790,Ashley King,40,Nashville,2022-09-08
9722,James Davis,19,Indianapolis,2025-02-28
5434,Sarah Lopez,41,Oklahoma City,2020-05-10
3543,Anthony Brown,39,Houston,2025-10-18
1183,Karen White,68,San Jose,2023-10-22
2016,Lisa Rodriguez,25,Denver,2020-03-03
2940,Jennifer Harris,49,Boston,2022-03-02
2185,Christopher Hernandez,25,Boston,2021-01-24
3667,Sarah Harris,38,Sacramento,2020-09-08
7603,Steven Clark,44,Indianapolis,2021-03-06
4527,Paul Johnson,31,Chicago,2024-02-07
5512,Christopher Allen,21,Austin,2021-02-02
6060,Ashley Garcia,68,San Antonio,2025-01-15
4144,Mark Perez,54,Oklahoma City,2024-04-16
