C_ID,C_NAME,AGE_YRS,LOC_CD,REG_DT
8745,Sarah Clark,35,Oklahoma City,2023-05-28
9056,James Rodriguez,39,Baltimore,2020-02-11
1190,Matthew Ramirez,50,Phoenix,2024-02-17
2951,Elizabeth Williams,44,Louisville,2023-03-22
1810,Sarah Ramirez,21,Los Angeles,2021-03-22
5518,Robert King,46,San Diego,2021-11-06
9735,Christopher Thompson,22,Dallas,2023-07-03
8038,Dorothy Harris,43,Philadelphia,2021-04-20
6511,John Smith,47,Austin,2020-05-01
4937,Donald Martinez,45,Boston,2022-01-05
7263,Anthony Robinson,68,Tucson,2021-01-09
6779,Jessica Garcia,35,Fresno,2024-07-20
1289,Ashley Young,60,Baltimore,2021-12-25
3633,Christopher Jackson,67,Milwaukee,2020-11-05
1774,Christopher Lewis,34,Denver,2025-05-22
5498,Joshua Johnson,20,Tucson,2023-07-14
1805,Joshua Moore,42,Albuquerque,2020-07-27
3716,Michael Williams,26,Philadelphia,2022-07-20
8549,Ashley Williams,59,San Francisco,2020-01-02
4860,Anthony Miller,59,San Jose,2020-09-17
7498,Steven Martinez,46,Sacramento,2021-09-11
7391,Betty Clark,33,Denver,2023-01-10
8636,Jessica Smith,25,Austin,2020-02-03
4461,Steven Moore,55,Nashville,2020-12-21
3184,Donald Lopez,32,Jacksonville,2023-08-24
1885,John Garcia,49,Portland,2022-06-07
9376,Joshua Jones,45,Seattle,2022-05-02
5964,Michael Martin,21,San Francisco,2020-09-16
892,Christopher Jackson,41,Houston,2023-09-13
6069,Ashley Clark,31,Denver,2020-09-28
3313,Michael Martin,44,Sacramento,2025-03-13
2479,David Smith,23,San Francisco,2022-07-16
1749,Elizabeth Harris,46,Philadelphia,2022-06-16
5543,Betty Anderson,51,Portland,2025-09-15
6343,Christopher Anderson,22,Indianapolis,2021-11-23
3923,Joshua Taylor,40,Indianapolis,2020-12-01
3320,Christopher Rodriguez,50,Los Angeles,2025-01-27
4600,Jane Jackson,21,Indianapolis,2024-09-28
3941,Robert Jones,64,Tucson,2023-06-12
5333,Emily King,41,San Jose,2021-10-04
2524,Dorothy Smith,48,Fresno,2024-02-04
8844,Andrew Miller,46,San Jose,2020-08-09
4496,Lisa Williams,49,San Jose,2024-04-04
287,Sarah Walker,53,Houston,2023-05-21
5258,Deborah Wilson,45,Boston,2020-04-13
4101,Robert Moore,62,Sacramento,2024-08-16
5076,Betty Anderson,24,Nashville,2024-08-27
3730,Christopher Lewis,67,San Jose,2020-10-24
3108,David Thompson,30,Albuquerque,2023-01-14
4659,Matthew Taylor,33,Oklahoma City,2022-11-07
7348,Betty Lopez,21,Oklahoma City,2025-04-28
6687,Donald Thomas,70,Denver,2022-02-07
5739,Paul King,30,Fort Worth,2025-09-21
2971,Donald Lee,23,Jacksonville,2022-05-28
9820,Daniel Taylor,57,Jacksonville,2022-10-08
3973,Sarah Thomas,46,Kansas City,2023-06-19
9183,Lisa Martin,22,Portland,2020-11-28
2363,Donald Perez,57,Indianapolis,2022-10-19
8074,Daniel Martin,22,Albuquerque,2025-01-08
1280,Anthony Miller,58,Columbus,2020-10-07
133,Betty Lee,33,Houston,2020-08-25
8130,Joshua Wilson,37,Boston,2025-12-25
8578,Amanda Smith,68,San Jose,2022-03-15
5319,Sarah Williams,64,Austin,2021-07-08
9484,Emily Allen,56,Houston,2022-05-14
4785,Jennifer Young,34,Boston,2025-04-01
7850,Donald Wilson,49,Columbus,2025-03-12
3306,James Brown,32,Nashville,2021-04-14
4627,Lisa Johnson,70,Sacramento,2023-08-11
4217,John Lewis,37,Phoenix,2023-11-15
7956,Betty Garcia,20,Denver,2020-05-11
5107,Nancy Williams,68,Indianapolis,2022-08-12
1783,Andrew Walker,43,San Antonio,2023-01-01
5073,Elizabeth Sanchez,23,Indianapolis,2021-10-15
7612,Andrew Jackson,36,Baltimore,2020-10-07
