C_ID,C_NAME,AGE_YRS,LOC_CD,REG_DT
9620,John Sanchez,44,Jacksonville,2025-09-17
4545,Deborah Jones,62,Denver,2021-12-23
2275,Dorothy Harris,47,Fort Worth,2024-07-03
1428,Christopher Hernandez,32,Baltimore,2023-03-08
3412,Elizabeth Lopez,38,Kansas City,2020-10-16
658,David Lopez,20,Baltimore,2021-08-24
7802,Sarah Harris,67,Nashville,2022-04-16
1013,Nancy Allen,49,San Jose,2025-04-03
8134,Donald Perez,19,Seattle,2025-06-09
3283,Lisa Garcia,55,San Francisco,2025-06-12
6096,Robert Miller,24,New York,2022-03-26
4903,Robert Davis,51,Las Vegas,2025-01-22
1830,Amanda Thompson,28,Sacramento,2022-07-25
3063,Lisa Taylor,31,Albuquerque,2022-05-01
4211,Lisa Taylor,32,Phoenix,2023-03-27
1901,Christopher Lee,44,Chicago,2022-07-27
8949,Daniel Davis,20,Jacksonville,2021-08-09
4473,Mark Wilson,29,Louisville,2024-05-24
7544,Sarah Martinez,42,Dallas,2020-08-22
8890,Dorothy Brown,43,Charlotte,2023-07-26
4006,Joshua Smith,62,Nashville,2021-04-18
5453,Steven Brown,63,Seattle,2020-08-27
38,Andrew Young,39,Louisville,2022-02-02
2020,Anthony Jackson,68,San Jose,2024-12-02
5524,Elizabeth Anderson,45,San Diego,2025-09-25
1877,Daniel Taylor,41,Louisville,2021-03-16
5830,Nancy Jones,60,Dallas,2023-10-06
43,Jessica Jones,28,Fort Worth,2025-11-19
460,Karen Ramirez,18,Phoenix,2022-09-21
6130,Robert Taylor,30,Indianapolis,2025-03-17
3808,Sarah Ramirez,28,Los Angeles,2023-11-17
2174,Andrew Jones,53,New York,2023-08-24
3230,David Taylor,32,Mesa,2024-12-01
2576,Robert Williams,46,San Francisco,2022-03-24
5115,Jane Moore,58,Chicago,2020-11-20
7608,Elizabeth Lewis,57,Milwaukee,2023-09-25
8169,Donald Lopez,70,Albuquerque,2023-04-16
3581,Karen Young,70,Denver,2025-07-05
2787,Steven Clark,40,Fresno,2021-10-03
5200,Deborah Smith,59,Phoenix,2020-04-13
5879,Mark Thomas,27,Columbus,2020-12-07
863,Betty Robinson,51,Fort Worth,2020-09-27
9585,Christopher Anderson,37,Houston,2023-04-12
1160,Amanda Jackson,39,Indianapolis,2025-04-18
863,Michael Lee,47,Las Vegas,2020-09-18
7669,Paul Thompson,30,Jacksonville,2024-05-25
8126,John Lewis,57,Louisville,2021-01-07
601,Donald Lewis,21,Chicago,2025-07-01
4178,Steven Jones,56,Jacksonville,2025-09-04
135,Amanda Hernandez,27,Milwaukee,2023-01-10
9802,Elizabeth Martin,39,Jacksonville,2022-11-09
8687,John Davis,27,Phoenix,2025-01-16
8210,Michael Taylor,21,Nashville,2025-08-15
792,Nancy Clark,44,San Diego,2021-06-27
7148,Daniel Smith,18,Fort Worth,2022-06-23
768,Steven Taylor,35,Indianapolis,2022-04-25
8319,Jane Thomas,21,New York,2023-06-08
5624,Sarah Moore,54,Charlotte,2021-05-22
140,Jennifer Smith,63,San Francisco,2023-12-13
1225,Matthew Martin,40,Phoenix,2023-01-02
2775,Lisa Lewis,37,Kansas City,2025-05-12
135,Amanda Lewis,40,Phoenix,2021-12-09
4076,Mark Jackson,64,Albuquerque,2023-07-22
4983,Jennifer Lee,21,Denver,2023-09-04
5365,Karen Thompson,19,Baltimore,2024-09-08
972,Dorothy Johnson,52,Phoenix,2021-11-19
4564,Donald White,39,Sacramento,2025-11-17
7055,Deborah Walker,40,Oklahoma City,2023-03-28
8804,Karen Lee,20,Mesa,2025-07-27
7056,Nancy Brown,56,Columbus,2022-10-20
2994,John Williams,39,Mesa,2020-04-22
4528,Christopher Hernandez,36,San Jose,2025-11-05
7527,Dorothy Taylor,58,San Jose,2024-09-05
9977,Lisa Brown,65,Baltimore,2022-01-06
3359,Lisa Thompson,45,San Diego,2025-09-10
