C_ID,C_NAME,AGE_YRS,LOC_CD,REG_DT
6491,Amanda King,57,Sacramento,2020-05-24
9846,Mark Sanchez,68,Philadelphia,2023-05-02
3699,Donald Johnson,19,Dallas,2025-02-01
664,Nancy Thomas,59,Philadelphia,2025-12-25
5081,Steven Ramirez,27,Dallas,2020-07-18
8137,Lisa Lewis,21,Kansas City,2024-04-17
6785,Jessica Ramirez,24,Albuquerque,2021-07-25
6775,Ashley Clark,48,Oklahoma City,2020-11-10
5310,Andrew Williams,60,Charlotte,2023-10-22
2838,Betty Robinson,45,Indianapolis,2020-03-19
6148,Joshua Jones,31,Indianapolis,2023-12-21
3215,Christopher Allen,38,San Jose,2023-01-24
987,Betty King,23,Albuquerque,2025-12-05
7374,Michael Hernandez,32,Seattle,2025-06-14
2466,Lisa Ramirez,65,Milwaukee,2024-02-27
3062,Jessica Clark,53,San Francisco,2024-11-09
4961,Daniel Lee,50,Mesa,2025-09-07
3007,Karen Clark,18,Mesa,2020-07-14
8933,Jane White,23,San Francisco,2024-10-20
8143,Jennifer Davis,51,Las Vegas,2020-12-02
1925,Elizabeth Rodriguez,66,Washington,2025-03-03
8843,Daniel Wilson,41,Las Vegas,2023-09-12
703,Betty Ramirez,57,Charlotte,2022-09-20
6712,Deborah Robinson,31,Mesa,2024-06-10
6004,David Jackson,34,New York,2024-04-25
786,Betty Lewis,49,Houston,2021-07-23
723,Anthony Perez,55,Austin,2020-01-20
3594,Paul Williams,21,Seattle,2024-04-26
3058,Michael Sanchez,54,Las Vegas,2025-06-19
6308,Ashley King,55,Los Angeles,2021-06-21
8204,Ashley Wilson,48,Tucson,2025-08-03
2153,Lisa Lopez,44,Denver,2022-11-11
6168,Jessica Thomas,51,San Antonio,2021-02-28
9433,Karen Thompson,41,San Antonio,2021-03-23
401,Deborah Martin,40,Sacramento,2021-08-20
6628,Jennifer Walker,25,Baltimore,2025-09-08
520,Donald King,39,San Diego,2023-12-07
5467,Michael Lewis,22,Baltimore,2021-05-26
2189,Daniel Jackson,25,Oklahoma City,2024-01-22
6548,Nancy Hernandez,40,Fort Worth,2022-04-25
2111,Betty Brown,24,Los Angeles,2024-07-13
8355,Joshua Davis,65,Las Vegas,2023-07-02
9782,Anthony Miller,36,Kansas City,2021-09-17
1256,Steven Thompson,54,Portland,2020-03-24
7931,Elizabeth Martinez,25,Indianapolis,2025-08-27
5857,Mark Clark,27,Fort Worth,2021-08-26
4453,John Taylor,26,Kansas City,2025-08-27
2509,Michael Jackson,35,San Jose,2024-08-19
3590,Joshua Hernandez,45,San Francisco,2020-04-13
8647,Nancy Lopez,31,Sacramento,2025-05-21
2458,Karen Wilson,49,Austin,2022-10-13
9137,Betty Young,27,Los Angeles,2025-08-03
1217,Michael Anderson,34,Austin,2022-08-03
2335,Michael King,34,Seattle,2024-08-17
3292,Steven Davis,66,Albuquerque,2020-07-11
5075,Karen Walker,43,Baltimore,2021-12-24
6531,Jane Hernandez,42,Oklahoma City,2022-05-01
8443,David Jackson,65,Nashville,2022-06-24
1340,Matthew Ramirez,63,Indianapolis,2025-08-10
8809,Dorothy Garcia,62,Los Angeles,2022-05-02
4868,John Thomas,50,Houston,2021-05-24
5458,Emily Gonzalez,67,Austin,2025-03-12
8716,Lisa Jones,68,Baltimore,2024-09-17
4616,Mark Jones,28,Washington,2020-05-06
9464,Joshua Robinson,30,Charlotte,2022-02-14
3833,Sarah Jackson,24,Fort Worth,2024-02-12
6426,Christopher Miller,41,Kansas City,2025-04-07
9865,Donald Lopez,45,Jacksonville,2021-06-08
4806,Jennifer Lee,59,Phoenix,2025-08-02
6984,Paul Harris,41,Baltimore,2020-02-13
4424,David Lee,51,Mesa,2024-05-06
4193,Lisa Taylor,40,Philadelphia,2020-04-08
380,David Lee,62,Albuquerque,2023-10-25
3940,Joshua Jones,22,San Diego,2020-01-02
145,Emily Jones,37,Denver,2025-02-01
