EMP_ID,EMP_NM,DEPT_CD,SAL_AMT
46,Sarah Martin,HR,125493
5193,Emily Lewis,Engineering,146796
6258,Sarah Sanchez,IT,73549
94,Jessica Young,IT,116059
9140,Deborah Lee,Legal,101006
3647,Mark Perez,Engineering,115152
9773,Jane Hernandez,Engineering,84983
4235,Jessica Hernandez,Operations,80245
3985,Sarah King,Sales,38824
3635,Jennifer Gonzalez,Finance,34581
8311,Lisa Smith,HR,77968
1285,Steven Jones,Operations,142927
8363,Emily Jackson,Legal,133823
2838,Ashley Wilson,IT,119981
2729,Daniel Smith,Legal,63442
7026,Robert Martin,Finance,56028
3286,Lisa Moore,Operations,142219
2104,Jessica Harris,Research,68002
4475,Christopher Rodriguez,Sales,104093
216,Steven Lopez,Research,69088
2057,Lisa Hernandez,HR,71283
8092,Robert Thompson,Legal,102517
6281,John Moore,HR,130455
3129,Joshua Lee,Operations,123943
9521,John Walker,Customer Service,76532
5970,Amanda Thomas,Sales,39611
5973,John Perez,Customer Service,111600
1267,Karen Wilson,Customer Service,42659
8962,Matthew Walker,Customer Service,93288
8661,Elizabeth White,Customer Service,65165
6585,Emily Thomas,Legal,61821
6060,John Lewis,Finance,128904
1636,James Walker,Customer Service,66678
5084,Michael Hernandez,Finance,84517
6011,James King,Finance,92720
9064,Matthew Thompson,Marketing,139815
449,Deborah White,Customer Service,138136
1737,Paul Garcia,HR,114990
8654,Lisa Young,Legal,77266
2551,Jane Lee,Customer Service,36501
801,Sarah Sanchez,Customer Service,83971
785,Michael Taylor,Legal,92667
2422,Jennifer Thomas,Operations,136345
555,Deborah Brown,Sales,84829
9812,Nancy Wilson,Operations,129329
6401,Amanda Sanchez,Legal,91085
3524,Jessica Thomas,IT,66365
1344,Lisa White,Engineering,87770
6532,Jane Walker,Finance,143493
7121,Jessica Miller,HR,78141
8424,Mark Clark,Engineering,43526
3914,Matthew Thompson,Research,94203
2293,Donald Jones,Finance,94166
7096,Jennifer Wilson,Sales,115855
8898,Paul Lewis,HR,36779
9810,Donald Thomas,Research,126004
9774,Sarah Martin,Operations,40226
5728,Christopher Allen,Customer Service,129159
418,Jane Robinson,Finance,80619
2074,John Taylor,Marketing,57430
592,Sarah King,Marketing,81123
4546,David Anderson,HR,141054
9667,Robert Walker,Operations,145089
1435,Steven Walker,Research,135607
9992,Emily Martin,Legal,67873
3072,Michael Ramirez,Finance,92438
9168,Ashley Young,Marketing,37444
7613,David Anderson,IT,32026
4004,John Hernandez,Finance,97177
6331,Lisa Anderson,Sales,85669
2582,David Wilson,Customer Service,112474
5076,Karen Williams,Marketing,106278
3038,Anthony Clark,Finance,88926
3184,Dorothy Young,Engineering,77477
4566,Steven Johnson,HR,91586
2848,Michael Harris,IT,33433
6350,Betty Garcia,Engineering,59926
7351,Paul Williams,Operations,32923
6144,Lisa Garcia,IT,71160
9703,Karen White,Finance,61597
1422,James King,IT,95320
5684,Matthew Allen,Finance,58377
7654,Steven Walker,Engineering,84288
9207,Joshua Miller,HR,79501
3036,Daniel Lewis,Sales,89290
456,Emily Lopez,Customer Service,96877
4635,Karen Harris,IT,106307
424,Andrew Clark,Finance,136487
5434,Nancy Anderson,Research,89767
3500,Michael Perez,Customer Service,74941
6072,James Robinson,Finance,42194
7448,Steven Martin,Sales,33379
2105,Steven Clark,Marketing,67937
148,Elizabeth Robinson,Customer Service,58107
8859,Andrew Martin,Sales,146750
4152,Lisa Garcia,Customer Service,124030
8049,Anthony Brown,Legal,66367
7550,Lisa Perez,Engineering,142334
1221,Robert Garcia,Finance,114969
6810,Lisa Clark,Sales,145571
