EMP_ID,EMP_NM,DEPT_CD,SAL_AMT
4986,Michael Gonzalez,Sales,83120
9402,Amanda Clark,Research,113498
7991,Elizabeth Thomas,Finance,139952
2186,Joshua Brown,Engineering,116369
2415,Nancy Williams,Operations,46035
3080,Dorothy Lee,Operations,65500
9380,Nancy Perez,HR,31142
241,Michael King,Finance,95737
9314,Ashley Young,HR,136125
7949,Karen Clark,Engineering,78104
837,Anthony Garcia,Operations,65636
3010,Joshua White,HR,90136
5588,Steven Martin,Customer Service,88206
3071,Daniel Wilson,Sales,37958
4093,Sarah Robinson,Marketing,51128
427,Matthew Thompson,Finance,99217
8752,Matthew Davis,Operations,145334
7110,John Lopez,Research,59594
1887,Karen Jackson,HR,146153
8237,Nancy Garcia,Marketing,87010
2329,Elizabeth Anderson,Finance,32665
2657,Amanda Young,Research,82997
4529,Michael Thomas,IT,147734
9692,David White,IT,132281
3594,Emily Martinez,HR,90552
5174,Andrew Thomas,Engineering,120395
2783,Emily Thompson,IT,136221
2848,John Thompson,Legal,36802
2822,David White,Sales,125180
2702,Elizabeth Allen,Marketing,89524
7062,Matthew Lopez,Research,125525
5135,David Thomas,Marketing,90645
1510,James Williams,HR,40724
9773,Paul Thomas,Customer Service,144615
5054,Matthew Sanchez,Research,40319
1296,Jennifer Lopez,Operations,33143
6844,Jessica Harris,Finance,66258
567,David Lee,HR,132204
2182,Michael White,Customer Service,41165
4324,Steven Lee,IT,97760
6434,Matthew Walker,Marketing,89099
8602,Lisa Thompson,Sales,66476
5487,Joshua White,Sales,35130
7760,Karen Walker,Research,130358
341,Andrew Rodriguez,Marketing,106369
9090,Matthew King,Customer Service,121250
9846,Mark Sanchez,Legal,49422
6686,Mark Rodriguez,Sales,67264
1721,Sarah Hernandez,Customer Service,39993
9928,Joshua Johnson,HR,47173
2943,Donald Sanchez,Customer Service,53353
5801,Paul Brown,Sales,82818
2809,James Martin,Research,85007
8901,Robert Walker,Operations,105724
897,Deborah Hernandez,Research,88862
1253,Steven Jones,IT,89305
4739,Anthony King,Sales,103589
2528,Sarah Smith,Finance,45477
2847,Dorothy King,Customer Service,51318
4328,Elizabeth Perez,Operations,82202
9160,Robert Smith,Customer Service,50569
9692,Ashley White,Legal,34184
6737,Karen Miller,Marketing,51420
3295,Betty Martinez,Engineering,122927
7358,Anthony Garcia,Operations,104936
7431,Jane Robinson,Engineering,139817
5135,David Anderson,Finance,100798
662,Jessica Hernandez,Finance,149475
1519,Sarah Martin,Customer Service,108018
1209,Robert Lee,Research,142548
2781,Daniel Sanchez,Customer Service,109634
3250,Nancy Johnson,Operations,88192
3511,Joshua Brown,Operations,125518
5795,Jane Jones,Operations,38182
6905,Daniel Ramirez,Operations,94064
1793,Anthony Anderson,Marketing,133488
8947,Deborah Harris,Engineering,100199
3709,Lisa Sanchez,IT,32537
9565,Lisa White,Operations,40369
4570,Robert Harris,Research,30198
9240,Lisa White,HR,116808
1393,Steven Ramirez,Operations,136446
7618,Anthony Jackson,Research,128765
3953,Steven Moore,Finance,95307
879,John Thomas,Operations,105778
3069,Betty Miller,Sales,42649
9151,Karen Martin,Operations,99933
6905,Christopher Harris,Operations,80421
8276,David Jackson,Sales,41466
859,Christopher Lewis,HR,110978
5115,Paul Gonzalez,Customer Service,58403
8675,James Thompson,Marketing,49751
2100,Elizabeth Gonzalez,Marketing,57668
4466,Nancy Lewis,IT,94719
1663,Christopher Miller,Customer Service,86776
3468,Nancy Martin,Finance,66851
4179,Robert Rodriguez,Customer Service,114481
6287,Ashley Taylor,Finance,57027
7672,Steven Jones,HR,130325
1588,Mark Rodriguez,Marketing,115313
