EMP_ID,EMP_NM,DEPT_CD,SAL_AMT
1050,Steven Wilson,Operations,101004
5415,Anthony Jones,Engineering,108593
5809,Michael White,Finance,133125
1759,James White,Legal,39023
9898,Sarah Young,IT,99730
4232,Paul King,Legal,134888
6158,Elizabeth Smith,Marketing,63995
447,James Lee,Research,109082
4933,James Jackson,Sales,61831
2849,Jane Jones,Operations,127714
77,Betty Lewis,IT,51459
4150,Paul Harris,Finance,139189
7961,Robert Taylor,HR,93694
1222,James Anderson,Research,149856
4905,Nancy Moore,Marketing,84379
5958,John Martin,Sales,76652
8377,Emily Garcia,Legal,147091
9718,Donald Smith,Finance,118453
442,David Moore,Marketing,92007
7725,Deborah Smith,Finance,141739
1800,Jessica Williams,Operations,144644
7535,Nancy Garcia,Research,98923
1851,Lisa Anderson,Sales,140400
5742,David Harris,Sales,31963
8715,Jessica Johnson,Engineering,73045
3002,Dorothy Martinez,Engineering,131021
6196,Donald Martinez,HR,102430
679,Jennifer White,Finance,63833
3501,Jennifer Walker,Customer Service,89356
2353,Paul Davis,Marketing,139822
2210,Elizabeth White,Finance,52738
1836,Christopher Wilson,IT,102602
854,Matthew Smith,Engineering,149603
7401,Matthew Clark,Marketing,37641
3516,Deborah Lopez,Finance,117185
8456,Robert White,Operations,65437
7831,Dorothy Davis,IT,67094
3773,Betty Garcia,IT,86124
6226,Emily Perez,Operations,85986
939,Jennifer Gonzalez,Operations,87495
647,Emily Smith,Research,132993
6229,Matthew Clark,HR,106979
8680,Lisa Walker,Research,35813
5200,Anthony Lewis,IT,117095
8104,Dorothy Martin,Customer Service,112716
7891,Lisa Moore,IT,48709
7656,Karen Ramirez,Research,148281
617,Dorothy Anderson,Finance,91962
4104,Steven Martin,Marketing,34066
5131,Lisa White,Engineering,49803
5990,James Thompson,Research,109616
9695,Emily Johnson,IT,45140
544,David Perez,Legal,42571
7940,Elizabeth Johnson,Legal,84344
4951,Matthew King,Research,67373
6294,Betty Harris,Marketing,37646
60,Elizabeth Jackson,Legal,46590
9489,Betty Wilson,Engineering,47496
908,Elizabeth Williams,Customer Service,113109
3539,Jane Walker,Finance,64866
9108,Paul Clark,Legal,120584
9988,Sarah Thompson,Marketing,48335
7047,Daniel Sanchez,Engineering,141144
965,David Harris,Customer Service,71364
7679,Ashley Rodriguez,Sales,136363
2024,Jessica Lee,HR,41420
2268,Daniel Johnson,HR,123682
1078,Daniel Thompson,Sales,121268
8690,Mark Thompson,Research,141864
4616,Betty Walker,Customer Service,93011
605,Emily Moore,HR,114655
9823,Steven Thomas,Marketing,147704
5120,Lisa Miller,Research,144803
6910,Michael Rodriguez,Legal,89267
5929,Jessica Robinson,HR,140499
7336,Anthony Harris,IT,123307
39,Anthony Jackson,Finance,79906
3381,Deborah Taylor,Marketing,127967
5955,Deborah Robinson,IT,57813
7958,Donald Davis,Finance,115305
1954,Michael Gonzalez,Finance,124096
648,Daniel Walker,Marketing,33741
5147,Steven Clark,IT,36991
1224,Dorothy Wilson,Customer Service,47854
9604,Steven Rodriguez,Customer Service,110875
6865,Andrew Thompson,Finance,57507
7139,Christopher Gonzalez,IT,81187
4296,Matthew White,Customer Service,117346
5875,Elizabeth Robinson,Customer Service,119108
1358,Daniel Anderson,Sales,56806
6987,Donald Moore,Engineering,42175
1370,Sarah Brown,Operations,139232
2600,James White,Engineering,46057
411,Emily Perez,HR,45781
1747,Jane Miller,Legal,100049
2264,Donald Smith,Engineering,72369
3298,Lisa Lopez,Research,50716
4967,Christopher Smith,Finance,104606
8548,Christopher Lewis,Engineering,113134
1953,Mark Harris,Customer Service,104610
