C_ID,C_NAME,AGE_YRS,LOC_CD,REG_DT
2011,Mark White,18,San Diego,2025-10-04
1985,Steven Williams,20,Philadelphia,2020-07-16
8767,Jessica Clark,28,Fort Worth,2020-05-20
6439,Robert Thompson,26,Oklahoma City,2024-07-17
2238,Christopher Allen,63,Jacksonville,2024-10-02
3287,Jessica Davis,20,Boston,2023-09-16
8630,Ashley Garcia,55,San Francisco,2020-06-13
4730,John Ramirez,41,New York,2024-04-05
3860,Deborah Walker,54,Las Vegas,2021-04-23
4833,Christopher Clark,42,Phoenix,2024-01-22
673,Daniel Robinson,45,Nashville,2024-02-14
3722,Ashley Wilson,64,San Diego,2023-03-06
934,Jennifer Hernandez,41,Washington,2025-06-18
6539,Matthew Wilson,33,Tucson,2020-11-03
1436,Anthony Jackson,41,San Jose,2020-03-24
2820,Christopher Walker,28,Austin,2022-05-25
2196,Anthony Lewis,69,Kansas City,2020-06-07
2482,Anthony Clark,31,San Antonio,2020-05-27
3474,John Garcia,69,Kansas City,2021-08-11
8485,John Martin,51,Philadelphia,2021-01-25
4752,Daniel Davis,44,Oklahoma City,2021-10-18
221,David Young,44,Charlotte,2020-06-19
7980,Emily Gonzalez,58,San Antonio,2024-10-12
1754,Elizabeth Ramirez,43,San Diego,2025-03-10
1694,Lisa Perez,21,Louisville,2023-11-24
917,Ashley Perez,19,Indianapolis,2025-10-13
4789,Anthony Robinson,50,Columbus,2022-10-19
4778,Jessica Garcia,52,San Jose,2023-06-11
9275,Nancy Ramirez,30,San Jose,2023-11-27
1914,Deborah Davis,25,Indianapolis,2021-09-25
7745,Joshua Rodriguez,30,Denver,2020-10-23
418,Karen Garcia,51,Houston,2022-08-06
4390,Michael King,27,Dallas,2023-04-11
9837,Donald Miller,37,Oklahoma City,2023-04-19
5980,Sarah Lopez,31,Milwaukee,2021-12-13
2365,Lisa Martinez,52,San Diego,2025-12-17
2611,Jessica Johnson,31,Columbus,2025-03-27
9807,Daniel Ramirez,30,Seattle,2020-12-05
5852,John Robinson,21,Fresno,2023-04-28
5342,Jessica Sanchez,24,Philadelphia,2025-07-25
5990,Betty Martinez,20,Austin,2023-10-12
6025,Robert White,30,Oklahoma City,2022-09-15
2113,Paul Gonzalez,20,New York,2022-12-04
4848,Robert Thompson,33,Mesa,2024-12-03
1216,Lisa Martin,48,Nashville,2025-12-14
4084,Robert Martin,68,Chicago,2020-03-04
3818,Robert Thomas,35,Kansas City,2020-03-04
9291,Christopher Smith,53,Austin,2021-08-25
6286,Elizabeth Hernandez,32,New York,2023-05-02
3019,Betty Harris,27,Tucson,2021-08-22
5892,David Clark,53,San Antonio,2022-11-20
6451,Dorothy Rodriguez,28,Chicago,2024-11-19
5613,Betty Jackson,39,Fresno,2022-08-04
3449,Steven Martinez,25,San Antonio,2023-09-03
5560,Deborah Jones,43,Charlotte,2021-03-28
4931,Emily Sanchez,32,Dallas,2020-08-28
9965,Michael Ramirez,51,Denver,2023-12-18
6368,Donald Garcia,65,Austin,2020-02-24
2744,Anthony Thompson,48,Chicago,2025-02-14
4216,James King,55,Jacksonville,2025-03-20
1535,Betty Anderson,36,Sacramento,2021-04-03
7193,Lisa Lewis,69,Denver,2024-03-15
6878,Daniel Lewis,31,Indianapolis,2024-07-01
6030,Matthew Martin,33,Portland,2024-08-16
6826,Mark Young,48,New York,2020-10-01
4086,Jennifer Young,50,San Diego,2023-03-03
4353,Lisa Thompson,32,Dallas,2021-02-19
7291,Michael Robinson,61,Philadelphia,2023-12-15
8050,Dorothy Martinez,35,Las Vegas,2025-11-20
8519,Jessica Harris,59,Phoenix,2022-09-27
7399,Michael Hernandez,64,Denver,2020-12-19
493,Dorothy Perez,28,Los Angeles,2023-12-12
2334,Sarah Martinez,66,Austin,2021-12-03
1695,Robert Jackson,67,Kansas City,2025-08-12
5719,Emily Harris,57,Albuquerque,2024-10-21
