EMP_ID,EMP_NM,DEPT_CD,SAL_AMT
9412,Elizabeth Gonzalez,HR,139332
3877,Amanda King,Operations,107094
176,Christopher White,Engineering,44546
8209,David Smith,Operations,42999
2098,Karen Davis,Legal,83643
4413,Lisa Moore,Sales,117605
8022,Deborah Walker,Marketing,115176
7452,Jessica Smith,Customer Service,45573
1429,Jennifer Lopez,Finance,36565
3583,Anthony Johnson,Marketing,48755
6966,Anthony Gonzalez,Engineering,129063
1927,Ashley Ramirez,Research,67270
1317,Donald Thompson,Finance,135600
9684,Anthony Anderson,IT,52757
7281,Steven Lee,Engineering,116023
9117,Emily Thomas,Research,63679
7849,Steven Moore,Finance,118867
879,Mark Anderson,Engineering,96069
2188,Andrew Brown,Operations,41600
5618,Joshua Thomas,HR,79220
5823,Ashley Smith,HR,52379
5241,Lisa Martinez,HR,92991
9400,Andrew Allen,Legal,77781
3978,David Rodriguez,Legal,39512
4585,Emily Brown,Research,58321
5590,Deborah Thompson,Legal,130351
149,Christopher Martin,Marketing,43872
7619,Nancy Anderson,IT,92314
8327,Deborah Martin,Research,98465
8654,Robert Wilson,Customer Service,140128
8110,Daniel Lewis,Sales,116848
2777,Anthony Martin,Legal,124645
5217,Jessica Perez,IT,88500
2793,Michael Walker,Sales,131818
7454,Michael Moore,Operations,146822
585,David Garcia,Finance,76684
95,Karen Moore,Marketing,136285
1924,Jessica Harris,Operations,32277
6802,Robert Clark,Operations,92102
2929,Elizabeth Wilson,IT,50374
7051,Emily Lewis,Engineering,142326
8075,Jessica Clark,Finance,59314
4327,Amanda Rodriguez,Research,85789
9922,Lisa Smith,Operations,92275
494,Lisa Allen,Sales,111867
5651,Jessica Martinez,Legal,113193
8761,John White,HR,106707
7136,Matthew Wilson,HR,137630
7097,Elizabeth Perez,Engineering,83334
6566,Nancy King,Research,34436
4714,Emily Perez,HR,144968
3506,Lisa Sanchez,Marketing,110875
2179,James Davis,Finance,70398
3316,Ashley Harris,Finance,32837
7541,Michael Moore,Legal,56918
1027,Lisa Thomas,Legal,86346
3795,Michael Johnson,Sales,104003
7143,Karen Jones,HR,43001
8536,Lisa Allen,Legal,81852
1516,Elizabeth Smith,Engineering,106742
7431,Lisa Martin,Engineering,130637
9361,James Williams,HR,75679
6197,Andrew Perez,Operations,78066
3444,David Garcia,Operations,58172
4098,Jessica Martin,Engineering,33658
9730,James Perez,Operations,139506
5471,Lisa Young,Customer Service,55538
6695,Joshua Taylor,Research,35093
3171,James Smith,Customer Service,107578
4400,Betty Jones,Marketing,67818
3352,Donald Jackson,HR,115060
2846,James Brown,Finance,68114
2731,Steven Davis,Research,72883
819,Ashley Thompson,Engineering,128143
237,Nancy Jackson,Operations,50664
7573,Mark Harris,Legal,147052
1326,Betty Thomas,Finance,67108
7712,Anthony Thompson,Sales,107029
6248,David Clark,Research,102864
9035,Christopher Walker,Engineering,134913
8184,Robert Miller,Engineering,51757
9094,Michael Young,Engineering,64182
5749,Donald Miller,Marketing,87163
737,Michael Miller,IT,81510
2768,Joshua Rodriguez,HR,135617
2335,Mark Johnson,Finance,65630
5481,Matthew Johnson,Finance,139233
4298,Paul Jackson,Finance,117304
1519,Jennifer Rodriguez,HR,39535
6148,Dorothy Brown,Sales,111659
3871,Dorothy Miller,IT,127782
3914,Amanda Jones,Operations,88224
4728,Joshua Robinson,Customer Service,37607
5483,James Johnson,Finance,74920
1062,Jessica Thomas,IT,115205
8816,Emily Taylor,Finance,60867
8986,Emily Rodriguez,IT,69027
1273,Jessica Martin,Sales,103773
3463,Karen Ramirez,Operations,47759
8317,Joshua Harris,Operations,98258
