C_ID,C_NAME,AGE_YRS,LOC_CD,REG_DT
2017,Jennifer Lopez,29,Austin,2024-09-26
4588,Lisa Allen,23,Los Angeles,2022-04-16
1364,Amanda Lopez,48,Nashville,2025-04-12
5453,Lisa Gonzalez,36,Fort Worth,2025-01-23
5553,Anthony King,33,Washington,2023-09-03
5433,Paul Jones,22,New York,2020-05-12
3680,Nancy Ramirez,28,Albuquerque,2024-02-15
6931,Donald Taylor,52,Milwaukee,2024-11-10
6112,Robert White,66,Oklahoma City,2024-06-25
6896,Karen Taylor,64,Tucson,2024-12-06
4856,Deborah Robinson,54,Milwaukee,2025-06-22
4272,Sarah Lewis,54,Washington,2024-11-19
358,Jane Garcia,53,Indianapolis,2021-11-12
3928,Dorothy Young,51,Jacksonville,2024-04-12
8531,Mark Walker,44,Austin,2022-08-13
8028,Andrew Garcia,31,San Antonio,2025-10-16
148,Dorothy Gonzalez,36,Fort Worth,2020-08-12
5540,Anthony Perez,30,Boston,2023-08-25
2762,Betty Allen,24,Albuquerque,2020-02-14
4400,Dorothy Lewis,23,Houston,2020-04-24
7631,Dorothy Davis,20,San Francisco,2021-11-28
767,John Ramirez,21,Charlotte,2021-08-17
8644,Ashley Walker,60,Washington,2025-07-20
3713,Christopher Martinez,65,Milwaukee,2021-06-05
3857,Andrew Wilson,45,Baltimore,2025-11-10
1190,Elizabeth King,22,Chicago,2022-03-25
2744,Anthony Miller,53,San Antonio,2020-09-01
2369,Lisa King,67,San Diego,2024-08-02
9320,Karen Miller,35,Tucson,2024-09-18
7290,Donald Lee,23,Chicago,2021-08-10
1856,Ashley Martin,68,Sacramento,2021-09-08
2539,Betty Taylor,36,Sacramento,2020-08-07
6937,Steven Wilson,18,Dallas,2020-08-06
5976,Daniel Miller,19,Milwaukee,2023-03-17
467,Lisa Brown,31,Fresno,2020-01-12
3869,Ashley King,18,Washington,2023-01-23
680,Steven Sanchez,60,New York,2020-05-21
2739,Anthony Thomas,40,Oklahoma City,2022-12-27
2012,Steven Lopez,43,Philadelphia,2020-04-17
3383,Joshua Walker,41,Columbus,2025-01-19
8526,Lisa Walker,24,Las Vegas,2022-03-14
4543,Matthew Wilson,64,Denver,2020-07-08
1255,Christopher Davis,40,Oklahoma City,2024-11-16
1580,Anthony Brown,65,Phoenix,2023-03-01
6829,Emily Young,46,Las Vegas,2022-04-02
3283,Anthony Sanchez,40,New York,2023-02-21
793,Paul Young,52,Tucson,2020-01-22
3333,Jane Lewis,51,Mesa,2021-05-08
2143,Robert Jones,26,Austin,2025-08-10
4038,Anthony Clark,33,Dallas,2022-03-14
1143,Daniel Taylor,33,Indianapolis,2022-11-24
3198,Jane Thomas,29,Nashville,2020-07-09
3269,Emily Lopez,35,Louisville,2025-05-11
9585,Emily Garcia,57,Washington,2025-06-20
8080,Emily Taylor,63,San Jose,2023-10-19
863,John Taylor,19,Las Vegas,2025-10-25
4522,Christopher Thomas,62,San Francisco,2025-08-23
5724,Christopher Anderson,23,Philadelphia,2020-07-25
277,Karen Thompson,62,Sacramento,2025-09-22
1671,Elizabeth Robinson,41,Mesa,2020-01-05
5644,Michael Martinez,69,Columbus,2020-10-27
5111,Andrew Ramirez,67,New York,2021-02-10
5677,Ashley Gonzalez,49,Milwaukee,2024-04-28
1893,Lisa Anderson,40,Oklahoma City,2023-01-14
4030,John King,31,San Antonio,2024-03-24
3985,David Johnson,46,Los Angeles,2020-02-21
1177,Betty Ramirez,24,Denver,2024-08-02
3639,Daniel Lewis,65,Indianapolis,2020-09-20
5940,Amanda Smith,36,Indianapolis,2021-01-11
3728,Sarah Harris,40,Albuquerque,2020-08-24
3371,Jane Jones,44,San Jose,2023-07-18
8722,Matthew Taylor,30,Seattle,2023-01-01
1895,Steven Davis,42,Tucson,2024-06-21
9444,Steven Harris,63,Washington,2020-12-06
8617,Lisa Garcia,47,San Antonio,2023-02-08
