C_ID,C_NAME,AGE_YRS,LOC_CD,REG_DT
2680,Michael Thompson,19,Nashville,2025-04-27
5600,Mark Garcia,49,Philadelphia,2024-05-07
476,Mark Moore,33,Albuquerque,2024-10-06
8778,Mark Williams,34,Fresno,2020-06-19
766,Jennifer Williams,58,Chicago,2020-07-15
9437,James Lewis,48,Tucson,2023-02-11
6710,Matthew Williams,40,Houston,2025-01-07
3632,Jessica White,39,Nashville,2025-01-28
5933,Karen Walker,33,Austin,2025-06-17
6137,Lisa Martinez,29,Fresno,2022-05-02
8473,Lisa Harris,64,Charlotte,2025-05-25
9482,James Taylor,40,Mesa,2023-11-21
4988,Emily Sanchez,29,Baltimore,2022-12-09
5374,Elizabeth Moore,23,Baltimore,2025-05-14
9079,Jane Robinson,43,Chicago,2025-10-28
1239,Dorothy Garcia,48,Philadelphia,2020-02-15
1136,Anthony Thomas,48,Mesa,2024-06-10
167,Christopher Clark,31,Fort Worth,2021-06-05
2100,Nancy Johnson,54,Tucson,2023-05-23
6846,Donald Wilson,48,Las Vegas,2020-03-23
62,Daniel Thomas,70,Washington,2025-03-07
6716,Amanda Ramirez,35,San Francisco,2024-04-22
833,Lisa Thompson,35,Charlotte,2025-10-25
3638,Deborah Thomas,33,Phoenix,2023-03-03
1765,Jane Clark,25,Boston,2025-07-28
6344,Jessica Lee,61,Portland,2025-12-06
4919,James Harris,24,San Francisco,2020-05-15
1331,Paul Hernandez,20,Denver,2022-05-11
867,Donald Jackson,38,Seattle,2023-10-19
761,Jane Wilson,25,Austin,2022-08-02
316,Lisa Ramirez,65,Fort Worth,2020-05-16
156,David Gonzalez,48,Charlotte,2020-03-11
5784,Anthony Rodriguez,23,Seattle,2022-01-28
1243,Lisa White,43,Baltimore,2021-04-07
935,Lisa Walker,29,Washington,2021-03-02
5482,Matthew Davis,31,Charlotte,2024-09-24
7991,Jennifer Taylor,65,Charlotte,2024-04-10
5218,Robert Thomas,51,Las Vegas,2022-11-22
5231,Jennifer Clark,28,Portland,2025-08-07
5507,Anthony King,63,Houston,2023-02-17
5741,Paul Walker,53,San Diego,2021-08-28
2344,Jennifer Smith,55,Los Angeles,2024-01-18
2454,Amanda Johnson,41,Sacramento,2020-11-09
4681,Steven Miller,33,San Francisco,2020-04-28
1800,Michael Thomas,61,Mesa,2020-06-01
5994,Donald Wilson,40,Portland,2023-07-25
3565,Deborah Hernandez,49,San Francisco,2023-01-04
6698,Betty Anderson,67,Washington,2024-02-11
6377,Joshua Walker,39,Las Vegas,2025-10-08
6460,Sarah Martinez,58,Washington,2023-09-21
5941,Jennifer King,63,San Antonio,2022-05-28
9095,Jane Young,59,Fresno,2023-07-13
2183,David Martinez,21,Houston,2021-11-10
6781,Steven Sanchez,66,Seattle,2025-09-14
8359,Ashley Martinez,40,Jacksonville,2022-07-26
3532,Joshua Clark,67,Nashville,2023-02-23
6603,Jennifer Thomas,26,Baltimore,2023-10-18
3270,Nancy White,55,Indianapolis,2020-07-10
3176,Matthew Gonzalez,70,San Jose,2025-10-18
6092,Ashley Martinez,63,San Diego,2022-06-08
5890,Karen Harris,33,New York,2022-07-02
831,Ashley Wilson,21,Washington,2021-03-09
448,Karen Moore,31,Seattle,2023-05-02
8620,Michael Taylor,48,Louisville,2020-09-14
4174,Nancy Miller,42,Columbus,2023-02-08
6312,Robert Gonzalez,41,Fort Worth,2025-08-16
7619,Betty Martinez,52,San Jose,2021-04-18
1555,James Anderson,62,Philadelphia,2024-04-21
2416,Nancy White,68,Charlotte,2025-09-07
7942,Robert Smith,20,Baltimore,2023-01-16
3573,Lisa Sanchez,27,Columbus,2023-10-19
6776,Steven White,35,Albuquerque,2022-10-11
3001,Sarah Williams,56,Milwaukee,2022-11-03
701,Karen Lee,67,Milwaukee,2025-10-04
9856,Ashley Lopez,64,Chicago,2021-11-25
