EMP_ID,EMP_NM,DEPT_CD,SAL_AMT
2298,David Martin,Customer Service,94183
8022,Mark Ramirez,Legal,63927
3994,Donald Jones,Sales,74243
9613,Anthony Anderson,Legal,126933
2127,Elizabeth Thompson,Engineering,61747
6187,Daniel Hernandez,Research,43769
1353,Paul White,HR,121613
6190,Emily Taylor,Engineering,139464
400,Joshua Ramirez,Sales,89448
9595,Nancy Ramirez,HR,124367
9434,Lisa Sanchez,Finance,46680
4689,Joshua Johnson,Operations,114488
6527,Anthony Jones,HR,90907
8026,Michael White,Customer Service,98526
3032,Andrew Perez,Legal,121176
9673,Robert Lopez,IT,124721
2729,Amanda Lewis,Customer Service,81981
7331,Daniel Clark,Marketing,32637
1504,Michael Davis,Operations,138282
4485,Matthew Hernandez,Sales,75101
8910,Sarah Martin,Sales,107405
7838,Robert Ramirez,Engineering,44923
4893,Emily Lee,Legal,78801
5576,Jessica Lewis,HR,57800
9592,Joshua Rodriguez,Research,39852
3273,Jennifer Perez,Research,145864
3483,Elizabeth Clark,HR,35626
3168,Dorothy Young,Research,46565
57,David White,Operations,37931
2836,Lisa Thompson,Legal,116745
6530,John Martinez,Legal,56839
8210,Deborah Young,Legal,145157
1963,Deborah Taylor,Operations,32030
3715,Dorothy Thomas,Sales,61621
6839,Andrew Gonzalez,Sales,67209
9283,Paul Allen,Sales,43985
1843,James Anderson,Sales,46118
716,Robert Miller,Research,64264
2616,Michael Harris,Sales,55900
3602,Ashley Clark,IT,57806
1180,Paul Allen,IT,86196
222,Michael Ramirez,Operations,84813
4225,Deborah Walker,Legal,73864
8884,David Thompson,IT,124697
9523,Michael Smith,Engineering,94283
2309,Joshua Lee,Sales,39965
7650,John Lewis,Marketing,55802
5209,David Wilson,Operations,45773
9848,Nancy Anderson,HR,50295
1249,Anthony Martinez,HR,92397
6497,Ashley Jones,HR,98328
1240,James Perez,Research,113682
2400,Joshua Hernandez,Marketing,104708
3722,Jennifer Anderson,IT,58990
6700,Lisa Davis,Finance,70474
2852,Nancy Johnson,Operations,52536
391,Matthew Garcia,Research,36737
9224,Deborah White,Marketing,48493
72,Daniel Ramirez,HR,119018
151,Jessica Gonzalez,Marketing,41935
5051,Robert Taylor,HR,49466
5198,Dorothy Williams,Marketing,105004
7038,Dorothy Jones,Marketing,94300
8471,Sarah Hernandez,Sales,38168
3162,Betty Williams,Research,75723
1516,Karen Johnson,Legal,121036
1826,Jennifer Allen,Legal,99684
872,Robert Hernandez,Marketing,104697
5673,Donald Williams,IT,92568
265,Robert Robinson,Operations,112786
8970,David Perez,HR,99744
5899,Sarah Jones,Research,127605
6119,Steven Robinson,Legal,73341
5700,Anthony Brown,Customer Service,47225
7374,Robert Sanchez,Marketing,141953
6045,Betty Martinez,HR,91518
4518,James Gonzalez,Marketing,69579
1929,Michael Lewis,Operations,129748
5450,John Young,IT,139982
2066,Betty Perez,Customer Service,103175
5884,Dorothy Garcia,Marketing,70262
2,Deborah Jackson,Research,83722
7990,Betty Clark,Research,84982
1304,Paul Thompson,Customer Service,140633
6087,Jessica Rodriguez,Customer Service,95313
9618,Elizabeth Jackson,HR,60792
3303,Matthew Lopez,Engineering,48464
7992,Mark Taylor,Sales,110860
399,Dorothy Garcia,Operations,148986
9286,Daniel Anderson,Finance,43708
2598,Andrew Gonzalez,Marketing,37607
6200,Deborah Thomas,Sales,39691
4373,Lisa Jackson,Finance,124775
7530,Betty Harris,HR,81619
8098,Andrew Martin,Marketing,110296
3869,Ashley Lee,HR,106643
7096,Mark Moore,Legal,135987
8808,Paul Sanchez,Marketing,128699
9216,Mark Martin,IT,121490
9302,Ashley Robinson,Operations,70062
