C_ID,C_NAME,AGE_YRS,LOC_CD,REG_DT
7699,Emily Wilson,44,Sacramento,2024-09-28
9576,Nancy Clark,59,Chicago,2021-04-06
7341,Nancy Lewis,33,Baltimore,2025-01-12
2580,Robert Taylor,60,Louisville,2022-05-10
315,Paul Anderson,26,Columbus,2020-12-20
9685,Betty Lewis,33,San Diego,2020-05-04
4605,Ashley Lee,33,Fresno,2020-01-16
4337,Ashley Johnson,25,Kansas City,2022-05-16
4852,Mark Gonzalez,63,Nashville,2023-04-12
1151,Andrew Williams,63,Kansas City,2023-01-01
755,Michael Lee,56,San Jose,2024-03-20
2816,Robert Lee,59,Fort Worth,2022-04-20
973,Mark White,52,Mesa,2020-06-26
9415,Deborah Lewis,43,Phoenix,2020-04-14
954,Amanda Johnson,61,Fresno,2024-03-03
4235,Steven Young,31,Louisville,2020-03-12
1136,John Smith,20,Mesa,2025-12-14
1374,Donald Martinez,49,San Antonio,2025-05-08
6795,Nancy Martin,23,Las Vegas,2023-01-16
7672,Betty Clark,56,Denver,2020-06-19
378,Lisa Allen,35,Indianapolis,2023-08-10
6631,Nancy Williams,63,Chicago,2025-09-23
7205,Jane Martinez,57,Milwaukee,2024-05-17
4655,Sarah Garcia,47,Nashville,2022-09-19
2293,Matthew Wilson,31,Kansas City,2025-09-09
3305,John Young,68,Sacramento,2022-09-14
8236,Robert Allen,51,Denver,2025-09-04
8872,Christopher Hernandez,60,Austin,2020-08-23
9424,Lisa Lewis,62,San Diego,2024-02-17
343,Karen Davis,19,Oklahoma City,2025-01-18
7128,Ashley Lopez,64,Chicago,2020-05-16
378,Dorothy Smith,20,Fresno,2022-04-26
8935,Mark Miller,33,Austin,2024-08-25
8527,Michael Hernandez,61,Los Angeles,2022-05-12
7795,Steven Garcia,61,Las Vegas,2020-11-04
5743,Matthew Taylor,58,Tucson,2020-01-21
4552,Paul Sanchez,28,Phoenix,2020-04-10
8933,Jane Martinez,69,San Jose,2024-02-02
5818,Anthony Sanchez,31,Los Angeles,2020-03-09
9762,David Hernandez,22,Milwaukee,2025-06-01
6855,Paul Wilson,21,Nashville,2025-01-06
9891,John Thompson,37,Denver,2024-09-26
9927,Donald Lopez,31,Albuquerque,2022-10-18
6015,Emily Jones,54,San Diego,2021-04-19
3415,James Clark,19,Washington,2023-01-26
829,Donald Gonzalez,41,Indianapolis,2020-04-25
7673,Christopher Anderson,58,Mesa,2025-11-02
1734,Sarah King,49,San Diego,2022-10-17
2591,Emily Clark,53,San Francisco,2023-08-24
4181,Ashley Anderson,50,Kansas City,2020-01-14
4037,Nancy Taylor,29,San Antonio,2023-02-01
9898,James Jones,68,San Francisco,2022-02-20
1091,Steven Williams,38,Indianapolis,2020-11-09
4319,Deborah Clark,53,Columbus,2022-09-06
5689,Christopher White,26,Chicago,2022-02-12
9898,Donald Thomas,25,Denver,2025-10-11
3211,Michael Young,60,Dallas,2020-10-02
6258,James Taylor,27,Fresno,2023-03-12
1358,Emily Smith,41,Mesa,2022-10-06
4897,Betty Martin,62,Houston,2023-08-21
883,Elizabeth Martinez,61,Philadelphia,2020-02-21
9752,Nancy Robinson,36,Jacksonville,2020-05-27
3709,Lisa Young,45,Chicago,2022-02-10
4989,Christopher Anderson,45,Dallas,2022-02-20
2614,Lisa Thompson,33,Fort Worth,2023-11-12
3611,Anthony Jackson,64,Fresno,2025-07-15
4370,Lisa Sanchez,64,Los Angeles,2024-02-01
8741,Dorothy Johnson,50,Columbus,2021-11-18
2753,John Davis,46,Tucson,2025-12-15
8837,Jane Jones,63,Sacramento,2025-09-25
1323,John Walker,38,Mesa,2024-11-01
2931,Betty Lopez,38,Phoenix,2020-06-12
6129,Steven Anderson,67,San Francisco,2023-12-26
7870,Michael White,61,San Antonio,2022-01-23
7005,Karen Johnson,58,Chicago,2025-05-01
