EMP_ID,EMP_NM,DEPT_CD,SAL_AMT
2304,Ashley Harris,Research,61297
3772,Donald Allen,Research,81403
934,Sarah Lopez,Sales,53275
5286,Mark Moore,Research,72567
3713,Elizabeth Smith,Sales,144331
3995,Sarah Clark,Engineering,107597
5860,Mark Moore,IT,62756
8008,Amanda Thompson,HR,66480
4437,Paul Robinson,Sales,72207
8882,Nancy Taylor,Legal,85893
1350,Jane White,Customer Service,63521
4263,Sarah Gonzalez,Marketing,121878
3444,Lisa Ramirez,Finance,45036
5883,Jane Martin,Engineering,92265
9702,Emily Rodriguez,Operations,119142
6613,Paul Perez,Marketing,35377
5748,Ashley Young,Marketing,61790
5005,Jessica Thomas,Marketing,55014
4942,Sarah Martinez,Legal,93727
2747,Jennifer Miller,Customer Service,57022
6393,Michael Jones,HR,140837
3920,Joshua Martin,Sales,47085
7439,Lisa Brown,Sales,130891
2618,Andrew Walker,HR,128621
9462,Lisa Rodriguez,Legal,83315
2852,Jennifer Miller,HR,108918
1039,Amanda Jones,Engineering,62495
3110,Elizabeth Smith,Marketing,102057
8383,Jessica Allen,HR,127225
241,Matthew Allen,Legal,48443
8554,John Taylor,IT,55300
4185,Paul Taylor,Engineering,130497
4747,David Martinez,HR,120159
3246,Nancy Robinson,Marketing,41218
4936,Ashley Martin,Legal,108457
6489,Nancy Harris,Operations,122530
3623,Robert Rodriguez,Customer Service,98989
8554,Mark Gonzalez,Sales,44736
9644,Andrew King,Research,79701
682,James Young,Marketing,78522
4744,Karen Gonzalez,Legal,53301
8292,Robert King,HR,146840
8829,Ashley Johnson,Engineering,143141
9098,Betty Walker,Operations,132981
4595,Andrew Allen,Marketing,146687
9487,Emily King,Research,41253
3756,Steven Allen,Engineering,59523
450,Michael White,IT,117876
9171,Ashley Smith,Engineering,122229
5203,Joshua Allen,Finance,120548
2050,Michael Thomas,Customer Service,97583
7515,Ashley Smith,HR,69983
4972,Betty Walker,Sales,118048
5800,Daniel Smith,Engineering,141651
3507,Daniel Davis,Operations,109527
3625,John Williams,Engineering,146693
7884,Betty Jackson,Operations,30292
2576,David Johnson,HR,53546
5051,Donald Sanchez,Operations,97985
15,Lisa Martinez,Customer Service,148487
3849,Donald Young,Marketing,88354
6399,Paul Lee,Engineering,141031
9634,James Smith,Operations,79960
2102,Mark Gonzalez,Research,66551
5307,Emily Thompson,Customer Service,49753
4516,James Wilson,Operations,74476
846,Andrew Clark,HR,134795
7863,Karen Moore,Customer Service,73960
836,Deborah Johnson,Sales,128070
9923,Dorothy Martinez,HR,39787
6563,Paul Lopez,Research,43071
5938,Joshua Johnson,Engineering,124785
3784,Ashley Perez,Engineering,134874
4550,Deborah Lee,Engineering,66503
6790,Elizabeth Harris,IT,123317
9683,Andrew Harris,Finance,102488
704,Jennifer Lee,Marketing,49968
1986,Deborah King,Sales,124918
3450,Matthew Garcia,Engineering,86728
3391,David Walker,Marketing,120432
376,Ashley Sanchez,Finance,115023
1868,Joshua Martinez,Research,69249
6621,Ashley Lopez,IT,71049
7923,Lisa Williams,Operations,39591
6868,Daniel Ramirez,Marketing,86774
9040,John Martin,Marketing,44831
7774,David White,IT,42487
4477,Matthew Walker,HR,59115
191,David White,Finance,131833
9641,Karen Clark,Marketing,31599
5873,Daniel Miller,Marketing,107547
4245,Amanda Young,Customer Service,31008
2755,Anthony Harris,Legal,66520
5211,Anthony White,HR,147261
634,Steven Davis,IT,73801
7070,Elizabeth Jones,Finance,63112
7057,Andrew Sanchez,Operations,47781
1232,James Martinez,Operations,42777
6599,Anthony Rodriguez,Operations,57297
8685,Steven Davis,Research,138580
