EMP_ID,EMP_NM,DEPT_CD,SAL_AMT
1350,James Harris,Research,139762
3814,John Allen,Finance,85477
7226,Ashley White,IT,104787
996,Donald Martin,Legal,120319
6014,Michael Young,IT,60794
7208,Lisa Smith,Research,149130
4079,Daniel Gonzalez,Engineering,130723
9183,Elizabeth Thomas,Sales,61149
9820,Christopher Harris,Finance,95613
8918,Betty Ramirez,Legal,47642
6545,John Hernandez,HR,120690
9946,Ashley Jackson,HR,96159
7239,Ashley Ramirez,Marketing,105786
3300,Donald Martinez,Research,115265
9463,Matthew Thompson,Legal,34766
4809,Matthew King,HR,85227
2003,Lisa Lewis,Research,80070
5594,Robert Jones,Research,135394
4483,Sarah Gonzalez,Marketing,33812
3692,John Jackson,Marketing,95320
7775,John Sanchez,Sales,98621
2482,Donald Jackson,Customer Service,131232
6924,Paul Davis,Customer Service,77315
4479,Joshua Moore,IT,149011
9023,Amanda Hernandez,Legal,115732
3143,James Garcia,HR,117545
9761,Jane Allen,Research,132330
5466,John Wilson,Finance,79440
9659,James Anderson,Sales,127374
3527,Dorothy Taylor,Research,60946
1292,Donald Harris,IT,98816
6717,Amanda Hernandez,Research,59344
9946,David Jackson,Operations,105350
474,Elizabeth Martinez,Engineering,36971
5766,Mark Rodriguez,Customer Service,128838
223,Steven Wilson,Customer Service,128272
6056,Christopher Thompson,HR,53208
1236,James White,Operations,67411
1777,Steven Moore,HR,39594
2162,Jennifer Rodriguez,Research,75367
7148,Joshua Anderson,IT,30396
3634,Deborah Thomas,HR,143362
4587,Robert Gonzalez,Operations,100870
2061,Anthony Sanchez,Sales,139282
2092,Lisa Gonzalez,Operations,63023
7454,Nancy Thompson,Customer Service,140705
4069,Sarah Ramirez,Finance,94221
3782,Donald Davis,Finance,112207
5349,Emily Rodriguez,Sales,138990
5661,Dorothy Robinson,HR,97644
1606,Elizabeth Lee,Engineering,45646
7100,Sarah Walker,Marketing,38578
8851,Nancy Martin,Research,131443
3376,Emily Taylor,IT,47046
86,Andrew Taylor,Marketing,93511
6739,Amanda Jackson,Operations,61794
1195,Betty Thomas,Engineering,56419
2981,David Garcia,Engineering,137851
1380,Joshua Williams,Customer Service,30081
6271,Mark Allen,Research,98259
1283,Robert Martinez,Finance,123577
9980,David Jones,Sales,140457
3571,Lisa Garcia,Marketing,57868
1684,Elizabeth Wilson,Finance,33716
555,Jane Young,HR,140129
6799,Betty Robinson,Sales,130379
9800,Steven Thomas,Research,70141
7004,Betty Lopez,Sales,65847
1730,Ashley White,Research,111000
5653,Amanda Davis,Customer Service,49326
6854,Deborah Jones,Finance,85217
185,Joshua Walker,Finance,113675
5636,Betty Sanchez,IT,124497
1230,Dorothy Johnson,Finance,96652
9430,Amanda Perez,Finance,46577
6542,Jane Taylor,HR,121402
1999,Ashley Young,Marketing,70763
9909,Jennifer Lee,Operations,36498
7812,Steven Allen,Legal,83935
7934,Jane Clark,Marketing,41929
9792,Amanda Harris,Marketing,39663
3037,Paul Jackson,Legal,75926
7150,David Taylor,Operations,74081
4015,Nancy King,HR,107710
4678,Nancy Anderson,Legal,39157
8008,Lisa Jackson,Operations,65352
5325,Sarah Miller,Customer Service,138333
9635,Daniel Martinez,IT,146455
2811,Mark Anderson,HR,113417
2766,John Smith,Finance,40655
3700,Amanda Thomas,Customer Service,116352
1339,James Thomas,Marketing,142840
7335,Emily Wilson,Finance,50359
8846,Anthony Martin,Operations,106431
7512,Michael White,Sales,133461
1274,Donald Brown,IT,36487
1939,Jane Lee,Research,94948
9509,Jessica Martinez,Marketing,138283
776,Mark Perez,Sales,76457
3436,Christopher Thomas,Sales,118564
