C_ID,C_NAME,AGE_YRS,LOC_CD,REG_DT
113,Paul Harris,69,Columbus,2023-08-11
1625,Jane Hernandez,61,Tucson,2025-05-27
8905,Paul Johnson,44,Jacksonville,2021-08-25
4886,Daniel Davis,62,Indianapolis,2020-06-06
2440,Jennifer Perez,57,Washington,2021-01-25
9984,Anthony Gonzalez,24,Jacksonville,2023-06-06
4440,John Harris,48,Washington,2023-05-07
1876,Paul Jones,66,Phoenix,2021-09-09
5671,Elizabeth Hernandez,33,Las Vegas,2023-02-28
8415,Jessica Garcia,42,Washington,2022-01-28
118,Andrew Martin,36,Boston,2023-06-04
9848,Amanda Davis,29,Austin,2025-11-26
9509,Amanda Young,63,Indianapolis,2021-06-03
6817,Deborah Sanchez,50,Houston,2025-08-17
1702,Daniel Rodriguez,20,San Antonio,2025-02-19
7095,Betty Perez,55,Phoenix,2021-04-17
5403,Amanda Gonzalez,35,Austin,2023-10-07
1963,Michael Brown,62,Columbus,2025-05-02
801,Jennifer Rodriguez,23,San Jose,2024-11-19
7206,Jennifer Garcia,42,San Francisco,2020-01-15
6296,John Clark,26,Jacksonville,2023-02-26
2416,Andrew Wilson,38,Louisville,2025-09-14
3753,Deborah Moore,69,Los Angeles,2021-12-20
1778,David Moore,37,Chicago,2024-02-19
2505,Dorothy Hernandez,62,Tucson,2024-01-18
5579,Robert Clark,26,Austin,2024-05-04
8822,Jennifer Martin,22,Baltimore,2021-10-09
4487,Steven Clark,42,Denver,2022-03-21
501,Anthony Sanchez,33,Portland,2025-03-11
200,Jane Lewis,68,Dallas,2025-12-12
5792,Lisa Ramirez,22,Boston,2023-07-15
1747,Joshua Sanchez,44,Portland,2024-04-20
5982,Lisa Jackson,65,Austin,2020-04-22
6018,Elizabeth Miller,60,Fort Worth,2025-07-28
4465,Michael Wilson,62,San Francisco,2022-06-11
2694,Andrew Moore,56,Milwaukee,2020-09-15
8992,Christopher Taylor,44,Baltimore,2020-10-04
7511,Paul Lewis,39,Boston,2025-07-16
8536,Andrew Taylor,66,Oklahoma City,2020-10-06
1473,Robert Garcia,55,Albuquerque,2021-05-02
4564,Jane Clark,56,Washington,2024-09-19
658,Anthony Young,64,Baltimore,2023-08-24
3136,Robert Brown,23,Austin,2025-10-05
5642,Donald Brown,46,San Francisco,2024-03-02
115,Jennifer Sanchez,39,Dallas,2024-06-09
4626,Jessica Johnson,18,Las Vegas,2022-02-28
4608,Lisa Martinez,65,Las Vegas,2025-05-02
760,Robert Johnson,44,Kansas City,2020-10-24
8247,Dorothy Robinson,46,Charlotte,2025-09-24
3938,Robert Walker,23,San Antonio,2024-01-28
6063,Anthony Thomas,67,Sacramento,2023-07-05
9702,Sarah Martinez,58,Albuquerque,2025-02-07
9439,Deborah Allen,56,Houston,2024-10-23
9931,Daniel Sanchez,52,Mesa,2023-12-19
8633,Karen Martinez,56,Kansas City,2024-09-06
7975,Daniel Martin,32,San Jose,2021-07-01
835,Ashley Martin,65,Oklahoma City,2024-10-16
462,Deborah Jones,67,Oklahoma City,2022-01-15
5631,Paul Garcia,59,Tucson,2022-07-02
4321,Karen Wilson,47,Fort Worth,2023-12-25
9788,Emily King,67,Baltimore,2021-09-28
278,Mark Brown,62,Philadelphia,2023-03-18
8323,Matthew Perez,68,Tucson,2023-10-22
8790,Ashley Johnson,22,New York,2020-07-16
3625,Dorothy Wilson,69,Austin,2024-03-24
9777,Lisa Johnson,55,San Antonio,2021-08-13
6578,Amanda Robinson,39,Tucson,2025-10-09
3058,Donald Martin,42,San Diego,2022-02-17
5088,David Davis,58,Seattle,2025-08-04
9823,Nancy Hernandez,55,Columbus,2024-01-27
5800,James Anderson,65,Nashville,2022-06-03
1534,Dorothy Thompson,30,Washington,2022-05-24
2379,Jessica Walker,23,Baltimore,2024-05-09
5413,Deborah Rodriguez,59,Charlotte,2024-12-26
7538,Lisa Taylor,23,Columbus,2021-10-06
