EMP_ID,EMP_NM,DEPT_CD,SAL_AMT
4013,Deborah White,HR,89768
8836,Steven Robinson,Customer Service,130125
7732,Karen Ramirez,Sales,65299
3444,Karen Johnson,Operations,115784
3472,David Lopez,IT,66915
3624,Ashley Thomas,Marketing,47992
6924,Donald Lee,Engineering,41261
5711,Sarah Hernandez,IT,60217
6256,Nancy Jackson,Customer Service,60933
4481,Ashley Garcia,Marketing,101983
1931,Betty Johnson,IT,124081
6741,Lisa Moore,Research,79679
5006,Joshua Sanchez,HR,86772
7472,Donald Sanchez,Finance,143438
76,Donald Smith,Engineering,78119
1999,Lisa Robinson,Sales,103028
5309,James Jackson,HR,140104
3138,Sarah Walker,IT,74357
5524,Betty Rodriguez,Engineering,48413
5121,Steven Moore,Operations,58004
9015,Christopher Smith,Sales,134522
1499,Paul Miller,HR,55254
5489,Joshua Martinez,Engineering,136774
1356,Paul Allen,Research,130111
2026,Ashley Sanchez,Sales,136326
7870,Steven Moore,Legal,31538
9363,Amanda Garcia,Sales,33708
4044,Deborah Harris,Customer Service,42987
9536,Donald Clark,Customer Service,42560
7640,Elizabeth Rodriguez,Finance,94421
7390,Sarah Walker,Finance,130469
7229,Jane Harris,Marketing,71845
3014,Donald Lee,HR,92773
9044,David Thompson,Legal,147574
4347,Elizabeth Clark,Research,103514
3848,Daniel Taylor,IT,64339
3373,Lisa Ramirez,Engineering,86060
4633,Nancy Moore,Legal,124234
2766,Robert Martinez,Marketing,107512
2226,Jessica Ramirez,IT,44677
9494,Dorothy White,Legal,30498
6495,Mark Lee,HR,115611
6951,Nancy Brown,IT,106942
8522,Steven Lee,Marketing,43639
3844,Deborah Harris,Finance,117546
8665,Jessica Young,Operations,88582
20,Jane Lopez,Marketing,41526
7754,Daniel Rodriguez,IT,145321
8744,Anthony Sanchez,Sales,65209
2648,Daniel Thompson,IT,106883
5192,Lisa Sanchez,Finance,92864
4768,Amanda Thomas,Marketing,45345
1393,Emily King,Research,146277
8332,Jennifer Wilson,IT,32504
1925,Michael King,HR,111692
8515,Emily Jones,Customer Service,129903
8790,Anthony Anderson,Legal,64030
7871,Karen Moore,Customer Service,129276
4291,Deborah White,Marketing,80764
1514,David Williams,Operations,72815
2917,David Johnson,Customer Service,36584
6036,Mark Thompson,Legal,38659
1636,Daniel Hernandez,Customer Service,118758
7734,Jane Lewis,HR,127946
1536,Mark Ramirez,IT,60234
4069,Sarah Lopez,Finance,35707
8334,Steven Thompson,HR,45360
693,Lisa Gonzalez,Finance,43433
4009,Anthony Martinez,Legal,93239
1342,Christopher Lopez,IT,94975
5729,Anthony Lopez,Sales,116485
1421,Daniel Lopez,Operations,88717
7142,Paul Perez,Engineering,70823
8047,Joshua Hernandez,Legal,107171
3122,Betty Garcia,Operations,49103
9179,Jessica Johnson,Marketing,108692
280,Donald White,Finance,69761
4624,Deborah Ramirez,HR,62472
6348,Donald King,Research,76051
8259,Michael Martinez,Engineering,40110
174,Amanda Miller,Finance,135259
2154,Sarah Sanchez,Finance,97623
1933,John Rodriguez,Sales,129231
7879,Karen Gonzalez,Legal,43307
8813,Dorothy Moore,Legal,61935
3351,Mark Taylor,Research,56719
3310,Michael Thomas,Legal,48835
3324,Andrew Martinez,Marketing,81955
6023,Matthew Williams,HR,90505
3070,Lisa Martin,Sales,83329
8683,Emily Lewis,Customer Service,128915
3831,Steven Jones,Marketing,52114
1916,Donald Johnson,Operations,49826
554,Paul Davis,Customer Service,97074
7594,Anthony Walker,Finance,105796
9097,Steven Smith,Engineering,119906
9775,Dorothy Jackson,HR,58654
6709,Sarah Gonzalez,Engineering,93952
3943,Matthew Harris,HR,71272
7162,Paul Thomas,HR,92002
