EMP_ID,EMP_NM,DEPT_CD,SAL_AMT
7185,Emily Johnson,Sales,98891
189,Dorothy Martin,IT,111007
6624,Anthony Davis,Operations,86785
1878,Andrew Robinson,Customer Service,145991
3640,Jessica Lee,Legal,99797
2026,Jennifer Johnson,Sales,63394
8960,James Lopez,Legal,122600
8346,Elizabeth Harris,Legal,55520
751,Daniel Davis,Engineering,115890
7191,Anthony Lopez,Research,122156
9501,Deborah Brown,Marketing,51825
5850,Ashley Smith,Engineering,51599
6867,Elizabeth Taylor,Sales,110757
385,Elizabeth Taylor,Finance,112849
8085,Karen Clark,Customer Service,125106
8011,Christopher Martinez,Finance,145975
5992,Mark Gonzalez,Engineering,146532
7491,Daniel Martinez,IT,54524
6033,Paul Taylor,Marketing,127076
1992,Amanda Martin,Finance,145872
7625,James Hernandez,IT,94285
6988,Robert Allen,Marketing,131094
1288,David Anderson,Sales,41360
9773,Dorothy Perez,Research,101285
9906,Elizabeth Anderson,Operations,44063
9414,Jane Jackson,Legal,48587
2858,Mark Perez,Operations,59432
4258,Joshua Smith,Research,31238
7832,Christopher Rodriguez,Marketing,66145
9695,Christopher Martinez,Research,85020
3709,Robert Perez,Sales,39784
6732,Elizabeth King,Finance,100510
8557,James Wilson,Operations,146495
8397,Michael Martinez,HR,85203
967,Jane Gonzalez,Legal,98209
3710,Robert Robinson,IT,64153
3399,Betty White,Research,53296
8262,Jane Davis,Sales,95485
9065,David Miller,HR,98707
1095,David Young,Legal,97491
8705,Nancy Lee,Legal,64855
6806,Jessica Rodriguez,HR,31441
3525,Anthony Hernandez,HR,103855
4591,Jane Harris,Engineering,132778
4954,Sarah Jones,Engineering,77200
9595,Amanda Clark,Finance,72126
9451,Lisa Robinson,IT,63190
7368,Deborah Jackson,Legal,61812
6678,Matthew Thomas,HR,91017
155,John Moore,Research,140536
6897,Lisa Martin,HR,94780
3537,Andrew Ramirez,Research,120464
4025,Amanda Davis,Engineering,135953
3418,Sarah Johnson,Engineering,133103
3331,James Jones,Finance,106606
3852,Sarah Jackson,Operations,95433
3735,David Martinez,HR,63764
2437,Ashley White,Research,100399
4477,David Brown,HR,67486
2350,Amanda Anderson,Sales,75445
5841,Ashley Jones,Sales,110170
2154,Deborah Anderson,Sales,107324
8678,Daniel Sanchez,Sales,115172
2025,Joshua Martin,Marketing,87906
6997,Robert Brown,Marketing,89237
294,Matthew Thompson,Research,34513
2691,Matthew Martin,Legal,144318
8905,Sarah Miller,Legal,118291
1279,Lisa Rodriguez,Sales,49849
6277,Lisa Clark,IT,35417
4020,Mark Thomas,Research,61779
273,Steven Clark,Marketing,100077
2600,Mark Ramirez,Research,77023
4204,James Johnson,Sales,136953
3354,Robert Brown,Legal,97212
9907,John King,Operations,109785
3519,Jennifer Gonzalez,Operations,104612
7831,Michael Moore,Finance,81646
9707,Christopher Garcia,Customer Service,70796
1621,John Rodriguez,Legal,135848
8332,Betty Miller,Research,32944
5502,Daniel Lewis,Engineering,143329
5430,Daniel Jones,Engineering,98950
2146,John Walker,Operations,81694
6984,Jennifer Allen,Finance,92011
7868,Steven Thompson,Research,83147
3687,David Davis,Operations,129392
7248,Andrew Johnson,Research,38621
7457,Andrew King,HR,54947
4268,Robert King,Sales,147863
422,Joshua Sanchez,HR,111990
272,Mark Sanchez,Sales,133760
6469,Elizabeth Allen,Customer Service,81210
2925,Matthew Harris,HR,71311
5866,Deborah White,Operations,134715
7507,Christopher Garcia,IT,122305
7506,Sarah Lopez,HR,71546
3627,Steven Harris,Research,57511
5573,Lisa Anderson,Operations,57042
7187,Dorothy Rodriguez,Customer Service,47458
