EMP_ID,EMP_NM,DEPT_CD,SAL_AMT
3638,Mark Williams,Engineering,129002
7054,Amanda Taylor,HR,109778
9723,Paul Martinez,Customer Service,117099
9872,Deborah Jackson,Sales,37166
7704,Daniel Hernandez,Research,146297
504,Matthew Lee,IT,65048
1140,Amanda Clark,Sales,122616
4742,Ashley Hernandez,Research,52360
2528,Sarah Lee,Engineering,57137
930,Emily Jackson,IT,76066
6892,Deborah Clark,Engineering,38082
5762,Christopher Thomas,Operations,30608
4794,Christopher Gonzalez,Engineering,96405
5951,Emily Garcia,Engineering,139547
6381,Nancy Jones,Legal,134237
6568,Christopher Brown,Marketing,146170
9527,Jessica Anderson,Sales,149678
1991,Karen King,IT,110256
7946,Steven Young,Engineering,90646
6097,Christopher Anderson,Operations,34143
2228,Amanda Lewis,Legal,90837
3237,Jane White,IT,98074
7515,Lisa Smith,Marketing,38689
6668,Steven Ramirez,Legal,125298
1633,David Williams,HR,56924
6003,Amanda Miller,Engineering,65738
9720,Steven Lee,Engineering,38294
4926,Steven Thompson,Research,62880
5564,John Johnson,IT,47513
6034,Deborah Lewis,Customer Service,33674
7338,Nancy Gonzalez,IT,113800
1899,Matthew Brown,Operations,46757
6930,Elizabeth Clark,Finance,94998
3065,John White,Sales,77281
122,Emily Harris,Sales,134585
3077,Steven Brown,Sales,63233
8398,John Lewis,Sales,94926
4860,Jane Rodriguez,HR,76515
9154,Andrew Perez,Legal,106311
1147,Elizabeth Walker,Legal,109170
6891,Deborah Wilson,IT,145027
8996,Sarah Taylor,Finance,107516
1283,John Moore,Legal,127752
3491,Michael Taylor,Finance,61797
279,Elizabeth Taylor,Operations,50921
1026,Betty Smith,Research,122765
8773,Dorothy Brown,Research,54250
8564,Paul Lopez,Operations,125126
6070,Sarah Taylor,Customer Service,149418
692,Robert Lewis,Finance,97709
7403,Christopher Hernandez,Operations,112382
7156,Steven Martinez,Customer Service,50463
8805,Ashley Martinez,Marketing,63516
2622,Donald Gonzalez,Engineering,42569
1096,Emily Allen,Finance,143514
9380,Andrew Wilson,Customer Service,112981
4040,Mark King,HR,119726
3241,David Lewis,Legal,108795
9713,Ashley Garcia,IT,119171
5673,Amanda Brown,Finance,49985
7101,Jessica Ramirez,Operations,89256
9587,Anthony Allen,Customer Service,46318
2721,John Jones,IT,127573
7473,Karen Thomas,Engineering,59100
2514,Donald Gonzalez,Research,33531
2288,Lisa Robinson,Sales,73067
6537,Jennifer Williams,IT,36342
9431,Robert Brown,Engineering,90566
7124,Lisa Moore,Customer Service,119191
6808,Jessica Garcia,Engineering,127628
7762,David Harris,Research,32263
6098,Andrew Ramirez,Sales,59642
786,Andrew Williams,Legal,149687
6221,Joshua Allen,Legal,53353
2916,Ashley Taylor,HR,87416
777,Christopher Wilson,HR,97897
6363,Andrew Brown,Research,104446
5912,Matthew Thompson,Research,105076
2468,Ashley Ramirez,Engineering,87917
7863,John Davis,Finance,97411
159,Dorothy King,IT,45577
6734,Dorothy Hernandez,Legal,121849
5313,Emily Jackson,IT,114013
5824,Karen Young,Finance,41531
2300,Jessica Anderson,Customer Service,54171
2843,John Robinson,Marketing,100606
7006,Robert Martinez,Marketing,145209
8247,Betty White,Finance,45040
3848,Daniel Jackson,Research,35170
6717,James Anderson,Sales,31807
1343,Andrew Anderson,IT,80338
7149,Jessica Davis,Operations,61498
6033,Ashley Taylor,Operations,112332
5844,Jessica Thomas,Marketing,103039
3219,Amanda Martin,Legal,36125
2723,Elizabeth Harris,IT,65063
7181,James King,HR,71930
983,Paul King,Finance,41915
594,Steven Ramirez,Sales,142889
1932,Jane Jackson,Research,92898
