C_ID,C_NAME,AGE_YRS,LOC_CD,REG_DT
4008,James Martin,62,San Jose,2021-03-19
7881,Anthony White,18,Mesa,2023-04-01
256,Dorothy Jones,69,Nashville,2022-12-12
941,David Williams,39,New York,2024-10-01
8171,Paul Gonzalez,46,Fort Worth,2024-02-18
714,John Davis,58,Fresno,2024-09-11
9244,Lisa Miller,26,San Diego,2021-12-15
4180,Emily Jackson,52,Tucson,2025-07-24
5297,Steven Davis,68,Jacksonville,2022-06-15
994,John Taylor,47,Jacksonville,2022-04-17
9646,Matthew Taylor,24,Charlotte,2025-02-03
2573,Betty Walker,20,Las Vegas,2020-09-13
8908,Mark Lewis,43,Denver,2024-02-26
4293,Karen Clark,56,Seattle,2023-02-09
3201,John Lopez,67,Mesa,2020-12-16
1692,Jane Sanchez,24,Albuquerque,2025-10-05
5958,Jane Garcia,27,Dallas,2023-11-04
5315,James Thompson,68,Sacramento,2024-04-21
693,Jessica Harris,59,Tucson,2023-11-14
1340,Jessica Garcia,65,San Diego,2023-01-06
1364,Dorothy Robinson,39,Las Vegas,2025-04-02
1457,Andrew Garcia,55,Boston,2020-09-27
7789,Sarah Davis,69,Houston,2021-12-27
1918,Emily Young,35,Sacramento,2020-08-02
441,Elizabeth Taylor,52,San Jose,2023-02-27
3855,Emily Miller,46,Oklahoma City,2025-07-26
8092,Nancy Martinez,69,Sacramento,2022-08-05
7228,Anthony Ramirez,27,San Diego,2021-01-23
7754,Paul Moore,22,Kansas City,2022-04-08
1708,Matthew Jones,67,Nashville,2020-12-21
4106,Joshua Jackson,32,Albuquerque,2021-05-24
4086,Lisa White,66,Mesa,2023-03-18
9274,Emily Wilson,50,Washington,2020-01-02
9271,Mark Harris,23,Tucson,2022-05-13
8399,Anthony Williams,34,Charlotte,2025-02-13
5776,Daniel Martinez,64,New York,2025-01-20
6251,Ashley Thompson,23,Los Angeles,2025-08-04
5107,James Anderson,28,New York,2022-06-07
5039,Andrew Young,41,San Diego,2025-08-21
1701,Sarah Davis,22,Indianapolis,2021-11-06
5884,Jane Harris,66,Kansas City,2023-05-14
526,Elizabeth Jackson,39,Denver,2021-10-17
7752,Jane Wilson,25,Mesa,2024-05-18
1615,Deborah Rodriguez,70,Milwaukee,2024-03-14
5017,Daniel Jones,35,Nashville,2020-04-03
9367,Jessica Lopez,69,Dallas,2024-08-16
847,Daniel Brown,43,Fresno,2020-09-10
6841,Michael Martin,30,Baltimore,2022-09-05
1114,Matthew Thompson,27,Fresno,2023-10-04
3813,Steven Robinson,53,Kansas City,2022-05-09
1771,Elizabeth Wilson,25,Sacramento,2021-10-22
3990,Michael Moore,23,Denver,2024-01-13
1605,Joshua Harris,42,San Francisco,2023-11-06
8535,Karen Lee,28,San Francisco,2023-07-04
9219,Jessica Thomas,37,San Diego,2024-01-28
1386,Mark White,70,Nashville,2024-06-10
3912,Paul Anderson,57,Baltimore,2022-02-10
7302,Anthony Young,64,Nashville,2023-10-18
1157,Karen Miller,64,Houston,2022-02-10
5664,Deborah Allen,62,Albuquerque,2025-09-13
7267,Robert Brown,22,Washington,2021-09-08
1081,James Smith,46,Chicago,2025-06-05
5479,Andrew Johnson,23,Los Angeles,2020-12-14
1005,Amanda Thomas,27,Houston,2024-04-05
3462,Anthony Lopez,55,San Antonio,2025-10-04
4023,Joshua Perez,40,Nashville,2025-05-17
974,Daniel Rodriguez,62,Philadelphia,2025-10-03
116,Matthew Allen,48,Louisville,2020-01-20
9833,Dorothy Gonzalez,70,Washington,2025-01-25
3477,John Clark,65,San Francisco,2022-07-01
3363,Jane Sanchez,45,Charlotte,2024-05-03
485,Mark King,23,Houston,2024-03-05
7282,Elizabeth Jones,57,Chicago,2024-02-02
1978,Mark Perez,68,Baltimore,2020-02-01
9562,Matthew White,66,Columbus,2020-01-05
