EMP_ID,EMP_NM,DEPT_CD,SAL_AMT
4177,David Gonzalez,Marketing,67829
2623,Michael Perez,Customer Service,137995
1852,Elizabeth Jones,HR,103098
5968,Betty Harris,Research,142212
7320,Nancy Robinson,Finance,113688
9638,Emily Jackson,IT,54066
7201,Jane Anderson,Finance,142152
2847,Daniel Lopez,Sales,38960
4501,Donald Garcia,Engineering,121441
3499,Michael Jones,Customer Service,73330
2099,Matthew Martinez,Legal,114259
1279,Ashley Garcia,Finance,123039
8588,Lisa Anderson,Legal,110732
2818,Paul Davis,Customer Service,64276
9811,Deborah Anderson,Finance,101020
9474,Anthony Williams,Legal,37222
3271,Christopher Young,IT,116157
79,Anthony Martin,Operations,51948
3483,Elizabeth Williams,Legal,125662
4464,Sarah Miller,Sales,123689
5084,Amanda Miller,Engineering,134093
4747,Andrew Allen,Engineering,56593
8587,Donald Perez,Sales,43414
5659,David Smith,Legal,121696
854,Elizabeth Thomas,HR,133756
725,Dorothy Martin,Engineering,83606
2572,Jennifer Robinson,IT,74537
5520,Joshua Young,Customer Service,32019
8020,Karen Taylor,Marketing,86192
5375,John Walker,Customer Service,78537
6275,Emily Robinson,Research,32573
7160,Daniel Lee,IT,148464
5254,Dorothy Lopez,IT,97684
2439,Karen Lewis,Finance,34729
7499,Daniel Williams,Engineering,87009
2806,Daniel Smith,Marketing,101457
136,Christopher Clark,Engineering,104903
1949,Sarah Davis,Customer Service,74172
7573,Andrew Williams,Research,135756
7074,Deborah Lee,Sales,56600
4675,John Miller,Marketing,59678
4937,David Hernandez,Finance,73644
559,Mark Hernandez,Customer Service,60061
7024,Paul Jones,Sales,63056
5971,Michael Taylor,HR,54590
6127,Jennifer Lewis,Engineering,61081
4610,Karen Miller,Customer Service,63510
1170,Ashley Williams,Finance,97481
883,John Lee,Customer Service,34621
414,Anthony Taylor,Engineering,132122
1112,Daniel Hernandez,Marketing,47998
1915,Matthew Jones,Marketing,90631
7313,Robert Anderson,Finance,30810
7976,Dorothy Lopez,Sales,128795
6088,Emily Garcia,Research,113489
4751,Emily Smith,Engineering,133426
4003,James Smith,Finance,145274
2510,Michael Lewis,Research,92868
9672,Elizabeth Sanchez,HR,66326
6009,Deborah Taylor,Sales,75113
7036,Amanda King,Finance,72585
9520,Daniel Ramirez,Customer Service,50238
8957,Michael Lewis,Sales,94706
1077,Daniel Smith,Legal,121610
4182,Deborah Rodriguez,Sales,88079
1353,Lisa Walker,HR,116208
360,Anthony Lopez,Sales,68175
4822,Jennifer Jones,Operations,141715
7538,Deborah Thomas,Operations,92677
1864,Michael Allen,Sales,142202
5704,Daniel Walker,HR,105714
4811,Elizabeth Williams,Operations,98980
4561,Karen Young,Marketing,143253
8188,Matthew Rodriguez,Customer Service,136027
7236,Sarah White,Legal,142055
7449,David Lee,Finance,37436
8722,Daniel Moore,Legal,88109
7683,John Brown,Legal,135730
2734,Dorothy Williams,Engineering,49782
6512,Emily Rodriguez,Customer Service,131122
7728,Michael Lee,Operations,147501
1121,Donald Garcia,Engineering,30650
9688,Jessica Jones,Sales,96208
2302,Paul Jones,Finance,130267
9391,John Lee,Customer Service,46365
9444,Robert Robinson,Engineering,146567
3307,Ashley Moore,Legal,39175
5981,Dorothy Anderson,Customer Service,71557
7663,Lisa Garcia,Research,82065
4262,Lisa Hernandez,Engineering,40953
5261,Mark Lewis,Marketing,70037
4215,Betty Thompson,IT,108477
4619,Elizabeth Perez,Marketing,77641
2521,Betty King,IT,79150
3120,Dorothy Young,Legal,118711
7712,Betty Gonzalez,Customer Service,55882
958,Sarah Sanchez,Customer Service,104685
2105,Jessica Davis,Legal,108994
6853,Jessica Taylor,Finance,61319
8981,Jessica Clark,Engineering,99305
