C_ID,C_NAME,AGE_YRS,LOC_CD,REG_DT
1942,Lisa Williams,48,Milwaukee,2025-07-08
5022,Elizabeth White,43,Portland,2025-01-13
5064,Jane Gonzalez,68,Dallas,2023-10-23
1744,Christopher Davis,44,Jacksonville,2022-02-16
8142,Paul King,30,Denver,2022-04-01
5849,Daniel Rodriguez,67,San Francisco,2020-02-01
2746,Dorothy Smith,53,Boston,2025-04-18
2119,Deborah Thompson,26,Charlotte,2025-03-15
9619,Michael Johnson,23,Houston,2024-06-24
6951,Donald King,48,Denver,2022-03-24
9671,Robert Lee,32,Houston,2020-06-16
8821,Robert Moore,49,Seattle,2023-10-12
5712,Karen Thompson,60,Seattle,2024-04-19
256,Lisa Taylor,35,Phoenix,2020-03-19
757,Daniel Martinez,26,Boston,2023-04-10
7556,Dorothy Harris,64,Baltimore,2023-12-14
6048,James Lewis,37,Boston,2023-07-16
8846,Sarah Lewis,40,Nashville,2024-12-26
2023,Jessica Brown,64,Chicago,2020-11-16
2135,Robert Jones,65,Louisville,2020-08-03
5001,Dorothy Martin,53,Nashville,2025-12-01
1065,Lisa Taylor,55,San Diego,2023-04-24
1486,Michael Moore,25,New York,2023-02-06
6982,Dorothy Brown,63,Milwaukee,2023-08-06
4295,Mark White,27,Baltimore,2022-06-17
7715,Andrew Smith,18,Portland,2020-03-10
9868,Daniel Martin,47,Albuquerque,2023-09-01
4895,Ashley Lopez,32,Oklahoma City,2020-09-13
1626,Amanda Harris,22,Kansas City,2022-09-28
7852,Daniel Garcia,46,Tucson,2023-06-27
2399,Donald Young,69,Phoenix,2020-03-20
6794,John Lewis,34,Austin,2021-10-01
8110,Lisa Martinez,20,Tucson,2021-08-15
9853,Elizabeth Davis,24,Indianapolis,2023-10-12
5183,Dorothy Walker,42,Phoenix,2020-02-13
3425,Steven Williams,45,Philadelphia,2021-04-27
7320,Mark Lewis,32,Charlotte,2022-04-20
823,Mark Williams,42,Nashville,2025-07-23
4656,John King,49,Los Angeles,2023-07-27
2083,John Garcia,29,Indianapolis,2020-04-11
9002,Daniel Thompson,56,Chicago,2020-09-26
1137,Daniel Rodriguez,50,Seattle,2025-07-02
6286,Karen Clark,66,Las Vegas,2022-11-22
3013,Donald Brown,23,Denver,2020-07-14
6451,Robert Robinson,23,Philadelphia,2020-06-17
7071,Betty Robinson,31,Oklahoma City,2024-06-24
2741,Donald Lewis,19,Dallas,2024-01-26
5543,Ashley Wilson,22,Kansas City,2024-05-16
531,Christopher Sanchez,22,Columbus,2020-03-13
2508,Matthew King,59,Fresno,2024-11-21
9364,Amanda Jackson,33,Milwaukee,2020-07-11
2859,John Gonzalez,68,Mesa,2021-02-08
4560,Jane Davis,53,Houston,2022-07-11
7573,Matthew Jackson,56,Indianapolis,2021-08-09
2686,Jessica Taylor,45,Nashville,2025-07-18
4509,Paul Rodriguez,67,Boston,2022-07-25
2235,Ashley Clark,35,Los Angeles,2024-08-22
1739,Elizabeth Moore,33,Kansas City,2023-04-08
7974,Michael Brown,60,Dallas,2024-08-10
5554,Jane Miller,37,Fort Worth,2021-02-26
7058,Sarah Hernandez,25,Kansas City,2022-06-18
7236,Michael Ramirez,35,Las Vegas,2021-11-08
3894,Christopher Johnson,20,Indianapolis,2022-10-09
7315,Matthew Moore,34,Dallas,2025-11-28
7967,Matthew White,45,San Jose,2024-02-24
2345,Joshua Hernandez,45,San Diego,2020-01-21
5620,Robert Sanchez,22,Washington,2025-10-11
5637,Ashley Miller,26,San Antonio,2020-07-05
1400,Lisa Harris,34,Kansas City,2024-08-13
9918,Jessica Taylor,27,Fort Worth,2023-04-20
865,Donald Ramirez,20,Denver,2020-07-07
6964,Amanda Brown,64,Kansas City,2024-06-21
2936,Matthew Brown,34,Columbus,2022-04-04
2281,Michael Harris,31,Los Angeles,2025-12-06
5694,Jane Anderson,67,Dallas,2022-12-26
