C_ID,C_NAME,AGE_YRS,LOC_CD,REG_DT
6522,Mark Jones,37,Columbus,2025-05-21
9539,Betty Jones,62,Kansas City,2024-05-15
1288,David Williams,61,Charlotte,2021-04-04
5343,John Jackson,54,Fresno,2023-06-09
6279,James Rodriguez,60,San Antonio,2022-11-07
9713,Elizabeth Jones,58,Tucson,2020-08-26
5203,Dorothy Smith,62,Jacksonville,2022-07-17
2162,Karen Hernandez,50,Philadelphia,2023-07-10
151,Nancy Jackson,51,Seattle,2025-06-06
621,Nancy Jackson,62,Jacksonville,2021-04-24
5642,Donald Gonzalez,37,Nashville,2020-02-10
3956,Betty Hernandez,41,Chicago,2023-04-27
6438,David Miller,67,San Antonio,2025-11-15
4751,Ashley King,32,Sacramento,2022-06-14
5919,Betty Rodriguez,45,Mesa,2020-11-06
9144,Lisa Davis,35,Fort Worth,2020-01-23
5805,Jennifer Lopez,53,Sacramento,2020-04-03
3504,James Gonzalez,67,Phoenix,2023-01-09
8922,Robert Allen,58,Phoenix,2020-09-26
480,Jane Allen,19,Los Angeles,2023-11-26
3676,Paul Moore,25,Portland,2021-11-13
8651,Deborah Davis,24,Seattle,2023-05-16
3546,Daniel Moore,36,New York,2021-09-28
4203,Ashley Johnson,20,Fort Worth,2021-06-22
8644,Christopher Thompson,57,New York,2025-04-16
8073,Joshua Perez,54,Dallas,2022-07-22
7004,Paul Lee,21,Phoenix,2022-01-11
4757,Robert Robinson,34,San Diego,2022-04-03
1544,Michael Sanchez,59,Denver,2020-05-28
414,Anthony Davis,43,San Francisco,2024-04-23
5680,Jane Harris,33,New York,2023-10-15
4351,Betty Rodriguez,63,Seattle,2025-05-26
7113,Lisa Young,44,Nashville,2020-01-20
4561,David Hernandez,25,Washington,2020-05-10
3117,Joshua Lopez,57,Milwaukee,2022-08-28
9238,Steven Lewis,29,San Antonio,2021-05-19
4291,Deborah Smith,35,San Diego,2021-10-24
8209,Mark Smith,28,Columbus,2022-05-24
5527,Donald White,41,Las Vegas,2022-11-08
8421,Joshua Young,34,Sacramento,2023-10-27
5153,Steven Martin,59,Milwaukee,2023-06-18
892,Nancy Perez,57,Nashville,2020-03-02
677,Deborah Lopez,47,New York,2021-06-21
2893,David Clark,70,New York,2025-01-16
1939,Matthew Garcia,62,Jacksonville,2022-01-07
9418,Andrew Taylor,54,San Jose,2020-07-11
5872,Elizabeth Thompson,44,Las Vegas,2020-09-13
4124,Emily Gonzalez,60,Columbus,2025-08-06
2866,Betty Robinson,34,Jacksonville,2024-11-06
9493,Anthony Brown,42,Milwaukee,2024-06-15
9484,Lisa Jones,18,Albuquerque,2022-05-16
2632,David King,52,Dallas,2020-03-05
1540,Daniel Smith,20,New York,2021-08-05
6563,James Davis,54,Sacramento,2022-07-17
2767,Robert Garcia,31,Tucson,2025-03-11
1010,Robert Perez,62,Fresno,2025-07-03
3949,Matthew Clark,28,Las Vegas,2025-05-21
2839,Jane Gonzalez,57,Las Vegas,2025-12-14
4358,Karen Johnson,62,San Jose,2022-11-10
6250,Donald Rodriguez,41,San Jose,2021-11-06
2949,Sarah Thompson,39,Sacramento,2022-08-05
1484,Lisa Taylor,46,Fresno,2023-01-17
536,Anthony Thomas,58,Baltimore,2024-05-02
8451,Christopher Davis,59,Sacramento,2023-03-25
6201,Nancy Miller,56,Louisville,2021-05-09
2808,Amanda Harris,47,Columbus,2025-01-15
2793,Betty Brown,68,Louisville,2022-06-14
1703,Robert Davis,41,Charlotte,2021-05-10
2871,James Ramirez,29,Philadelphia,2022-11-01
5146,Andrew Smith,56,San Jose,2025-03-20
3294,Paul Martin,41,Houston,2024-02-08
8723,Nancy Anderson,37,Louisville,2025-05-09
6816,John Sanchez,67,Fort Worth,2023-09-08
9728,Mark Brown,52,San Antonio,2025-08-16
6973,Jessica Garcia,56,Columbus,2021-12-18
