EMP_ID,EMP_NM,DEPT_CD,SAL_AMT
3604,Amanda Jones,Marketing,122099
2604,Jennifer Lopez,Marketing,62602
6978,Lisa Gonzalez,Customer Service,34657
1121,Paul Jackson,Marketing,81340
8069,Lisa Johnson,Sales,30399
2959,Lisa Wilson,Legal,97418
8897,Amanda Johnson,Marketing,132104
5184,Sarah Wilson,Operations,80753
7328,Amanda Davis,Research,128994
6353,Ashley Young,Engineering,119677
2026,Elizabeth Martinez,Customer Service,69569
7621,Deborah Jackson,Operations,149921
1960,Nancy Hernandez,IT,80259
4987,Dorothy Rodriguez,Legal,49066
4650,Michael Sanchez,Legal,44926
817,Paul Clark,Sales,139574
6576,Anthony Thomas,Sales,91076
6212,Sarah Miller,Operations,109640
3563,Ashley Martin,IT,115280
6908,Lisa Miller,Engineering,79554
6373,Betty Jackson,Operations,33799
5589,Karen Anderson,Research,134225
4479,Emily Clark,Customer Service,33372
6633,Dorothy Rodriguez,HR,32161
2373,Christopher Thomas,Research,89152
1155,Elizabeth Clark,Research,57527
819,Mark Lewis,Customer Service,66469
2141,Michael Wilson,Research,86687
7602,Joshua Allen,Legal,89712
499,Lisa Martin,Finance,130970
9615,Elizabeth Williams,Marketing,32403
4962,Elizabeth Hernandez,Engineering,123704
8997,John White,Sales,107964
9136,Anthony Perez,Sales,72165
9765,Donald Williams,Engineering,125394
574,Christopher Martinez,Legal,137981
1562,Jane Thomas,Marketing,62998
9283,Andrew Martin,Engineering,38041
4731,Daniel Lewis,Sales,45530
5283,Deborah Clark,IT,56046
6902,Joshua Thomas,Sales,98085
8161,Donald King,HR,85990
5898,Sarah Miller,Marketing,133898
4672,Andrew Ramirez,Engineering,81800
3006,Dorothy Harris,Finance,78569
664,Sarah King,Finance,60767
6439,Andrew Garcia,Sales,123081
353,Jennifer White,HR,77928
4951,Lisa Sanchez,Operations,109469
5236,Nancy Ramirez,Research,149002
6331,Donald Martinez,Customer Service,114904
629,Ashley Davis,Customer Service,86074
3037,Dorothy Martin,IT,60340
4503,Steven Sanchez,Engineering,149646
1606,Mark Harris,Finance,104755
2526,Robert Jones,Finance,62102
1538,Jane Lopez,Research,86819
6663,Daniel Young,Marketing,81886
7043,Dorothy Miller,Operations,56664
5200,Sarah Young,Marketing,147159
7912,James Garcia,Customer Service,43210
4246,Daniel Gonzalez,Sales,110782
803,Sarah Smith,IT,38898
9740,James Smith,HR,94897
5798,Deborah Smith,Sales,112004
96,Matthew Moore,Sales,147310
1510,Ashley Allen,Marketing,48775
5855,Michael Robinson,IT,105760
7468,Matthew Robinson,Engineering,143458
9458,Deborah Taylor,Engineering,74796
661,Jennifer Perez,Legal,122484
6566,Elizabeth Moore,Engineering,82119
8329,Joshua Smith,Customer Service,134712
228,Amanda Lewis,Finance,56236
6650,Amanda Smith,Legal,128097
7401,Joshua Moore,Operations,101545
3559,Jessica Garcia,Engineering,115642
1905,Steven Brown,Finance,121486
2730,Mark Jones,Research,112855
4389,Joshua Walker,HR,96455
1399,Nancy Anderson,Sales,91122
5934,Emily Gonzalez,Operations,41671
2238,Matthew Anderson,Marketing,84611
9537,Steven Johnson,HR,96932
6257,Robert White,Sales,130987
6383,Steven Hernandez,Customer Service,139611
6156,Sarah Miller,Engineering,90951
2794,James White,Engineering,125143
4436,Betty Lee,Customer Service,47718
2043,John Miller,Customer Service,102995
9160,Dorothy Williams,HR,31452
1178,Nancy Garcia,Engineering,87236
8111,Christopher Rodriguez,Finance,44881
3316,Nancy Lewis,Sales,81782
3308,Sarah Miller,Engineering,73445
9910,Sarah Thompson,Sales,96343
4013,Robert White,Engineering,77297
5400,James King,Operations,119512
7425,Steven Lee,Customer Service,67496
2527,Anthony Lopez,Marketing,134581
