C_ID,C_NAME,AGE_YRS,LOC_CD,REG_DT
6025,Robert Moore,38,Sacramento,2024-09-09
779,Betty Jackson,52,Charlotte,2025-10-04
7264,Ashley Thompson,19,San Francisco,2022-04-19
5456,Donald Harris,61,Tucson,2024-07-01
2443,Robert Young,64,Fort Worth,2021-06-05
273,Steven Martinez,48,Portland,2020-04-06
6267,Paul Miller,32,Tucson,2022-09-15
2392,Emily Garcia,46,Dallas,2025-11-20
8380,Robert Walker,28,Kansas City,2025-01-12
4394,Lisa Lopez,67,Tucson,2024-06-28
8704,Matthew Thomas,65,San Francisco,2020-08-01
8372,Andrew Taylor,59,Baltimore,2023-03-19
2425,Lisa White,45,Sacramento,2021-09-22
4926,Joshua Perez,28,Fresno,2022-04-02
4146,Emily Robinson,21,San Antonio,2020-07-05
82,Jessica King,53,Austin,2021-09-03
2687,Robert Rodriguez,40,Las Vegas,2023-06-16
9593,Lisa Rodriguez,46,Fresno,2020-02-10
7908,David Ramirez,59,Phoenix,2020-09-14
842,Emily Clark,61,Chicago,2024-06-06
2800,Amanda Gonzalez,34,San Francisco,2020-07-07
3818,Jane Martinez,53,Washington,2023-04-02
5420,John Anderson,38,New York,2023-05-15
8442,Matthew Martin,19,Fresno,2020-09-13
70,Mark Williams,41,Seattle,2021-04-03
4098,Emily Sanchez,56,Columbus,2020-10-26
8593,Nancy Taylor,28,Fresno,2021-05-12
1860,Christopher Walker,30,Portland,2023-03-14
330,Mark Martinez,33,Chicago,2024-11-14
4140,Lisa Moore,31,Boston,2022-04-20
5245,Betty Lewis,34,Dallas,2025-09-20
455,Matthew Young,63,Chicago,2025-03-02
3287,John Jones,53,Las Vegas,2020-05-02
9959,Donald Jackson,33,Philadelphia,2021-01-09
349,Ashley Martinez,57,Oklahoma City,2023-01-06
2399,Nancy Lewis,21,Indianapolis,2022-02-24
2226,James Clark,62,Kansas City,2022-12-21
8122,Karen Clark,45,Columbus,2020-07-23
148,Joshua Thomas,34,Dallas,2025-11-27
8010,Jennifer Perez,45,Las Vegas,2023-08-07
733,Deborah Harris,28,Albuquerque,2024-03-08
4888,Robert Rodriguez,18,San Francisco,2025-03-18
3221,Joshua Davis,62,Dallas,2023-07-03
3003,James White,45,Austin,2021-05-07
1955,Donald Martinez,27,San Francisco,2020-11-02
5695,James Miller,64,Louisville,2024-03-18
6355,Matthew Thomas,45,Charlotte,2022-10-18
5947,Steven Miller,66,San Diego,2023-06-13
3702,Sarah Hernandez,21,Columbus,2021-03-24
8982,Jennifer Jackson,42,Chicago,2021-01-09
9467,Elizabeth Johnson,21,Tucson,2021-12-17
7272,Betty Robinson,40,Columbus,2021-10-23
8309,Sarah Taylor,52,Baltimore,2025-07-08
7581,Daniel Perez,67,Washington,2021-08-26
5053,Paul Johnson,58,Philadelphia,2024-04-28
4517,Christopher Rodriguez,37,Seattle,2021-12-12
2849,Andrew Lopez,37,Denver,2021-09-02
508,David Clark,39,San Antonio,2023-10-23
9669,Matthew King,46,Los Angeles,2025-11-14
3501,Lisa Johnson,22,Tucson,2022-11-20
7516,Jennifer Clark,30,Phoenix,2024-02-24
2027,Jessica Lopez,38,Mesa,2021-12-16
5379,Dorothy Wilson,23,Seattle,2021-09-26
6823,Donald Smith,63,Las Vegas,2022-10-15
7468,Lisa Williams,45,San Francisco,2023-05-10
6292,Jennifer Perez,69,Fresno,2022-11-10
7123,Betty Perez,63,Oklahoma City,2024-02-26
4569,Donald Sanchez,70,Nashville,2020-04-19
2572,Deborah Martin,37,Houston,2021-04-16
6584,Mark Lee,67,New York,2023-09-02
7447,Karen Allen,34,Baltimore,2024-07-27
7381,Paul Moore,58,Sacramento,2021-12-25
207,Paul Walker,23,Kansas City,2022-07-20
9907,Steven Jackson,68,Milwaukee,2024-08-18
5683,Steven Jackson,41,Kansas City,2024-05-19
