EMP_ID,EMP_NM,DEPT_CD,SAL_AMT
1740,Jessica Jackson,Research,61036
2848,David Harris,HR,81912
7939,Betty Ramirez,Marketing,58662
1694,Nancy Wilson,Finance,125048
5393,Dorothy Jones,Customer Service,122014
8214,Karen Taylor,Sales,123347
7506,Daniel Thomas,Engineering,42439
8710,Matthew Taylor,Customer Service,36219
7729,Deborah Martin,Research,33699
1615,John Allen,IT,36846
4945,Elizabeth Anderson,Operations,69979
8917,Anthony Wilson,Customer Service,79959
5028,Jane Moore,Operations,93334
8627,Sarah Thompson,Marketing,90406
6965,Jennifer Gonzalez,Marketing,112323
5033,Paul Martin,Engineering,85279
5856,James Martinez,Customer Service,82580
9282,John Smith,Sales,103114
6297,Christopher Ramirez,IT,112398
3486,Elizabeth Johnson,Sales,38005
4503,Andrew Wilson,Research,132964
1672,Anthony Anderson,IT,69011
570,Amanda Robinson,HR,98216
5318,Paul Taylor,HR,108005
4148,John Miller,Legal,69307
8051,Lisa Robinson,Research,45750
3719,Donald Young,Engineering,145843
6759,Daniel Smith,Finance,86663
6224,Joshua Lopez,Marketing,130177
1250,Matthew Wilson,Engineering,52378
8520,James Jones,Legal,41112
6842,Ashley Sanchez,Engineering,50175
7008,Sarah Thomas,Sales,77268
4614,Steven Lopez,Legal,93048
2958,Ashley Walker,Legal,110141
7430,Michael Allen,Sales,119634
1335,Deborah Gonzalez,Research,140589
92,Nancy Wilson,Operations,83899
3000,Nancy Johnson,Legal,44668
9073,Daniel Ramirez,Marketing,76671
8255,Karen Harris,Customer Service,135325
4936,Andrew Harris,Marketing,53000
4670,Amanda Garcia,Legal,97495
1148,Paul Lewis,HR,119313
4929,David Jones,Legal,128187
6935,Robert Allen,Legal,115349
9630,Daniel Garcia,Legal,139378
2163,Robert Wilson,Finance,133586
2579,Deborah Lewis,IT,51089
271,Anthony Ramirez,Customer Service,46021
8780,Dorothy Walker,Sales,71648
7914,James Lewis,Finance,94927
5004,Daniel Walker,Customer Service,83530
7291,David Davis,HR,38636
5028,Lisa Gonzalez,Legal,112333
6223,Christopher Young,Engineering,123456
7028,Emily Gonzalez,Sales,31361
1603,Nancy Martinez,IT,135869
6648,Matthew Young,Engineering,147338
9328,Sarah Walker,Operations,148993
681,Lisa Hernandez,Marketing,101729
5733,Jennifer Miller,Research,138749
1304,Jennifer Rodriguez,Sales,30308
5297,Deborah Lee,Sales,74905
1903,Christopher Thomas,Legal,113337
3117,James Walker,Engineering,96354
7230,Christopher Martinez,Engineering,69937
9847,Elizabeth Sanchez,Legal,84095
8978,Steven Walker,IT,32403
8928,Sarah Moore,Research,54342
5837,Joshua Anderson,Finance,69721
7865,Amanda Lee,Marketing,57723
9945,Joshua Davis,Research,144307
4920,Nancy Wilson,HR,114748
8165,Deborah Lee,Engineering,98003
6562,Jennifer Sanchez,Research,61982
6137,Deborah Garcia,IT,67411
1596,David Young,Engineering,130907
2537,Mark Moore,IT,141580
8094,Elizabeth Rodriguez,Operations,105688
6437,Elizabeth Martinez,Operations,72165
4858,Karen Walker,Sales,82857
7951,Ashley Smith,Legal,144589
6483,Christopher Williams,Operations,118487
1290,Emily Martin,Operations,67982
9336,Lisa Jackson,IT,45682
4949,Andrew Sanchez,Research,82193
9830,Karen Williams,Customer Service,56635
514,Betty Lewis,Customer Service,104148
6827,Matthew Rodriguez,HR,52545
725,Deborah Lopez,Operations,125182
606,Emily Davis,Operations,36507
8477,Steven King,Legal,65898
8108,Sarah Sanchez,Finance,79346
5714,Dorothy Perez,Finance,47267
7607,Dorothy Lee,Customer Service,112493
7318,David Hernandez,HR,65089
3437,Andrew Smith,Marketing,66959
4405,Betty King,Legal,42857
9095,Lisa Young,Research,52569
