C_ID,C_NAME,AGE_YRS,LOC_CD,REG_DT
1239,Elizabeth Smith,51,Indianapolis,2022-07-08
2171,Paul Martin,52,Jacksonville,2025-04-16
1121,Anthony Jones,42,New York,2020-05-18
2947,Michael Davis,33,Indianapolis,2022-03-16
1634,Emily Hernandez,33,Dallas,2023-09-08
6842,Emily Hernandez,22,Boston,2025-08-06
1370,Joshua White,28,Los Angeles,2023-09-25
2133,Steven Johnson,48,Milwaukee,2023-08-23
4718,John White,24,Oklahoma City,2024-06-23
1835,Steven Brown,35,Dallas,2022-09-23
4390,Steven Davis,42,Columbus,2022-08-20
9918,John Thomas,32,Milwaukee,2021-12-27
2690,Karen Taylor,45,San Jose,2025-01-08
3483,Steven Walker,39,Austin,2024-04-21
6520,Matthew Lopez,32,Washington,2021-01-17
3227,Karen Jackson,39,San Diego,2020-08-15
9589,Betty Rodriguez,47,Washington,2025-01-25
6073,Jane Rodriguez,35,Nashville,2023-10-05
914,Lisa Martin,46,Las Vegas,2022-08-07
294,Deborah Clark,39,Phoenix,2020-03-14
9040,Steven Johnson,52,Louisville,2024-11-25
9958,Steven Ramirez,20,Seattle,2021-05-18
3981,Nancy Taylor,66,Nashville,2021-06-06
656,David Clark,48,Tucson,2020-07-02
6017,Andrew Jones,42,Fresno,2022-08-14
6723,Jennifer Martin,37,Seattle,2020-08-06
7889,Ashley Davis,42,New York,2022-03-07
2363,Dorothy Lee,48,Sacramento,2021-05-27
8086,Steven Williams,25,Fort Worth,2023-02-23
9021,Lisa Young,21,Jacksonville,2024-11-23
2695,Ashley Garcia,68,San Jose,2024-08-25
601,Karen Thompson,34,Indianapolis,2025-12-20
3847,Donald Clark,47,Los Angeles,2023-05-21
3374,Steven Young,27,Mesa,2024-06-10
8102,Joshua Gonzalez,60,Baltimore,2022-05-28
8281,John White,21,Denver,2023-11-28
3964,Jennifer Clark,61,Baltimore,2023-02-20
4040,Anthony Young,28,Fort Worth,2020-12-01
2197,Matthew Harris,61,Las Vegas,2023-12-10
2673,Amanda Rodriguez,49,Indianapolis,2020-08-06
9128,Joshua King,20,Austin,2024-06-27
4585,Jane Taylor,35,Fort Worth,2024-06-21
3335,Jennifer Anderson,65,San Antonio,2020-08-22
9595,David Harris,64,Portland,2021-05-03
2190,Ashley Taylor,59,Sacramento,2021-04-17
7105,Betty Davis,31,Chicago,2020-09-23
1921,Karen Harris,42,Kansas City,2024-01-06
7627,Nancy Jones,42,Fort Worth,2025-01-09
3776,Betty Miller,62,San Francisco,2025-11-03
5971,Karen Johnson,27,Denver,2020-11-15
6641,Paul Smith,65,San Antonio,2024-10-02
4998,Joshua Smith,58,Austin,2020-03-15
7519,Mark King,67,Houston,2024-05-27
5174,Jane Young,69,Las Vegas,2025-09-10
4470,Daniel Thompson,50,San Jose,2025-09-01
2743,Jessica Moore,32,Baltimore,2021-08-24
5772,Anthony Thompson,56,Fresno,2022-06-09
6827,Steven Lopez,42,Las Vegas,2024-01-09
8032,Emily Williams,27,Louisville,2021-11-02
6098,Elizabeth King,55,Mesa,2023-05-06
7282,Paul Martinez,24,Sacramento,2024-11-22
4557,Jennifer Clark,59,Mesa,2022-05-06
6045,Robert Allen,38,Oklahoma City,2025-01-10
2747,John Garcia,38,Oklahoma City,2021-07-24
9595,Amanda Walker,60,Portland,2023-04-09
6787,John Jackson,36,Columbus,2025-12-24
2970,Elizabeth Walker,58,Louisville,2023-05-18
800,Emily Lee,27,Columbus,2023-10-14
1862,Ashley Brown,60,San Francisco,2020-12-20
5979,Steven King,44,Austin,2020-04-22
7796,Lisa Smith,59,Seattle,2021-01-03
7964,Daniel Thompson,55,San Jose,2025-11-17
3394,Ashley Wilson,61,Washington,2023-02-17
4266,Nancy Thompson,40,Kansas City,2021-03-08
6153,Dorothy Thomas,30,San Francisco,2024-11-18
