EMP_ID,EMP_NM,DEPT_CD,SAL_AMT
5546,Ashley Robinson,Finance,89831
7487,Deborah King,IT,44612
3539,Christopher Lewis,Operations,32797
5058,Daniel Jackson,Operations,63910
9299,Emily Martinez,Engineering,135083
751,Paul King,Legal,100393
2479,Jessica Ramirez,HR,103374
7703,Joshua Sanchez,Customer Service,109527
589,Anthony Thomas,Engineering,115737
5490,Nancy Martinez,Engineering,108882
3057,Ashley Lopez,Research,68200
4235,Lisa Taylor,Customer Service,119478
6012,Sarah Johnson,Marketing,60557
2008,Deborah Walker,HR,61098
2579,Elizabeth Clark,Research,97022
5924,Amanda Miller,IT,36512
6501,Dorothy Gonzalez,Engineering,120867
7924,Elizabeth Thomas,HR,92713
265,Karen Thomas,Research,50964
3784,Amanda Ramirez,Customer Service,112894
1486,Joshua Thomas,Customer Service,119579
9832,Jennifer Clark,Marketing,45126
3534,Elizabeth Harris,Sales,40212
8050,Robert Davis,Sales,79356
1875,James Gonzalez,Sales,50572
9927,Dorothy Miller,Engineering,38847
7717,Anthony Johnson,Finance,66013
3149,Jessica Miller,Finance,122420
6232,Sarah Lewis,Sales,36469
5073,Sarah Jones,Operations,144763
7541,Lisa White,Marketing,69054
8862,Anthony Jackson,HR,38800
601,David Jackson,HR,120584
5028,Daniel Williams,Engineering,74667
6436,Steven Jackson,Operations,31426
7586,Elizabeth Miller,Research,74883
894,Emily Miller,Legal,143033
4264,Elizabeth King,Legal,82100
1675,Emily White,Engineering,98851
5900,Andrew Brown,Marketing,82070
7787,Betty Rodriguez,Legal,130087
5867,Mark Sanchez,Research,140273
3840,Mark Rodriguez,Marketing,32208
7771,Andrew Moore,IT,86528
1065,Dorothy Harris,Marketing,45983
4349,Emily Harris,Sales,89362
4033,Daniel Williams,HR,129359
5692,Daniel Walker,Engineering,67402
9084,Dorothy Brown,Marketing,55524
4529,Emily Jackson,Finance,139243
8773,Lisa Brown,IT,38358
172,Michael Perez,Marketing,32850
2054,Karen Lopez,Customer Service,97829
540,Paul Perez,Sales,132381
3026,John Lewis,HR,81634
6221,Karen Davis,Engineering,101807
770,Betty Wilson,Engineering,92541
8292,Dorothy Garcia,HR,127371
6967,Lisa Brown,Engineering,82885
9393,Karen White,IT,105131
824,Sarah Hernandez,Customer Service,77839
4213,Robert Wilson,Finance,69332
6210,Jessica Johnson,Finance,128992
767,Robert Lewis,Research,107889
8705,Mark Ramirez,Sales,122126
7696,Steven Martin,Finance,46056
5639,Robert Taylor,Customer Service,103629
1010,Jennifer Clark,Research,38754
1096,John Wilson,Research,42815
4799,Karen Garcia,IT,33605
3851,Donald Lewis,Sales,52015
6549,John Anderson,Research,119065
7572,Deborah Harris,Legal,142160
5328,Michael Clark,Research,38201
2184,James Williams,Marketing,91221
8261,Emily Harris,IT,59482
1004,Robert Davis,IT,40213
9192,Lisa Allen,Marketing,76201
1147,Nancy Jackson,Engineering,119989
656,Lisa Perez,Operations,72009
5893,Emily Harris,Finance,128479
9932,Lisa Garcia,Engineering,110177
7493,Karen Taylor,HR,58917
3520,Jane Lee,Research,119237
8544,Steven Williams,IT,141883
7961,Christopher Taylor,Research,104865
1510,Karen Taylor,Legal,101063
7242,Betty Hernandez,Finance,88555
4138,Lisa Young,HR,63505
6314,Donald King,Sales,101465
9661,Betty Johnson,Engineering,110005
2719,Betty Johnson,Operations,47330
344,David Wilson,Engineering,142076
6740,David Robinson,Research,33169
8815,David Jackson,Engineering,92135
3072,Jessica Garcia,IT,110787
2879,James Perez,Customer Service,47032
5233,John Davis,IT,44493
9028,Elizabeth Martinez,HR,98096
9105,Paul Davis,Legal,73990
