EMP_ID,EMP_NM,DEPT_CD,SAL_AMT
9197,Daniel Miller,Research,65600
7636,Daniel Garcia,HR,82692
7435,Paul Young,Operations,128053
510,Jennifer Wilson,Finance,48168
4818,Christopher Miller,Finance,38821
5528,Jennifer Walker,Operations,46344
8117,Jane Jackson,Customer Service,141063
5303,Matthew Young,Research,40591
4692,Amanda Harris,Legal,89137
2166,Paul Wilson,HR,112653
4941,Deborah Williams,Finance,39456
7266,Andrew Miller,Research,48946
4348,John Wilson,HR,32655
5503,Dorothy Gonzalez,Engineering,42863
9755,David Smith,Operations,145912
4411,Anthony Ramirez,Customer Service,127937
1117,Sarah Jackson,Operations,125135
3859,Ashley Perez,HR,97893
1104,Anthony Thomas,Operations,73202
5,Dorothy Davis,Operations,67970
2863,Joshua Wilson,HR,138399
2661,Donald Harris,Legal,131904
5701,Robert Anderson,HR,100754
8964,Lisa Miller,Sales,31191
8978,Betty Walker,Legal,40228
7284,Jane Brown,Operations,67098
6214,Lisa Thompson,IT,86366
1760,Elizabeth White,Finance,103583
2763,Christopher Harris,Operations,61030
2907,Amanda Allen,IT,30597
6372,Andrew Jones,Finance,33921
3801,Jane Walker,Legal,83487
8148,Ashley Lewis,Research,36964
475,Emily Walker,Finance,48087
5923,Andrew Williams,HR,74858
5006,Karen Sanchez,Finance,44347
8679,Deborah Perez,Sales,106026
8440,Lisa Walker,Engineering,104041
9981,Matthew Perez,HR,39716
531,Paul Thomas,Customer Service,98345
2882,Robert King,Finance,138731
410,Paul Taylor,Sales,134059
2877,Nancy Taylor,IT,142824
8454,Mark Lopez,IT,74053
3917,Betty King,Engineering,78267
4743,Sarah Harris,Engineering,83237
7526,Christopher Johnson,Legal,80172
2506,Jane Brown,HR,32023
3478,Emily Garcia,Sales,117639
8959,Lisa Martin,Customer Service,108940
9323,Donald White,Operations,83284
2654,Jessica Davis,Research,50909
4698,Emily Brown,Marketing,82541
2103,Sarah Young,Legal,119984
8498,Jane Ramirez,Legal,63140
5377,Betty Clark,Engineering,115460
4294,Steven Garcia,Sales,36748
8907,Betty Brown,Sales,63733
9829,Michael Smith,Marketing,73044
5327,Daniel Hernandez,Marketing,57032
2478,Matthew Miller,Marketing,119266
1586,Elizabeth Davis,Research,116930
9325,Karen Young,Legal,112225
9886,Jennifer Jackson,Finance,46324
9750,Christopher Lopez,Legal,107396
2118,Daniel Robinson,Legal,58851
4917,Nancy Rodriguez,Research,144973
165,Jennifer Davis,HR,82100
2686,Deborah Lee,Operations,80920
1714,Nancy Miller,Finance,53850
5051,John Lewis,IT,140062
9759,Mark Lee,Legal,103402
7957,Mark Lewis,IT,146677
103,Jessica Sanchez,Engineering,107937
7955,David Smith,Legal,106766
1144,Robert Gonzalez,IT,52401
9866,Jane Gonzalez,Customer Service,131106
6652,Lisa Gonzalez,Research,138738
4004,Donald Lopez,Sales,49278
9093,Donald Clark,Customer Service,77200
9769,Elizabeth Young,Marketing,84672
5981,Betty Taylor,Research,124675
6971,Robert Davis,Finance,94576
3641,John King,Legal,137552
4624,Amanda Taylor,Operations,86069
4120,Michael Davis,Finance,79232
4400,Jane Johnson,Operations,142019
562,James Young,IT,35069
2949,Andrew Harris,Finance,78329
2607,David Perez,Engineering,39686
6526,Robert Taylor,Customer Service,89811
7196,Daniel Lopez,Engineering,133999
8435,Jessica Thomas,Research,96072
8493,Matthew Ramirez,Customer Service,92905
7406,Ashley King,Customer Service,51955
3663,Lisa Lee,IT,81981
7704,Karen Allen,IT,143415
3032,Deborah Moore,Research,78345
3990,Deborah Young,Engineering,140506
5291,David Davis,Engineering,112805
