C_ID,C_NAME,AGE_YRS,LOC_CD,REG_DT
778,Emily White,30,San Francisco,2024-02-20
3295,Michael King,20,Charlotte,2023-08-11
2750,Anthony Martin,69,Tucson,2024-11-19
4439,Steven Jones,36,Tucson,2021-02-25
3801,John Lewis,62,Milwaukee,2021-05-28
9734,Emily Martin,36,Phoenix,2023-02-08
1468,John Martin,47,Indianapolis,2022-08-03
3201,Joshua Perez,42,Mesa,2023-06-06
5548,Andrew Davis,51,Fresno,2024-11-09
7328,Christopher Brown,28,Las Vegas,2022-12-08
9280,Andrew Ramirez,37,San Diego,2023-01-17
8975,Betty White,45,Fresno,2025-06-01
4755,Betty Anderson,43,Washington,2021-07-05
3191,James Johnson,28,Los Angeles,2020-06-28
2617,Ashley Smith,39,Philadelphia,2022-12-27
2693,James Brown,53,San Jose,2022-08-16
7406,Deborah Miller,66,San Antonio,2025-05-01
5836,Lisa Williams,64,Sacramento,2020-11-09
3720,Jessica Garcia,23,Las Vegas,2022-11-15
7452,James Ramirez,67,Columbus,2021-07-03
6257,Andrew Thompson,21,Baltimore,2022-08-02
6679,Elizabeth Sanchez,64,Albuquerque,2022-10-16
4287,Mark Wilson,51,Nashville,2020-12-26
3432,Donald King,37,Nashville,2024-10-15
7758,Betty Rodriguez,26,Jacksonville,2023-12-09
8738,Daniel Thompson,19,Fort Worth,2021-02-02
5017,Steven Johnson,26,Boston,2024-07-23
4683,Jessica Harris,29,Oklahoma City,2025-11-14
643,Robert White,26,Milwaukee,2021-02-16
5393,Jessica Lewis,65,Jacksonville,2020-02-04
9702,Jane Jones,45,Indianapolis,2023-10-01
6614,Elizabeth Johnson,66,Las Vegas,2020-06-09
3680,Andrew Brown,36,Baltimore,2020-07-11
6514,Amanda Miller,68,Dallas,2021-10-09
7341,Nancy Johnson,58,Seattle,2025-10-06
8958,Jennifer King,50,Mesa,2020-03-04
7665,Joshua Robinson,61,Tucson,2020-06-08
853,Betty Ramirez,43,Oklahoma City,2025-10-24
1534,Matthew Williams,39,Boston,2022-05-12
1257,Christopher Sanchez,27,Washington,2020-12-25
3935,James Anderson,56,Denver,2021-06-11
5692,James Smith,63,Oklahoma City,2021-10-14
3642,Dorothy Harris,36,Philadelphia,2020-01-25
5055,Daniel King,68,Washington,2022-07-18
4551,Nancy Johnson,23,San Francisco,2022-11-28
8245,Dorothy Wilson,68,Louisville,2024-04-04
2619,Donald Miller,65,Washington,2024-01-08
9652,Lisa Jackson,53,Austin,2024-09-18
9928,Steven Thompson,31,Houston,2020-09-18
4288,Daniel Martin,26,Columbus,2020-01-06
7768,James Young,39,Seattle,2023-07-10
9060,Ashley Walker,68,Sacramento,2022-06-18
8838,Anthony Garcia,50,San Francisco,2025-05-09
8108,Christopher Perez,27,Phoenix,2021-01-15
9622,Elizabeth Johnson,33,Fresno,2020-12-02
3371,Deborah Lewis,40,Portland,2024-05-17
7258,David Hernandez,30,Milwaukee,2023-02-28
7202,Mark Moore,40,Sacramento,2025-04-10
4577,Deborah Johnson,37,Milwaukee,2021-07-24
1495,Emily Williams,25,Kansas City,2024-09-09
9740,Sarah Rodriguez,48,Albuquerque,2021-05-19
7273,Jane Davis,70,Milwaukee,2023-07-09
2291,David Jones,41,New York,2024-02-25
8854,Sarah Young,60,Portland,2021-03-13
5536,Elizabeth Johnson,43,Albuquerque,2021-04-06
8593,Robert Thompson,49,Boston,2021-11-08
1494,Matthew Martinez,45,Charlotte,2023-04-26
6046,Christopher Perez,33,Phoenix,2021-02-06
625,Michael Harris,51,Portland,2024-12-28
6236,Joshua King,47,Indianapolis,2025-11-18
3061,David Rodriguez,40,Philadelphia,2020-12-27
9545,Emily Lewis,20,Oklahoma City,2020-04-22
9015,Donald Moore,45,Nashville,2020-10-11
2823,Emily Williams,21,Dallas,2021-08-05
8704,Michael Brown,22,Tucson,2023-03-12
