EMP_ID,EMP_NM,DEPT_CD,SAL_AMT
4314,Daniel King,Research,39341
4120,Robert Jones,Customer Service,105589
2753,Emily Thomas,Customer Service,39995
4987,Robert Young,Marketing,96655
5688,Sarah Clark,Research,104816
6289,James Martinez,Marketing,71471
1494,Michael Brown,Finance,64472
202,Christopher Anderson,Sales,61374
7088,Anthony Thomas,Sales,42371
9183,Andrew Robinson,HR,73735
7149,Christopher King,Marketing,136067
420,Ashley Ramirez,HR,148800
5771,Jessica Martinez,Finance,30181
7336,Andrew Anderson,HR,93629
3275,Deborah Wilson,IT,139503
216,Deborah Thomas,HR,64275
1773,Nancy Martinez,Legal,64794
865,James Lopez,IT,69463
4707,Emily Thomas,IT,133664
8193,Dorothy Sanchez,Finance,115587
2975,Deborah Lopez,Sales,91748
5756,Jane Ramirez,Research,126342
1671,Sarah White,Research,134183
8340,Steven Taylor,HR,79197
7259,Steven Davis,Marketing,32191
9988,Mark King,HR,147392
7366,Mark Allen,Legal,118849
747,James Clark,Marketing,102626
8226,Ashley Moore,Customer Service,134641
4279,Dorothy Young,Legal,94501
1230,James Sanchez,Research,103401
8373,Betty Ramirez,Marketing,131497
7306,Anthony Jackson,HR,51555
9374,Michael Martin,Engineering,108351
9583,Lisa Jones,Research,137132
5931,Nancy Wilson,Marketing,70825
8973,Karen Gonzalez,Research,55200
3605,Donald Miller,Customer Service,47817
2647,Lisa Martin,Finance,98125
2571,Michael Anderson,Engineering,120833
7521,Christopher Davis,Finance,148165
7291,John Davis,HR,116872
4727,James Garcia,Legal,119658
5625,Matthew Miller,Operations,144740
1270,Matthew Garcia,Sales,125915
7640,Mark Moore,IT,49569
1685,Jessica Garcia,Operations,94121
1116,Steven Hernandez,Engineering,100225
7459,Donald Jackson,Finance,126663
2456,Jessica Jones,HR,140018
1776,Lisa Williams,Sales,147031
4670,Deborah Walker,Research,85025
3006,Christopher Thomas,Legal,104499
4585,Sarah Allen,Sales,76944
3432,Betty Davis,Customer Service,89911
4010,Matthew Williams,HR,78819
6945,Matthew Martinez,Sales,144068
2069,Donald Hernandez,Customer Service,149912
3492,Mark Hernandez,Customer Service,138229
5241,Lisa Lopez,Engineering,39858
3824,Jennifer Rodriguez,Marketing,84399
968,Elizabeth Anderson,Operations,41848
5438,Anthony Lee,Marketing,57030
8152,Jessica Lopez,Finance,135465
5354,Jennifer Miller,Research,101407
9725,Lisa Lewis,Marketing,64779
8259,Joshua Sanchez,Finance,44169
9438,Robert Martinez,Marketing,144521
3762,Joshua Davis,Finance,35538
8114,Daniel Hernandez,Research,77085
73,David White,Legal,97020
6060,Mark Wilson,Sales,143632
594,Steven Miller,Legal,35553
2336,Michael Lopez,HR,102334
9673,Lisa Garcia,Customer Service,83425
7893,Daniel Garcia,Engineering,43657
1505,Lisa Walker,Research,129050
1956,Mark Davis,Operations,95795
1939,Amanda Sanchez,Engineering,102635
9149,Daniel Rodriguez,Sales,47425
6685,Dorothy Williams,Legal,39207
29,Deborah Smith,Customer Service,45320
4423,Mark Brown,Engineering,102180
1603,David Jackson,Engineering,64683
7471,Emily Gonzalez,Finance,118333
6892,Robert Williams,Marketing,64367
23,Karen Walker,Engineering,143895
8993,Jessica Miller,Customer Service,78007
7389,Anthony Thomas,Finance,117107
901,Nancy Brown,Sales,128206
3736,Jane Miller,Marketing,72111
1205,Steven Smith,Engineering,71079
7150,Mark Lopez,Operations,84068
6233,Donald Williams,HR,50932
6176,Mark Garcia,HR,119631
2267,Nancy Johnson,Customer Service,144275
922,Joshua Wilson,IT,109788
6284,Lisa Rodriguez,Engineering,139291
9994,John Lewis,Legal,79248
3452,Andrew Thomas,Research,111950
