EMP_ID,EMP_NM,DEPT_CD,SAL_AMT
8223,David Smith,Customer Service,56984
8672,Amanda Clark,Customer Service,47894
9065,James Wilson,Finance,38585
1793,Elizabeth Ramirez,Customer Service,111825
7361,Amanda Anderson,Engineering,78724
2432,Steven Jackson,Customer Service,40341
1679,Donald King,Finance,70107
9140,Paul Sanchez,Finance,122943
5848,Karen Harris,Sales,80358
3768,Sarah Martin,Research,59935
5911,Deborah Jackson,HR,58865
1526,Mark Hernandez,Customer Service,125825
6722,Daniel Lewis,HR,49870
8826,Anthony Rodriguez,Research,40534
6935,Ashley Jones,HR,81421
3398,Daniel Thomas,Customer Service,93828
2302,Jane Smith,IT,50537
9387,Paul Lee,Engineering,147242
5034,Christopher Thompson,Sales,115620
4606,Elizabeth Lopez,Operations,124393
2056,Deborah Rodriguez,IT,141040
9769,Lisa Johnson,Operations,34818
1336,Sarah Wilson,IT,52233
3934,Andrew Lewis,HR,34328
7624,Deborah Lewis,Customer Service,40349
8714,Christopher Jackson,Research,102835
2944,Lisa Martin,Marketing,30374
3252,Karen Thompson,Finance,53774
2697,Joshua Sanchez,Operations,129881
4179,Andrew Moore,Finance,86032
3959,Amanda Jones,Legal,55717
70,Deborah Lewis,Operations,132508
7631,Deborah Taylor,IT,117329
5050,Betty Martin,Customer Service,109980
874,David Allen,Finance,119774
9460,Amanda Williams,Customer Service,141117
8728,Andrew Clark,Sales,94602
835,Sarah Lopez,IT,70361
6109,Jessica Lopez,Legal,56532
3859,Daniel Lopez,Finance,113616
7387,Daniel Ramirez,Marketing,74846
4663,Nancy Rodriguez,HR,55466
4938,Michael Hernandez,Customer Service,53173
792,Robert Johnson,Research,82863
8032,Michael Williams,Sales,68502
6959,Ashley Martin,IT,103750
9144,Deborah Lee,Operations,95580
8312,John Thomas,HR,32443
5922,Deborah Martinez,Marketing,145472
51,Jessica Lewis,Research,108074
7400,Lisa Martinez,Sales,49207
9683,Deborah Moore,HR,136751
8521,John Harris,Operations,102995
4722,Sarah Anderson,Finance,140719
8661,Paul Robinson,Sales,50705
7313,David White,Operations,123918
2625,Dorothy Lewis,Sales,32056
1932,Michael Miller,Finance,115166
8825,Deborah King,Engineering,38286
4940,Christopher Hernandez,Research,88704
3258,Ashley Allen,Customer Service,114982
4130,Paul Young,Sales,139313
5488,Betty Young,IT,127355
525,Donald Smith,HR,124152
1517,Donald Jackson,Engineering,116306
917,Jane Johnson,Finance,49564
1919,Steven Jones,Marketing,73051
5772,Anthony Harris,IT,65720
7053,Ashley Johnson,Finance,80890
3837,Christopher Wilson,Sales,139740
8990,Jennifer Lee,Engineering,84263
5732,Emily Thomas,Customer Service,129072
5059,Andrew Young,HR,76362
7441,Steven Allen,Research,75526
5332,Dorothy Jackson,IT,48806
6380,Jane White,Research,138452
3001,John Sanchez,Marketing,93421
2979,Robert Johnson,Research,31780
2699,Andrew Johnson,Legal,137248
4313,Andrew Davis,IT,106881
8100,Paul Thomas,Finance,126014
8779,Michael Harris,Legal,55566
6025,Karen Allen,HR,121913
5777,Nancy Lee,Finance,62616
885,Matthew Jones,IT,88481
1691,Lisa Jones,Legal,68333
1558,Ashley White,Customer Service,101634
9750,Daniel Lewis,Legal,36122
7336,Betty Jones,Legal,117513
1601,Emily Jackson,Sales,107191
1496,Paul Thomas,IT,79881
4987,Ashley Taylor,Finance,131507
2188,Karen Gonzalez,Engineering,140453
3228,Emily Robinson,IT,58388
6352,Jennifer Garcia,IT,111198
5491,Jane Thomas,Finance,31605
1526,Paul Jones,Legal,138198
3722,Lisa Moore,HR,100448
4568,John Moore,Finance,81231
7368,Dorothy Martinez,Marketing,140419
