EMP_ID,EMP_NM,DEPT_CD,SAL_AMT
9506,Joshua Harris,Research,61730
2765,Joshua Thompson,Finance,92553
1691,Michael Johnson,Finance,91313
2433,Paul Williams,Engineering,40400
4616,Michael Thompson,HR,66340
7232,Anthony Walker,Research,39412
7185,Ashley Walker,Operations,65047
8882,Nancy Johnson,Customer Service,75590
963,Betty Lee,Operations,65367
5284,Michael Thomas,Legal,124280
7583,James Young,Marketing,92306
7852,Elizabeth Jackson,Finance,115779
2982,Paul Harris,Legal,76671
2675,Matthew Thomas,Sales,112281
6767,John Garcia,HR,140988
4589,Donald Smith,Operations,52700
3718,Nancy Jones,Marketing,74457
9396,Karen Perez,Sales,79180
4911,Jane Sanchez,HR,63137
1994,Paul Garcia,Customer Service,49623
6044,Elizabeth Lee,Engineering,101290
7092,Anthony Thompson,Finance,139461
2341,David Clark,Research,136744
3524,Daniel Ramirez,HR,102119
1246,Donald Clark,Customer Service,131282
3635,Robert Miller,Research,145324
9947,Jennifer White,Sales,142934
2812,Betty Brown,Engineering,148658
6271,Daniel Clark,Operations,41069
3163,Jennifer King,Finance,56251
5949,Deborah Hernandez,Sales,94047
2435,Matthew Garcia,Legal,110157
4126,Joshua Martinez,Finance,63786
9156,Jane Allen,HR,92173
3924,Ashley Williams,HR,118348
7967,Jane Rodriguez,Marketing,33846
9626,Steven Anderson,Operations,86020
9752,Deborah Harris,Customer Service,127398
3383,Anthony Hernandez,Research,106599
4645,John Hernandez,Engineering,134264
8879,Mark Lopez,Research,103337
8370,Jennifer Robinson,HR,80716
5152,Joshua Lee,Research,86852
9041,Daniel Miller,Customer Service,126434
5675,Andrew Young,Engineering,86810
7808,Nancy Taylor,Operations,71788
58,Donald Williams,Marketing,76318
3271,Lisa Brown,Marketing,125255
7591,Andrew Lee,Research,71753
3,Michael Young,IT,125430
2834,Joshua White,Finance,102318
9041,Anthony Jackson,Sales,77725
5520,Robert Lee,Research,45382
3114,Dorothy Anderson,Finance,93050
752,Robert Martin,Research,115433
2306,Ashley Brown,IT,58127
1348,David Brown,Sales,101734
7205,Karen Thomas,Operations,103070
7850,David Smith,Engineering,99932
7689,Amanda Anderson,IT,53094
2032,Emily Young,Marketing,80553
3494,Joshua Lopez,Legal,31187
7635,Michael Robinson,Operations,94416
8643,Emily Martin,HR,115635
1695,Jane Young,Legal,37054
2325,Paul Rodriguez,Customer Service,110175
2219,Elizabeth Thomas,IT,57182
455,Christopher Harris,Operations,112371
9140,Steven Martin,IT,147117
188,Anthony Lewis,Marketing,99767
6588,Donald Jackson,Sales,87040
4269,Michael Harris,Engineering,82548
4329,Jennifer Ramirez,Operations,52585
2295,Matthew Robinson,Finance,121230
3190,Daniel Young,Customer Service,47207
139,Deborah Williams,Customer Service,109150
7276,Robert Walker,Legal,39961
4012,Joshua Martinez,HR,149801
1890,Lisa Jones,Legal,96203
9032,Matthew Clark,Legal,86956
2849,Andrew Jackson,Research,55400
8272,Michael Sanchez,IT,39539
6382,Dorothy Williams,Marketing,132911
53,Dorothy Garcia,Legal,121613
7113,Sarah Young,Customer Service,77937
2439,John Thompson,Legal,103385
7472,Daniel Brown,Finance,78900
8348,Nancy Sanchez,Finance,87753
3617,Steven Sanchez,Sales,54539
4945,Dorothy Miller,Engineering,33134
3355,Emily Lopez,Research,101536
6526,Sarah Moore,HR,65804
4733,John Lee,Finance,108655
1122,Karen Robinson,Sales,75023
8324,Sarah Jackson,Legal,108143
461,Joshua Lopez,Finance,100693
6259,Dorothy Garcia,Research,69530
5441,Matthew Martin,Legal,39660
2350,Karen Thompson,HR,30610
6776,Andrew Walker,IT,146034
