C_ID,C_NAME,AGE_YRS,LOC_CD,REG_DT
5395,Jennifer Williams,27,Charlotte,2021-03-03
8251,Jennifer Thomas,53,San Francisco,2024-08-24
2748,Donald Lewis,51,San Francisco,2022-10-09
6400,Lisa Lewis,61,Louisville,2025-03-18
717,Donald Clark,43,Sacramento,2023-06-08
7084,Donald Martin,29,San Jose,2025-01-16
3742,Betty Walker,22,Columbus,2021-02-03
2492,Andrew Davis,32,Louisville,2023-02-15
905,Betty Robinson,32,Charlotte,2020-12-26
1549,Jessica Sanchez,46,Seattle,2025-04-25
9809,Dorothy Miller,46,Oklahoma City,2025-12-02
5218,Andrew Thompson,29,Fresno,2024-01-01
90,Karen Brown,19,New York,2021-08-14
1795,Nancy Johnson,65,Portland,2023-11-12
9396,Joshua Miller,59,Tucson,2021-02-19
3157,Paul Smith,38,Boston,2021-05-17
470,Elizabeth Smith,36,Houston,2024-02-18
2240,Betty Miller,65,Albuquerque,2020-08-12
1229,Andrew Davis,33,Philadelphia,2025-11-25
8796,Donald Ramirez,57,Los Angeles,2023-12-05
8459,David Hernandez,45,Austin,2020-11-25
30,Paul Lewis,24,San Antonio,2024-07-21
2124,Andrew Martinez,45,New York,2025-07-03
8347,James Clark,25,Seattle,2025-10-07
710,Christopher Allen,42,Louisville,2025-01-03
5294,Robert Miller,36,Denver,2025-06-26
470,Amanda Davis,55,Houston,2022-10-19
9268,Karen King,55,San Jose,2020-02-27
5610,Emily Smith,41,Oklahoma City,2025-09-16
2942,Lisa Robinson,36,Houston,2025-11-10
1398,Jane Lopez,29,Nashville,2023-07-23
9859,Anthony Gonzalez,64,Seattle,2021-06-06
4904,Steven Lopez,62,Phoenix,2022-07-19
7762,Nancy Lopez,22,Fort Worth,2024-04-16
9708,Jessica Jackson,34,Portland,2024-03-21
9402,John Johnson,63,New York,2025-04-17
5821,Betty Sanchez,64,San Antonio,2025-11-02
9359,Jane Lopez,28,Fresno,2023-02-23
8333,Betty Williams,25,Las Vegas,2020-05-27
8460,Matthew Lee,30,Jacksonville,2023-08-14
6418,Donald Sanchez,66,Portland,2023-05-04
8846,Mark Ramirez,47,Austin,2024-06-20
7000,Sarah Taylor,45,Denver,2023-07-24
2411,Jennifer Moore,65,Sacramento,2020-05-24
9301,Michael Garcia,24,Mesa,2023-06-27
4997,Anthony Miller,30,San Francisco,2020-05-09
3880,Betty Brown,40,Philadelphia,2020-05-28
692,Amanda Johnson,41,Seattle,2021-10-04
6960,Jennifer Miller,20,Columbus,2021-08-13
5277,Amanda Young,26,San Antonio,2024-07-24
8767,Steven Williams,59,San Antonio,2024-11-18
937,Jennifer Smith,42,Las Vegas,2020-10-10
2878,David Johnson,33,Phoenix,2025-03-18
9330,Lisa King,45,New York,2025-01-01
4353,Steven Davis,43,Indianapolis,2024-01-21
4640,Elizabeth Davis,33,Seattle,2025-06-25
4517,Betty Jackson,40,Los Angeles,2024-09-02
6919,Michael Thomas,70,San Diego,2020-12-23
9815,Lisa Gonzalez,66,San Jose,2022-07-02
3747,Donald Thomas,39,San Francisco,2024-10-20
4302,Deborah Sanchez,33,Sacramento,2025-02-19
6651,Matthew Sanchez,44,Fresno,2023-01-21
3281,Christopher Gonzalez,41,Washington,2022-02-16
6768,Donald Jones,39,Boston,2025-01-12
4061,Jessica Thomas,23,Albuquerque,2025-12-13
5391,Amanda Allen,22,Milwaukee,2025-07-21
9126,Robert Brown,57,Charlotte,2023-11-02
3986,Joshua Taylor,27,Seattle,2022-04-27
3253,Robert Gonzalez,64,Sacramento,2024-02-28
9136,Christopher Rodriguez,19,San Francisco,2023-08-09
283,Paul Ramirez,25,Seattle,2025-01-21
6811,Lisa Jackson,48,Albuquerque,2024-11-28
7288,Joshua Rodriguez,63,Portland,2021-10-21
1775,Robert Gonzalez,20,New York,2021-11-01
7052,Lisa Clark,54,San Diego,2020-03-27
