EMP_ID,EMP_NM,DEPT_CD,SAL_AMT
251,Anthony Martin,Operations,141879
2192,Andrew Garcia,Engineering,141535
4267,Dorothy Thompson,Finance,103563
7780,Lisa Martinez,Sales,35805
5679,Michael Taylor,Operations,58630
4667,Jennifer Martinez,Customer Service,110615
3454,Nancy Thompson,IT,118467
3600,Ashley Walker,Finance,129281
7664,Amanda Williams,Engineering,38247
8319,Jane Thomas,Marketing,46489
4102,Karen Jackson,HR,145157
2214,Michael Clark,IT,94833
9152,Daniel Brown,Customer Service,107500
5133,David Perez,Customer Service,62226
8723,Christopher Rodriguez,Operations,111628
7666,Robert Sanchez,Operations,68225
6765,Michael Jones,Engineering,125456
7574,Elizabeth Allen,Finance,105600
7026,Sarah Davis,Finance,79775
9323,Lisa Gonzalez,HR,112332
3552,Mark Ramirez,Sales,63001
8193,Anthony Walker,Sales,144009
690,Anthony Taylor,Operations,88896
7808,Ashley Davis,Operations,134402
690,Mark Harris,HR,42332
133,John Rodriguez,Finance,38354
5787,Christopher Miller,Research,62148
8904,Steven Perez,Finance,95382
5423,Betty Wilson,HR,96409
5227,Joshua Ramirez,Marketing,126323
5945,Matthew Lopez,IT,65516
8878,Lisa Lewis,Operations,127400
349,Daniel Williams,Finance,61639
504,Christopher Brown,Customer Service,118606
732,Jennifer Young,Research,74095
5036,Jessica Martinez,Legal,101362
200,Ashley King,Legal,38980
185,Elizabeth King,Operations,147519
6700,Deborah Clark,Engineering,107531
1690,Lisa Lee,Operations,96093
174,Nancy Garcia,Sales,138964
4046,David Lewis,Finance,89634
5445,Jane Wilson,Marketing,137705
8598,Jennifer Lee,Legal,67592
6209,Ashley Smith,Operations,84568
7214,Betty Jackson,Customer Service,58189
1661,Deborah Clark,Sales,64821
4286,Nancy Young,Sales,137253
849,Jennifer Lopez,Engineering,104288
8157,Nancy Taylor,HR,65320
936,Anthony King,HR,96866
4702,Mark Brown,HR,121033
1635,Donald Jackson,HR,80406
6979,Lisa Wilson,IT,104091
2576,Dorothy White,HR,42716
5084,Anthony Lopez,HR,60114
1769,Donald Thomas,Finance,83220
3909,Donald Harris,HR,54446
8386,Lisa Clark,Customer Service,63641
1665,Jessica Taylor,Engineering,31299
6025,Joshua Moore,Sales,93800
4968,Sarah Sanchez,Marketing,56596
5457,Matthew Gonzalez,HR,142005
712,Jessica Hernandez,Engineering,114636
739,Dorothy Lee,Finance,46322
9165,Mark Hernandez,Engineering,70500
780,David Williams,Research,94959
4586,Sarah Wilson,Operations,38411
4369,Amanda Miller,Finance,53084
9446,Steven Jones,Sales,113039
2449,Sarah Davis,HR,61231
8561,Dorothy Perez,Marketing,43875
5047,Matthew King,Operations,67751
5865,Anthony Hernandez,Operations,95580
3907,Anthony Robinson,Engineering,85118
9640,Deborah Perez,Operations,121910
9058,Sarah Walker,Finance,146129
6001,Andrew Brown,Finance,110284
410,Donald Wilson,Customer Service,40466
4111,Christopher Lewis,Operations,86283
3961,Sarah Jackson,IT,97503
1600,David Jones,Finance,33328
5435,Ashley Ramirez,IT,139755
3545,Dorothy White,Research,95448
4467,Jessica Perez,Research,55667
3071,David Miller,Finance,34429
1962,Nancy Anderson,Customer Service,54968
3749,Christopher White,Research,35332
3986,Karen Wilson,Operations,80671
1444,Daniel Smith,Legal,59643
8616,Sarah King,Legal,35602
6912,Paul Ramirez,IT,106741
8051,Donald Jones,Customer Service,132806
377,Amanda King,Finance,110739
6896,Jennifer Brown,HR,104217
548,Betty Hernandez,IT,140803
3232,Matthew White,Operations,79855
73,Michael Sanchez,Customer Service,30792
3307,Nancy Lewis,Operations,46933
2908,Michael Robinson,HR,111563
