C_ID,C_NAME,AGE_YRS,LOC_CD,REG_DT
359,Donald Allen,70,Milwaukee,2025-03-15
6495,David Sanchez,42,Dallas,2021-01-19
6273,Karen Lee,42,Fort Worth,2023-11-07
7072,Jane Brown,57,Washington,2022-06-22
3334,Dorothy Jackson,40,Albuquerque,2022-12-14
480,Jane Thomas,45,Los Angeles,2025-02-10
9615,Emily Martinez,32,Charlotte,2023-09-22
1904,Sarah Ramirez,55,San Francisco,2022-05-21
5146,Robert Martinez,38,Sacramento,2024-07-16
7233,Daniel King,50,New York,2022-08-17
7340,Michael Anderson,59,Philadelphia,2021-12-20
1484,Ashley Gonzalez,58,Kansas City,2021-01-18
5633,Ashley Harris,52,Seattle,2021-08-13
184,Anthony Taylor,50,Nashville,2020-05-06
974,Emily Williams,37,Houston,2020-06-15
7164,Jennifer Lee,36,Dallas,2021-09-25
3503,Jessica Sanchez,46,Charlotte,2024-10-20
362,Robert Allen,67,Phoenix,2024-02-08
9581,Sarah White,52,San Antonio,2024-04-01
3850,Lisa Rodriguez,22,Baltimore,2023-09-27
825,Amanda Sanchez,23,Nashville,2022-11-15
8358,Dorothy Williams,53,Boston,2024-06-07
3663,Nancy Allen,28,Dallas,2020-01-07
3340,Karen Lopez,47,Portland,2023-04-20
8403,Michael Wilson,38,Albuquerque,2023-08-15
3703,David Gonzalez,25,Mesa,2023-06-23
303,Mark Johnson,58,Las Vegas,2021-09-07
8700,Elizabeth Walker,64,Phoenix,2023-02-21
7642,Daniel Brown,21,Fort Worth,2021-02-17
7026,Betty Taylor,29,New York,2025-04-06
8048,Jessica Harris,50,San Francisco,2022-09-20
8333,Robert Gonzalez,49,Boston,2020-08-04
9411,Jane Davis,41,Las Vegas,2020-04-02
4842,Daniel Walker,44,Columbus,2021-06-06
3173,Robert Garcia,47,Austin,2021-04-14
5190,Elizabeth Lewis,44,Milwaukee,2025-01-05
9560,Daniel Martin,65,San Francisco,2022-02-23
5292,Nancy Harris,23,Dallas,2023-12-16
6460,Jessica Sanchez,45,Houston,2020-07-28
445,Joshua Hernandez,53,San Diego,2025-10-07
4211,David Rodriguez,56,San Jose,2024-07-08
1090,Ashley Hernandez,53,Seattle,2022-10-04
4692,Andrew Young,67,Portland,2020-10-10
6223,Emily Robinson,69,Albuquerque,2022-12-22
3324,Anthony Lee,56,Sacramento,2024-06-01
433,Robert Perez,23,Kansas City,2021-08-15
334,Ashley Jones,66,New York,2022-11-07
7435,Ashley Sanchez,27,Kansas City,2024-10-09
9850,James Hernandez,42,Louisville,2021-09-20
1104,Elizabeth Williams,28,Dallas,2021-10-11
3981,Paul Robinson,19,Sacramento,2022-06-21
48,Ashley Ramirez,35,San Diego,2023-11-16
2815,Donald Miller,64,Albuquerque,2024-12-21
4538,Deborah White,64,Chicago,2024-10-04
2874,Matthew Young,60,Las Vegas,2025-07-20
9389,Lisa Miller,48,Seattle,2022-05-05
5048,Michael Lopez,35,Austin,2024-03-23
4494,James White,26,Phoenix,2023-02-27
4219,Christopher Johnson,40,San Jose,2023-05-21
7690,Lisa Rodriguez,35,Washington,2020-11-16
4514,Karen Wilson,19,Charlotte,2020-06-23
9018,Robert Williams,59,Denver,2021-12-07
9974,Joshua Lee,32,Las Vegas,2024-08-04
374,Sarah Brown,70,Albuquerque,2021-03-13
9156,Dorothy Allen,64,Portland,2022-07-01
657,Ashley Williams,29,Jacksonville,2021-07-22
2072,Sarah Lewis,56,San Francisco,2024-04-11
7365,Emily Davis,57,Nashville,2023-03-15
4379,James Clark,23,Milwaukee,2020-09-22
8321,Andrew Martinez,30,Phoenix,2024-07-13
6285,Betty Williams,24,Houston,2022-01-07
373,Robert Brown,25,Sacramento,2020-03-11
1794,Deborah Ramirez,68,Indianapolis,2025-06-10
7107,Elizabeth Hernandez,67,Dallas,2020-08-27
9623,Betty Allen,50,Fresno,2020-09-19
