C_ID,C_NAME,AGE_YRS,LOC_CD,REG_DT
777,Dorothy Johnson,64,Kansas City,2024-04-13
2334,Andrew Gonzalez,29,Fort Worth,2021-05-21
2018,Lisa Jones,64,Austin,2020-10-12
8479,Paul Gonzalez,30,Los Angeles,2021-09-01
35,Donald Taylor,58,San Francisco,2025-12-13
3257,Ashley Ramirez,42,Sacramento,2025-02-25
7205,Daniel Ramirez,48,Kansas City,2025-12-28
735,Betty Thompson,70,Austin,2024-07-17
9478,David Thomas,23,Fresno,2020-06-22
500,Matthew Lee,48,Jacksonville,2022-05-25
1865,Elizabeth White,54,Austin,2025-02-19
7968,Jessica Brown,57,Boston,2021-03-16
1615,Mark Sanchez,51,Fort Worth,2024-06-27
1234,Elizabeth Young,60,Fort Worth,2022-11-18
3604,Elizabeth Sanchez,29,Mesa,2025-01-16
5523,Anthony Rodriguez,43,New York,2020-07-03
8814,Amanda Lee,21,Denver,2023-09-27
5887,Steven Ramirez,58,Las Vegas,2024-09-09
3817,Ashley Wilson,37,Indianapolis,2020-11-16
8863,Robert Lopez,46,Washington,2020-02-07
1777,Sarah Clark,21,Oklahoma City,2020-03-19
1468,Mark Johnson,56,Jacksonville,2023-06-05
7558,Robert Jones,52,Austin,2021-08-14
3358,Daniel Jones,53,Philadelphia,2021-01-16
6896,John Sanchez,21,Nashville,2025-05-01
2118,Michael Lopez,53,San Antonio,2023-05-17
6451,Donald Lee,21,Phoenix,2021-04-02
8539,James Williams,28,Mesa,2020-11-15
2682,Joshua Rodriguez,24,San Jose,2022-10-16
8556,Christopher Robinson,55,Boston,2021-10-01
9514,David Anderson,36,Chicago,2022-04-01
1754,Robert Jones,45,Dallas,2023-11-22
8582,Deborah Johnson,62,Columbus,2022-12-05
6617,Andrew Anderson,50,Baltimore,2023-10-09
8178,David Lee,58,New York,2024-06-09
6227,David Clark,37,Jacksonville,2023-12-02
1519,Matthew Martin,26,Austin,2021-04-04
7552,Jessica Young,29,Denver,2021-12-14
8685,Deborah Harris,65,Jacksonville,2024-12-09
2684,Deborah Garcia,69,Milwaukee,2025-12-17
5376,John Wilson,31,Milwaukee,2021-05-02
6863,Sarah Jackson,48,Dallas,2023-12-13
5844,Paul Lopez,48,Albuquerque,2025-04-17
8643,Betty Martin,54,Baltimore,2021-06-01
7979,Lisa Miller,41,Portland,2025-07-23
9743,Daniel Brown,48,Mesa,2025-08-02
2567,Lisa Wilson,58,Austin,2020-05-01
1944,Dorothy King,62,Seattle,2020-11-28
2198,Elizabeth Lee,41,Kansas City,2020-07-23
5782,Jessica Thompson,52,Nashville,2022-08-06
5509,David Taylor,21,Las Vegas,2023-02-11
4836,Deborah Davis,49,Seattle,2020-04-17
9934,Robert Hernandez,19,Dallas,2022-12-15
3739,Emily Young,22,Oklahoma City,2021-02-03
8831,Betty Anderson,43,Fresno,2023-10-22
1406,Jennifer Johnson,54,Tucson,2025-09-05
7384,Matthew Lopez,56,Washington,2021-07-26
6896,Sarah Ramirez,39,Fresno,2020-04-08
4625,Michael White,20,Sacramento,2023-09-06
4361,Dorothy Wilson,43,Fresno,2020-04-08
4442,Robert Taylor,51,Las Vegas,2023-02-25
9052,Daniel Clark,59,San Francisco,2022-02-18
4983,Anthony Gonzalez,26,Mesa,2025-07-28
5826,Dorothy Allen,18,Kansas City,2020-06-28
8250,Christopher White,49,Portland,2023-08-05
3572,Lisa Lewis,22,Seattle,2025-08-20
2571,Lisa Brown,61,Washington,2020-12-05
2012,Jessica Ramirez,25,Fresno,2022-12-14
2622,Paul Garcia,37,Los Angeles,2024-07-14
7188,Karen Thomas,42,Boston,2024-04-08
7605,Robert Smith,31,Sacramento,2021-10-25
3532,Steven Williams,54,Jacksonville,2023-03-21
3399,Robert Brown,30,Las Vegas,2020-09-01
25,Steven Davis,54,Mesa,2020-01-10
1525,Steven Martin,37,Los Angeles,2020-04-11
