C_ID,C_NAME,AGE_YRS,LOC_CD,REG_DT
4383,Betty Anderson,42,New York,2021-11-20
9428,Anthony Smith,33,Baltimore,2020-06-11
6824,Sarah Sanchez,31,Oklahoma City,2021-08-28
5956,Sarah Smith,34,Denver,2023-10-06
9277,Joshua Anderson,37,Boston,2025-01-06
5515,Joshua Martin,31,Tucson,2022-12-21
7255,Karen Wilson,42,Indianapolis,2024-08-27
2081,Donald Harris,66,Sacramento,2020-09-09
8510,Emily Wilson,64,Chicago,2023-12-02
1597,James Robinson,31,Dallas,2025-08-12
2088,Lisa Walker,21,Denver,2023-03-27
452,David Jones,54,Milwaukee,2021-11-21
6026,Elizabeth Lopez,59,Baltimore,2024-05-06
5865,Michael Moore,29,Tucson,2021-10-14
2422,Michael Williams,19,San Francisco,2022-08-01
2483,Ashley Allen,39,Indianapolis,2020-12-05
9003,Amanda Davis,35,Chicago,2023-11-23
5549,Daniel Miller,50,Philadelphia,2025-02-09
8410,Jennifer Johnson,35,San Diego,2021-10-18
2536,James Miller,22,Sacramento,2025-07-04
4619,Emily Walker,50,New York,2025-04-03
1197,Jane Lopez,20,San Francisco,2025-03-05
646,Paul Ramirez,45,Milwaukee,2020-08-08
9065,Dorothy Martin,43,Louisville,2025-03-22
2710,Karen Harris,70,Sacramento,2022-04-11
2590,Sarah White,40,Philadelphia,2025-07-24
4062,Daniel Jackson,58,Dallas,2021-06-03
1589,Lisa Hernandez,50,Las Vegas,2025-03-02
6905,Emily Anderson,32,Mesa,2020-06-21
9114,Nancy Davis,29,Boston,2022-11-21
1290,Amanda Gonzalez,68,Milwaukee,2021-07-22
7003,David Rodriguez,19,Tucson,2020-09-22
6415,Mark Garcia,58,Milwaukee,2024-11-08
3411,Paul Moore,54,San Francisco,2025-08-08
7144,Matthew Allen,53,Columbus,2023-02-16
4998,John Lewis,67,Tucson,2023-12-11
3184,Amanda Walker,37,Fresno,2024-02-08
8122,Nancy Davis,64,Philadelphia,2022-07-12
7511,Anthony Davis,64,Charlotte,2024-10-17
5540,Robert Ramirez,60,Jacksonville,2020-07-16
1119,Nancy Ramirez,55,Sacramento,2025-05-11
1409,Steven Thomas,41,Baltimore,2022-01-22
1330,Jennifer Davis,21,Kansas City,2020-09-09
6804,Steven Jackson,48,Seattle,2023-08-13
1862,Emily Lee,53,Albuquerque,2025-10-25
122,Joshua Robinson,68,Charlotte,2022-06-22
3226,Michael Harris,59,Philadelphia,2022-07-04
8010,Matthew Miller,38,Fresno,2021-10-21
1091,Matthew Jones,63,Indianapolis,2024-07-14
6639,Elizabeth Lopez,34,Fort Worth,2025-10-05
4898,Anthony Allen,62,Indianapolis,2022-08-09
9767,Steven Gonzalez,40,Phoenix,2020-02-14
2674,Deborah Wilson,19,Kansas City,2020-05-19
746,Dorothy Walker,38,Austin,2021-11-28
2957,Joshua Smith,32,San Jose,2025-02-20
7641,Lisa Allen,56,Las Vegas,2020-07-15
631,Karen Moore,67,Columbus,2023-05-15
2911,Jessica Williams,50,Denver,2024-01-27
1057,Deborah Taylor,28,San Jose,2020-01-09
4777,Robert Johnson,62,Denver,2021-03-20
2416,Karen Sanchez,40,Philadelphia,2024-01-12
5062,Jane Smith,23,New York,2020-08-16
2585,Deborah Martinez,44,San Jose,2021-05-25
8143,Robert Garcia,34,Fort Worth,2020-12-09
9416,Joshua Jones,25,Oklahoma City,2025-09-26
2476,Sarah Davis,28,Fresno,2025-12-18
1691,Andrew Lee,52,Philadelphia,2022-07-18
8158,Daniel Moore,51,Los Angeles,2024-02-05
1180,Elizabeth Williams,60,Sacramento,2022-03-28
2301,Paul Jackson,32,Dallas,2020-10-28
3872,Lisa Williams,61,Charlotte,2025-05-03
6205,Steven Perez,66,Baltimore,2021-01-17
9850,Paul Wilson,57,Sacramento,2022-01-07
6033,Deborah Garcia,54,Austin,2021-03-23
6756,Ashley Lee,32,Baltimore,2022-09-07
