C_ID,C_NAME,AGE_YRS,LOC_CD,REG_DT
3370,Sarah Lewis,30,Seattle,2025-04-20
3500,Michael King,18,Nashville,2025-11-25
7500,John Anderson,57,San Antonio,2021-07-18
3757,Steven Perez,47,Denver,2021-12-14
8138,Mark Brown,26,Fresno,2021-05-19
9349,Christopher Davis,69,Fort Worth,2022-09-05
8066,Jane Lee,50,San Francisco,2024-09-22
5410,Donald Lopez,40,Baltimore,2022-05-25
149,Andrew Taylor,49,Philadelphia,2021-03-23
8229,Emily King,60,Columbus,2023-05-06
1076,Christopher Thomas,24,Houston,2023-03-05
3783,Michael Jones,55,Houston,2020-09-11
4326,Mark Allen,54,Charlotte,2024-09-02
2827,Nancy Rodriguez,37,San Jose,2022-01-11
9187,Lisa Thompson,20,Indianapolis,2025-03-13
2903,David Davis,42,Baltimore,2022-12-03
2032,Dorothy King,33,Los Angeles,2021-06-12
1650,Michael Harris,54,Mesa,2023-11-09
9950,Mark Davis,62,Jacksonville,2021-09-11
6030,Donald White,37,Austin,2022-05-26
8491,Lisa Anderson,45,Portland,2021-05-11
5399,Betty Martinez,69,Dallas,2024-04-23
1124,Michael King,32,Tucson,2020-11-27
5207,Lisa Williams,33,San Francisco,2024-12-23
9620,Paul Garcia,55,Denver,2025-06-10
8291,David Robinson,52,Kansas City,2022-12-08
9925,Elizabeth Ramirez,42,San Antonio,2020-01-12
7116,John Taylor,49,Fort Worth,2021-04-17
5152,Michael Moore,68,Oklahoma City,2024-12-09
1548,Jennifer Garcia,67,San Antonio,2022-02-25
100,Joshua Lewis,22,Philadelphia,2021-03-26
392,Lisa Gonzalez,51,New York,2024-04-16
6356,Amanda Smith,53,Louisville,2023-02-21
5746,Lisa Clark,38,Tucson,2022-09-16
7024,Karen Lopez,32,San Francisco,2021-07-18
7867,Sarah Moore,54,Fort Worth,2020-02-25
1997,Lisa Walker,58,Seattle,2021-05-27
5036,Deborah Allen,70,Jacksonville,2024-07-09
5221,Matthew Jackson,25,Houston,2023-01-13
2220,Deborah Harris,52,Tucson,2025-03-01
8280,Betty Sanchez,26,Las Vegas,2022-11-17
5146,Deborah Martinez,65,Columbus,2023-06-17
6637,Ashley Moore,22,Tucson,2023-02-07
60,Elizabeth Wilson,40,Jacksonville,2024-11-18
2056,Robert Garcia,55,Fort Worth,2022-05-25
1993,Sarah Perez,37,Milwaukee,2023-06-28
6353,Christopher Johnson,55,Portland,2025-10-08
6016,Joshua Jones,60,Mesa,2023-01-26
8341,Mark Allen,33,Charlotte,2021-06-25
6564,Matthew Lewis,25,New York,2024-06-24
6093,Nancy Clark,44,Louisville,2023-05-15
9822,Paul Sanchez,64,Mesa,2021-12-16
6998,Nancy Jackson,26,Oklahoma City,2024-12-21
3202,Karen Smith,51,Indianapolis,2020-08-19
7137,Jessica King,57,Denver,2023-09-18
8696,Mark Lopez,64,Baltimore,2025-10-04
8742,Elizabeth Rodriguez,23,Columbus,2022-11-03
3689,Lisa Smith,67,Boston,2024-05-28
4471,Andrew Jackson,28,Denver,2024-06-12
2825,Amanda Jackson,58,Las Vegas,2020-10-26
5248,Andrew Jackson,26,Oklahoma City,2020-11-06
8522,Anthony Johnson,25,Fort Worth,2021-09-02
6704,James Jackson,43,Jacksonville,2024-07-16
7241,Emily Williams,66,Albuquerque,2020-06-23
4423,Dorothy Brown,59,Chicago,2023-01-23
6546,Sarah Miller,46,Las Vegas,2024-06-03
1312,Ashley Ramirez,37,Washington,2023-09-03
8987,Lisa Wilson,62,Milwaukee,2023-08-23
3376,Karen White,38,Fort Worth,2023-02-21
7670,Elizabeth Hernandez,68,Nashville,2022-04-11
3497,Lisa Lewis,55,Milwaukee,2024-04-07
2544,Amanda Moore,41,Charlotte,2023-05-09
8726,Donald Gonzalez,43,Indianapolis,2024-01-20
716,Nancy Harris,18,Charlotte,2024-07-09
4027,Daniel Hernandez,52,Sacramento,2021-10-27
