C_ID,C_NAME,AGE_YRS,LOC_CD,REG_DT
6973,Amanda Rodriguez,43,Mesa,2020-10-23
4819,Paul Smith,37,San Antonio,2025-03-14
2079,Joshua Harris,56,Mesa,2025-02-21
1624,Daniel Moore,60,San Francisco,2020-06-17
6876,John Young,60,Denver,2023-03-15
9869,Karen Walker,64,Nashville,2022-11-21
8289,Elizabeth Lopez,27,Oklahoma City,2023-02-13
9173,Christopher Robinson,64,Austin,2023-09-25
4836,Daniel Moore,70,Albuquerque,2020-08-23
5020,Ashley Thomas,68,New York,2025-02-09
4632,Michael White,30,San Francisco,2024-11-18
7336,Jane Thomas,18,San Jose,2021-02-04
9964,Lisa Moore,53,New York,2021-07-24
9497,Amanda Young,34,Los Angeles,2024-10-25
4942,Dorothy Harris,43,Fresno,2025-04-26
4615,John Miller,45,Seattle,2023-05-25
2652,Anthony Clark,21,San Antonio,2025-03-16
9493,Paul Martin,45,Denver,2021-10-28
3298,Elizabeth Davis,50,Washington,2024-12-08
5356,Robert Davis,38,Fresno,2020-03-23
3885,Nancy Thomas,32,Denver,2022-01-23
6273,Jane Brown,69,Seattle,2021-06-23
7560,Emily King,19,Seattle,2021-05-08
9846,Nancy Smith,66,Philadelphia,2022-07-17
4357,Jennifer Miller,37,San Jose,2024-11-02
4503,Lisa Martinez,49,Baltimore,2022-09-04
4468,Betty Thomas,51,Nashville,2020-02-25
9633,Sarah Thomas,49,Seattle,2024-01-27
8895,Betty Moore,26,Louisville,2022-05-05
7020,Elizabeth Gonzalez,20,Dallas,2020-03-10
6417,Joshua Harris,45,San Francisco,2020-08-23
8569,Matthew Rodriguez,65,New York,2024-04-06
8249,Lisa Lewis,40,Fresno,2020-02-22
9566,Donald Moore,51,Washington,2025-09-15
8214,Dorothy Moore,57,Dallas,2024-11-26
2024,Andrew White,50,Denver,2025-12-13
6016,Lisa Thompson,48,Tucson,2021-10-16
1107,Paul Miller,47,Phoenix,2023-06-24
9250,Daniel Johnson,27,Portland,2022-09-19
3854,John Williams,65,Houston,2022-09-17
1746,Jane Brown,68,Indianapolis,2022-03-16
5156,Sarah Jones,65,San Diego,2022-11-06
7348,Sarah Garcia,40,Baltimore,2023-05-19
6947,Michael Taylor,22,Kansas City,2023-12-14
1914,Dorothy Harris,20,Kansas City,2025-11-26
2449,James Williams,35,Baltimore,2024-05-24
7541,Betty Jones,28,Austin,2025-06-08
6349,David Martinez,19,Sacramento,2020-02-02
6623,Betty Johnson,64,Las Vegas,2021-04-23
84,Deborah Robinson,65,Seattle,2021-07-09
54,Matthew Jackson,21,Fort Worth,2020-07-15
7326,Steven Harris,64,Los Angeles,2021-01-06
8430,Mark Perez,22,San Diego,2023-07-11
468,Anthony Davis,64,Charlotte,2020-08-19
1074,James Jones,49,Chicago,2020-08-01
5856,Paul King,67,Boston,2023-10-26
6528,Jane Moore,52,Fresno,2023-09-11
8532,Christopher Lewis,21,Albuquerque,2023-12-10
4979,Mark Thompson,28,Sacramento,2025-10-12
2428,Paul Lewis,28,San Jose,2024-09-04
6431,Donald Lewis,22,Seattle,2022-07-26
7548,David Thomas,56,Albuquerque,2024-06-15
6762,Ashley Moore,47,Chicago,2023-12-03
2894,Matthew Anderson,60,Oklahoma City,2021-08-01
9875,Christopher Martinez,24,Phoenix,2022-07-03
5561,Nancy Walker,66,Charlotte,2021-03-16
432,Christopher Taylor,18,Tucson,2022-06-02
8134,Matthew Anderson,62,Las Vegas,2025-03-10
573,Amanda Sanchez,41,Portland,2025-10-21
403,Joshua Lopez,61,San Francisco,2023-01-12
5187,Emily Thompson,21,Phoenix,2021-01-19
1190,Deborah Sanchez,31,San Antonio,2025-04-19
3530,Anthony Young,21,Philadelphia,2024-09-16
9552,Jane Lewis,34,Louisville,2021-08-21
2226,Amanda Gonzalez,62,Philadelphia,2023-01-11
