C_ID,C_NAME,AGE_YRS,LOC_CD,REG_DT
2358,Dorothy Jackson,33,Tucson,2025-09-06
9936,Jane Hernandez,31,Portland,2025-06-07
9572,Jessica Lopez,68,Tucson,2021-10-04
8649,Lisa Lopez,28,Tucson,2022-05-06
9624,Matthew Sanchez,30,Austin,2021-11-19
2070,Daniel Miller,48,Louisville,2021-12-19
3333,Lisa Martin,26,Mesa,2024-01-18
2468,Jessica Lewis,68,Philadelphia,2020-08-02
8751,Lisa Gonzalez,22,Philadelphia,2024-06-08
8489,Lisa Hernandez,55,Milwaukee,2021-03-06
5859,Sarah Anderson,36,Austin,2025-02-04
7405,Jessica Sanchez,46,Nashville,2024-08-25
7769,Steven Anderson,62,Louisville,2023-05-09
6732,Sarah Jones,26,Boston,2024-06-19
1871,Ashley Lee,43,Phoenix,2022-08-24
9832,Dorothy Sanchez,27,Los Angeles,2021-01-04
1782,Ashley Thomas,52,Fort Worth,2021-07-17
2489,Elizabeth Jackson,46,Phoenix,2021-12-05
7977,Betty Young,31,Philadelphia,2025-04-05
7998,Elizabeth Thomas,67,San Jose,2022-06-12
2396,Dorothy Gonzalez,48,Sacramento,2022-09-03
6391,Robert Ramirez,57,Charlotte,2022-06-04
5364,Andrew Martin,56,Milwaukee,2024-05-25
2378,Andrew Johnson,31,Las Vegas,2020-08-17
1355,Jane Ramirez,38,New York,2020-11-19
1840,David Sanchez,63,Austin,2020-08-05
4737,John Harris,68,Columbus,2022-10-11
7124,Jane Jones,33,San Antonio,2024-12-03
4526,Deborah Thompson,32,Albuquerque,2021-05-14
6571,Christopher Allen,29,Seattle,2024-09-11
1282,Sarah Thomas,38,Philadelphia,2023-02-27
202,Lisa Allen,63,Fresno,2022-11-11
3608,Sarah Thomas,63,Seattle,2025-02-07
9408,Donald Taylor,37,Dallas,2025-05-27
7857,Amanda Robinson,39,Indianapolis,2020-09-03
2922,Lisa Wilson,57,Nashville,2021-10-15
2896,Robert Ramirez,31,Jacksonville,2024-10-20
9667,Betty Gonzalez,68,Philadelphia,2025-08-10
1434,Betty Lee,45,Denver,2023-06-08
4448,Jane Rodriguez,25,San Jose,2023-04-09
451,Joshua Walker,24,Baltimore,2020-07-04
1850,Anthony Gonzalez,49,Indianapolis,2023-11-07
7427,Jennifer Jackson,18,Philadelphia,2022-10-18
526,Emily White,53,Charlotte,2024-03-09
616,Matthew Anderson,23,Portland,2021-07-03
7632,James Garcia,59,San Diego,2025-08-14
6793,Elizabeth Davis,42,Baltimore,2022-02-14
2318,Amanda Sanchez,39,Nashville,2025-07-08
5401,Mark Walker,50,Baltimore,2024-06-15
4084,Andrew White,24,Las Vegas,2021-10-18
2170,Dorothy Martin,49,Tucson,2022-05-05
3320,Daniel Williams,68,Tucson,2022-08-10
7712,Donald Sanchez,35,Kansas City,2021-01-22
2169,Matthew Harris,20,Columbus,2025-01-07
8242,Lisa Gonzalez,45,Los Angeles,2023-08-06
740,Jennifer Walker,18,Milwaukee,2024-12-25
9097,Sarah Thompson,69,Portland,2022-04-17
1212,Anthony Brown,67,Milwaukee,2025-06-16
5269,Joshua Thompson,57,Las Vegas,2020-02-02
5250,Andrew Thompson,67,Albuquerque,2022-10-07
5017,Lisa Gonzalez,38,Indianapolis,2024-03-21
2708,John Robinson,50,Dallas,2025-07-21
1690,James Robinson,61,Washington,2022-09-03
3538,Elizabeth Williams,22,Sacramento,2022-09-19
3664,Lisa Garcia,34,Fort Worth,2023-12-08
4421,Amanda Thomas,44,San Jose,2021-09-16
2730,Lisa Wilson,67,Fort Worth,2022-04-06
5619,Paul Garcia,57,Washington,2024-10-20
2666,Robert King,50,Columbus,2025-03-27
4486,Donald White,52,Mesa,2024-08-06
5447,Deborah Robinson,29,Philadelphia,2022-09-11
9171,James Thomas,69,Chicago,2024-06-25
3423,Daniel Walker,29,Nashville,2020-03-19
5658,Lisa Anderson,34,Houston,2023-04-22
6144,Anthony White,39,Boston,2025-05-26
