C_ID,C_NAME,AGE_YRS,LOC_CD,REG_DT
7773,Sarah Smith,46,Fresno,2022-07-17
4023,John Sanchez,64,Washington,2025-10-06
26,Steven Lewis,20,Washington,2025-12-21
187,Donald Perez,59,Las Vegas,2023-10-20
9815,Jennifer Gonzalez,37,Sacramento,2025-10-03
7620,Andrew Brown,50,Washington,2024-01-09
1773,Robert Wilson,47,Denver,2024-03-20
6120,James Hernandez,49,San Antonio,2023-05-13
7263,Sarah Smith,32,Fort Worth,2023-06-20
8789,Steven Lee,41,San Diego,2020-03-18
9008,Dorothy Davis,46,Dallas,2020-10-03
4827,Karen Taylor,57,Baltimore,2023-06-17
5692,Anthony Robinson,55,Columbus,2021-12-19
696,Anthony Hernandez,30,San Antonio,2020-06-03
6306,Paul King,42,Nashville,2022-06-05
4005,Daniel Clark,25,San Francisco,2023-11-08
1352,Betty Martin,38,Columbus,2024-02-25
3922,Mark Taylor,23,Sacramento,2021-06-28
4432,Jessica Moore,25,Dallas,2022-10-06
9471,Betty Wilson,44,Houston,2021-12-10
6088,Lisa Wilson,39,Fort Worth,2025-05-11
9618,Amanda Miller,56,Milwaukee,2024-11-08
8065,Emily Jones,57,Philadelphia,2020-06-07
672,Lisa Miller,48,New York,2022-02-02
3106,Deborah King,30,Dallas,2021-01-06
4434,Betty Hernandez,31,Fort Worth,2021-02-22
4479,Dorothy Jackson,61,Las Vegas,2021-08-04
2957,Jessica Lewis,68,Washington,2025-07-24
1131,Steven Sanchez,27,New York,2024-12-10
1416,Lisa Taylor,53,San Francisco,2023-09-18
273,Michael Lee,26,Oklahoma City,2024-04-27
2603,Elizabeth Lee,27,Indianapolis,2024-06-04
3549,Elizabeth White,68,San Antonio,2022-03-09
3263,Matthew Hernandez,40,Columbus,2024-08-13
5192,Emily Lewis,60,Washington,2022-03-27
4114,Christopher Martin,53,San Diego,2023-11-27
4835,Amanda Perez,70,Boston,2024-06-20
2428,Ashley Perez,64,Jacksonville,2023-09-19
4043,Paul Anderson,60,Philadelphia,2021-08-09
111,David Smith,43,Kansas City,2024-09-19
8888,Daniel Walker,38,San Francisco,2022-12-02
9984,Jane Gonzalez,45,Sacramento,2021-09-13
1806,David Hernandez,51,San Jose,2021-04-10
7601,Dorothy Robinson,64,Seattle,2024-09-07
6611,Matthew Martin,52,San Diego,2024-01-27
8127,Anthony Clark,36,Houston,2025-09-04
4009,David Thompson,42,San Jose,2023-07-09
7962,Dorothy Moore,62,Milwaukee,2025-08-07
7290,Karen Thomas,70,Denver,2022-08-22
9684,Christopher Ramirez,64,Albuquerque,2021-06-03
4052,Amanda White,18,San Francisco,2023-04-06
3709,Sarah Thompson,19,Albuquerque,2020-07-17
8819,Anthony Brown,58,Philadelphia,2022-11-15
9877,Donald Harris,34,Austin,2021-09-08
5905,Christopher Taylor,56,Columbus,2021-04-06
9647,Nancy Smith,27,Fort Worth,2025-11-15
6535,Mark Jackson,27,Albuquerque,2023-02-11
902,Jane Moore,66,Chicago,2024-03-06
8424,Christopher Miller,48,Nashville,2021-11-28
8355,Joshua Clark,49,Sacramento,2023-10-24
6647,Anthony Brown,42,Seattle,2025-12-03
8619,Mark Taylor,42,Denver,2024-09-21
6033,Nancy Thomas,66,Chicago,2022-11-22
7804,Daniel Moore,70,Albuquerque,2023-08-16
7722,John Young,32,Milwaukee,2021-09-23
9907,Michael Thompson,70,Seattle,2022-05-07
673,Dorothy Anderson,59,Los Angeles,2025-01-18
7800,Amanda Allen,20,Indianapolis,2023-05-21
9311,Karen King,61,Milwaukee,2024-07-14
448,Ashley Thomas,64,Las Vegas,2024-09-03
3440,Lisa Brown,35,New York,2024-04-15
753,Lisa Wilson,24,Oklahoma City,2020-10-11
7022,John Taylor,46,Oklahoma City,2020-04-08
9863,Joshua Young,38,Fort Worth,2021-02-05
2553,Robert Brown,22,Dallas,2024-12-17
