C_ID,C_NAME,AGE_YRS,LOC_CD,REG_DT
449,Michael Lee,52,Mesa,2022-03-19
6565,Jennifer Sanchez,20,Oklahoma City,2022-05-14
2980,Paul Young,55,Denver,2020-02-06
7912,Betty Allen,26,Jacksonville,2021-09-12
1038,Anthony Williams,46,Fresno,2024-10-09
7725,John Young,20,Washington,2024-03-27
6657,John Thompson,20,Columbus,2020-12-14
4509,Mark Lewis,37,Fresno,2022-04-25
2692,Andrew Jackson,32,Fresno,2020-09-28
3496,David Hernandez,51,Nashville,2024-05-24
2772,Paul Taylor,47,Milwaukee,2021-02-28
1622,Andrew Allen,21,Denver,2023-04-18
4333,Paul Williams,58,Dallas,2022-07-20
4001,Jennifer Smith,55,Las Vegas,2023-05-28
8627,Anthony Hernandez,27,Jacksonville,2023-09-12
9307,Betty Lopez,66,Mesa,2023-07-25
7362,Jessica Martin,49,Charlotte,2020-09-16
6308,Emily King,46,Louisville,2022-08-05
9751,Anthony Moore,21,Albuquerque,2021-01-23
9950,Michael Wilson,64,Dallas,2020-10-14
1367,Amanda Lopez,53,Jacksonville,2025-04-16
3838,Emily Martinez,54,Milwaukee,2021-04-26
5229,Christopher Miller,51,Philadelphia,2020-12-21
9711,Donald Harris,29,San Diego,2020-11-06
8028,Dorothy Perez,60,Dallas,2022-03-28
6358,Jessica White,29,Kansas City,2020-11-20
9943,Jennifer Sanchez,52,San Diego,2023-11-17
6597,James Jones,52,New York,2023-09-09
1141,Anthony Johnson,52,Nashville,2021-11-27
2290,Anthony Lewis,36,Boston,2021-10-13
5399,John Anderson,65,Boston,2022-02-09
3467,Amanda Lee,59,San Antonio,2025-11-09
4383,Anthony Sanchez,25,Oklahoma City,2024-08-05
5279,Elizabeth Thompson,49,Austin,2022-04-22
1685,Karen Lopez,23,Mesa,2023-02-12
2756,David Davis,45,Las Vegas,2022-05-04
7949,Daniel King,29,Oklahoma City,2025-08-19
2885,Jennifer Garcia,36,Mesa,2020-10-20
8455,Karen Thomas,29,Albuquerque,2020-06-03
8071,Anthony Taylor,41,Washington,2023-12-11
5366,Betty Davis,35,Louisville,2024-09-15
1582,Paul Hernandez,58,Louisville,2020-03-01
8770,Jane Robinson,68,Jacksonville,2023-11-11
9690,Anthony Ramirez,26,Dallas,2023-02-09
9550,Karen Anderson,24,Indianapolis,2025-12-27
2848,Lisa Perez,47,Denver,2023-12-21
8295,Joshua Thompson,64,San Jose,2022-06-02
630,Robert Williams,45,Las Vegas,2023-05-03
8418,Sarah Sanchez,62,Fort Worth,2021-05-19
2287,Lisa White,27,San Antonio,2022-11-08
1549,Deborah Jones,36,Houston,2025-10-06
6176,James Brown,30,Houston,2020-11-27
7956,Jane Williams,38,Chicago,2023-05-12
546,Joshua Lopez,63,Nashville,2020-07-14
2012,Jessica Clark,31,Albuquerque,2022-09-08
3515,Andrew White,31,Albuquerque,2024-12-15
7612,Deborah Martin,58,Jacksonville,2025-09-25
2916,Jane Hernandez,27,Indianapolis,2022-01-23
5212,Joshua Robinson,39,Milwaukee,2022-07-19
539,Lisa Lopez,55,Fresno,2020-12-20
6572,Paul Brown,64,Philadelphia,2020-06-09
9300,Jessica Clark,58,Tucson,2021-07-14
4576,Andrew Smith,46,Chicago,2024-04-02
2775,Nancy Clark,63,Nashville,2024-07-06
4063,James Martinez,46,Houston,2021-06-10
6698,Amanda Taylor,70,New York,2024-05-09
2039,Jane Johnson,67,Philadelphia,2021-09-28
6178,Andrew Johnson,48,Phoenix,2020-07-28
1831,Steven Jones,69,Columbus,2021-09-13
1269,Paul King,24,Boston,2023-02-17
6247,Lisa Robinson,48,Las Vegas,2025-08-22
7537,Christopher Jackson,39,Phoenix,2021-11-16
5544,Daniel Robinson,40,San Jose,2024-01-28
9921,Jennifer Hernandez,46,Fort Worth,2020-05-08
90,Matthew Anderson,21,Albuquerque,2021-06-17
