EMP_ID,EMP_NM,DEPT_CD,SAL_AMT
4496,John Johnson,IT,145386
367,Jane Clark,Operations,131119
5947,Christopher Lewis,Marketing,141990
6687,Robert Allen,Operations,114445
7410,Steven Rodriguez,Legal,100721
6903,Amanda Smith,Finance,91163
4077,Sarah Hernandez,IT,107839
2187,Steven King,Finance,50882
151,Emily Rodriguez,Research,134705
282,Sarah Brown,Operations,121186
6135,Steven Brown,Legal,89342
8541,Deborah Brown,Research,119132
2201,Jennifer Smith,HR,51032
2000,Michael Lopez,Customer Service,46658
2280,Nancy Walker,Customer Service,144434
6152,Karen King,Research,129723
9024,Donald Brown,Customer Service,32536
5944,Steven Robinson,Sales,148541
1371,Lisa Moore,Finance,125708
4783,Andrew Walker,Sales,51748
9797,Anthony Thomas,Research,42253
5890,Anthony Miller,Legal,109865
8520,David Moore,Engineering,37307
308,Karen Garcia,Customer Service,113156
244,Paul Allen,Sales,39485
8031,Jessica Anderson,IT,35021
2641,Betty Brown,Research,128654
4282,Matthew Miller,Operations,85461
1569,David Robinson,HR,114725
7092,Emily Smith,Marketing,70936
9925,John Harris,Finance,120989
3819,David Perez,HR,82875
7523,Michael Rodriguez,Marketing,107181
1950,John Garcia,Marketing,145172
7516,Nancy Moore,Sales,138999
6785,David Thompson,Legal,77317
7562,David Thomas,Operations,110561
502,Ashley Hernandez,Legal,35589
995,Michael Miller,Marketing,113317
5272,Daniel Johnson,Finance,142367
3786,Amanda Clark,Operations,147816
51,Jane Hernandez,Sales,117939
8956,Jane Johnson,Legal,114194
9175,Ashley Jackson,Finance,72415
2477,Karen White,Research,90474
826,Daniel Clark,Sales,31548
3224,Jennifer Jones,HR,37103
9752,Paul Thompson,Customer Service,107994
7755,Lisa Lee,Sales,98148
6838,Dorothy Rodriguez,Sales,91333
6199,Joshua Martin,Finance,118132
1066,Mark Johnson,Sales,81449
6880,Emily Davis,IT,67213
7353,Jane Anderson,Engineering,134367
5091,Elizabeth Sanchez,Legal,52864
7047,Michael Jones,Engineering,79377
1798,Anthony White,Customer Service,71914
349,Betty Young,Finance,137878
5710,Betty Gonzalez,IT,142364
4945,Nancy Davis,Engineering,61647
2115,Mark Wilson,Legal,71650
4283,Lisa Robinson,Finance,89266
3882,Matthew Brown,Sales,53879
89,Nancy Anderson,Finance,37261
8347,Lisa Smith,Sales,52361
5829,John Williams,HR,107313
8051,Lisa Lewis,Sales,101956
629,James Rodriguez,Operations,46833
1958,Ashley Martin,IT,79939
7539,Amanda Anderson,IT,76449
9698,Jessica Martin,HR,98833
2821,Elizabeth Hernandez,IT,117043
3386,Steven Taylor,IT,92504
8393,Elizabeth Gonzalez,Research,143154
3347,Joshua Jackson,Marketing,60366
9694,Elizabeth White,Operations,32383
5029,Sarah Brown,IT,54847
5089,David Hernandez,Engineering,95758
1151,Betty Williams,Research,42897
3678,Betty Johnson,Research,47793
7501,Jane Gonzalez,Engineering,83185
6331,Lisa Miller,IT,148947
6446,Mark Sanchez,Research,50349
9196,David Walker,Customer Service,142504
5494,Lisa Garcia,Research,83016
803,Betty Jones,Sales,41208
5453,Nancy Davis,Sales,71038
2241,Anthony Ramirez,Engineering,75482
5914,Jane Gonzalez,Research,121812
9855,Jane Rodriguez,Customer Service,147227
384,Michael Anderson,Operations,92456
9510,Emily Taylor,Finance,105800
1152,Sarah Williams,Engineering,114837
7785,John Young,Sales,107757
9173,Emily Lopez,Customer Service,49648
6730,David Thompson,Marketing,79617
5343,Betty Taylor,Legal,109549
2110,Jane Lee,Customer Service,57984
8083,Lisa Williams,Sales,137508
2314,Jessica Clark,Operations,133171
