C_ID,C_NAME,AGE_YRS,LOC_CD,REG_DT
5856,Jessica Ramirez,51,Charlotte,2024-01-28
6381,Ashley Jackson,69,Charlotte,2022-05-08
2853,Nancy Thomas,25,Fort Worth,2020-06-07
6901,Jennifer Walker,51,San Francisco,2023-08-11
281,Sarah Allen,60,Los Angeles,2020-10-05
3342,Jane Perez,48,Washington,2023-10-23
9928,Mark Walker,38,Boston,2020-06-24
2079,Nancy Ramirez,33,Sacramento,2024-04-21
5766,Jessica Lopez,61,Indianapolis,2021-08-19
4316,Lisa Robinson,56,Denver,2021-06-20
9905,Joshua Sanchez,21,Sacramento,2022-03-16
4031,Paul Brown,47,Los Angeles,2024-05-13
1884,Daniel Gonzalez,23,Denver,2022-10-11
5718,Emily Clark,25,Baltimore,2022-12-07
1868,Lisa Hernandez,30,Boston,2022-09-11
1407,Elizabeth Brown,57,Houston,2023-05-06
3911,Betty Harris,54,Philadelphia,2021-08-13
8819,Daniel Ramirez,67,Jacksonville,2025-01-04
6930,Andrew Lee,64,Las Vegas,2024-10-08
7977,Andrew Lewis,25,Washington,2024-08-25
3605,Andrew Young,31,Seattle,2022-06-09
8461,Nancy Martinez,68,San Francisco,2021-01-20
4940,Matthew Young,60,Albuquerque,2021-01-05
6700,Lisa Perez,35,Oklahoma City,2022-09-21
5864,Ashley Hernandez,62,Seattle,2024-04-09
3955,Lisa Taylor,38,San Jose,2023-12-04
5480,Lisa Gonzalez,33,Seattle,2020-11-07
5797,David Garcia,66,New York,2023-07-14
52,Elizabeth Brown,59,Las Vegas,2021-04-17
7297,Ashley Jones,57,Seattle,2021-03-16
4809,Emily Allen,26,Oklahoma City,2021-12-08
3829,Donald Taylor,70,San Antonio,2021-06-25
1161,Jane Davis,69,Albuquerque,2020-11-14
8157,Karen Robinson,54,Indianapolis,2021-09-04
8839,Paul Williams,46,Chicago,2025-02-09
8855,Lisa Williams,49,Chicago,2025-11-02
2019,Elizabeth Lee,40,San Jose,2021-10-12
6873,Betty Sanchez,42,Nashville,2024-12-25
7684,Deborah Taylor,47,Milwaukee,2023-09-16
1116,Jessica Lopez,33,New York,2025-05-24
9419,Sarah Anderson,56,Milwaukee,2023-08-27
5110,Sarah Lee,19,Sacramento,2022-01-17
6405,Ashley Allen,60,Charlotte,2022-07-07
9747,Jessica Smith,44,Indianapolis,2022-02-25
2218,Deborah Davis,55,Kansas City,2025-06-09
1992,Anthony Perez,52,Houston,2023-09-02
1516,David Johnson,64,Tucson,2022-01-12
5605,Betty Harris,22,San Jose,2022-08-11
4162,Jennifer Ramirez,44,Denver,2020-02-08
5073,Emily Martin,68,Chicago,2021-02-22
5046,Daniel Lopez,41,Sacramento,2021-08-07
8016,Deborah Allen,19,Los Angeles,2025-12-15
2248,Joshua Robinson,53,Kansas City,2023-11-05
5203,Deborah Anderson,48,Oklahoma City,2025-06-19
1722,Paul Lee,70,Portland,2023-02-19
4382,Paul Lee,69,Austin,2025-05-21
9081,Daniel Smith,34,Baltimore,2025-04-15
6387,Nancy Martin,59,Jacksonville,2022-03-04
236,Deborah Johnson,19,Mesa,2020-06-15
5124,Daniel Sanchez,36,Portland,2020-11-09
59,Steven Lewis,36,Austin,2022-10-13
9132,Christopher Robinson,45,Indianapolis,2020-09-21
7034,Lisa King,46,New York,2024-03-21
2003,Nancy Jackson,62,New York,2023-10-15
6615,Donald Sanchez,68,Phoenix,2021-08-27
8154,Emily Anderson,34,Albuquerque,2023-12-01
7436,Emily Davis,66,Nashville,2024-08-24
4587,Emily Thomas,33,Fresno,2024-10-12
1265,Anthony Walker,53,Milwaukee,2021-08-02
9698,Karen Sanchez,57,Austin,2021-05-10
1017,Deborah Allen,63,Portland,2020-12-19
7496,Lisa Sanchez,32,Denver,2025-09-27
3747,Betty Robinson,59,Oklahoma City,2025-12-28
9428,Sarah Wilson,56,San Francisco,2024-01-04
7551,Andrew Jones,42,San Francisco,2025-10-18
