C_ID,C_NAME,AGE_YRS,LOC_CD,REG_DT
9096,Sarah Sanchez,38,Fresno,2025-12-08
5793,Nancy Brown,47,Charlotte,2021-01-09
6580,Dorothy Robinson,69,San Jose,2024-10-27
5785,Nancy Smith,26,Las Vegas,2025-02-11
8343,Lisa Johnson,51,Chicago,2024-09-20
2240,Amanda Sanchez,19,Los Angeles,2025-09-04
1333,Michael Rodriguez,37,Boston,2023-07-13
1531,Ashley Garcia,49,Kansas City,2024-02-23
1661,Nancy Thompson,53,Seattle,2020-12-10
1672,Betty Martinez,28,Phoenix,2021-12-06
425,John Robinson,57,Oklahoma City,2020-05-05
5157,Jane Jackson,63,Philadelphia,2023-11-09
8044,Jennifer Lee,28,Washington,2023-05-19
6066,Jessica Robinson,60,Portland,2025-01-09
3222,Paul Smith,28,Kansas City,2021-08-16
5290,Lisa Wilson,55,Washington,2020-01-11
2446,Emily Smith,31,Los Angeles,2021-02-24
9632,Sarah Garcia,60,Fort Worth,2021-02-09
738,Lisa Hernandez,26,San Francisco,2020-03-03
5656,Jessica Allen,43,Milwaukee,2020-12-05
4600,Amanda Perez,48,San Jose,2021-06-10
8776,Deborah Rodriguez,38,New York,2021-11-10
2495,David Sanchez,51,Jacksonville,2020-11-09
6075,Ashley King,58,Philadelphia,2020-03-20
2833,Emily Robinson,27,San Antonio,2023-10-07
1018,Jane Robinson,57,Indianapolis,2025-12-08
846,Amanda Martinez,19,Charlotte,2024-07-19
2491,Jennifer Harris,70,Boston,2023-08-11
4510,Robert Gonzalez,34,Nashville,2025-08-07
450,Jessica Smith,36,Sacramento,2025-12-10
2540,Karen Harris,26,Seattle,2025-07-26
9046,Amanda Ramirez,51,New York,2024-06-11
8950,David Young,53,Fort Worth,2023-10-12
2381,Ashley Lee,20,Albuquerque,2022-09-16
9418,Elizabeth Smith,49,Los Angeles,2023-03-02
3172,James Lee,47,Albuquerque,2024-07-08
8158,Michael Perez,69,Albuquerque,2022-10-08
8341,Betty Garcia,60,Fresno,2021-02-21
9540,Nancy Walker,69,Columbus,2020-06-04
1667,Dorothy Lopez,32,Columbus,2022-02-10
8870,Robert Thomas,36,Seattle,2021-01-11
9044,Christopher Lewis,45,Portland,2025-12-08
5690,Lisa Sanchez,47,Sacramento,2022-06-08
1919,Matthew Perez,55,Boston,2020-04-11
3197,Ashley Allen,18,Phoenix,2020-10-27
2164,Donald Gonzalez,43,San Jose,2021-12-13
9687,Karen Miller,66,Portland,2021-05-10
4899,Joshua Gonzalez,45,Washington,2021-09-02
7481,Paul Smith,59,Las Vegas,2024-12-15
8858,Anthony Jackson,28,Phoenix,2024-09-26
2467,Nancy Rodriguez,21,Boston,2021-01-03
6614,Amanda Harris,30,Tucson,2022-07-10
9530,Joshua Clark,25,Portland,2022-11-05
3775,Steven Rodriguez,18,Denver,2021-03-24
3494,Amanda Wilson,46,Louisville,2020-05-22
588,Jessica Perez,66,Sacramento,2024-11-12
5957,Paul Taylor,51,Mesa,2020-03-18
7956,Dorothy Lewis,40,Washington,2021-01-13
1549,Jennifer Allen,22,Tucson,2024-02-17
8006,Donald Lewis,18,Las Vegas,2024-05-16
2985,Matthew Lewis,59,Philadelphia,2024-11-10
6988,Jennifer Harris,47,Nashville,2023-02-16
6827,Christopher Brown,47,Portland,2023-09-20
2706,Steven Rodriguez,57,Houston,2023-12-16
5601,Elizabeth Lewis,59,Columbus,2023-03-19
8517,Anthony Moore,22,Indianapolis,2025-02-10
9028,Emily Smith,59,San Diego,2024-12-08
6415,Lisa Harris,20,Austin,2020-04-15
7443,Ashley Garcia,49,Jacksonville,2021-11-11
1157,Deborah Walker,64,Tucson,2020-10-17
491,Jane Sanchez,59,Indianapolis,2024-09-26
1013,Lisa Brown,34,Mesa,2021-01-02
7242,Daniel Miller,34,Columbus,2025-12-08
8454,James King,39,San Francisco,2022-09-09
7501,Lisa Sanchez,53,Sacramento,2025-02-08
