C_ID,C_NAME,AGE_YRS,LOC_CD,REG_DT
2483,John Miller,38,Boston,2023-06-04
369,Robert Robinson,50,Kansas City,2020-10-22
1717,Deborah Williams,18,Boston,2020-09-12
274,Daniel Smith,70,Columbus,2021-02-17
5936,Matthew Young,26,Washington,2020-01-04
4992,John Sanchez,29,Las Vegas,2025-10-13
3780,Jennifer Young,63,New York,2023-12-26
5936,Nancy Davis,60,Columbus,2021-09-13
3399,Jane Miller,54,Philadelphia,2021-04-13
4135,Lisa Rodriguez,55,Baltimore,2024-10-17
1977,Jennifer Lopez,39,Jacksonville,2020-05-07
9219,Deborah Wilson,23,Columbus,2024-12-28
3057,Elizabeth Miller,39,Baltimore,2025-01-12
2529,Sarah Lee,57,Nashville,2020-04-17
1630,Ashley King,20,San Antonio,2021-10-24
6655,Michael Jackson,64,Denver,2021-05-27
1921,Daniel Thompson,64,Fresno,2023-03-21
7195,Donald Perez,28,Mesa,2025-03-11
2548,Mark Young,20,Columbus,2021-02-20
2111,James Hernandez,28,Los Angeles,2023-12-25
7461,Ashley Garcia,62,Kansas City,2024-05-18
12,Lisa Lopez,41,San Antonio,2025-06-18
4024,Deborah Lopez,66,San Francisco,2022-12-03
4098,Paul Moore,59,San Francisco,2021-02-11
4459,Jennifer Williams,70,Houston,2020-06-19
4752,Joshua Harris,36,Phoenix,2024-04-17
1228,Sarah Lee,20,Fresno,2022-07-07
1605,Jane Smith,38,Fort Worth,2022-04-15
9723,David Martin,57,Jacksonville,2022-01-27
6727,David Lopez,62,Sacramento,2021-07-20
8165,Dorothy Lewis,61,Washington,2020-04-06
2133,Joshua Thomas,38,Oklahoma City,2024-12-07
6275,Daniel Taylor,32,Dallas,2023-12-16
5027,Michael Moore,63,Austin,2022-04-17
5984,Mark Lee,32,Dallas,2021-02-12
9862,Betty Rodriguez,33,Charlotte,2020-06-17
6863,Donald Perez,33,Boston,2025-05-02
939,Dorothy Harris,26,Los Angeles,2024-08-11
6491,Anthony Lopez,37,Baltimore,2024-07-05
9472,Betty Gonzalez,31,Columbus,2022-02-17
3099,Sarah Brown,57,Columbus,2024-02-05
8989,David Moore,42,Indianapolis,2021-07-28
1912,Betty Thompson,25,Jacksonville,2024-01-16
1356,Jessica Brown,40,Seattle,2025-07-03
7009,Amanda Johnson,36,Washington,2021-04-25
5907,Betty Taylor,31,Albuquerque,2025-05-17
7875,Paul Clark,28,Los Angeles,2021-08-23
3086,Anthony Young,19,Seattle,2022-08-28
6805,Anthony Young,52,New York,2023-07-02
6843,Anthony Hernandez,60,Sacramento,2020-04-28
2816,Amanda Jackson,48,San Francisco,2022-01-13
9782,Dorothy Jones,37,Dallas,2024-03-16
3865,Amanda Jackson,27,Louisville,2025-03-16
5604,Ashley Moore,46,San Francisco,2025-11-09
8201,Matthew Johnson,35,Nashville,2024-05-05
26,Steven Harris,23,Columbus,2020-12-02
1944,Anthony Miller,64,Charlotte,2023-08-12
5469,Paul Garcia,34,Austin,2025-12-28
1263,Emily Williams,21,San Francisco,2020-04-11
9203,Michael Lee,38,Milwaukee,2024-01-13
5749,Jessica Ramirez,56,Las Vegas,2025-04-10
1897,Karen King,55,Austin,2023-11-24
8269,Lisa Johnson,70,Nashville,2024-10-18
2953,Anthony Garcia,65,Charlotte,2023-12-13
6927,Daniel Allen,61,Dallas,2021-01-05
9965,Deborah Wilson,27,Baltimore,2021-08-04
9465,Andrew Sanchez,49,Dallas,2021-12-07
2935,James Allen,66,Tucson,2022-06-14
2644,Joshua Taylor,39,Fort Worth,2025-04-24
3511,James Garcia,63,Tucson,2025-10-06
8571,Amanda Harris,45,San Francisco,2022-03-21
3978,Christopher Lopez,41,Seattle,2023-04-26
804,Dorothy Martin,36,Portland,2022-05-01
4085,Lisa Lopez,38,Phoenix,2020-07-21
4894,Emily Jones,23,San Antonio,2023-07-10
