EMP_ID,EMP_NM,DEPT_CD,SAL_AMT
3725,Amanda Harris,IT,101064
5832,Jessica Martinez,Sales,125749
5168,Christopher Taylor,Sales,90841
3630,Matthew Young,Customer Service,85412
3243,Anthony Sanchez,Operations,105445
3703,Ashley Hernandez,IT,61176
1818,Michael Taylor,Customer Service,147521
8078,Nancy Sanchez,Sales,144741
2914,Christopher Hernandez,Sales,148692
8967,Paul Thompson,HR,36175
5530,Matthew Walker,IT,31499
6064,Joshua Allen,Engineering,103347
3082,Elizabeth Miller,Marketing,34020
7463,Paul Walker,IT,74065
6838,Dorothy Smith,Research,139911
4190,Jennifer Clark,Sales,83401
7448,Mark Williams,HR,34598
6828,Daniel Allen,Marketing,106202
1763,Jessica Thompson,Finance,131689
4840,Lisa Martinez,Research,137648
5012,Jane Brown,Customer Service,40295
3305,Michael Clark,Engineering,74761
5976,Michael Johnson,Engineering,144743
8075,John Smith,Operations,131074
6405,Robert White,Engineering,73033
9512,Jennifer Young,Sales,43272
4749,Andrew Martinez,Research,149374
5332,Donald Jackson,Engineering,128530
6914,Christopher Wilson,Customer Service,132562
769,Sarah Hernandez,Research,56956
575,Lisa Walker,IT,139128
3307,Michael Brown,Engineering,96758
2917,Lisa Gonzalez,Research,142188
4020,Emily Taylor,Engineering,64581
2807,Mark Young,Customer Service,74567
868,Mark Martin,Operations,41684
4151,James Lee,Marketing,95395
4450,Emily Harris,IT,148264
5322,Ashley Garcia,HR,36690
3592,Donald Young,Legal,112939
6220,David Taylor,Research,72981
7668,David Rodriguez,Marketing,123192
1314,Michael Lee,Operations,42967
8386,Ashley King,Engineering,60753
9587,Amanda Lewis,Marketing,70498
5729,Daniel Thomas,Legal,134587
4350,Nancy Williams,Operations,128506
8268,Jessica Thompson,Legal,119823
9232,Anthony Clark,Operations,83390
624,Jane King,Finance,40427
4066,Paul Ramirez,HR,98056
3759,Emily Garcia,Research,139341
5294,David Brown,Legal,97549
1789,Matthew Smith,Research,61139
2360,Emily Moore,Customer Service,149805
8289,Anthony Anderson,IT,70222
6138,Daniel Lopez,Marketing,92260
7674,Elizabeth Lewis,Operations,46773
497,James Gonzalez,Customer Service,100803
6808,Christopher Lopez,HR,122254
1246,Lisa Young,IT,115206
2881,John Miller,Engineering,109594
5857,Jessica Rodriguez,Research,85759
6443,Anthony Harris,Sales,141387
7332,Daniel Young,Customer Service,109051
2104,Michael Taylor,Legal,75732
6992,Deborah Harris,Research,98664
2534,Karen Thomas,Legal,134047
9373,Steven Clark,Finance,94501
5349,Deborah Garcia,Marketing,142780
1881,Jessica Moore,Finance,90098
1054,Lisa Sanchez,Finance,138560
1919,Betty Miller,Legal,127389
3990,Robert King,Research,104122
8901,Emily Young,IT,33348
8479,Deborah Harris,Sales,64544
4417,Anthony Rodriguez,IT,112530
4309,Michael Moore,Engineering,117691
414,Donald Wilson,Marketing,147318
1245,Jane Allen,Legal,46635
1035,Elizabeth Jackson,Customer Service,97248
7869,Sarah Miller,Customer Service,85125
6178,Deborah Brown,Sales,57773
4695,Elizabeth Robinson,HR,36064
8998,Matthew Martin,IT,121623
5742,Sarah Clark,Legal,58578
742,Dorothy Gonzalez,Research,128133
7049,Lisa Allen,Legal,48844
9361,Joshua Martin,Research,63028
1205,John Hernandez,IT,39024
873,Joshua Thomas,Sales,71918
2262,James Thomas,HR,69517
6766,Dorothy Lee,Legal,42556
6345,Donald Moore,IT,44702
9434,Paul Hernandez,Marketing,133254
9372,Jennifer Taylor,Engineering,86822
6003,Elizabeth Brown,Customer Service,38088
583,Steven Walker,Sales,80736
4631,Jessica Young,Customer Service,41020
4219,Dorothy Perez,IT,133856
