C_ID,C_NAME,AGE_YRS,LOC_CD,REG_DT
81,Karen Young,28,Dallas,2024-04-11
1837,Jennifer Thompson,34,Albuquerque,2020-04-24
4209,Karen Williams,48,Houston,2021-08-11
1796,Steven Garcia,47,Albuquerque,2024-08-07
5658,Andrew Sanchez,22,Boston,2020-02-10
7453,Donald Jones,70,Las Vegas,2023-12-14
934,Betty Anderson,44,Dallas,2023-07-06
4304,Betty Brown,44,Jacksonville,2022-11-13
253,Joshua Perez,56,Baltimore,2025-02-15
1070,Mark Jackson,21,Portland,2024-02-05
8300,Christopher Miller,28,Oklahoma City,2024-02-17
1999,Lisa Wilson,53,Milwaukee,2024-06-22
7557,Lisa Martin,26,New York,2024-12-07
1746,Ashley Brown,48,Columbus,2023-09-08
8637,John Davis,40,Las Vegas,2023-11-20
4784,Jane Williams,28,Boston,2020-06-11
7385,Jessica Lopez,34,Charlotte,2020-12-12
1629,Matthew Jackson,52,New York,2020-10-23
9756,Lisa Davis,18,Philadelphia,2020-05-04
93,Nancy Hernandez,22,Milwaukee,2022-12-23
1307,Betty Rodriguez,23,Seattle,2021-06-21
7197,Matthew Brown,37,San Diego,2023-11-11
5836,Lisa Garcia,32,Philadelphia,2024-07-25
3977,Lisa Gonzalez,48,Louisville,2024-03-15
6963,Michael Taylor,33,Washington,2025-03-21
5853,Lisa Clark,38,Sacramento,2021-11-21
258,Emily Miller,28,Denver,2025-11-13
392,Lisa Thompson,40,Sacramento,2021-05-19
9693,Joshua Wilson,47,San Francisco,2025-11-26
5839,Nancy Harris,68,Columbus,2021-08-22
9766,Jane King,46,Houston,2022-01-27
9522,Michael Davis,55,Tucson,2024-03-28
3904,Christopher King,58,Boston,2024-12-11
212,Steven Harris,37,Milwaukee,2024-08-05
4664,Dorothy Martinez,36,Baltimore,2021-08-15
1636,Andrew Smith,54,San Antonio,2025-09-09
5236,Andrew Ramirez,56,Nashville,2023-09-24
9361,Matthew Allen,19,San Francisco,2022-02-26
49,Deborah Robinson,27,Sacramento,2023-01-17
6690,Elizabeth Allen,50,Denver,2025-08-01
6525,Amanda Lee,55,Los Angeles,2024-09-17
5102,Robert Johnson,23,Houston,2024-03-02
4881,Robert Gonzalez,31,Phoenix,2024-05-28
7778,Christopher Lewis,47,Mesa,2025-04-07
3652,Anthony Lopez,69,Dallas,2023-05-15
9571,Elizabeth Smith,28,Louisville,2024-10-26
9347,Lisa Garcia,69,San Jose,2021-02-14
8693,Matthew Robinson,29,Philadelphia,2025-08-09
3350,Robert Moore,53,Portland,2021-12-14
9901,Matthew Johnson,19,Washington,2020-07-01
9827,Elizabeth Anderson,21,Philadelphia,2025-03-28
2736,David Williams,63,Jacksonville,2021-10-20
9994,Jennifer Lewis,56,Charlotte,2023-08-03
9967,Lisa Rodriguez,30,Houston,2020-09-12
7594,Joshua Lee,65,Phoenix,2023-07-24
7489,Anthony Martin,31,Milwaukee,2020-02-17
7728,Dorothy Lopez,60,Mesa,2023-10-04
723,Dorothy Martin,40,Charlotte,2022-03-28
5455,Mark Lee,34,Mesa,2024-10-19
7489,David Hernandez,26,Baltimore,2025-04-14
960,Karen Taylor,40,Boston,2021-01-09
5012,Donald Rodriguez,52,Oklahoma City,2020-11-15
2979,David Wilson,46,Los Angeles,2025-04-06
6534,David Hernandez,54,Fresno,2023-07-14
4201,Jane Thompson,69,Kansas City,2024-08-21
1979,Christopher Lewis,27,Mesa,2022-03-12
815,Karen Robinson,18,San Antonio,2021-08-18
4354,Lisa Lopez,66,Tucson,2022-02-07
2486,Christopher Jackson,32,Oklahoma City,2024-06-23
7895,Matthew Thompson,59,Seattle,2021-01-15
3455,Lisa Wilson,66,Louisville,2023-10-05
7622,Nancy Thompson,38,Kansas City,2021-01-04
4694,Anthony Lee,39,Dallas,2023-01-07
7343,Jessica Lee,68,Indianapolis,2022-12-17
4889,Mark Lee,68,San Diego,2022-10-10
