EMP_ID,EMP_NM,DEPT_CD,SAL_AMT
6381,Daniel Johnson,Sales,126160
8512,Steven Lewis,Engineering,133716
5248,Joshua Thompson,Finance,49788
7724,Jane Jackson,Engineering,99603
4771,Paul Lee,Customer Service,125174
3100,John Clark,HR,40083
4906,John Taylor,IT,115424
3492,Donald Hernandez,Legal,120119
3803,Anthony Harris,Marketing,136014
5767,Daniel Wilson,Customer Service,117299
501,Ashley Jackson,IT,38262
2102,Robert Allen,Sales,55266
15,Paul Smith,Operations,101167
1233,Ashley Garcia,Customer Service,88384
5742,Jane Lewis,HR,102690
8426,Lisa Ramirez,IT,129071
152,Lisa Perez,Research,115178
1640,David Walker,Operations,73683
8439,Sarah Thompson,Operations,51258
6751,James Rodriguez,IT,108170
678,Betty Wilson,Legal,36605
8758,Nancy Ramirez,Sales,108657
2549,Matthew Ramirez,Sales,79366
6799,Deborah Thompson,Sales,116360
2219,Robert Smith,HR,50443
8023,John Wilson,Legal,73877
149,Mark Robinson,Customer Service,128722
8656,Jane Perez,Marketing,114271
6494,Christopher Garcia,Legal,65925
4286,Sarah Anderson,Customer Service,133758
9006,Daniel Lee,Research,106176
4441,Elizabeth Davis,Operations,141710
8713,Paul Wilson,Research,144027
5789,John Gonzalez,Sales,139272
4794,Anthony Young,HR,55507
9926,Amanda Robinson,Research,68811
5953,Lisa Rodriguez,Engineering,82234
5875,John Brown,Marketing,67933
4536,Robert Jones,Legal,145564
3122,Jessica Miller,Finance,93503
4139,Matthew Taylor,Sales,91939
5534,Deborah Clark,HR,74350
4625,Ashley Wilson,Marketing,108651
5621,Matthew Lee,IT,79607
8260,Jane Gonzalez,Marketing,81003
7000,Christopher King,Operations,34632
6131,Steven Walker,Engineering,82572
2213,David Robinson,Customer Service,97784
7322,Robert Harris,Customer Service,67770
8530,Donald Lopez,Marketing,87105
499,Amanda Lewis,Research,49621
2578,John Davis,Marketing,82434
3972,Betty Harris,IT,80975
1294,Joshua Thompson,Customer Service,116714
1960,Paul Lee,Marketing,73630
123,Paul Lopez,HR,115254
897,Matthew King,IT,126582
6660,Christopher King,HR,139703
7112,Betty Moore,Engineering,87928
3736,Anthony Martinez,Operations,68325
2957,Mark Lewis,Sales,130010
8909,Lisa Martin,Operations,58043
6776,Elizabeth Jones,Legal,127328
2083,Jennifer Thompson,Legal,141538
482,Paul Sanchez,HR,51209
4398,Amanda Garcia,Marketing,46983
2753,Joshua Thompson,Marketing,36225
1959,Mark Miller,Operations,76587
7726,Emily Gonzalez,Sales,70038
7967,Sarah Martinez,Sales,123930
8713,Jane Brown,Research,111477
6860,Dorothy Thomas,Finance,116410
5001,Amanda Lewis,Engineering,132920
217,John Jones,Legal,54522
9540,Anthony Lewis,Research,115730
9378,Joshua Gonzalez,Sales,120496
1393,Robert Gonzalez,Operations,107037
1138,Matthew Jackson,Finance,147860
3127,Amanda Allen,Finance,78706
7270,Andrew Davis,Marketing,98215
4790,Jennifer Miller,HR,44112
5118,Betty Taylor,Marketing,144984
6116,Ashley Anderson,Legal,98571
1038,Sarah Young,Operations,98283
759,Jessica Perez,Operations,77304
9414,Karen Young,Operations,106836
4558,Paul Hernandez,HR,109751
410,Andrew Harris,Sales,146679
5128,Lisa Young,Engineering,84012
5743,James Williams,Customer Service,59681
5945,James Jones,Marketing,111945
248,Paul Jones,Customer Service,58397
3930,Andrew Perez,Engineering,70433
5911,Daniel Lopez,IT,107440
6220,Daniel Martinez,IT,130941
5057,Paul Martinez,IT,42001
1230,Emily Rodriguez,Operations,34521
6406,James Walker,Legal,101832
4695,Amanda Walker,IT,130248
987,David Williams,Engineering,148509
