EMP_ID,EMP_NM,DEPT_CD,SAL_AMT
3633,Christopher Martinez,Sales,122885
6792,Betty Walker,Finance,145523
597,Matthew King,Customer Service,112115
8655,Sarah Williams,Marketing,34432
1492,Anthony Robinson,HR,138483
5965,Lisa Harris,Finance,108553
7456,Amanda Anderson,Finance,149686
6267,Jane Taylor,Marketing,73710
8849,Lisa Lopez,Operations,36156
7695,Sarah Young,Legal,128035
1584,Donald Thomas,Operations,58313
8039,Michael Johnson,Engineering,88904
8555,Nancy Garcia,Marketing,137134
1437,Emily Jones,IT,122576
1090,Emily Allen,Customer Service,73474
1030,Ashley Clark,IT,78255
8738,Mark White,Customer Service,84616
9937,Jessica Johnson,Marketing,139591
6622,Donald Martin,Marketing,130851
8761,Christopher Harris,Legal,144252
5937,James Gonzalez,Engineering,149534
4896,Michael Taylor,Legal,97198
6459,Emily Clark,Sales,38702
2782,Donald Wilson,Legal,100632
2196,Dorothy Taylor,Operations,35017
7440,Karen Anderson,Operations,87054
434,Christopher Martin,HR,140446
6208,James Jackson,HR,44539
6286,Andrew Johnson,Operations,112790
2582,James Martinez,Research,36913
8676,Amanda Gonzalez,HR,40906
4897,Michael Clark,Legal,79965
9323,Andrew Allen,HR,143771
9476,Lisa Jackson,Customer Service,128736
1951,Jane Sanchez,Finance,103459
6164,Jennifer Garcia,Legal,81549
9727,Mark Anderson,Legal,93309
6790,Andrew Lewis,Customer Service,46736
4456,Emily Sanchez,Engineering,127459
9012,Joshua Lopez,Legal,36079
4707,Ashley Clark,Customer Service,86011
92,Robert Ramirez,Sales,79230
160,Dorothy Garcia,IT,65825
4509,Nancy Thomas,Finance,32712
6248,Joshua Lewis,Legal,81326
6961,Robert Lee,HR,71232
7399,Joshua Jackson,IT,82828
9061,Dorothy Walker,Customer Service,118951
5216,Deborah Lee,Customer Service,34204
2110,Anthony Robinson,Customer Service,130511
6602,Robert Lopez,Sales,60994
8613,Mark Taylor,Legal,85890
288,Daniel Thompson,IT,89035
6260,Ashley Johnson,Sales,49692
3697,Michael Davis,IT,107572
8456,Elizabeth Gonzalez,Research,52304
9886,Andrew Davis,IT,109989
1489,Donald Gonzalez,Legal,111941
9206,Nancy Young,Legal,125359
1732,Daniel Miller,IT,130421
4179,Robert Jones,Marketing,86250
8134,Jane Harris,Customer Service,40779
705,Mark Perez,Research,43172
8661,Nancy Martin,Research,113038
9187,Jennifer Thompson,Customer Service,43241
3459,Amanda Davis,IT,56428
8794,Anthony Davis,HR,39497
6237,Mark Allen,Customer Service,62363
1137,Nancy Thomas,Operations,83399
1944,Lisa Allen,IT,142919
2692,James Gonzalez,Sales,68453
2778,David Garcia,IT,126123
857,Nancy Wilson,Sales,122072
473,Deborah Moore,Operations,77057
21,James Lewis,Operations,108557
5801,Ashley King,Sales,102782
7117,Deborah Martinez,Operations,74672
9295,Robert Gonzalez,HR,64139
7340,Karen Garcia,Operations,131601
1608,Elizabeth Gonzalez,Sales,41061
3675,Andrew Smith,Research,49287
6765,John Thomas,Operations,63294
1586,Sarah Anderson,Legal,42985
5298,Jane Thomas,HR,138612
9481,Lisa Hernandez,HR,117322
5386,Donald Ramirez,Finance,130618
3432,John Rodriguez,Research,71300
4249,Elizabeth Williams,Legal,109928
1188,Robert White,HR,108955
2291,Paul Anderson,IT,63115
746,Paul Wilson,HR,106286
8524,Robert White,Finance,132986
8779,Sarah Brown,Sales,51448
4256,Michael Martinez,Finance,86372
4456,Karen Williams,Finance,63495
2824,John Harris,Marketing,45953
2114,Christopher Lopez,Customer Service,45258
7625,Karen Gonzalez,Sales,130459
6662,David Garcia,Sales,125690
6740,Deborah Sanchez,Marketing,91271
