C_ID,C_NAME,AGE_YRS,LOC_CD,REG_DT
2827,David Clark,61,Milwaukee,2025-09-23
5125,Christopher White,39,Houston,2021-06-07
7092,Matthew King,63,Philadelphia,2024-06-24
6335,Matthew Martinez,20,Kansas City,2022-07-17
642,Andrew Anderson,64,New York,2025-09-01
3898,Lisa Thomas,25,Tucson,2020-08-21
4756,Lisa Ramirez,58,Washington,2020-06-15
3360,Michael Wilson,58,Los Angeles,2023-01-01
5851,Steven Perez,21,Nashville,2022-05-02
399,Karen Smith,42,Milwaukee,2025-09-28
1857,Lisa Moore,19,Oklahoma City,2020-06-25
4526,Mark Anderson,49,Los Angeles,2024-09-27
7856,Michael Gonzalez,55,Sacramento,2020-08-15
7867,Donald Allen,69,Fort Worth,2022-04-27
9709,Steven Gonzalez,60,Fresno,2022-06-23
5645,Jennifer Perez,52,Albuquerque,2021-10-19
1691,Jane Rodriguez,27,Sacramento,2025-08-06
9004,Jessica Thomas,51,Oklahoma City,2020-09-13
5252,Deborah Perez,43,Tucson,2022-02-26
8546,Ashley Perez,28,San Jose,2024-08-13
7838,Amanda Hernandez,21,Austin,2021-11-21
7174,Mark Ramirez,34,Mesa,2025-12-08
2445,Anthony Hernandez,51,Boston,2025-08-28
6735,Robert Lee,59,Denver,2025-05-05
1586,Matthew Anderson,39,Columbus,2020-07-23
9376,Jessica Smith,20,Fort Worth,2023-06-10
1399,Emily Taylor,58,New York,2025-02-26
831,Steven Harris,40,Tucson,2020-11-07
4563,Andrew Martinez,52,Chicago,2022-12-06
662,Donald Jackson,23,Louisville,2023-08-19
395,Dorothy Jones,24,Phoenix,2024-03-14
4935,Lisa Jackson,69,San Jose,2024-05-04
5776,David Martinez,54,Charlotte,2022-09-19
9040,Emily Ramirez,68,Baltimore,2020-11-21
6272,Karen Walker,64,San Jose,2022-11-19
9215,Emily Gonzalez,18,Columbus,2021-08-26
2783,Dorothy Garcia,23,Milwaukee,2022-04-08
1663,Robert Johnson,62,Oklahoma City,2022-03-24
1234,Jane Thomas,52,Dallas,2022-12-13
3483,Lisa Anderson,64,Oklahoma City,2025-03-14
3324,Andrew Young,39,Austin,2024-11-20
1647,Steven Gonzalez,30,New York,2025-07-28
7455,Sarah Lewis,60,Fort Worth,2024-02-22
6543,Matthew Jackson,57,Phoenix,2020-05-11
2124,Mark Robinson,33,San Antonio,2020-07-13
122,Dorothy Taylor,67,Washington,2020-01-13
6223,Donald Young,49,Seattle,2024-11-26
1448,Anthony Moore,41,Albuquerque,2020-10-01
7797,Deborah Thompson,52,Chicago,2023-12-09
8674,Joshua Miller,52,Oklahoma City,2023-10-20
381,Steven Perez,70,Baltimore,2024-07-01
3736,Jennifer Moore,66,Louisville,2022-04-09
290,Jennifer Young,28,Austin,2025-12-04
2095,Matthew Lopez,64,Fort Worth,2024-02-25
4882,Elizabeth Johnson,68,Louisville,2024-12-22
7374,Deborah Harris,30,Washington,2020-04-04
3372,Ashley Davis,69,Las Vegas,2024-04-02
8557,Ashley Wilson,37,Mesa,2022-03-20
4369,David Martinez,54,Washington,2022-12-21
4094,Robert Garcia,50,Los Angeles,2022-06-07
4046,Christopher Clark,42,Washington,2021-12-15
6882,John Perez,42,Phoenix,2021-08-26
722,Michael Lee,45,Columbus,2024-10-01
485,Michael Thompson,64,Denver,2023-08-09
6518,Amanda Lee,19,Jacksonville,2024-11-03
6693,Joshua Martin,38,Los Angeles,2023-05-24
6214,Steven Taylor,49,Denver,2022-03-03
5042,Nancy Gonzalez,48,Houston,2025-08-15
4423,Matthew Ramirez,62,Indianapolis,2023-07-26
4800,Lisa Gonzalez,68,Fresno,2021-03-10
8229,Sarah Johnson,62,Sacramento,2021-01-09
9542,John White,60,Columbus,2024-03-15
4218,Paul Martin,63,Denver,2022-03-01
4110,Steven Gonzalez,44,San Jose,2025-11-02
7796,Michael Gonzalez,28,Denver,2025-03-02
