EMP_ID,EMP_NM,DEPT_CD,SAL_AMT
1490,Betty Thompson,HR,145181
8277,Daniel Johnson,Sales,50699
6074,Lisa Williams,Engineering,78104
182,Mark Robinson,Operations,32617
3878,Paul Perez,Marketing,69172
7336,John Sanchez,Marketing,104253
2213,Michael Hernandez,Sales,143773
5798,Andrew Martin,Marketing,123055
9262,Andrew Lee,Research,78599
9585,Anthony Anderson,Marketing,62551
800,Christopher Miller,HR,76176
5722,Amanda Young,Sales,117321
5397,Anthony Jackson,Finance,120657
9249,Daniel Jones,Customer Service,93038
2530,Lisa Young,Sales,55481
6599,Jennifer Taylor,Legal,149856
9484,Dorothy Martinez,HR,135833
8205,Jane Williams,Legal,121302
5758,Michael Martinez,Operations,77710
9403,Ashley Johnson,HR,97130
6644,Paul Sanchez,Customer Service,125429
5625,John King,HR,143395
9413,Dorothy Brown,Research,85421
954,Donald Taylor,Customer Service,61116
2168,Ashley Thompson,Sales,102362
8056,Deborah Wilson,IT,133420
5516,Daniel Young,HR,79781
5784,Jessica Perez,IT,72634
9606,Jane Hernandez,Engineering,62334
9954,Deborah Jones,Research,36807
3650,Joshua Smith,Customer Service,41723
9390,Paul Taylor,Research,62466
4540,Elizabeth Jackson,Legal,102389
9343,Christopher Allen,IT,136304
1735,Christopher Martin,Research,30117
2588,Paul Allen,Marketing,106134
7342,David Walker,Engineering,131608
4038,Joshua Martin,Finance,30806
3844,Karen Allen,Legal,38243
7243,Anthony Rodriguez,Research,106588
3790,Sarah Hernandez,Finance,61449
2032,Michael Rodriguez,Research,62810
5520,Andrew Taylor,HR,98884
7550,Matthew Anderson,Marketing,97624
4338,Jane Perez,Legal,56867
4465,Steven Taylor,Sales,132675
9695,Karen Lopez,IT,100366
8154,Jessica Martin,Customer Service,131876
9254,Jane Davis,IT,54996
1089,Joshua Lee,Legal,113477
1767,Christopher White,IT,31191
2670,Lisa Wilson,Operations,79970
5632,Robert Smith,Customer Service,87197
735,Steven Moore,Research,72523
7096,Amanda Thomas,Finance,95163
3260,Robert Allen,Marketing,71352
4326,Sarah Johnson,Engineering,143552
7989,Betty Smith,Research,52455
2044,Lisa Clark,Customer Service,54912
7221,Matthew Thompson,Operations,68701
3658,Emily Lopez,Marketing,147504
6461,Daniel Ramirez,Engineering,108450
7492,Anthony Wilson,Marketing,64872
1955,Deborah Young,Research,41011
7660,Matthew Williams,Customer Service,134474
4533,Daniel Moore,Customer Service,101138
7621,Ashley Rodriguez,Customer Service,94110
123,James Garcia,Sales,112446
2649,Sarah King,Customer Service,132985
7436,Jane Young,Finance,39815
385,Donald Williams,Operations,77530
4944,Mark Robinson,Engineering,95285
9688,Mark Williams,Customer Service,53619
6242,Deborah King,Legal,87217
2454,Mark Lee,Sales,118260
8367,Matthew Miller,IT,136988
4788,Christopher Robinson,Customer Service,63028
7762,Ashley White,Legal,116669
7363,Steven Ramirez,Customer Service,135056
3372,Emily King,Finance,118546
3998,Amanda Allen,Finance,80425
1052,Michael Miller,Finance,44463
4652,Deborah Clark,IT,126411
815,Andrew Anderson,IT,124566
1302,Michael Davis,Legal,122290
8745,Matthew Martinez,Customer Service,109852
3123,Deborah Young,Research,66524
2087,Nancy Brown,Customer Service,54632
6502,Ashley Robinson,Engineering,41220
9391,Matthew Robinson,Research,44437
4855,Emily Harris,Research,148387
5396,Joshua Martin,Engineering,148353
7829,Matthew Allen,Research,75175
5421,Karen Sanchez,Marketing,70368
295,Ashley Clark,Customer Service,114282
7839,Deborah Brown,Engineering,127010
6050,Jessica Martinez,Marketing,70393
4159,Christopher Walker,Sales,117135
7943,Jennifer Garcia,Research,133628
1075,Christopher Walker,Sales,40548
