C_ID,C_NAME,AGE_YRS,LOC_CD,REG_DT
5761,Andrew Martin,50,Houston,2025-09-20
9337,Elizabeth White,18,San Antonio,2021-08-16
3710,Christopher Lopez,52,Charlotte,2022-05-10
652,Joshua Garcia,25,San Francisco,2021-08-01
3841,Mark Miller,19,Kansas City,2021-10-20
7104,Paul Taylor,41,Houston,2023-04-02
4166,Steven Taylor,51,San Jose,2021-05-23
17,Paul Clark,25,Phoenix,2020-10-08
9353,Jane Lewis,57,Milwaukee,2020-05-24
8863,Ashley Wilson,23,Milwaukee,2020-12-17
7449,Andrew Harris,65,Phoenix,2024-05-02
4341,Paul Thompson,31,San Francisco,2022-01-24
9680,Lisa Jones,70,Dallas,2024-10-10
963,Emily Hernandez,27,Tucson,2025-08-18
6318,Robert Thomas,32,Oklahoma City,2025-02-21
6406,Steven Garcia,54,Portland,2020-09-13
2186,Emily Hernandez,35,Phoenix,2021-09-12
2635,Jennifer Thomas,52,Denver,2022-01-28
3505,Steven White,38,Charlotte,2022-04-11
5017,Lisa King,26,Portland,2024-12-06
8959,Michael Walker,45,Portland,2025-08-18
4656,Emily Garcia,29,Sacramento,2020-11-07
7230,Andrew Lopez,59,Philadelphia,2022-11-26
4500,James Lee,44,Milwaukee,2020-05-01
6291,Sarah Brown,53,Boston,2023-02-21
6199,Nancy Ramirez,50,Denver,2025-09-06
181,John Miller,25,Nashville,2024-11-03
9400,Ashley Ramirez,37,San Jose,2023-10-17
4353,Anthony Johnson,55,Kansas City,2024-11-22
1,Lisa Hernandez,66,Denver,2022-02-15
2855,Jennifer Williams,32,Milwaukee,2024-01-09
5931,Ashley King,66,San Francisco,2023-09-18
5155,Deborah Garcia,61,Fresno,2024-06-07
4616,Amanda Robinson,68,New York,2022-01-07
3767,Michael Garcia,53,Houston,2021-05-02
8954,Daniel Gonzalez,55,Fort Worth,2025-11-01
8742,Anthony Thomas,64,Phoenix,2025-04-26
1884,Elizabeth Johnson,70,Chicago,2023-01-07
8029,Betty Allen,21,Los Angeles,2020-07-26
6601,Karen Martin,66,Baltimore,2024-07-07
6736,John Martin,43,Oklahoma City,2020-08-08
2845,Jessica Martin,33,Mesa,2020-06-14
9366,Matthew Lee,28,Chicago,2024-11-01
1413,Matthew Gonzalez,47,Baltimore,2022-05-04
7430,Mark Moore,32,Phoenix,2022-05-24
9605,Amanda Perez,62,Nashville,2024-12-12
8239,James Moore,44,Columbus,2025-05-16
6673,Steven Smith,64,Milwaukee,2023-06-12
6579,Amanda Young,40,Mesa,2023-01-25
3572,Steven Lewis,48,Tucson,2024-03-17
4539,John Robinson,29,Jacksonville,2025-09-07
2249,Dorothy Walker,55,Fort Worth,2021-12-18
2030,Anthony Sanchez,56,San Jose,2024-12-03
6859,Deborah Robinson,41,Sacramento,2022-12-18
103,Paul Williams,57,Albuquerque,2025-10-27
8910,Lisa Rodriguez,18,Boston,2022-03-24
2590,Sarah Garcia,28,San Diego,2025-11-03
9975,Dorothy Jones,19,Jacksonville,2025-04-08
3872,Jessica Moore,44,Denver,2024-10-07
3965,Anthony Martin,21,Charlotte,2021-09-17
720,Paul Hernandez,46,Nashville,2022-08-22
1047,Nancy Martinez,46,San Francisco,2023-08-27
7686,Emily Hernandez,19,San Diego,2023-01-01
3759,Robert Martinez,67,Columbus,2021-04-19
8862,Paul Martinez,60,San Jose,2025-07-01
4433,James Miller,30,Phoenix,2020-08-03
97,Andrew Thomas,31,Las Vegas,2023-12-11
336,Betty Johnson,70,Kansas City,2023-04-26
6642,Andrew Allen,36,Philadelphia,2024-11-28
3366,Lisa White,49,Denver,2023-06-15
2241,Jane Brown,42,Louisville,2025-08-18
1422,Betty Ramirez,42,Nashville,2021-03-18
8258,Christopher Young,33,Dallas,2021-11-15
4107,Lisa Johnson,26,San Diego,2025-03-04
2019,Lisa Smith,35,Fresno,2023-06-18
