EMP_ID,EMP_NM,DEPT_CD,SAL_AMT
7814,Sarah Clark,Finance,146615
3291,Jessica Perez,Research,45006
4859,Daniel Garcia,Customer Service,130117
2306,Michael Moore,Sales,108618
7739,Michael Wilson,Research,116254
9556,Christopher Moore,IT,116450
9190,Daniel Rodriguez,Customer Service,48517
7183,Karen Williams,Customer Service,84648
2549,Steven Lopez,Customer Service,65209
1798,Joshua Robinson,Operations,60678
6101,Steven Perez,Customer Service,61068
297,Lisa Miller,Legal,37728
2795,Nancy Sanchez,HR,39133
5980,Donald Garcia,Operations,51727
4316,Christopher Williams,Research,118858
7110,Dorothy White,Legal,100219
9789,Jessica Garcia,Customer Service,87422
4913,Sarah Davis,IT,42378
1457,Anthony Martin,Engineering,122343
6739,Karen White,Finance,84197
9474,Jennifer Garcia,Operations,60089
3352,Daniel Taylor,Sales,71178
4816,Sarah Thomas,Engineering,54374
851,Jane Sanchez,Engineering,48124
5687,Joshua Williams,IT,112486
9762,Jessica Ramirez,Legal,93526
5566,Andrew Smith,Engineering,84637
2851,Deborah Gonzalez,Sales,116761
5813,Christopher Thomas,HR,38063
7502,James Lee,Operations,89051
9354,Jessica Ramirez,Engineering,60955
1166,Lisa Perez,Marketing,89055
9228,Mark Smith,Customer Service,36466
7296,Jane Harris,Customer Service,121828
3974,Daniel Davis,Operations,40576
9519,Michael Wilson,Marketing,31592
8690,Nancy Rodriguez,Research,64055
9222,Joshua Martin,Operations,134529
675,John Williams,IT,139238
4821,Donald Brown,Sales,138214
7320,Jane Jackson,Finance,119282
1387,Michael Ramirez,HR,70682
7222,Paul Walker,IT,107487
6585,Ashley Lopez,Legal,79486
1244,Betty Ramirez,Legal,84084
3593,Paul King,Research,36778
3402,Mark White,Sales,30522
5292,Sarah Walker,Sales,62024
1915,Jennifer Hernandez,Finance,98832
4949,Andrew Jackson,Legal,46076
5471,Anthony Young,Sales,141889
3090,Michael Clark,Research,57397
6466,Emily Jones,Operations,65509
152,Karen Allen,Engineering,103058
9654,Ashley Lee,Research,149747
1163,Anthony Ramirez,Legal,110615
4548,James Williams,Operations,78143
8286,James Lopez,Marketing,138223
5794,Mark Lee,Marketing,115702
3736,Jane King,Engineering,134119
3820,Matthew Clark,Operations,125382
3907,Elizabeth Robinson,Legal,68464
3922,James Harris,Legal,35727
453,Matthew Thomas,Finance,119101
1171,Betty Moore,Engineering,106763
5801,Matthew Young,Customer Service,145968
3578,Michael Lewis,Sales,69594
350,Lisa Gonzalez,IT,100423
1165,Robert Moore,Legal,50859
336,Jessica Moore,Research,89862
3830,Sarah Wilson,Legal,149006
2771,Lisa White,Marketing,102597
7777,Sarah Moore,Operations,94222
8639,Steven Harris,Customer Service,114496
9777,Christopher Walker,Marketing,114197
3144,Mark Lee,Research,140312
3400,Robert Thompson,Customer Service,125795
7850,Daniel Miller,HR,57068
9455,Elizabeth Hernandez,Marketing,103005
6653,Deborah Anderson,Research,58536
6957,Andrew Martinez,Finance,34781
9487,Mark Brown,IT,84852
471,Ashley Lee,Operations,75526
155,Nancy Thompson,Finance,113514
47,Andrew Sanchez,Finance,34904
285,Karen Martinez,Marketing,65137
9442,Andrew Lee,Engineering,46146
4350,Jessica Thomas,Sales,55981
9010,John White,Legal,47942
6650,Lisa Moore,HR,79994
1387,Daniel Wilson,Research,95022
307,Elizabeth Sanchez,HR,41735
910,Elizabeth Perez,IT,41131
2197,Jane Martinez,Sales,43242
6036,Amanda Williams,IT,134291
5291,Ashley Smith,Customer Service,84765
3052,Lisa King,Customer Service,133851
7563,Elizabeth Hernandez,Engineering,94949
7436,Betty Robinson,Finance,77364
4428,Joshua Taylor,IT,76215
