EMP_ID,EMP_NM,DEPT_CD,SAL_AMT
7290,Emily Ramirez,Operations,147748
1414,Deborah Davis,Operations,70063
4903,John Lewis,Legal,97692
9720,James Gonzalez,Research,117825
2483,Joshua Martin,Customer Service,105198
1110,Jennifer Brown,Engineering,56117
3289,Deborah Walker,Customer Service,147682
8853,James Smith,Customer Service,46301
3352,Elizabeth Rodriguez,IT,64914
4772,Jennifer Brown,IT,78496
5770,Jessica Brown,HR,42480
9113,James King,Legal,138079
7667,Mark Lewis,Legal,77299
597,Deborah Lee,Finance,87689
16,Daniel Martin,Sales,107623
3438,Christopher Perez,Customer Service,42217
3827,Paul Johnson,Marketing,147912
2286,Lisa Lopez,Research,47116
1434,Betty Lopez,Legal,147270
7512,Michael White,Legal,107072
7327,Dorothy Williams,Customer Service,79998
2187,Mark Thompson,Customer Service,41561
3046,Paul King,Operations,48945
3249,John Gonzalez,Marketing,65589
1426,Deborah Allen,Research,74293
4967,Karen Martin,Legal,130113
1493,Anthony King,Legal,148391
3848,Steven Harris,HR,142532
4708,Paul Clark,Finance,134037
3883,Deborah Martin,Sales,40761
6511,Mark Lewis,Marketing,107368
8247,Dorothy Lewis,Sales,98756
8998,Karen Jackson,Customer Service,75024
3882,Anthony Wilson,Marketing,49055
2626,Lisa Gonzalez,Operations,139157
1491,Lisa Young,Marketing,96420
1841,Joshua Martin,Legal,44402
7215,Dorothy Jones,Research,100861
5798,Jessica White,Engineering,125467
3346,John Lee,Operations,91069
5252,Joshua Sanchez,HR,35599
1916,Joshua Thompson,Operations,40520
5110,Daniel White,Sales,110926
5487,Andrew Moore,Engineering,58901
3442,Amanda Smith,Sales,61521
3615,Donald Rodriguez,HR,139626
7776,Robert Perez,Research,58266
2371,Karen Lee,Legal,50384
8608,Karen Perez,Legal,133951
5670,Nancy Young,HR,82305
6551,Michael Moore,Customer Service,65464
474,Lisa King,Sales,126994
9550,Lisa Brown,HR,79843
7684,Donald Moore,HR,31462
156,James Smith,Finance,123776
8203,Jane Perez,Sales,85812
7146,Matthew Jackson,Finance,96346
4160,Lisa King,Research,71457
9537,Michael Clark,IT,100617
1467,Matthew Martin,IT,134405
5780,Dorothy Moore,Customer Service,59010
8869,David Ramirez,Legal,96869
699,Amanda King,IT,87757
7022,James Davis,HR,83725
3222,Mark Lewis,Engineering,97437
7702,Mark Brown,Legal,42811
3578,James Thomas,HR,107657
3908,Jessica Lewis,Engineering,66982
3136,Lisa Williams,Customer Service,73752
4757,Steven Johnson,Customer Service,98147
595,Amanda Smith,Finance,104339
7287,Andrew Martinez,Research,135914
9153,Michael Lopez,Customer Service,149139
3921,Christopher Martinez,Engineering,62112
167,Jessica White,Finance,147395
6665,Jane White,Marketing,102166
2080,Betty Rodriguez,Marketing,127575
6882,Joshua Walker,Customer Service,63029
1249,Donald Thomas,Finance,114082
5949,Andrew Jackson,HR,46809
1964,Lisa Harris,Research,96389
2413,Jennifer Davis,Customer Service,128593
1322,Ashley Lee,HR,64194
8980,Amanda Harris,Marketing,41704
7534,Matthew Smith,Research,44837
8,Matthew Perez,HR,34077
1024,Daniel Garcia,Marketing,108519
6267,David White,Research,59156
2407,Christopher Lopez,Marketing,141870
6009,Betty Lopez,Sales,35369
5651,Steven Taylor,Sales,103580
2847,Steven Robinson,Operations,134868
5770,Donald Lopez,Research,41520
9983,Sarah Taylor,HR,119359
5092,Joshua Smith,Finance,47448
1969,Nancy Johnson,IT,70928
9659,Sarah Brown,Marketing,139049
1624,Sarah Wilson,IT,51982
4098,Paul Lee,Sales,132957
9697,Elizabeth Brown,Operations,112252
