C_ID,C_NAME,AGE_YRS,LOC_CD,REG_DT
8807,Ashley Wilson,26,Kansas City,2020-07-21
4665,Andrew Wilson,68,Phoenix,2022-11-01
2517,Andrew Sanchez,44,Kansas City,2024-05-12
2910,Mark Taylor,48,Louisville,2020-01-15
104,Daniel Rodriguez,53,Fresno,2020-08-04
1124,David Williams,20,Los Angeles,2020-11-15
6820,Elizabeth Miller,26,Fresno,2023-06-24
7347,Elizabeth Brown,41,Jacksonville,2024-05-11
4901,Andrew Jackson,47,Austin,2022-05-25
5478,Anthony Harris,19,Houston,2023-06-27
4901,Jessica Taylor,66,Indianapolis,2021-12-12
4609,Karen Gonzalez,69,Houston,2024-01-12
4841,Jennifer Sanchez,21,Dallas,2022-11-25
7396,Jennifer King,53,Jacksonville,2023-01-19
4540,Deborah Hernandez,56,Houston,2023-08-02
402,David Rodriguez,45,Oklahoma City,2024-11-09
6271,Dorothy Ramirez,28,Mesa,2025-03-14
1035,Dorothy Harris,70,Milwaukee,2024-08-23
6840,Christopher Miller,49,Philadelphia,2024-02-17
1862,John Walker,58,Kansas City,2020-04-28
5662,Michael Jones,34,Milwaukee,2023-07-24
103,Lisa Harris,59,Philadelphia,2021-03-09
2221,Lisa Harris,60,Las Vegas,2020-05-13
3822,Steven Gonzalez,40,Las Vegas,2024-12-12
2247,Daniel Jackson,37,Sacramento,2023-09-28
9521,Christopher Walker,52,Louisville,2024-05-15
8450,Joshua Lee,42,Boston,2023-12-08
666,Dorothy Sanchez,64,Dallas,2021-02-16
4766,Deborah Martin,65,Tucson,2024-10-10
5273,Emily Smith,55,Denver,2025-05-03
5544,Karen Robinson,36,Denver,2020-07-16
2212,Steven Gonzalez,65,Dallas,2021-06-11
8556,Joshua Robinson,70,Seattle,2025-12-15
3284,Sarah Perez,47,Fort Worth,2020-12-11
5761,Sarah Sanchez,58,Jacksonville,2021-07-19
9663,Betty Hernandez,56,Fort Worth,2022-03-18
8729,Steven Harris,40,Oklahoma City,2020-09-27
5993,Mark Rodriguez,53,San Diego,2022-09-04
5777,Steven Robinson,53,Washington,2022-01-03
5331,Lisa Lewis,25,Jacksonville,2023-05-27
9924,Betty Miller,62,Houston,2024-11-20
8813,Andrew Lopez,45,Indianapolis,2022-12-13
8484,Elizabeth Thomas,25,Dallas,2023-05-20
8746,Paul Davis,38,Austin,2025-05-20
1036,David Lewis,25,Tucson,2021-04-23
2287,Daniel Lee,32,Baltimore,2024-08-01
6191,Emily Allen,40,Washington,2020-12-28
3627,Joshua Jackson,41,Oklahoma City,2025-09-16
450,Paul Allen,49,Mesa,2022-01-08
9232,Jane Taylor,34,San Francisco,2025-05-15
1699,Matthew Jackson,52,Denver,2021-08-28
3933,Michael Thomas,34,Oklahoma City,2021-09-14
6224,Jane Lopez,56,Los Angeles,2020-07-26
4331,Joshua Rodriguez,56,Houston,2025-06-28
3692,John Jackson,31,Boston,2025-04-18
1110,Donald Brown,51,Nashville,2023-03-06
4151,Anthony Perez,49,Kansas City,2022-07-27
1726,Jane Garcia,23,San Antonio,2022-10-03
6318,Deborah Lopez,56,Nashville,2025-01-04
1245,Nancy Walker,45,Fort Worth,2021-07-08
4391,Lisa Lewis,56,Fresno,2025-01-02
1692,Lisa White,45,Fort Worth,2020-09-09
2480,Dorothy Lee,20,Dallas,2024-04-14
3555,Donald Jones,33,New York,2024-05-11
4408,Robert Anderson,28,Las Vegas,2022-04-11
9882,James Hernandez,54,Denver,2025-10-17
525,Karen Moore,32,San Francisco,2025-09-16
5153,Christopher Harris,25,Boston,2025-12-13
3683,Lisa Thompson,36,Sacramento,2023-04-15
3201,Lisa White,49,Jacksonville,2023-06-28
2875,Robert Ramirez,39,Indianapolis,2023-05-12
6604,Daniel Allen,52,Indianapolis,2022-08-27
1858,John Anderson,33,Louisville,2024-04-18
8397,Nancy Clark,65,Washington,2021-04-01
9148,Christopher Young,33,Louisville,2025-08-08
