C_ID,C_NAME,AGE_YRS,LOC_CD,REG_DT
2520,Steven Johnson,19,Phoenix,2020-05-23
9799,Sarah Thomas,34,Columbus,2022-12-12
607,Sarah Gonzalez,32,Albuquerque,2024-10-01
5304,Paul Martin,52,Chicago,2024-06-20
8661,James Brown,58,Seattle,2024-08-20
2499,Jennifer Ramirez,47,Nashville,2021-08-10
9114,Andrew Smith,57,Indianapolis,2025-03-21
4491,Steven King,65,Indianapolis,2025-11-24
642,Lisa Sanchez,29,Indianapolis,2021-07-16
6714,Donald Lee,60,Indianapolis,2020-10-17
9800,Dorothy Clark,43,Sacramento,2025-06-10
9276,Lisa Clark,37,Phoenix,2023-05-26
6421,Emily Johnson,62,Columbus,2021-05-04
6420,Jane Thompson,59,Baltimore,2023-08-21
1731,Jennifer Lopez,52,Nashville,2024-10-01
9542,Sarah Lee,32,Seattle,2022-03-09
9974,John Anderson,31,Boston,2023-04-25
6639,Dorothy Taylor,35,San Jose,2024-05-01
7292,Sarah Ramirez,55,Denver,2022-09-25
2849,Steven Hernandez,24,Fresno,2021-11-04
786,Jane Harris,58,Phoenix,2020-10-24
6583,Amanda Lee,55,Louisville,2021-07-09
7624,Donald Young,29,Nashville,2021-02-27
8824,Joshua Jackson,67,Las Vegas,2024-08-11
85,Betty Wilson,54,Austin,2024-09-28
4079,Michael Walker,62,Tucson,2023-08-15
9360,Lisa Martinez,61,Fresno,2024-12-04
2796,Andrew Jackson,61,Los Angeles,2024-02-24
7274,Jessica Miller,55,San Francisco,2023-12-16
6500,Karen Young,35,Chicago,2025-02-02
5870,Nancy Martinez,47,Portland,2023-11-28
8929,Steven Allen,62,Houston,2021-09-19
8921,Emily Allen,44,San Antonio,2023-05-26
4146,Steven Thomas,67,Sacramento,2021-05-09
1016,Jessica Anderson,50,San Antonio,2024-03-08
8097,Robert Brown,60,Sacramento,2024-11-04
9492,Deborah Martinez,66,Portland,2020-05-04
5245,Sarah Lee,67,Oklahoma City,2024-08-01
3732,Christopher Harris,31,Columbus,2024-10-20
7004,Jennifer Hernandez,62,Milwaukee,2025-11-21
2872,Elizabeth Allen,44,Fort Worth,2025-09-02
9133,David Young,25,Houston,2022-05-15
7515,Steven Lopez,31,Kansas City,2022-12-09
6208,Donald Lopez,24,New York,2022-03-15
3510,Daniel Jackson,40,Oklahoma City,2022-10-28
2612,David Miller,30,Mesa,2024-01-19
6122,John King,35,Las Vegas,2023-03-09
2024,Andrew Gonzalez,18,Columbus,2023-10-08
9569,Nancy Martin,22,Indianapolis,2024-05-03
4577,Emily Taylor,37,Washington,2021-10-18
8403,Lisa Brown,67,San Jose,2021-07-21
4726,Karen Ramirez,64,Nashville,2021-10-04
8122,Karen Miller,42,Seattle,2023-03-24
3444,Mark Lopez,54,Philadelphia,2021-02-17
3110,Dorothy Lewis,55,Milwaukee,2024-04-23
6681,David Clark,28,Philadelphia,2022-09-18
2043,Anthony Miller,68,Columbus,2025-02-26
6342,Lisa Davis,27,Austin,2020-07-23
6091,Jane Sanchez,28,Columbus,2020-06-23
5723,Joshua King,41,New York,2020-04-11
9672,James White,59,Fort Worth,2024-08-14
1685,Daniel Robinson,28,Jacksonville,2025-07-15
6533,Matthew Brown,59,Seattle,2025-05-10
5136,Elizabeth Brown,48,Philadelphia,2024-02-09
17,Donald Thomas,37,Indianapolis,2025-12-04
6072,John Young,37,Baltimore,2020-08-04
8095,Ashley Harris,61,Mesa,2021-12-11
6748,Daniel Johnson,20,Jacksonville,2020-01-23
4466,Jennifer Sanchez,69,San Francisco,2023-12-02
7445,Paul Martinez,42,Denver,2020-01-14
5263,Andrew Walker,37,Tucson,2023-03-01
5057,Daniel Young,39,Phoenix,2024-05-18
7646,Steven Ramirez,27,Austin,2025-11-27
4923,Lisa Martin,70,Louisville,2024-11-07
7076,Christopher Clark,20,Portland,2020-05-25
