EMP_ID,EMP_NM,DEPT_CD,SAL_AMT
2072,Dorothy Anderson,HR,52534
3713,Amanda Davis,Engineering,127207
9518,Donald Miller,HR,42139
9635,Jane Jackson,Legal,64994
4332,Lisa Jackson,Finance,70044
9612,Jane Sanchez,Customer Service,89083
6679,Dorothy Harris,Customer Service,110625
6706,Deborah Thomas,Research,57244
3453,Nancy Hernandez,Legal,111380
6323,Paul Taylor,Finance,105029
3782,Elizabeth Harris,IT,41074
7559,Jane Hernandez,Operations,99149
8312,Daniel Wilson,Marketing,95526
7528,Christopher Sanchez,Legal,141494
527,Anthony Allen,IT,80196
514,Deborah Robinson,Research,113859
7164,Emily Sanchez,Marketing,83913
9378,Jane Taylor,Operations,84776
7810,Christopher Lewis,Sales,41275
6038,Nancy Moore,Marketing,141021
8285,James Robinson,Legal,107816
765,Michael Thompson,Sales,149934
3939,David Rodriguez,Legal,148876
1287,Elizabeth Clark,HR,34035
8100,Paul Williams,Finance,47924
3957,Andrew Davis,HR,32167
1831,Anthony Martin,Customer Service,146727
5328,Ashley King,Sales,67484
5108,Donald Garcia,HR,87446
7937,Amanda White,Marketing,33478
5489,Anthony Robinson,Engineering,127409
9408,Betty Harris,Marketing,55926
1857,Ashley Jones,Sales,99592
2717,Nancy Garcia,HR,67801
859,Paul King,Operations,118613
5817,Amanda Thomas,Sales,62130
9568,Joshua Walker,Sales,133124
7285,Jennifer Miller,HR,66744
6894,Robert Jackson,Engineering,109557
841,Michael Perez,Sales,112182
1068,Paul Johnson,Marketing,54615
3379,Ashley Clark,HR,33012
2408,Paul Clark,Sales,82296
5293,Nancy Taylor,Marketing,82700
3861,James Harris,Sales,59855
1997,Lisa Davis,Finance,89454
7985,Amanda Jones,Finance,69742
295,John Davis,Legal,136008
76,Daniel Perez,Finance,134747
3866,James Wilson,Engineering,38481
8253,Michael Brown,Research,78519
1876,Deborah White,IT,119110
6188,Amanda Ramirez,Marketing,48252
6073,Sarah Perez,Sales,142080
4923,Betty Garcia,Finance,136341
1300,John Robinson,Customer Service,123330
5722,Deborah Rodriguez,Sales,110481
9344,Emily Harris,Engineering,141284
1774,Emily Anderson,IT,107282
9457,Sarah Hernandez,IT,111348
4086,Jane Clark,Engineering,52737
9923,Robert White,Engineering,137311
4994,Matthew Young,Research,56187
426,Anthony Sanchez,Customer Service,78012
4001,Betty Thompson,Finance,49395
6699,Steven Thompson,Customer Service,148716
9332,Amanda Rodriguez,Legal,115963
303,James Johnson,Finance,42158
5898,Daniel Harris,Sales,30806
4007,John Ramirez,Engineering,92090
8732,Dorothy Garcia,HR,92268
6293,Sarah Johnson,HR,97685
6352,Paul Lopez,IT,35383
5846,Jennifer White,Engineering,43925
5281,Mark Davis,IT,129539
8532,Andrew Gonzalez,Customer Service,136156
6803,Andrew White,HR,142232
8715,Anthony Perez,Marketing,34474
3303,Matthew Lee,Customer Service,95625
7564,Andrew Lopez,HR,139912
9520,John King,Operations,47323
1726,Ashley Garcia,HR,95585
2495,Robert Lee,Operations,62501
8688,Michael King,Customer Service,140193
6122,Steven Jones,Research,63827
300,Betty Jones,Marketing,140278
7078,Jennifer Moore,Operations,84716
6115,Ashley Robinson,Research,103778
9898,Betty Robinson,HR,89803
5088,Sarah Thompson,Sales,132368
8787,Lisa Thompson,Engineering,40828
8889,Donald Rodriguez,Operations,127524
5523,Robert Jones,HR,102075
133,Jennifer Davis,Research,80388
9570,Donald Rodriguez,Sales,97909
3644,Emily Walker,IT,109969
7511,James Martin,Customer Service,89444
6033,Anthony Sanchez,Engineering,102837
9001,Robert Garcia,Marketing,99120
1539,Donald Rodriguez,Customer Service,114939
