C_ID,C_NAME,AGE_YRS,LOC_CD,REG_DT
3933,Lisa Thomas,22,Tucson,2024-04-04
9973,Betty Lopez,59,Seattle,2023-02-02
8723,Lisa Martin,20,Houston,2023-09-05
6169,Robert Anderson,36,Denver,2024-03-27
9414,Jane Taylor,29,Sacramento,2021-10-07
7034,Daniel Lewis,21,Oklahoma City,2024-01-26
9437,Dorothy King,52,Austin,2024-10-04
8352,Betty Johnson,33,Indianapolis,2021-01-28
8646,Nancy Harris,40,Milwaukee,2022-04-23
9749,Elizabeth Gonzalez,40,Louisville,2022-06-26
3443,Robert Gonzalez,66,San Jose,2022-06-06
5314,Michael Perez,28,Austin,2021-09-15
4673,James Young,55,Mesa,2024-10-12
6635,Amanda King,20,San Jose,2021-04-24
1307,Steven Anderson,22,Tucson,2022-12-06
5666,Lisa Taylor,45,Indianapolis,2020-05-03
4146,Lisa Hernandez,58,Portland,2023-11-08
299,Steven Perez,61,Oklahoma City,2022-11-22
6265,Emily Brown,50,Jacksonville,2021-10-17
6740,Elizabeth Robinson,27,Houston,2022-04-10
6430,Matthew Wilson,52,Seattle,2023-07-14
3154,James Rodriguez,70,Phoenix,2021-03-18
6619,Donald Davis,34,Los Angeles,2025-03-22
4513,Karen Walker,30,Oklahoma City,2021-08-23
6070,Elizabeth Lopez,41,San Antonio,2023-09-04
3664,Karen Smith,61,Fort Worth,2020-10-21
8062,David Walker,50,Houston,2020-12-25
4022,Mark Moore,50,Jacksonville,2022-03-15
3148,Jennifer Miller,62,Las Vegas,2022-07-17
1470,Nancy Martin,63,Jacksonville,2023-06-12
7393,Daniel Walker,51,Columbus,2022-08-05
9582,Dorothy Anderson,70,Albuquerque,2021-01-27
1481,Dorothy Wilson,19,Baltimore,2023-11-13
6736,David Thompson,55,Phoenix,2022-07-25
3214,Amanda King,38,Austin,2022-02-09
4154,Deborah Anderson,60,Portland,2024-09-11
3928,Lisa Thomas,63,Oklahoma City,2025-07-03
8892,Andrew Perez,57,Fresno,2020-01-03
5814,Jennifer Williams,39,Columbus,2023-07-11
5702,David Lewis,64,Washington,2021-10-08
9517,Betty Robinson,40,San Jose,2021-03-18
6421,Paul White,69,Washington,2023-08-26
1872,Dorothy Moore,50,Albuquerque,2020-07-23
2901,Donald Wilson,42,Dallas,2023-10-20
3954,Matthew Lopez,53,Fresno,2025-11-10
615,Joshua Moore,48,Louisville,2022-09-23
993,Deborah White,51,Louisville,2022-01-18
1790,Jennifer Ramirez,64,Louisville,2023-09-17
2141,John Allen,63,Houston,2021-04-22
9853,Sarah Walker,61,Oklahoma City,2021-08-17
1247,James Williams,41,Washington,2023-03-02
3424,Ashley Martin,65,San Diego,2025-09-18
9410,Paul Anderson,53,San Francisco,2025-06-13
5703,Sarah Rodriguez,36,New York,2024-03-26
4299,Andrew Harris,54,Louisville,2024-10-24
7397,Amanda Thomas,38,Philadelphia,2023-06-20
8209,Nancy Martin,34,San Diego,2021-04-21
9787,Lisa Moore,64,San Jose,2025-03-13
1798,Paul Moore,46,Mesa,2023-06-04
678,Lisa Martinez,42,Fort Worth,2024-02-23
4642,James Lopez,65,Nashville,2021-10-01
795,Donald Miller,58,Fort Worth,2020-06-26
3895,Robert Allen,59,San Francisco,2022-12-07
9595,Betty Brown,61,Fort Worth,2022-10-18
8564,James Hernandez,66,Tucson,2022-05-09
1131,David Rodriguez,62,Portland,2022-05-03
4942,Paul White,64,Fresno,2021-03-18
997,Christopher Thomas,35,Fresno,2022-10-23
4773,James Rodriguez,66,New York,2021-09-17
9954,Joshua Garcia,50,Dallas,2024-02-27
1931,Ashley Martinez,41,Chicago,2021-07-22
8840,John Hernandez,35,Columbus,2025-09-09
2822,Jennifer Thompson,22,Albuquerque,2021-08-05
9304,Ashley Hernandez,70,Portland,2020-09-23
332,Andrew Clark,62,Chicago,2025-04-05
