C_ID,C_NAME,AGE_YRS,LOC_CD,REG_DT
7760,Anthony King,22,Indianapolis,2020-05-03
7835,Sarah White,42,Houston,2020-05-12
4684,Lisa Anderson,46,Charlotte,2021-03-15
1865,James Harris,32,Columbus,2024-05-16
2229,Betty Davis,59,Dallas,2024-04-07
5670,Dorothy Smith,65,Denver,2025-02-20
8751,Ashley Garcia,25,Fort Worth,2025-11-20
2276,James Lopez,43,Chicago,2020-08-02
8024,Amanda Perez,23,Los Angeles,2024-08-28
7287,Emily Davis,62,Oklahoma City,2024-10-08
6582,Paul Jones,45,Mesa,2025-07-05
4899,Sarah Brown,38,San Antonio,2023-11-23
7402,Joshua Young,22,Columbus,2024-09-11
9838,Jessica Hernandez,66,Louisville,2022-09-16
5680,David Smith,27,Portland,2024-06-01
4268,Amanda Walker,63,New York,2022-02-08
57,Paul Clark,65,Washington,2021-03-16
6513,Jane Martinez,50,Indianapolis,2024-11-25
515,John Smith,26,Los Angeles,2025-06-12
904,Michael Lewis,25,Boston,2025-11-24
4143,John Smith,31,New York,2021-10-05
2336,Amanda Wilson,19,Columbus,2024-06-04
9286,Anthony Moore,19,San Jose,2020-12-17
6964,Jennifer Martinez,69,Indianapolis,2020-07-06
9142,James Garcia,28,Dallas,2024-07-07
306,Donald Gonzalez,48,Albuquerque,2025-04-03
3546,Ashley Brown,23,Portland,2023-06-12
8765,Jane King,25,Albuquerque,2020-08-08
9088,James Thomas,23,Charlotte,2024-03-13
1262,Steven Jones,62,San Antonio,2024-12-24
9545,Ashley Gonzalez,36,San Jose,2020-05-06
3843,Joshua King,54,Charlotte,2021-09-28
9185,John White,46,Dallas,2021-05-10
4489,Jessica Jackson,57,Mesa,2023-08-24
2208,Steven Garcia,60,Dallas,2024-05-07
736,Andrew Johnson,35,Nashville,2020-12-14
7932,Lisa Lopez,67,Dallas,2022-10-15
369,Robert Johnson,35,Columbus,2024-08-02
8432,Joshua Wilson,41,Milwaukee,2020-10-09
802,Elizabeth Thompson,41,Oklahoma City,2024-05-04
2217,Jennifer Lewis,34,Las Vegas,2025-02-17
6831,Karen Martin,19,Fort Worth,2023-03-26
5435,Dorothy Hernandez,54,San Antonio,2021-02-04
1043,Michael Lewis,68,San Diego,2021-11-01
7770,Robert Moore,69,Houston,2020-11-24
6561,Sarah Gonzalez,24,Denver,2022-10-08
5089,Andrew Taylor,31,Fresno,2022-10-21
8838,Jennifer Harris,24,Washington,2025-11-04
6963,Dorothy Jones,52,Austin,2022-07-07
1613,Deborah Lopez,41,Kansas City,2024-12-17
3097,Mark Brown,62,Philadelphia,2024-12-14
4326,Lisa Brown,55,Kansas City,2021-10-25
1116,Nancy Perez,27,San Francisco,2021-02-03
7641,Mark Jones,31,Louisville,2020-05-10
329,Emily Robinson,36,San Antonio,2022-03-23
4282,Donald Robinson,49,Sacramento,2023-04-17
640,Matthew Young,27,San Diego,2025-12-17
8486,Nancy Davis,41,Charlotte,2020-10-13
3762,Steven Perez,27,Philadelphia,2025-12-16
6759,Jessica Jackson,70,Jacksonville,2024-09-18
8581,Lisa King,54,Fresno,2021-05-17
1208,Daniel Clark,58,Boston,2024-12-14
9587,Karen Robinson,24,Mesa,2020-02-19
8100,Matthew Rodriguez,57,Indianapolis,2025-03-07
9966,Donald White,21,Seattle,2020-09-27
9971,Nancy Miller,62,Columbus,2024-11-20
5611,Nancy Robinson,24,Charlotte,2024-03-05
2597,Andrew Lee,38,New York,2023-04-03
5035,Steven Hernandez,67,Mesa,2022-07-11
8659,Elizabeth Rodriguez,47,Philadelphia,2024-12-15
7008,Deborah Harris,44,Los Angeles,2021-01-13
3514,James Walker,47,Boston,2020-10-07
2165,John Harris,41,Portland,2020-08-01
6527,Karen Davis,30,San Antonio,2025-11-06
9628,Lisa Martinez,64,Las Vegas,2020-12-10
