C_ID,C_NAME,AGE_YRS,LOC_CD,REG_DT
350,Betty Lewis,69,Tucson,2021-01-12
5013,Lisa King,55,Tucson,2021-02-03
7376,Betty Moore,62,Louisville,2025-04-21
5675,Jessica Thompson,27,San Jose,2023-02-08
9898,Paul Rodriguez,22,Charlotte,2020-04-22
8963,Sarah White,53,San Jose,2024-06-15
3839,Lisa Martinez,49,Dallas,2024-10-12
8647,Sarah Allen,49,Philadelphia,2024-09-24
773,Jennifer Martinez,63,San Diego,2022-03-18
100,Paul Davis,22,Mesa,2024-09-27
3831,Emily Jackson,66,Louisville,2020-05-10
3590,Amanda Jackson,25,San Jose,2021-10-27
678,Paul Jones,35,Albuquerque,2022-05-11
104,Emily Davis,44,Chicago,2023-08-09
814,Lisa White,23,San Jose,2025-01-12
2307,Jennifer Johnson,56,San Francisco,2023-01-04
1314,Lisa Taylor,45,New York,2022-01-28
2119,Paul Perez,18,Louisville,2021-03-25
4327,John Perez,39,Oklahoma City,2020-01-17
4407,Paul Williams,67,Houston,2021-03-14
1836,Dorothy Martin,51,Philadelphia,2021-09-11
4503,Christopher Lee,25,San Francisco,2022-09-28
678,Ashley Robinson,31,San Antonio,2022-02-23
5892,Jessica Jackson,68,Jacksonville,2021-11-12
9199,Ashley Jackson,19,San Jose,2022-01-22
4913,Amanda Davis,22,Jacksonville,2021-02-02
6997,Daniel White,65,Los Angeles,2025-11-05
5389,Elizabeth Walker,31,New York,2022-08-05
8791,Daniel Thomas,50,Denver,2025-07-03
8943,Lisa Thomas,20,Tucson,2024-09-16
4517,Robert King,36,Baltimore,2022-03-19
3687,Deborah Rodriguez,54,Dallas,2022-07-09
4650,John Harris,22,Mesa,2022-05-04
7903,Jennifer Thomas,41,Oklahoma City,2025-03-22
1151,Lisa Wilson,27,Houston,2024-02-28
2101,Matthew Rodriguez,56,Louisville,2023-06-10
1283,Nancy Hernandez,27,Washington,2022-01-14
4725,Joshua Walker,41,Sacramento,2023-10-23
9272,Jennifer Anderson,36,New York,2023-08-04
8364,Sarah Walker,22,Columbus,2022-05-27
3607,Jennifer Moore,63,Fort Worth,2024-01-14
1348,Jessica Wilson,19,Las Vegas,2025-10-21
9381,David Perez,27,Oklahoma City,2020-08-18
1137,Deborah Walker,61,Milwaukee,2022-06-23
3859,Karen Davis,34,Oklahoma City,2024-08-25
4441,Mark Sanchez,59,Washington,2024-07-16
6739,David Davis,63,Seattle,2022-02-15
2001,Christopher Davis,70,New York,2022-08-26
6435,Mark Sanchez,34,Denver,2023-01-23
8217,Dorothy Miller,22,San Jose,2020-04-11
2443,Matthew Young,21,Oklahoma City,2024-11-25
6474,Paul Garcia,18,Phoenix,2021-02-12
2873,Sarah Miller,19,San Antonio,2024-01-09
7096,John Gonzalez,67,San Antonio,2021-12-27
2545,Anthony Gonzalez,64,San Jose,2023-08-07
3290,Karen Robinson,24,Seattle,2025-11-07
5292,Lisa Taylor,58,Denver,2023-05-01
8174,Anthony Ramirez,54,Denver,2025-09-17
2621,Nancy Wilson,55,Washington,2020-12-24
5249,Karen Young,22,Boston,2024-01-08
9310,Donald Jackson,34,Jacksonville,2023-12-20
9239,Michael Moore,31,Portland,2020-09-08
2721,David Harris,70,San Jose,2024-05-08
6794,Matthew Hernandez,19,Los Angeles,2024-03-09
2202,Joshua Ramirez,44,Philadelphia,2021-09-16
5919,Emily Thomas,43,San Antonio,2021-05-06
8708,Donald White,48,Phoenix,2022-04-15
619,Jessica Lee,31,Indianapolis,2020-04-03
3395,Andrew Robinson,44,Oklahoma City,2023-03-26
118,Lisa Wilson,36,Sacramento,2025-12-10
8422,Christopher Perez,34,Fort Worth,2022-03-13
7419,Joshua Harris,20,Washington,2022-06-02
9607,Ashley Lopez,64,Albuquerque,2025-02-12
5445,Amanda Sanchez,44,San Antonio,2021-09-28
4994,Betty Anderson,38,San Diego,2025-01-16
