EMP_ID,EMP_NM,DEPT_CD,SAL_AMT
235,Andrew Ramirez,Sales,104141
6186,Mark Moore,Engineering,110519
4685,Amanda Rodriguez,Marketing,32254
2411,Sarah Miller,IT,77673
6868,Lisa Ramirez,Engineering,49455
1227,Deborah Hernandez,Engineering,39551
8482,Matthew Robinson,Sales,109348
3361,Christopher White,Legal,46009
8904,John Thompson,Legal,142995
5998,Amanda Sanchez,Sales,142495
6500,David Perez,Legal,67355
108,Jane Thomas,Research,110974
6186,Betty Johnson,IT,141320
3364,Nancy Harris,Finance,67950
605,Paul Sanchez,HR,59806
345,Jessica Lopez,Engineering,113293
7319,Donald Johnson,Engineering,141817
2835,Jennifer Allen,Marketing,129844
1874,Jennifer Johnson,Engineering,129222
3344,John Brown,Customer Service,142742
3513,Steven Thompson,HR,79067
2850,James Walker,HR,100968
7156,Donald Ramirez,Engineering,54173
6251,James Lee,IT,126119
4028,Jennifer Miller,HR,73112
7131,Matthew Miller,Sales,138153
3298,Karen Davis,Operations,77842
4606,Matthew Garcia,Marketing,83919
7148,Jennifer Wilson,Research,47011
3879,Sarah Garcia,IT,94539
8227,David Allen,Sales,47659
1080,Daniel Thompson,Marketing,89213
9613,Paul Jackson,Sales,110629
5500,Robert King,Customer Service,67903
2365,James Sanchez,Legal,111685
8330,Mark Thompson,Customer Service,144336
4750,Lisa Smith,Finance,33569
5651,Deborah Walker,Engineering,45863
6006,Emily Clark,Sales,74754
1162,Elizabeth King,HR,32367
401,Amanda Smith,Legal,119520
2975,Matthew Sanchez,Legal,37142
892,Jennifer Martin,Operations,69221
5569,John Johnson,Legal,58925
2183,Donald Allen,Engineering,147551
3051,Lisa Perez,Customer Service,41190
6297,John Williams,Legal,90391
1803,Steven Thomas,IT,64157
9079,David Walker,Research,149126
6524,Jessica Miller,Sales,40441
1751,Deborah Moore,Engineering,128028
1217,Donald Ramirez,Finance,36470
379,Jennifer Rodriguez,Customer Service,39129
1165,Betty Brown,Customer Service,62764
2039,James Clark,Sales,76554
6799,Steven Miller,Operations,109022
1939,Nancy Young,HR,83611
7054,Dorothy Davis,Customer Service,78567
4641,John Taylor,Sales,57489
6238,Ashley Martin,Sales,41317
1625,Daniel Lopez,Legal,32944
3464,Elizabeth Martin,Sales,50992
9616,Daniel Young,Sales,80505
9003,Sarah Martinez,HR,107270
2589,John Jackson,HR,92304
8630,Mark Moore,Operations,148636
694,Jennifer Lee,Finance,33088
9177,Joshua Anderson,HR,64589
3629,Donald Moore,IT,53219
968,Dorothy Hernandez,Legal,42602
7450,Ashley White,Finance,143657
4117,Daniel Lewis,Finance,122721
3359,Mark Martin,HR,72680
7508,Jane Robinson,Finance,144507
9402,Lisa White,Research,46758
6038,Andrew Wilson,Finance,69447
8695,Jennifer Harris,IT,135020
6294,Jane White,IT,66341
8173,Lisa Gonzalez,HR,48511
3309,Matthew Robinson,Customer Service,140480
1025,Lisa Thompson,Research,86176
8543,Jane Williams,Research,48803
5325,Karen Lee,Operations,123636
2607,Karen Hernandez,Marketing,32844
8911,Sarah Harris,Operations,58410
1047,Karen Thomas,Customer Service,110950
7382,Anthony Jones,IT,105919
100,Christopher Garcia,Customer Service,39863
1586,Dorothy White,Marketing,126783
7710,Jane Thomas,HR,71727
2541,Jennifer Taylor,Finance,78931
7726,Michael Williams,Operations,129617
6593,Dorothy Smith,Operations,32486
3308,Sarah Allen,Customer Service,137507
7690,Joshua Taylor,Legal,61966
4895,Daniel Brown,HR,70713
3338,Andrew Anderson,Operations,121426
4172,Betty Sanchez,Marketing,126372
2535,James Lee,IT,135075
1508,Matthew Robinson,Sales,63662
