C_ID,C_NAME,AGE_YRS,LOC_CD,REG_DT
5962,Lisa Jackson,60,Indianapolis,2025-08-19
6580,Deborah Johnson,47,Albuquerque,2023-04-03
3006,Amanda Lee,48,San Jose,2023-02-01
5723,Michael Brown,62,Chicago,2022-08-24
8883,Elizabeth King,44,San Francisco,2023-03-14
9626,Andrew Perez,48,Houston,2025-03-12
8057,Dorothy Brown,58,Fresno,2024-08-21
6820,Jessica Miller,49,Louisville,2022-01-09
4069,Dorothy Hernandez,64,Fort Worth,2022-09-15
4294,Robert Allen,30,Tucson,2024-09-03
3658,Karen Taylor,46,Jacksonville,2021-06-14
9039,Anthony Jackson,38,Sacramento,2021-07-08
7012,John Perez,68,Fort Worth,2020-06-28
2743,David Sanchez,19,San Francisco,2020-06-02
5569,Mark Martin,46,Charlotte,2024-05-02
2115,Emily Garcia,63,Oklahoma City,2023-01-01
9244,Amanda Sanchez,19,San Antonio,2022-07-05
8137,Sarah Jackson,42,Nashville,2025-09-24
4264,Betty King,37,Indianapolis,2024-10-10
5075,Paul Robinson,68,San Antonio,2021-01-25
9372,Emily Robinson,39,Baltimore,2024-09-28
9346,Andrew Wilson,32,Columbus,2020-09-12
3732,Deborah Lee,59,San Jose,2023-05-27
6808,Jane Davis,62,Columbus,2023-01-25
8056,Emily Martinez,46,Dallas,2022-02-28
7558,Jennifer Rodriguez,34,Mesa,2020-01-04
8417,Deborah Wilson,36,Seattle,2023-09-10
692,Matthew Johnson,45,Albuquerque,2021-10-18
1847,James Jones,34,Milwaukee,2023-03-21
3873,Jessica Miller,24,Houston,2023-09-22
3372,Steven Harris,52,Dallas,2025-01-21
26,Lisa Davis,23,Nashville,2020-06-25
7979,Robert Thomas,18,Louisville,2022-07-19
334,Deborah Clark,68,Chicago,2021-07-13
2897,Christopher Garcia,59,Las Vegas,2022-03-07
7760,David Martin,25,Los Angeles,2022-07-25
8273,Daniel Young,54,Dallas,2020-08-13
9952,Joshua Allen,22,Nashville,2023-11-19
7274,Matthew Thompson,59,Jacksonville,2022-06-24
1359,Lisa Rodriguez,21,Tucson,2021-05-20
8355,James Lee,23,Austin,2020-03-24
3881,Lisa Lewis,64,Chicago,2020-09-03
1352,Jane White,68,San Diego,2024-06-14
3187,Jennifer Young,69,Mesa,2022-04-18
9086,Karen Smith,52,Indianapolis,2020-09-07
648,Robert Rodriguez,22,Denver,2022-02-03
1563,Andrew Anderson,46,Austin,2025-03-14
1642,Emily Lee,42,Oklahoma City,2022-06-10
4350,Daniel Thomas,66,Las Vegas,2022-03-07
9963,Ashley Jackson,70,Houston,2023-01-12
1488,Jessica Hernandez,27,Albuquerque,2020-02-25
2019,Lisa Miller,19,Las Vegas,2020-06-05
239,Jane Moore,56,Columbus,2020-05-25
3783,Christopher Johnson,34,San Jose,2025-03-18
2173,Ashley Wilson,48,New York,2024-01-13
4862,Lisa Robinson,35,Austin,2020-05-16
6382,Joshua Smith,60,San Diego,2020-10-13
3533,Deborah Lewis,52,Phoenix,2020-08-27
7010,Lisa Smith,27,Austin,2023-08-05
9442,Jane King,63,Tucson,2021-04-03
9612,James King,67,Sacramento,2021-05-10
7288,Mark Walker,41,Columbus,2021-10-01
3870,Andrew Davis,69,Houston,2024-08-09
7978,Matthew Lopez,27,Las Vegas,2023-02-20
9273,Lisa White,29,Albuquerque,2024-06-27
3888,Matthew Clark,63,Nashville,2023-02-09
6327,Daniel Moore,44,San Antonio,2020-12-13
8801,Daniel Jones,28,Columbus,2024-12-22
8762,Matthew Harris,25,San Antonio,2024-10-21
1858,Jane Garcia,49,Seattle,2023-04-17
5410,Amanda Jackson,60,Philadelphia,2025-05-22
3723,David Anderson,56,Fort Worth,2024-01-22
9432,Amanda Davis,19,Houston,2020-11-16
3890,Andrew Lewis,61,Mesa,2021-02-24
7874,Karen Sanchez,21,Columbus,2020-04-07
