EMP_ID,EMP_NM,DEPT_CD,SAL_AMT
8120,Daniel Moore,Customer Service,120464
2589,Andrew Allen,Customer Service,130808
7254,Donald Lewis,Engineering,65996
8144,Anthony Rodriguez,Marketing,135201
2908,Ashley Davis,IT,54154
245,Jessica Lopez,IT,128776
9736,Matthew Davis,Finance,50596
5409,Karen White,Legal,58637
5321,Dorothy Walker,Legal,43484
2520,Paul Thompson,Customer Service,137432
6078,Michael Wilson,Sales,54736
5951,Michael Gonzalez,Operations,83302
2612,Paul King,Research,40864
3580,David Robinson,Marketing,79198
2166,Paul Harris,Legal,42523
758,Matthew Martin,Legal,92373
4888,Lisa Lee,Research,65154
6333,Lisa Clark,Finance,126934
9139,Ashley Brown,IT,52562
401,Daniel Anderson,Operations,92196
306,Andrew Martin,Marketing,37130
8159,Dorothy White,Legal,43051
2426,Lisa Martinez,Engineering,40353
6311,Anthony Smith,Engineering,32993
6229,John Harris,Finance,47413
2991,Elizabeth White,Legal,115343
1850,Andrew Walker,Research,79244
4030,Deborah Johnson,Marketing,93175
9649,Michael White,Legal,105465
6518,Nancy Taylor,Marketing,71513
9580,Elizabeth Walker,Research,72593
4751,James Ramirez,Customer Service,111365
4923,Emily Garcia,Finance,118807
4800,Dorothy Williams,Finance,92545
610,David Allen,Research,62557
2172,Betty Davis,Finance,49163
5892,Jane King,Engineering,133506
9816,Jane White,HR,71547
7682,Jane White,Marketing,118503
9788,Michael Thompson,Marketing,42862
4109,Emily White,Legal,104718
3165,Paul Miller,Marketing,71062
754,Robert Clark,Finance,71539
9868,Steven Perez,IT,35832
2148,Anthony Lewis,Legal,83372
9884,John Jackson,Sales,104326
1007,Christopher Robinson,Finance,39890
9348,Lisa Perez,Finance,38242
7368,Christopher Ramirez,IT,43124
1284,Mark Garcia,Research,111531
2673,Andrew Brown,Research,78340
9718,Jennifer Martinez,Engineering,35345
4710,Mark Brown,Customer Service,116765
3248,Steven Brown,Sales,138160
9930,Karen Brown,Legal,143662
7043,Robert Ramirez,IT,90185
3447,Andrew Gonzalez,Marketing,95584
3775,Michael Thompson,Engineering,68559
8561,John Sanchez,HR,134779
9700,Matthew Johnson,Marketing,121572
5448,Ashley Lewis,Sales,115496
8996,Christopher Walker,Research,145387
6395,Dorothy Young,Marketing,49719
9882,Michael Perez,Finance,138592
2839,John Ramirez,Research,59129
4970,Christopher Anderson,Research,35548
3588,Jennifer Garcia,Research,147459
9116,John Smith,IT,100028
5702,Jennifer Taylor,Finance,67618
8396,Lisa Brown,Finance,137515
5340,Matthew Smith,Research,60006
6092,Betty Thomas,IT,70751
8761,Lisa Young,Engineering,32038
2684,Jane White,Sales,87333
2648,Lisa Jackson,Finance,106587
909,Emily White,Marketing,124876
7302,Mark Miller,Engineering,89014
4779,Betty Williams,Customer Service,90198
7421,Matthew King,Sales,120591
1279,Jane King,Customer Service,130011
9005,Jennifer Young,Marketing,145649
1816,Nancy Robinson,Operations,92545
6271,Sarah Wilson,Research,70111
7649,Jennifer Moore,HR,53764
7170,James Davis,Marketing,99258
4302,Matthew Lewis,HR,78192
5078,Paul Williams,Sales,40062
2194,David Hernandez,Research,53286
1063,John Young,HR,104717
9946,Lisa Harris,Customer Service,40360
1475,Mark Allen,Customer Service,89652
6723,Karen Davis,IT,37605
6616,Donald King,Customer Service,102850
8285,Christopher Davis,Finance,92864
5072,Sarah Gonzalez,IT,102722
9272,John Jones,Operations,74816
747,Nancy Perez,HR,99218
1149,Lisa Miller,HR,33210
7177,Jessica King,Customer Service,55049
41,Amanda Smith,Sales,106628
