EMP_ID,EMP_NM,DEPT_CD,SAL_AMT
3854,Karen Sanchez,Finance,73872
2099,Deborah Davis,Operations,109741
7464,Michael Jackson,IT,92178
8348,Betty Martin,Sales,133272
1050,Ashley Walker,Customer Service,147592
6256,Lisa Taylor,Legal,51560
5521,Dorothy Jones,Finance,84039
8526,John Thompson,Engineering,35888
8037,Mark Jackson,HR,31414
7640,Lisa Anderson,Marketing,135453
3135,Sarah Thompson,Operations,46050
2098,Elizabeth Brown,Legal,60640
603,Robert Robinson,Customer Service,84249
4548,Andrew Jackson,Marketing,122504
1980,Amanda Lopez,Research,69798
9613,Matthew Ramirez,HR,114685
6665,James Martin,Legal,85890
6875,Christopher Ramirez,Legal,61943
753,Mark Robinson,Customer Service,60218
1330,Ashley Thomas,Finance,78269
4136,Donald Anderson,HR,30983
5446,Elizabeth Lee,Customer Service,54851
6261,Deborah Hernandez,Customer Service,47460
7135,Robert Moore,Research,137618
4011,Mark Jackson,Marketing,56102
7056,Jane White,Finance,145942
5127,Daniel Harris,IT,84708
8160,Elizabeth Lewis,Research,81157
496,Sarah Robinson,Marketing,102718
1838,Michael Martinez,Operations,109716
9148,Emily Rodriguez,Customer Service,124539
1707,Amanda Lewis,Marketing,67662
5182,Christopher Robinson,IT,36538
1408,Nancy Thompson,Operations,47840
9085,Dorothy Hernandez,Customer Service,91072
8227,David King,Engineering,65605
6699,Lisa Ramirez,Operations,98214
5180,Nancy King,Engineering,90105
4225,Joshua Garcia,HR,37492
531,Jane Sanchez,Finance,99411
7604,Ashley Lewis,IT,48211
4579,Daniel Miller,Finance,137054
374,Betty Lopez,Research,70814
7291,Lisa Lewis,Finance,140676
9773,Michael Hernandez,Finance,48105
9629,Deborah Lopez,Marketing,82498
4696,Ashley Ramirez,Sales,72451
2001,David Lewis,IT,146439
7486,David Anderson,Sales,148313
266,Amanda Gonzalez,Customer Service,51179
4412,Deborah Ramirez,Marketing,74770
6209,Lisa Smith,Operations,81398
2563,Betty Jackson,Sales,91496
8325,Emily Robinson,Operations,30572
3196,Lisa Davis,Engineering,32287
614,Emily Martinez,Sales,81522
9327,Joshua Young,Engineering,125285
3829,Joshua Wilson,Sales,68937
1250,Steven Allen,Sales,103505
4743,Mark Young,HR,143805
6153,Dorothy Anderson,Research,111215
5703,Andrew Sanchez,HR,68719
218,Lisa Allen,IT,128185
890,Paul Anderson,Research,34324
3383,Jane Jackson,Operations,76901
2117,Robert Smith,Customer Service,94093
8539,Daniel Martin,Operations,100171
3314,Michael Johnson,Operations,82748
85,Anthony Thomas,Legal,121382
2540,Lisa Allen,Marketing,49272
4518,Amanda Gonzalez,Customer Service,82085
9935,Karen Thomas,Marketing,31881
765,David Williams,Finance,148885
3908,Lisa Anderson,Operations,82690
2727,Jane Williams,Finance,136244
2501,Robert Clark,Marketing,116211
1993,Christopher Sanchez,Finance,133902
9127,Dorothy Lewis,Operations,58668
9136,Lisa Williams,Research,71043
3719,Jane Sanchez,Research,131526
2522,Mark Martinez,Customer Service,62391
174,Emily Moore,Finance,98801
3080,Joshua Lewis,Sales,73589
7032,Deborah Perez,Engineering,55738
4708,Paul Thomas,Engineering,36966
947,Robert Garcia,Customer Service,101497
921,John King,Sales,87999
3082,Donald Davis,IT,105738
1818,Karen Thomas,Legal,117074
5300,Dorothy Martin,Legal,99606
8470,Christopher Smith,Engineering,79166
3176,Daniel Harris,Engineering,61174
9674,Betty Taylor,HR,133662
8627,Lisa Harris,Finance,52620
5589,Betty Jones,Legal,131787
2813,Anthony Martinez,IT,40598
8977,Michael Allen,Engineering,45397
2230,Ashley Harris,Customer Service,90538
8099,Jane Lopez,Finance,149918
1765,Anthony Robinson,IT,76806
