C_ID,C_NAME,AGE_YRS,LOC_CD,REG_DT
6633,Elizabeth Clark,37,Indianapolis,2025-05-14
8726,David Gonzalez,40,Indianapolis,2020-05-13
8253,Jane Allen,59,Columbus,2020-11-12
4884,Andrew Jones,40,Los Angeles,2025-03-21
1197,Karen Gonzalez,41,Washington,2023-08-20
1448,Donald Lee,69,Las Vegas,2023-04-03
650,Donald Garcia,28,Philadelphia,2024-11-28
7323,Daniel Brown,38,Washington,2022-02-13
6021,Lisa Martin,41,Nashville,2024-03-27
9066,James Martin,31,Oklahoma City,2022-10-09
9826,Steven Walker,39,Kansas City,2021-03-17
2780,Lisa Martinez,61,Louisville,2023-12-08
4249,James Young,59,Milwaukee,2023-02-17
9142,Ashley Garcia,48,New York,2025-01-17
9451,Michael Ramirez,67,Baltimore,2021-08-26
5608,Amanda Clark,62,San Francisco,2023-08-10
1199,Michael Lee,30,Louisville,2023-08-20
1228,Lisa Sanchez,24,Jacksonville,2023-01-14
897,Sarah White,21,Los Angeles,2025-01-04
7854,Paul Garcia,28,Columbus,2023-05-28
3765,Anthony Gonzalez,33,Albuquerque,2023-12-04
2536,Christopher Brown,59,Austin,2021-03-16
6529,Anthony Lee,36,Los Angeles,2022-07-04
9799,Betty Martin,38,Jacksonville,2021-05-25
161,James Hernandez,27,Tucson,2022-04-20
5783,Mark Lewis,36,Sacramento,2021-06-14
6534,Emily Thomas,38,Indianapolis,2020-07-12
5836,Nancy Garcia,67,Sacramento,2021-04-05
6971,Steven Sanchez,36,Nashville,2025-02-11
4466,Joshua Miller,48,Phoenix,2020-10-06
3895,Sarah Miller,30,Jacksonville,2025-11-06
5788,Elizabeth White,23,Jacksonville,2021-09-17
3954,Lisa Gonzalez,24,Denver,2022-04-09
692,Ashley Hernandez,53,Indianapolis,2024-03-12
1184,Joshua Young,64,Washington,2021-02-09
7299,Amanda Thomas,52,Nashville,2024-10-17
7102,Anthony Walker,29,Boston,2022-11-05
6729,Karen Taylor,53,Oklahoma City,2021-05-04
2778,Donald Lopez,41,Columbus,2025-04-02
6378,Elizabeth White,37,Dallas,2022-11-16
9612,Michael Perez,50,Louisville,2025-08-03
8904,Robert Lewis,34,Columbus,2025-06-25
6664,Matthew Martinez,63,San Francisco,2021-06-22
502,Sarah Thompson,34,Las Vegas,2022-04-15
4876,Amanda Thompson,60,Houston,2022-07-09
163,Deborah Ramirez,33,Milwaukee,2022-02-10
3868,Lisa Perez,60,Fresno,2023-04-10
5337,John Ramirez,18,Houston,2020-12-18
9463,Karen Taylor,41,Tucson,2025-12-08
4297,Betty Clark,29,Los Angeles,2023-03-11
7209,Deborah Thompson,39,Sacramento,2025-06-01
8821,Lisa Lopez,66,Tucson,2023-11-11
5307,Dorothy Jackson,48,Seattle,2024-01-05
6928,Nancy Ramirez,34,Mesa,2025-10-07
1335,Deborah Williams,60,San Francisco,2023-02-05
3291,David Walker,53,Washington,2022-11-13
363,Steven Davis,35,Milwaukee,2023-01-24
5854,Sarah Williams,70,Dallas,2020-10-21
7591,Michael Allen,21,Columbus,2021-02-03
6992,Lisa Jones,31,San Jose,2025-06-26
2567,Daniel Allen,59,Jacksonville,2025-05-07
3095,Amanda Martin,50,Fort Worth,2023-02-11
5609,Jennifer Robinson,22,Louisville,2024-09-04
4107,Betty Harris,61,Milwaukee,2023-12-04
4074,David Young,35,San Francisco,2024-11-26
1175,Deborah Clark,68,San Jose,2020-08-08
1631,Karen Williams,29,San Antonio,2022-07-22
2280,Anthony Gonzalez,42,Baltimore,2023-12-03
7599,Paul Lopez,63,Jacksonville,2024-01-14
9447,Betty Smith,61,Charlotte,2021-07-17
7215,Amanda Smith,50,San Jose,2021-09-14
4115,James Robinson,61,Dallas,2021-02-20
4193,Paul Harris,22,San Francisco,2022-05-20
2063,Matthew Sanchez,43,Indianapolis,2021-07-09
5326,Andrew Martinez,48,San Antonio,2022-05-09
