C_ID,C_NAME,AGE_YRS,LOC_CD,REG_DT
1130,Jessica Davis,20,Indianapolis,2021-03-02
9192,Robert Perez,46,Las Vegas,2021-05-19
8532,John Martin,69,Kansas City,2023-09-12
9215,Amanda Walker,32,Charlotte,2025-08-08
426,Lisa Thomas,31,Chicago,2021-02-23
2034,Lisa Gonzalez,47,Kansas City,2022-04-24
7956,Robert Lewis,28,Louisville,2023-10-13
3271,Amanda Rodriguez,62,Louisville,2023-05-24
9034,Donald Jackson,70,Phoenix,2020-09-23
1436,John Thompson,41,Houston,2024-11-05
2263,James Miller,29,Philadelphia,2023-05-27
9737,Deborah Allen,42,Mesa,2022-11-20
6935,Elizabeth Martin,42,Sacramento,2020-10-27
3964,Elizabeth Martin,46,Sacramento,2025-07-17
8181,Paul Williams,66,Oklahoma City,2022-08-24
8005,Paul Clark,27,New York,2020-11-12
8376,Jessica Miller,44,Albuquerque,2023-01-07
411,Robert White,65,Boston,2020-04-27
8572,Emily Allen,34,Louisville,2023-10-21
1037,Elizabeth Moore,33,Fresno,2024-11-16
6654,Michael Smith,50,Milwaukee,2025-12-09
1848,Lisa Allen,22,Phoenix,2024-12-28
8211,Michael Wilson,28,Austin,2020-11-07
7483,John Johnson,70,Baltimore,2020-07-21
1567,Jessica Sanchez,25,Las Vegas,2020-04-25
3487,Steven Gonzalez,61,Houston,2024-04-22
4961,Nancy Rodriguez,45,Boston,2020-10-21
821,Joshua Williams,56,Houston,2025-07-11
8112,Matthew Lee,47,Dallas,2023-09-01
5013,Donald Davis,33,San Antonio,2020-08-22
9898,Lisa Robinson,50,San Francisco,2025-09-06
3186,Christopher Johnson,62,San Diego,2025-04-27
9756,Mark King,24,San Antonio,2024-01-15
9453,Jessica Sanchez,36,San Francisco,2020-04-16
6334,Andrew Williams,49,Boston,2022-04-21
709,Christopher Thompson,62,Boston,2024-10-22
9236,Dorothy Davis,56,Nashville,2023-07-16
6800,Deborah White,68,Columbus,2024-07-11
1601,Sarah Moore,40,Mesa,2025-09-14
4479,Elizabeth Thomas,40,Philadelphia,2021-02-01
339,Matthew Thompson,46,Dallas,2021-09-09
3429,Anthony Allen,41,Milwaukee,2022-06-05
4478,Jennifer Jones,30,Los Angeles,2020-08-21
5086,Sarah Ramirez,61,Tucson,2023-03-14
5643,Anthony Ramirez,49,Columbus,2022-03-16
9890,Ashley Jones,49,San Francisco,2022-07-20
1062,Jane Jones,20,Los Angeles,2023-01-02
8450,Dorothy Lee,46,Baltimore,2020-11-12
86,Mark Ramirez,39,Boston,2023-01-21
5447,Ashley Brown,35,Austin,2022-04-17
8044,Lisa Allen,34,San Francisco,2025-03-05
9323,Lisa Anderson,45,Austin,2023-02-08
8700,Karen Young,18,Jacksonville,2020-01-27
8292,Steven Clark,58,Philadelphia,2022-03-07
1447,Nancy Miller,51,Dallas,2025-09-13
6514,Amanda Miller,28,Columbus,2022-01-28
1716,Nancy Ramirez,29,San Jose,2020-02-21
4665,Daniel Taylor,30,Baltimore,2025-03-01
9720,Emily Thomas,64,Denver,2024-06-06
5879,Matthew Rodriguez,36,Tucson,2024-04-18
2006,Deborah Wilson,38,Charlotte,2025-07-09
7775,Deborah Walker,50,Los Angeles,2024-06-06
7410,Emily Gonzalez,57,Columbus,2024-04-20
3889,Mark Jones,41,Albuquerque,2025-04-16
599,Donald Davis,32,Houston,2025-01-26
4975,Jennifer Martin,24,Sacramento,2025-02-05
999,Mark Garcia,64,Albuquerque,2022-01-18
4977,Joshua Lewis,56,Fresno,2022-08-07
1970,Steven Miller,68,Milwaukee,2022-06-25
1518,Lisa Smith,33,Tucson,2021-04-25
441,Lisa Davis,58,Fresno,2025-06-19
8757,Matthew Brown,58,Los Angeles,2022-02-24
307,Joshua Jackson,43,Washington,2024-05-07
9025,Jennifer Ramirez,25,Albuquerque,2024-11-20
9833,Mark Ramirez,27,Louisville,2021-07-12
