C_ID,C_NAME,AGE_YRS,LOC_CD,REG_DT
6676,David Young,61,Dallas,2025-10-11
8953,Lisa Jackson,64,Seattle,2025-07-19
9353,David Brown,48,Albuquerque,2025-08-11
3000,Betty Allen,56,Los Angeles,2022-04-02
3382,Steven King,30,San Jose,2022-01-12
6671,Matthew Moore,54,Charlotte,2021-05-05
6169,Jennifer Brown,38,Columbus,2023-08-08
4015,Ashley Davis,46,Denver,2023-12-09
184,Steven Moore,31,Las Vegas,2022-01-26
304,Donald Allen,46,Los Angeles,2023-12-12
9917,John Martinez,42,Phoenix,2024-01-01
8191,Robert Robinson,48,Indianapolis,2021-08-27
4396,Steven Davis,48,Mesa,2020-10-22
1001,Ashley Wilson,39,Washington,2025-02-20
5188,Robert Taylor,30,San Francisco,2021-10-04
90,Amanda Williams,46,Albuquerque,2023-03-13
6241,Karen Ramirez,37,San Jose,2023-10-02
7259,Elizabeth Jones,54,Baltimore,2024-03-01
9142,John Wilson,25,Oklahoma City,2024-05-16
4835,Jessica Martinez,22,New York,2021-01-11
2899,Paul Jones,44,Portland,2023-09-07
8899,Paul Sanchez,70,Las Vegas,2023-06-02
5497,Jennifer Rodriguez,26,Albuquerque,2020-12-18
5161,Joshua Robinson,25,San Francisco,2023-03-10
7802,Christopher Garcia,29,Dallas,2023-01-13
1104,Ashley Hernandez,56,Seattle,2024-04-13
3355,Betty Ramirez,31,Indianapolis,2021-08-06
2359,Christopher Robinson,50,San Francisco,2023-08-26
7377,Emily Miller,67,Columbus,2024-03-20
3487,Joshua Thomas,46,Boston,2025-03-28
4099,Michael Lopez,32,San Antonio,2020-03-05
1280,Karen Jones,46,Chicago,2022-05-18
6035,Karen Walker,69,Las Vegas,2022-01-01
4754,Deborah Clark,34,Seattle,2024-01-26
2707,Joshua Williams,45,San Antonio,2023-01-22
3649,Anthony Lee,69,Nashville,2025-05-21
2661,Daniel Anderson,33,Philadelphia,2022-04-04
1629,Lisa Sanchez,28,San Antonio,2022-02-03
3390,Christopher King,54,Phoenix,2025-10-17
5491,Daniel Miller,32,Baltimore,2025-05-12
928,Anthony Ramirez,47,Sacramento,2022-10-07
7096,Andrew Thomas,62,Tucson,2024-07-18
4883,Jessica Garcia,54,San Antonio,2022-03-12
2834,Christopher Taylor,22,Fort Worth,2023-04-01
3840,Jennifer Robinson,51,Denver,2023-03-22
7298,Betty Smith,33,Kansas City,2020-10-22
316,Jane Brown,24,Los Angeles,2020-10-15
3426,Jane Johnson,48,Chicago,2023-06-22
8901,Matthew Jones,40,Oklahoma City,2024-01-26
3422,James Jones,34,Jacksonville,2021-05-27
9365,Robert King,53,Austin,2021-03-05
5652,Elizabeth Lopez,47,Nashville,2025-09-26
610,Matthew Thompson,41,Tucson,2021-12-15
7844,Paul Davis,25,Charlotte,2023-12-13
6866,Amanda Lee,27,Kansas City,2021-11-22
8621,Michael Lopez,48,Boston,2022-11-18
5180,James Jackson,25,Kansas City,2024-05-19
6707,Robert Thompson,33,Portland,2023-08-25
5287,Betty Gonzalez,28,Kansas City,2023-11-04
1193,Nancy Gonzalez,61,Sacramento,2020-10-27
3214,Matthew Anderson,35,Seattle,2023-05-15
2899,Ashley Ramirez,30,Mesa,2021-12-04
2589,Joshua Garcia,37,Las Vegas,2023-12-18
9419,Betty Jones,63,San Diego,2023-10-11
290,Andrew Lopez,37,Baltimore,2020-09-06
4594,Elizabeth Lee,63,San Diego,2024-02-27
2070,Paul Garcia,66,Denver,2023-07-18
8227,James King,59,Milwaukee,2020-02-17
7565,Mark Thomas,28,Boston,2024-04-13
8939,Amanda Rodriguez,25,San Jose,2024-01-07
5699,Lisa Lewis,70,San Francisco,2024-06-07
9515,Jessica Brown,70,Milwaukee,2023-11-27
2214,Lisa Wilson,60,Philadelphia,2020-08-18
6835,Daniel Jones,37,Denver,2022-08-26
9810,Matthew Williams,20,Fresno,2024-08-22
