EMP_ID,EMP_NM,DEPT_CD,SAL_AMT
6871,Lisa Ramirez,Engineering,113489
9925,Mark Clark,HR,78068
6914,Emily Lopez,Sales,141729
8581,Lisa Anderson,Marketing,145195
3239,Emily Ramirez,Finance,102241
465,Lisa Clark,Sales,30220
3810,Michael Lopez,Sales,102442
3105,James Robinson,Marketing,128924
6632,Jennifer Sanchez,Legal,53984
2627,Jane Miller,Operations,122900
7782,John Thomas,Marketing,75091
6793,Robert White,Engineering,84115
4266,Andrew Brown,Operations,59918
6643,Nancy Davis,Finance,52331
4227,Mark Jones,Engineering,96540
8876,Lisa Perez,Customer Service,46949
8004,Ashley Davis,Finance,137056
5361,Elizabeth Rodriguez,Legal,96902
5711,Robert Davis,Legal,61546
5166,Mark Anderson,Customer Service,107762
9140,Jessica Johnson,HR,146329
2333,Matthew Johnson,Operations,106276
9937,Joshua Jackson,Customer Service,54914
6138,Matthew Anderson,HR,140220
8776,Lisa Garcia,Legal,42484
5084,Mark Miller,IT,112047
3681,Dorothy Brown,HR,135358
5994,Dorothy Johnson,Operations,134154
6110,Lisa Gonzalez,Operations,88642
2196,Deborah Brown,Sales,94244
1098,Nancy Clark,Marketing,124719
6591,John Miller,Sales,70288
8162,Deborah Lopez,IT,84512
5476,Mark Anderson,Customer Service,55245
2680,Nancy Harris,Marketing,38353
1585,Andrew White,IT,137032
4046,John White,Research,86220
5171,Jennifer Lewis,Research,83833
1688,Elizabeth Young,IT,52869
1747,Michael Robinson,Sales,107148
2414,Karen Rodriguez,Sales,46625
5814,Sarah Smith,Finance,72422
3518,Lisa Anderson,Engineering,79591
6246,Sarah Young,Finance,79430
162,John Taylor,Operations,44606
7981,Robert Johnson,Legal,100016
791,Andrew Lee,Operations,54641
5167,Lisa Lewis,Marketing,75266
7985,Jessica Taylor,Legal,89939
5770,Paul Moore,Legal,148973
7997,Anthony Perez,Research,46231
9351,Sarah Brown,Engineering,81487
8943,Joshua Clark,Legal,113886
3950,Ashley Gonzalez,Operations,80531
9007,Steven Jones,Legal,120143
2747,Betty Gonzalez,Research,60360
8611,Deborah Sanchez,Legal,45167
3730,Lisa Smith,Finance,114919
5495,Amanda Lopez,IT,131307
1592,Joshua Wilson,Sales,88202
5913,Joshua Jones,Marketing,142777
7389,Matthew Harris,Engineering,54486
886,Michael Hernandez,HR,100291
425,Paul Brown,HR,118908
9586,Jennifer Garcia,Engineering,101425
3071,Mark Clark,HR,121830
8486,Donald Miller,Research,57059
3079,Emily Young,Customer Service,92783
6876,Anthony Garcia,Legal,147369
244,Anthony Walker,Sales,88382
644,Jennifer White,Research,119979
4442,Lisa White,Operations,123591
565,Ashley Davis,Customer Service,104079
6886,Deborah Sanchez,Marketing,122035
5652,Jane Jackson,Research,114875
5887,Elizabeth Sanchez,Finance,98123
207,Donald Ramirez,Sales,74190
8528,Joshua Harris,Legal,86256
7335,Joshua Williams,Legal,80802
9054,Karen Perez,Finance,125524
5722,Andrew Garcia,Finance,123499
2534,Emily Lopez,Sales,89145
4898,John Thompson,IT,149522
7371,Lisa Davis,HR,87510
5522,Jennifer Johnson,Engineering,113818
1356,Steven Clark,Finance,73028
1692,Steven Walker,IT,122579
6524,Sarah Wilson,HR,71923
5579,Donald Jones,Customer Service,101879
353,Joshua Miller,Customer Service,108944
4184,Lisa Walker,Engineering,103243
2951,Jessica Johnson,Sales,74697
5432,Ashley Gonzalez,Marketing,67137
4475,Anthony Gonzalez,Research,70100
489,Dorothy Perez,Operations,136122
8711,Ashley Johnson,Operations,76100
5242,Lisa Clark,Operations,126135
8601,Nancy Taylor,Engineering,143955
1837,Deborah Lee,Engineering,76495
1846,Matthew Jones,HR,137780
