C_ID,C_NAME,AGE_YRS,LOC_CD,REG_DT
4666,Ashley Robinson,19,San Antonio,2024-03-15
774,Amanda Perez,25,Tucson,2021-03-19
850,Robert Young,19,Phoenix,2022-12-14
1612,Sarah Perez,38,Kansas City,2020-05-04
4411,Elizabeth Lewis,46,San Antonio,2023-08-24
9332,Emily Wilson,52,Tucson,2022-01-15
3652,Jane Taylor,24,Dallas,2020-02-10
1994,Karen Brown,39,New York,2022-01-27
4898,Karen Sanchez,36,Los Angeles,2022-09-14
9842,Donald Brown,66,Milwaukee,2020-02-12
3706,Joshua Allen,66,Philadelphia,2021-05-22
2455,Lisa Lewis,60,Portland,2023-12-12
8456,Donald Davis,36,Washington,2021-08-11
4448,Robert Clark,35,New York,2022-11-16
7460,Elizabeth Martin,35,Dallas,2023-08-24
8661,Ashley Gonzalez,24,New York,2020-10-24
7847,Elizabeth Wilson,19,Nashville,2020-10-21
4034,Ashley Rodriguez,26,Houston,2020-08-23
9594,Daniel White,40,San Diego,2022-10-08
3598,Karen Lopez,27,Albuquerque,2022-07-23
411,Amanda Clark,29,Milwaukee,2025-02-17
4441,Paul Davis,55,Phoenix,2025-02-15
9598,Jennifer Smith,33,Fresno,2022-06-15
2557,Elizabeth Williams,35,Tucson,2025-11-05
95,Andrew Lee,32,Albuquerque,2025-02-26
678,Lisa Miller,23,Kansas City,2020-07-12
2265,Emily Martin,59,Austin,2022-06-22
705,Donald Brown,23,Seattle,2023-02-16
16,Jennifer Gonzalez,66,Mesa,2023-08-03
8240,Christopher Rodriguez,48,San Diego,2022-08-09
6600,Christopher Davis,63,Chicago,2023-04-19
4536,Sarah Miller,21,Denver,2022-02-27
8799,Andrew Miller,61,Oklahoma City,2023-12-03
6153,David Lee,54,Oklahoma City,2023-08-22
5141,Mark Ramirez,27,Kansas City,2022-08-25
8006,Steven Robinson,52,Louisville,2024-01-08
7494,Robert Smith,20,San Jose,2023-07-18
2463,Anthony Sanchez,54,Mesa,2020-02-14
7364,John Jackson,70,Sacramento,2025-03-15
4103,James White,53,Fresno,2022-02-01
2360,Paul Lee,27,Austin,2021-09-13
4080,Christopher Young,23,Milwaukee,2020-12-25
4753,Elizabeth Rodriguez,44,Seattle,2022-12-09
4953,Andrew Sanchez,36,Denver,2020-12-03
8519,Deborah Martin,47,San Diego,2025-12-28
1874,Joshua Garcia,56,Phoenix,2023-10-12
7601,Matthew Brown,57,Denver,2024-01-25
2166,Jennifer King,49,San Francisco,2021-05-21
569,Christopher Perez,59,Kansas City,2022-07-01
4165,Ashley Lee,33,Los Angeles,2021-12-15
7274,Donald Ramirez,56,Boston,2023-01-21
2340,Daniel Miller,55,San Diego,2020-03-23
4470,Jane Smith,40,Las Vegas,2024-08-04
5557,Elizabeth Garcia,41,Washington,2021-03-15
5066,Elizabeth Martinez,65,San Antonio,2020-01-14
2552,Andrew Harris,32,Phoenix,2024-07-04
7770,James White,36,Indianapolis,2025-11-12
8981,Paul Robinson,42,Mesa,2022-10-12
8116,Daniel Perez,35,Denver,2023-06-06
4048,Steven Ramirez,47,Oklahoma City,2024-09-12
3156,Dorothy White,40,Philadelphia,2021-12-18
7545,Paul Moore,28,Nashville,2020-07-24
59,Emily Johnson,27,Chicago,2025-12-02
1897,Jennifer Walker,44,San Antonio,2024-04-05
1079,Robert Lee,44,Baltimore,2024-03-05
4869,Ashley Sanchez,64,Baltimore,2021-02-03
1627,Karen Anderson,24,Kansas City,2021-09-09
5451,Jennifer Lewis,25,Austin,2023-12-13
3632,Emily Jones,26,Austin,2025-10-10
6118,Donald Lewis,65,Mesa,2022-03-10
1917,Christopher Johnson,60,Tucson,2024-04-05
4666,Karen Lewis,43,Dallas,2025-08-23
3331,Andrew Walker,45,Oklahoma City,2022-02-21
234,Amanda Miller,29,Milwaukee,2023-02-23
9009,Lisa Jones,37,Houston,2021-06-03
