EMP_ID,EMP_NM,DEPT_CD,SAL_AMT
5873,Anthony Taylor,Customer Service,140449
6744,Anthony White,Marketing,97231
5318,Sarah Lopez,Sales,132583
9861,Jennifer Jackson,Customer Service,100574
6305,Deborah Perez,Finance,33508
564,Paul Young,Engineering,70598
1680,Christopher Jackson,Research,94101
3344,Donald Thomas,Marketing,48690
945,Jennifer Martin,Sales,104907
8876,Elizabeth Walker,Engineering,107050
217,Andrew Miller,Marketing,90171
8648,Paul Robinson,Engineering,92971
7467,Karen Smith,Operations,91248
4135,Donald Smith,Finance,34000
9856,Mark Anderson,HR,131907
9585,Michael Jones,Operations,43273
2474,Nancy Johnson,Engineering,36471
6248,Betty Davis,Sales,115198
5449,Jane Rodriguez,Operations,43346
5788,Jennifer Thomas,Legal,145912
4166,Jennifer Gonzalez,Customer Service,128839
236,David Wilson,Legal,39353
5432,Emily Taylor,Engineering,136555
7752,Paul Williams,Finance,115869
8530,Mark Young,Sales,98280
9760,Lisa Lewis,Finance,35140
5178,Ashley Young,IT,140643
6235,Elizabeth Brown,Finance,93790
3004,Lisa Allen,Sales,31969
886,John Martinez,Engineering,148455
2764,Emily Taylor,IT,104055
6450,Lisa Gonzalez,Finance,48115
5228,Michael Williams,HR,115647
4365,Robert Robinson,Legal,144272
4320,Robert Hernandez,Research,59645
6633,Paul Lopez,Operations,64397
32,Karen Robinson,Research,97377
5841,Ashley Young,Finance,130544
3145,Karen Jackson,Operations,129743
7608,Deborah Martin,IT,130915
8297,Paul Davis,Customer Service,128644
1915,Elizabeth Thomas,Research,35245
3178,Jennifer Young,Engineering,120719
7594,Jane Taylor,Finance,96170
3198,Nancy King,Operations,148070
8108,Sarah Martinez,Engineering,33060
4871,Donald Robinson,Marketing,38009
5388,Emily Jones,IT,112375
5319,Lisa Miller,Engineering,81885
1643,Emily Wilson,Customer Service,68973
8711,Robert Anderson,Engineering,54980
9547,Dorothy Moore,Operations,75146
281,Jennifer Young,Customer Service,78413
1382,Betty Sanchez,Sales,34913
6464,Donald Thompson,Finance,142100
2945,Emily Jackson,Finance,102690
6613,Andrew Perez,Marketing,40885
8626,Robert Garcia,HR,71105
988,David Johnson,HR,61522
4716,Donald Martin,Customer Service,40695
8708,Amanda King,Operations,85523
6754,Anthony Gonzalez,Operations,45075
5083,Jessica Hernandez,Marketing,147917
7620,John Lee,Engineering,125620
4030,Lisa Hernandez,Customer Service,109266
2735,Nancy Moore,HR,104678
5211,Matthew Jackson,Legal,90455
9739,Ashley Hernandez,Customer Service,93755
5383,Donald Harris,Sales,133738
7121,Betty Davis,Engineering,82649
4724,David Lopez,Customer Service,43374
1158,Steven Brown,Research,102745
7766,Jennifer Rodriguez,Marketing,71165
8881,Betty Thompson,Operations,139720
3764,Andrew Moore,Marketing,84790
286,Ashley Taylor,Research,46981
9473,Dorothy Garcia,Marketing,108250
2377,Dorothy Martinez,Customer Service,84513
6032,Joshua Taylor,Sales,35530
5478,Andrew White,Finance,129347
9279,Andrew Jackson,Marketing,100309
1098,Daniel King,Operations,78494
8292,Karen Lee,Finance,130486
652,Karen Martinez,Legal,89849
9972,Dorothy Young,Customer Service,48762
18,James Robinson,Operations,100025
4167,Christopher Moore,IT,70452
1724,Jessica Clark,Marketing,95654
8467,Anthony Lee,Sales,133882
3568,Mark Lewis,HR,62946
8272,Elizabeth Young,Operations,82207
9361,James Taylor,Operations,34904
9334,Daniel Miller,Customer Service,53666
5146,Robert Lopez,Legal,106083
9026,Jane White,Engineering,140985
9250,Donald Sanchez,Legal,72621
6705,Betty Lewis,Marketing,62929
3007,James Allen,Engineering,111917
4403,Matthew Walker,Finance,142912
7483,Elizabeth Davis,Research,128745
