C_ID,C_NAME,AGE_YRS,LOC_CD,REG_DT
3038,John Taylor,55,Milwaukee,2022-08-06
9722,Nancy Anderson,52,Philadelphia,2021-09-17
9913,Amanda Young,48,Kansas City,2021-08-06
8771,Ashley Robinson,19,Phoenix,2023-09-16
3390,Robert Moore,51,Louisville,2024-10-06
6470,Lisa Lee,53,Boston,2022-09-26
3340,Lisa King,60,Tucson,2022-05-19
714,Joshua Taylor,49,San Jose,2022-06-05
995,Sarah Sanchez,37,Fort Worth,2021-07-21
8078,Jessica White,51,Boston,2023-10-16
5699,Jessica Jackson,50,New York,2023-06-14
2654,Christopher Hernandez,60,Phoenix,2024-07-17
5857,Michael Wilson,52,Oklahoma City,2024-10-14
4595,Donald Martinez,66,Louisville,2022-11-14
2452,Matthew Rodriguez,28,Kansas City,2021-02-07
186,Lisa Thomas,29,Denver,2022-06-11
1089,Christopher Smith,45,Louisville,2021-03-25
8290,Amanda Wilson,49,Indianapolis,2021-05-20
1872,Robert Wilson,33,Boston,2020-09-21
6037,Anthony Perez,67,Kansas City,2022-06-22
8465,Lisa Martin,49,Seattle,2022-06-14
7304,Michael Lewis,56,Louisville,2022-05-05
4635,Dorothy White,48,Portland,2022-05-05
9618,Daniel Harris,68,Los Angeles,2021-01-18
3001,David Thomas,63,Nashville,2024-02-15
4491,Emily Smith,27,Las Vegas,2023-07-21
1120,Lisa Brown,30,Charlotte,2023-07-28
3516,Michael Garcia,37,Dallas,2023-08-22
4231,Elizabeth Sanchez,36,Columbus,2020-11-14
8974,Paul Harris,24,Columbus,2023-06-17
7978,Lisa Wilson,57,Seattle,2022-02-10
9452,Mark Ramirez,26,Los Angeles,2020-10-11
1235,Deborah Martin,37,Tucson,2025-12-02
7929,Jane Lewis,48,Columbus,2025-10-10
9854,Nancy Clark,35,Boston,2024-10-01
6290,Amanda King,40,Louisville,2022-12-11
2327,Mark Johnson,56,San Diego,2025-03-21
8043,Andrew Walker,64,Charlotte,2020-10-06
5730,Karen Thompson,33,Seattle,2024-04-13
2228,James Thomas,68,Indianapolis,2023-09-11
148,Mark Allen,34,Seattle,2020-08-22
7952,Lisa Lopez,26,Louisville,2021-11-09
9920,Donald Brown,47,Portland,2021-07-08
3820,Joshua Thompson,23,Nashville,2023-01-05
3026,Karen Sanchez,30,Fresno,2021-10-20
4400,Jane Clark,30,Fort Worth,2024-08-19
3587,Christopher Jackson,44,Philadelphia,2020-02-13
9222,Michael Anderson,24,Boston,2024-06-21
8976,Jessica Lewis,26,Indianapolis,2023-04-09
3132,Paul Clark,30,Denver,2022-09-12
942,Jessica White,51,Albuquerque,2022-04-26
5555,Donald Robinson,27,Columbus,2020-02-14
2729,Ashley Gonzalez,26,San Diego,2021-08-08
8939,Matthew Williams,18,Chicago,2025-06-20
9938,Donald Johnson,40,Los Angeles,2022-01-15
7348,Robert Jackson,45,New York,2025-07-17
4610,Karen Moore,54,Denver,2020-07-05
2257,Michael Thompson,53,Fresno,2025-06-23
7877,Daniel Brown,48,Portland,2025-03-13
5989,Anthony Ramirez,31,Las Vegas,2025-11-05
1120,David Smith,49,Milwaukee,2023-01-19
6094,Daniel Hernandez,29,Jacksonville,2022-01-20
9298,Michael Anderson,56,Kansas City,2021-12-13
5152,Daniel Martin,44,Houston,2024-06-14
9489,Deborah King,44,Fresno,2022-03-28
8423,Elizabeth Johnson,57,Indianapolis,2021-08-06
7105,Dorothy Miller,35,Portland,2024-12-11
4200,Paul Thompson,33,Louisville,2021-07-15
6278,Anthony Allen,42,Boston,2021-03-10
6940,Lisa Lopez,54,Chicago,2020-08-12
875,Anthony White,18,Philadelphia,2020-01-15
6827,Deborah Harris,57,Phoenix,2022-02-04
1661,Lisa Taylor,60,San Jose,2025-08-08
6902,Nancy Garcia,36,Denver,2024-12-06
9923,Nancy Miller,58,Fort Worth,2020-09-25
