C_ID,C_NAME,AGE_YRS,LOC_CD,REG_DT
2699,Betty Martin,62,Jacksonville,2024-01-09
5719,John Martin,70,Fresno,2020-05-10
4961,Jane Lopez,18,Denver,2020-03-11
9536,David Lopez,33,Portland,2022-05-20
6284,Anthony Sanchez,33,Nashville,2024-02-09
1734,Jessica Taylor,38,Oklahoma City,2020-04-08
9346,Nancy Martinez,23,Austin,2022-10-23
3850,Daniel King,29,Kansas City,2025-08-25
7188,Sarah Jones,32,Charlotte,2025-09-11
9449,Elizabeth Perez,29,Fort Worth,2023-05-20
3662,Matthew Martin,64,Austin,2024-04-01
6586,Nancy Thomas,45,Baltimore,2022-08-11
7854,Jane Wilson,50,Kansas City,2024-05-23
5687,Jane Martin,55,Denver,2020-12-28
5368,Betty Garcia,55,Charlotte,2024-07-06
1417,Lisa Hernandez,67,Seattle,2022-05-08
7837,Jane Thomas,19,Portland,2020-02-18
8504,John Lewis,20,Fresno,2021-11-04
8977,Betty Sanchez,45,Indianapolis,2024-10-09
8261,Lisa Davis,63,Fort Worth,2025-03-28
2164,Dorothy Davis,57,Fort Worth,2022-12-24
3366,Jennifer Perez,26,Denver,2021-03-11
7212,Deborah White,58,San Jose,2024-02-14
5077,Steven Smith,38,Denver,2024-02-13
6589,Dorothy Harris,20,San Jose,2020-12-01
5641,Donald White,19,Washington,2021-02-24
5933,Nancy Harris,51,Houston,2021-04-25
9820,Nancy Walker,44,Sacramento,2023-12-04
6120,Betty King,49,San Francisco,2021-12-02
3555,Andrew Hernandez,33,San Jose,2021-08-09
122,Anthony Sanchez,50,Houston,2021-11-16
6737,Jane Lewis,42,Seattle,2024-04-04
7242,James Harris,22,Nashville,2023-04-01
2226,Andrew Jackson,57,Philadelphia,2025-05-27
9601,David Hernandez,32,Phoenix,2020-01-11
2198,Christopher Lopez,63,Albuquerque,2021-09-02
7524,Steven Sanchez,46,New York,2023-02-01
2378,Robert Young,25,Nashville,2025-02-20
1439,David White,42,Sacramento,2021-10-25
6889,Joshua Clark,40,Fresno,2023-02-01
7845,Amanda Sanchez,50,Charlotte,2022-03-12
6681,Lisa Lopez,43,Jacksonville,2020-06-23
8768,Karen Gonzalez,39,New York,2025-09-23
8126,Mark Johnson,41,Milwaukee,2024-02-08
7171,Lisa Robinson,54,Fresno,2022-08-12
8544,James Lopez,30,Sacramento,2020-10-03
6850,Christopher Taylor,62,San Jose,2022-10-03
6812,Betty Lewis,21,Denver,2025-12-01
1248,Mark Perez,19,Las Vegas,2020-08-07
1537,John Lopez,48,New York,2020-08-14
4275,Deborah Rodriguez,70,Austin,2023-02-11
4238,Donald Miller,21,Mesa,2023-04-09
3325,Paul Hernandez,23,San Jose,2024-08-23
4530,Dorothy Thomas,56,Jacksonville,2024-04-04
5289,Andrew King,34,San Diego,2020-01-16
998,Paul Lewis,20,Washington,2021-12-04
5845,Lisa Rodriguez,30,Kansas City,2025-04-17
3008,David Thompson,59,Columbus,2022-01-09
3256,David Sanchez,36,Indianapolis,2025-08-22
1543,Dorothy Walker,65,Washington,2024-05-02
7295,Daniel Thompson,67,Nashville,2021-07-21
203,David Clark,64,San Francisco,2022-06-12
4604,Steven Allen,38,Kansas City,2021-02-02
2377,James Thomas,39,Chicago,2020-07-20
7537,John Thompson,20,Albuquerque,2023-11-13
1182,Steven Smith,64,Boston,2022-01-23
7452,Dorothy Jackson,34,Fort Worth,2020-02-19
9712,James Rodriguez,64,Indianapolis,2023-01-03
9859,Amanda Lopez,54,Mesa,2025-05-08
9476,David Sanchez,49,Oklahoma City,2025-06-20
7592,Lisa White,32,Fresno,2022-08-07
2983,Nancy Perez,60,Louisville,2020-09-11
4133,Jane Allen,56,Albuquerque,2024-02-02
9228,Michael White,38,San Francisco,2020-09-07
4292,Ashley Martinez,26,Seattle,2025-03-04
