EMP_ID,EMP_NM,DEPT_CD,SAL_AMT
3337,Paul Moore,Research,119795
1525,Paul Allen,Sales,116108
6063,Sarah Smith,IT,40593
266,Dorothy Ramirez,Engineering,44808
5835,Andrew Lewis,HR,145862
6473,Michael Robinson,Research,110304
489,Christopher Williams,Operations,87134
4163,Anthony Robinson,HR,92612
7397,Anthony Lewis,Research,103883
3683,Paul Walker,Engineering,35904
8341,Emily Williams,Marketing,146902
9118,Steven Young,Engineering,53213
1829,James Martinez,HR,118295
64,Mark Wilson,Engineering,43720
2967,Emily Ramirez,Sales,112539
7650,Christopher Lewis,Legal,80612
312,Mark Jones,Customer Service,63163
9844,Elizabeth Johnson,Finance,94274
7981,Betty Thompson,Research,126213
2721,Lisa Walker,Engineering,50738
8157,Emily Thomas,Customer Service,76054
3790,Lisa Lewis,Sales,127667
7207,Andrew Thomas,Marketing,64311
6517,Amanda Gonzalez,IT,32363
4915,Lisa Davis,Sales,102950
4848,Sarah Hernandez,Finance,95376
573,Mark Ramirez,HR,128270
7804,Paul Johnson,Marketing,78259
2686,David Williams,Customer Service,142451
5062,Anthony Martinez,Customer Service,113658
5864,Jessica Robinson,HR,46881
910,Paul Thomas,HR,140887
239,Steven Garcia,Legal,34036
266,Jessica Smith,IT,107680
9630,Anthony Johnson,Operations,119327
2885,Dorothy Jackson,Engineering,108447
867,Betty Perez,Marketing,47605
2533,Michael King,Marketing,108466
9667,Robert Moore,Legal,66248
4298,Ashley Robinson,Research,54063
1021,Jane Miller,HR,125309
5774,Deborah Wilson,IT,79879
1527,Lisa Garcia,Customer Service,50915
8881,Matthew Walker,IT,116662
5209,Matthew Anderson,Research,45344
9990,Daniel Johnson,Operations,63134
2919,Karen Harris,Customer Service,139408
8530,Nancy Martinez,Engineering,148027
382,Steven Walker,Marketing,103485
8567,Andrew Moore,IT,30647
277,Elizabeth Taylor,Marketing,80529
5283,Elizabeth Allen,Operations,63776
545,Deborah Taylor,Customer Service,118318
7852,Emily Jones,Marketing,101778
6702,Elizabeth Smith,Customer Service,133124
9444,Robert Hernandez,HR,142923
2951,Mark Robinson,Legal,109717
7878,Nancy White,Research,131414
3168,Steven Miller,Operations,33142
794,Emily Williams,Customer Service,68242
2458,Paul Johnson,Marketing,39786
3922,Sarah Sanchez,Finance,129460
4969,Mark Clark,Research,123675
4094,Andrew Lopez,Operations,141176
3036,Steven Jackson,Engineering,82476
4631,Anthony Smith,Engineering,64848
4939,Jane Perez,HR,79795
2408,Michael Walker,Operations,119130
8583,Andrew Robinson,Marketing,132428
7407,Karen Young,Engineering,144773
804,Betty Perez,Legal,148067
4324,Andrew Miller,Legal,81017
2826,Dorothy White,Customer Service,90970
8164,Nancy Martinez,Engineering,67554
5914,Dorothy Robinson,Legal,106413
3513,Emily Robinson,Sales,46975
7955,Nancy Gonzalez,Operations,57563
168,Joshua Jones,Engineering,57024
2310,Dorothy Moore,Operations,105264
4275,Anthony King,IT,123118
9794,Deborah Moore,Legal,89182
7542,Michael Perez,Engineering,83736
1378,Nancy Wilson,Finance,114421
6534,Nancy Allen,Marketing,112065
954,Steven King,Legal,113310
1949,Amanda Harris,Marketing,126323
8566,David Lopez,Operations,63827
7568,Sarah Brown,Sales,82294
5193,Steven White,Marketing,95659
4745,Dorothy Thompson,Marketing,77464
8212,Mark Harris,Customer Service,86991
4977,Mark Smith,HR,52272
6650,Robert Allen,Legal,102065
1907,Emily Martin,HR,96185
3355,Andrew Garcia,IT,142760
9534,Ashley Ramirez,Engineering,54455
6107,James Perez,HR,73797
3041,Jane Miller,Operations,32139
6580,Amanda Harris,Sales,42744
4177,Lisa Ramirez,Sales,79029
