C_ID,C_NAME,AGE_YRS,LOC_CD,REG_DT
6465,Lisa Martin,40,New York,2025-12-08
9584,Elizabeth Wilson,63,Sacramento,2023-11-27
265,John Walker,18,Los Angeles,2021-12-27
5968,Karen Walker,57,Portland,2021-01-17
5016,Donald Martinez,57,Albuquerque,2025-05-25
1770,James King,52,Nashville,2022-04-10
3606,Deborah Davis,68,Chicago,2025-07-19
9997,Donald Gonzalez,61,Columbus,2024-05-17
8615,Robert Young,39,Phoenix,2025-10-19
6979,Deborah Anderson,24,San Francisco,2020-03-25
592,Karen Clark,36,Louisville,2023-12-11
1563,John Lee,58,Seattle,2021-03-05
1579,Dorothy Lee,20,Columbus,2020-01-27
1589,Nancy Wilson,51,Dallas,2021-09-20
9043,Dorothy Taylor,61,Mesa,2020-12-03
2736,Elizabeth Lewis,33,Las Vegas,2021-06-25
3655,Elizabeth Jackson,64,Tucson,2025-12-23
874,Dorothy Young,29,Philadelphia,2025-12-04
4030,Emily Harris,59,Baltimore,2025-12-19
9735,Sarah Rodriguez,68,Columbus,2024-06-27
740,Dorothy Miller,53,Fresno,2022-11-27
954,Anthony Wilson,19,Phoenix,2020-02-14
5027,Jessica Harris,30,Phoenix,2025-09-16
5467,Lisa Robinson,41,Portland,2022-02-27
673,Elizabeth Clark,35,San Diego,2023-10-01
939,Jessica Jackson,43,Baltimore,2020-01-15
4342,Nancy White,46,Jacksonville,2024-04-01
1143,Amanda Miller,66,Oklahoma City,2022-01-27
4337,Joshua Clark,66,Mesa,2021-07-13
9683,Jessica Walker,36,Los Angeles,2025-02-12
5121,Lisa White,44,Dallas,2020-11-23
3073,Jessica Perez,62,Houston,2021-04-09
2176,Sarah Hernandez,34,San Francisco,2025-05-27
3994,Deborah Jones,69,Denver,2023-03-24
9374,Deborah Perez,45,Sacramento,2020-05-16
239,Lisa Sanchez,34,Milwaukee,2022-03-18
8266,Daniel Lee,34,Kansas City,2025-05-16
5993,Joshua Williams,22,Milwaukee,2024-04-26
573,Emily Anderson,53,Portland,2020-03-16
5814,Betty White,43,Phoenix,2022-09-15
7889,Sarah Allen,66,Houston,2021-09-03
5004,Sarah King,40,Washington,2022-05-11
9442,David Smith,23,Denver,2024-03-08
3485,Daniel Lopez,19,Charlotte,2023-08-09
5908,Karen King,21,Fort Worth,2021-10-02
9592,Christopher Davis,18,Houston,2022-03-04
6557,Dorothy Miller,39,Jacksonville,2022-09-06
7087,Emily Anderson,32,Kansas City,2023-11-15
4792,Jessica Young,37,Las Vegas,2022-10-18
7770,Karen Rodriguez,70,Fort Worth,2022-03-15
9153,Lisa Williams,29,Nashville,2025-01-08
4666,Jessica Hernandez,45,Los Angeles,2024-10-17
4547,David Anderson,39,Portland,2023-08-19
6241,Lisa Johnson,34,New York,2025-04-03
7564,Dorothy Lopez,50,Washington,2022-01-10
5395,Betty Hernandez,34,San Francisco,2020-04-09
4414,Dorothy Lopez,59,San Antonio,2021-06-22
4617,Paul Clark,58,Washington,2023-05-02
4999,Jessica Lewis,26,Boston,2023-12-17
8818,Steven Ramirez,61,San Diego,2025-12-28
6527,Michael Thompson,55,Las Vegas,2020-05-18
4723,David Hernandez,57,Washington,2025-02-23
6013,Dorothy Lee,50,Fort Worth,2023-03-07
8837,Anthony Taylor,54,Charlotte,2021-07-02
3626,Jennifer Ramirez,62,Washington,2021-01-11
4637,James Thompson,67,San Diego,2022-03-13
5897,Anthony Allen,28,Houston,2023-10-18
4862,Jane Johnson,39,Phoenix,2022-07-18
7404,Ashley Brown,36,Mesa,2024-11-24
1029,Betty Martinez,40,New York,2025-08-28
8422,Karen Johnson,38,Chicago,2021-02-23
4731,Dorothy Thomas,28,Nashville,2021-10-24
8657,David Hernandez,66,Austin,2025-09-20
418,Donald Johnson,68,Los Angeles,2024-06-23
1950,Jane Lee,55,Milwaukee,2022-12-11
