C_ID,C_NAME,AGE_YRS,LOC_CD,REG_DT
3134,Amanda Davis,22,Fort Worth,2025-06-08
6273,James Thompson,46,Sacramento,2025-07-03
9662,James Lewis,26,San Diego,2023-07-07
9513,Lisa King,28,Los Angeles,2024-11-13
6613,David Martinez,21,San Antonio,2020-07-16
8332,Lisa Ramirez,28,Nashville,2021-11-10
5146,Amanda Allen,38,San Francisco,2024-05-26
5628,Daniel Wilson,38,Oklahoma City,2023-05-21
9590,Lisa Walker,33,San Diego,2020-07-12
7627,Dorothy Davis,70,Indianapolis,2021-03-17
3212,Mark Davis,43,San Francisco,2020-12-15
6205,John Johnson,49,Portland,2025-11-19
7629,Michael Sanchez,37,Sacramento,2022-01-17
3555,Daniel Taylor,44,Columbus,2022-10-21
428,Sarah Miller,22,Indianapolis,2021-10-26
5331,Joshua White,35,San Francisco,2022-09-17
6439,Betty Smith,56,Nashville,2021-01-07
5361,Steven Lopez,33,Denver,2020-01-06
4959,Daniel Martin,45,Louisville,2022-12-22
7088,Amanda Robinson,53,Oklahoma City,2024-04-28
1695,Amanda Walker,36,Washington,2023-04-27
218,John White,26,Louisville,2020-06-03
2236,Dorothy Moore,33,Dallas,2024-02-16
8734,Emily Thompson,20,Los Angeles,2023-05-20
8780,Paul Clark,19,San Francisco,2024-11-17
1047,Amanda Williams,36,Milwaukee,2020-04-21
9709,Robert Johnson,64,Oklahoma City,2022-11-13
5598,Robert Martinez,39,Dallas,2020-08-03
1294,Elizabeth Martin,21,Chicago,2024-01-28
6270,Matthew Anderson,24,Baltimore,2022-07-24
109,Paul Lopez,26,Austin,2021-08-27
1303,Anthony Martin,36,Seattle,2020-04-11
2545,James Jackson,42,Baltimore,2021-08-15
3441,Lisa Perez,36,Denver,2020-09-16
4981,James Lopez,43,Fort Worth,2025-01-21
6134,Matthew Miller,64,Louisville,2020-06-11
7,Michael Hernandez,59,Baltimore,2020-07-23
3054,Matthew Lewis,30,New York,2020-04-09
7375,Sarah White,20,Nashville,2024-08-17
3527,Andrew Davis,20,Denver,2022-02-21
4399,Sarah Jackson,43,Washington,2025-03-07
873,David Sanchez,53,Albuquerque,2024-01-01
5823,Betty Hernandez,19,Columbus,2024-04-10
2416,Sarah Young,37,Fresno,2024-10-26
3131,David Young,26,Los Angeles,2023-04-02
1601,Steven Harris,54,Los Angeles,2021-04-09
2138,Joshua Lopez,35,Washington,2022-09-27
1453,Nancy Sanchez,38,Philadelphia,2023-12-26
7873,Christopher Martinez,54,Seattle,2025-11-16
9740,Sarah Clark,59,Fresno,2020-05-21
7818,Elizabeth Martinez,66,Nashville,2020-08-06
6117,Daniel Gonzalez,69,Seattle,2023-12-19
7160,Robert Lopez,61,Indianapolis,2024-10-22
6838,Paul Young,65,Los Angeles,2021-05-21
8452,Jennifer Gonzalez,63,Louisville,2024-05-14
467,Christopher Martin,30,Fresno,2025-05-17
2927,Nancy Hernandez,66,Fresno,2022-11-26
2770,Paul Jackson,40,Washington,2020-02-12
307,Sarah Williams,27,Charlotte,2023-02-20
5260,Andrew Walker,48,New York,2022-07-01
143,Emily Jackson,19,Los Angeles,2022-02-15
9596,Joshua Williams,27,Tucson,2020-12-07
7473,Paul Johnson,48,Seattle,2022-04-17
3695,Ashley Jackson,29,San Jose,2025-08-04
6844,James Rodriguez,24,Indianapolis,2025-07-04
1685,Matthew Williams,58,Austin,2023-09-09
1375,Betty Hernandez,28,Baltimore,2025-02-07
182,Matthew Martin,40,San Jose,2021-08-04
7572,Lisa Allen,67,Seattle,2022-04-11
7380,Daniel Moore,19,Mesa,2020-11-01
4010,Joshua King,31,Phoenix,2020-11-05
7643,Lisa Smith,45,Kansas City,2023-03-19
7338,Robert Harris,52,San Francisco,2023-07-06
6748,Sarah Allen,69,Chicago,2020-06-17
5263,Sarah Lopez,65,Phoenix,2021-07-01
