C_ID,C_NAME,AGE_YRS,LOC_CD,REG_DT
9397,John Lee,29,Jacksonville,2022-11-20
350,Robert Hernandez,46,Los Angeles,2022-05-26
8146,Lisa Harris,42,Denver,2023-08-21
2303,Matthew Lopez,39,Houston,2024-12-24
9469,Matthew Harris,67,San Jose,2021-04-04
4597,David Moore,21,Washington,2022-05-22
4382,Joshua Taylor,28,Fort Worth,2020-05-06
5605,Robert Robinson,20,Seattle,2025-09-25
9642,Nancy Rodriguez,23,Charlotte,2025-10-01
9139,Christopher Sanchez,44,Philadelphia,2024-11-07
3277,Amanda Anderson,70,Louisville,2020-02-19
666,Daniel Young,55,Phoenix,2024-08-16
138,Sarah Harris,42,Charlotte,2021-11-07
6602,Christopher Lopez,24,San Francisco,2020-07-27
2286,Jessica King,47,Charlotte,2023-09-15
3534,Lisa Smith,32,Los Angeles,2023-04-26
6186,Steven Lewis,40,Louisville,2025-12-17
3800,Elizabeth Jackson,49,Fort Worth,2020-02-03
2862,Deborah Harris,54,Columbus,2021-06-20
1530,Elizabeth White,33,Denver,2023-08-18
5353,Emily Hernandez,49,San Jose,2021-02-23
4246,Matthew Johnson,18,Las Vegas,2023-01-05
3130,Michael Johnson,40,Milwaukee,2023-02-17
3254,Elizabeth Ramirez,59,Tucson,2024-05-28
1110,Ashley Davis,45,Boston,2021-07-04
3989,David Moore,37,Fort Worth,2020-02-19
7214,Michael Sanchez,60,San Francisco,2020-02-02
6686,Joshua Lewis,30,Charlotte,2022-10-04
6342,David Miller,59,Dallas,2024-02-10
3848,Michael Garcia,36,Tucson,2025-07-12
4952,Matthew Young,25,Los Angeles,2021-06-22
4153,Daniel Davis,33,Milwaukee,2020-07-06
5603,Jessica Gonzalez,55,Chicago,2021-07-18
8050,Anthony Williams,67,Phoenix,2025-09-21
4418,Dorothy Sanchez,52,Baltimore,2020-07-28
7085,Jane Wilson,66,San Diego,2024-07-06
1021,Steven Perez,46,Fort Worth,2022-05-16
7008,Lisa Moore,65,San Diego,2023-10-02
1707,Emily Rodriguez,28,Seattle,2021-12-26
1373,Andrew Garcia,62,Austin,2021-03-10
786,David Clark,43,Phoenix,2023-11-06
3502,Andrew Martinez,59,Charlotte,2021-11-08
9995,Christopher Perez,56,Columbus,2024-03-20
2505,Anthony Thomas,18,Columbus,2021-07-24
4728,Donald Lee,54,San Francisco,2025-03-19
7438,Christopher Miller,55,Albuquerque,2020-10-13
434,Amanda Harris,23,Louisville,2022-02-11
6392,Robert Johnson,41,San Antonio,2024-03-27
4818,Robert Thompson,33,Louisville,2020-02-12
8027,Lisa Taylor,69,Denver,2022-12-04
9854,Christopher Williams,41,Louisville,2025-04-03
6994,Donald Jackson,44,Los Angeles,2022-07-02
6411,Jane Moore,26,Denver,2022-10-13
8530,Mark Harris,42,Oklahoma City,2023-02-07
5388,Anthony Martinez,33,Milwaukee,2024-10-12
3992,Matthew Jackson,49,Fresno,2025-11-28
8802,Jane Lewis,31,Charlotte,2022-09-26
4175,Dorothy Thomas,27,Oklahoma City,2023-06-06
7207,John Wilson,37,San Diego,2020-02-09
6628,Jennifer Ramirez,40,Seattle,2023-10-05
2177,Robert Perez,25,Boston,2020-04-23
4827,John Williams,26,Charlotte,2024-11-28
7883,David Lee,25,Philadelphia,2022-12-10
1065,Jennifer Harris,24,Kansas City,2022-08-09
1755,Paul Martin,38,Oklahoma City,2020-02-17
258,Christopher Williams,53,Los Angeles,2024-02-22
5576,Karen Sanchez,18,Louisville,2023-01-11
763,Deborah Davis,38,Fresno,2021-05-03
9602,Lisa Jackson,62,Fort Worth,2021-06-16
7414,Matthew Gonzalez,38,New York,2020-02-18
8698,Nancy Clark,23,Austin,2021-09-05
4424,Betty Harris,37,Denver,2021-06-25
1375,Emily Wilson,57,Jacksonville,2023-08-24
7297,Andrew Lopez,58,Portland,2020-06-21
5578,Paul Allen,54,Austin,2023-02-23
