EMP_ID,EMP_NM,DEPT_CD,SAL_AMT
4361,Emily Williams,Research,86432
4256,Matthew Harris,Legal,129677
2844,Sarah Sanchez,Engineering,36150
2132,James Williams,Operations,50986
5465,Jennifer Clark,Sales,78176
6671,Betty Young,Engineering,87764
3242,Lisa Jackson,Customer Service,78223
3474,John Rodriguez,Sales,105877
1444,Robert Miller,Finance,123116
4175,Elizabeth Allen,Research,66741
663,Steven Smith,Legal,128396
670,Sarah Jackson,Legal,51978
6066,Amanda Rodriguez,Marketing,48813
484,Elizabeth White,Sales,38440
8994,Donald Rodriguez,Operations,108440
8150,John Anderson,Research,83485
2996,Donald Taylor,Operations,69582
4274,Lisa Lewis,Legal,66004
9328,Andrew Garcia,IT,62159
1261,Jessica Johnson,Finance,120489
6225,Elizabeth Anderson,Engineering,107498
6136,Mark Robinson,Legal,61404
3713,Ashley White,Marketing,128100
6525,Nancy Thompson,Finance,41855
4204,Amanda Davis,Marketing,94529
7136,Paul White,Research,62048
5851,Robert Anderson,Operations,137089
6947,Jane White,Operations,80729
1417,Karen Lee,Customer Service,84430
371,Deborah Rodriguez,Customer Service,125862
6522,Lisa Garcia,Sales,56620
3744,Joshua Allen,Operations,36359
1893,Jessica Davis,HR,46573
3314,Deborah Martinez,IT,145010
4491,David Clark,Research,140099
507,Lisa Williams,Customer Service,107654
3090,Christopher Young,HR,147428
8874,Jennifer Robinson,Finance,66480
8906,Daniel Taylor,Engineering,134190
6153,Karen Gonzalez,Engineering,48113
2979,Dorothy Johnson,Marketing,114470
8269,Ashley Thomas,Customer Service,62444
526,Jane King,Marketing,138218
1962,Amanda Wilson,HR,124507
2081,Paul King,Legal,114891
5070,Amanda Taylor,IT,123005
536,James Thompson,Operations,130443
7942,Dorothy Gonzalez,IT,104477
3570,John Thompson,HR,98472
4183,Matthew Garcia,HR,57665
7366,Matthew Smith,Sales,117409
7526,Mark Walker,HR,97312
6343,Christopher Davis,HR,37432
986,Matthew King,Finance,110174
7202,Christopher Moore,Operations,116290
3130,Michael Garcia,IT,80110
1112,Dorothy Walker,Operations,119753
838,Mark Davis,IT,72163
466,Daniel Rodriguez,Engineering,129882
6908,Daniel Wilson,Finance,136080
543,Lisa Ramirez,Finance,72558
562,Deborah Lee,Finance,30250
6145,John Harris,Legal,109669
5626,Michael Jones,Finance,81747
3471,Anthony Perez,Research,96455
2663,Anthony Lewis,Marketing,100735
5535,Daniel Walker,Marketing,74902
2639,Jessica White,IT,78909
7950,Michael Brown,Sales,132847
5531,Jennifer Martin,Sales,54162
3369,Ashley Jones,Research,123415
314,David Harris,IT,68920
8465,Andrew Hernandez,Customer Service,140072
7517,Mark Miller,IT,95837
1742,Lisa Garcia,Operations,114667
3329,Andrew Rodriguez,Finance,140211
6147,Betty King,IT,114348
2285,Emily Smith,Research,62725
3958,Emily Clark,Marketing,96784
5014,Dorothy Hernandez,Engineering,69902
4565,Deborah Rodriguez,Sales,33883
6238,Betty Perez,Finance,109929
903,Lisa Jones,Customer Service,121918
1871,Steven Taylor,Finance,79281
903,Joshua Wilson,Legal,91138
8164,Paul King,IT,125551
4021,Steven Allen,Finance,59489
6996,Dorothy White,Sales,113360
1319,Mark Smith,IT,53568
3671,James Anderson,Legal,149179
702,Paul Moore,Finance,68411
2598,James Lopez,Research,69718
9346,John Perez,Engineering,44112
8946,Matthew Allen,IT,126600
3623,Steven Lewis,Marketing,69649
6014,Jessica Martinez,Engineering,147625
7927,John Ramirez,IT,79585
2117,Elizabeth Martin,Finance,34251
4581,Jane Thompson,Sales,74300
4089,Jessica White,Finance,53281
