C_ID,C_NAME,AGE_YRS,LOC_CD,REG_DT
3482,Joshua Walker,31,Chicago,2022-02-11
3858,Joshua Smith,18,Fresno,2024-11-24
8934,Matthew Martinez,70,Boston,2025-06-28
6725,Steven Allen,68,Denver,2020-03-08
6846,Ashley Martin,44,Baltimore,2024-02-24
6948,Jane Sanchez,32,Los Angeles,2024-07-15
8880,Lisa Clark,57,Las Vegas,2020-01-11
4810,Elizabeth Anderson,60,Los Angeles,2023-06-12
5401,Dorothy Garcia,24,Louisville,2024-11-05
70,Robert Gonzalez,22,San Diego,2024-05-13
4551,John Martin,67,Las Vegas,2022-04-07
28,Elizabeth King,54,Boston,2021-11-07
4522,Andrew Wilson,34,Oklahoma City,2025-08-24
1309,Joshua Garcia,67,Indianapolis,2024-07-04
3317,Mark Harris,28,Sacramento,2025-08-20
4783,Donald Miller,58,New York,2021-12-25
9860,Daniel Sanchez,31,Tucson,2024-02-13
205,Jennifer Harris,28,Milwaukee,2020-11-24
8694,Paul Robinson,28,Baltimore,2020-10-06
9391,Amanda Davis,36,Mesa,2024-08-11
8042,Donald Hernandez,44,Jacksonville,2025-11-11
2648,Michael Anderson,58,Kansas City,2023-07-27
5246,Daniel Allen,68,Fort Worth,2022-10-25
5817,Robert Moore,58,San Diego,2020-10-05
8996,David Davis,19,San Francisco,2025-03-15
2771,Andrew Smith,49,Jacksonville,2020-07-03
2859,Paul Hernandez,50,Chicago,2020-10-09
9529,Amanda Perez,39,New York,2025-04-09
8108,Elizabeth Lewis,33,San Francisco,2024-01-16
9532,Deborah Smith,23,Kansas City,2024-12-01
269,Andrew Brown,45,Fresno,2024-12-14
1950,Amanda Perez,25,San Diego,2020-12-27
7794,James Williams,42,Washington,2020-08-06
7029,Donald Moore,36,Austin,2020-05-15
3507,Ashley Martinez,33,Tucson,2022-11-26
1760,Mark Lewis,70,Philadelphia,2023-09-14
3906,Lisa Rodriguez,38,San Diego,2020-10-13
3998,Jennifer Williams,30,Fresno,2023-12-03
2659,Amanda Gonzalez,33,Milwaukee,2025-10-19
5992,John King,49,Mesa,2020-06-04
7830,Robert Wilson,23,Dallas,2021-02-24
8308,Donald Moore,24,Columbus,2025-07-14
5374,Dorothy Garcia,61,Denver,2022-01-02
7769,Robert Johnson,55,San Diego,2021-06-23
8851,Jessica Ramirez,55,Charlotte,2025-08-22
8091,Jane Moore,43,Los Angeles,2021-07-05
3119,Jessica Brown,43,Indianapolis,2023-08-04
2818,Matthew Robinson,27,Los Angeles,2025-10-11
5805,Jessica Rodriguez,29,Washington,2022-08-02
8266,Andrew Robinson,43,San Francisco,2023-11-01
6625,Anthony Perez,61,Columbus,2022-09-28
1229,Steven Perez,30,Dallas,2025-05-27
4714,Paul Miller,21,Nashville,2023-10-07
5246,Jane Taylor,52,San Francisco,2022-08-14
4115,John Garcia,41,Boston,2022-11-12
871,Betty Moore,49,San Antonio,2023-09-19
2372,James Ramirez,35,Indianapolis,2020-08-22
2257,Betty Lee,53,Philadelphia,2024-11-28
7575,Anthony Miller,28,Seattle,2021-12-07
1294,Donald Sanchez,35,San Diego,2021-09-21
7049,Ashley Allen,29,Denver,2025-01-28
199,Elizabeth Miller,47,Albuquerque,2023-03-08
5291,Paul Lopez,30,Oklahoma City,2023-11-10
9786,Jennifer Williams,38,Austin,2023-09-07
1555,Karen Johnson,36,Denver,2023-12-09
7143,Amanda Lee,68,Chicago,2022-09-13
7606,Elizabeth Harris,53,Columbus,2024-04-14
4402,Mark Williams,43,Los Angeles,2021-12-02
5459,Steven Martin,42,New York,2022-08-27
7674,Joshua Perez,26,Washington,2023-03-12
2251,Dorothy Martin,23,Washington,2020-01-22
7191,Robert Moore,48,Oklahoma City,2021-03-21
8294,Lisa Martinez,22,Mesa,2020-06-01
986,Sarah Lopez,38,Fort Worth,2020-09-08
9620,Karen Lewis,19,San Jose,2023-02-26
