EMP_ID,EMP_NM,DEPT_CD,SAL_AMT
1275,Joshua Jackson,Research,106693
6725,Jennifer Hernandez,Sales,110897
6735,Robert Wilson,IT,93234
6307,Amanda Brown,Legal,48750
3128,James Miller,Research,91197
1460,John King,Sales,133493
1715,Steven Johnson,Finance,31245
2544,Andrew Robinson,HR,111925
446,Amanda Davis,IT,120201
5082,Daniel Taylor,IT,85025
9701,Steven Anderson,IT,144051
4866,Deborah Lopez,Legal,40276
2783,Steven Martin,Operations,142266
3596,John Smith,Sales,99738
314,Anthony Robinson,Research,74993
9197,Michael Lopez,Marketing,66268
1720,Karen Anderson,Marketing,107307
5385,Matthew Gonzalez,Customer Service,133617
670,Matthew Taylor,Operations,103467
7324,Sarah Garcia,Marketing,104205
1649,John Clark,IT,64430
9119,John Lopez,Legal,50253
2025,Karen Moore,Finance,37925
1189,Joshua Walker,Marketing,145954
5067,Steven Johnson,Research,131570
674,Betty Thompson,Finance,89241
9722,Lisa Martin,Legal,102667
8407,Amanda White,Legal,58887
2741,Karen Davis,HR,77236
6091,Steven Perez,Marketing,112137
6367,Dorothy Walker,Marketing,44421
7383,John Lee,IT,135531
405,Nancy Williams,Operations,44196
7833,Dorothy Clark,Legal,49092
9641,Dorothy White,Research,146042
493,Elizabeth Hernandez,Marketing,33527
6143,Elizabeth Sanchez,Research,149849
7516,Jane Williams,Research,38635
3978,Robert Wilson,Marketing,83444
2028,Elizabeth Anderson,Sales,56880
2052,Dorothy Jackson,HR,32223
238,Paul Young,Customer Service,106453
404,John Wilson,Research,85517
5422,Mark Garcia,Operations,84163
9409,David Allen,Finance,87439
2502,Robert Rodriguez,Customer Service,85502
7086,Mark Miller,IT,142042
8264,Ashley Perez,Sales,53768
9256,Lisa Lewis,Engineering,142678
7365,James Thomas,Operations,59772
7602,Andrew Lewis,Operations,104812
1461,Sarah Martinez,Operations,71545
7256,Anthony Ramirez,Engineering,130556
5559,James Smith,Research,66494
7273,Amanda Garcia,HR,131775
3569,Mark Thompson,Marketing,118984
6473,Robert Walker,IT,133043
3667,John Anderson,Operations,47848
600,Elizabeth Clark,Customer Service,54346
981,Robert Perez,Research,41255
5737,Robert Allen,IT,52583
1862,Paul Harris,IT,123104
3234,Nancy Johnson,Sales,147694
8194,Deborah Jackson,Operations,54045
7127,Mark Robinson,Customer Service,132511
5333,Elizabeth Lee,Research,141356
2928,Steven Williams,Customer Service,147289
3415,Christopher White,Sales,47748
2606,Joshua Martinez,Legal,80503
8136,Michael Davis,Research,116717
6360,James Thomas,Marketing,94150
6130,James Martinez,Marketing,129218
9524,Paul Lee,Research,65541
9837,Robert Clark,Marketing,133120
1891,Joshua Lee,Operations,127435
1557,Amanda Thomas,Customer Service,124935
9350,Robert Garcia,Operations,52783
7714,Christopher Thompson,Finance,38346
1704,Emily Moore,Legal,60655
9060,Jennifer Clark,IT,109292
8432,Karen Moore,Engineering,47293
6866,Paul Miller,Sales,127230
1787,Amanda Young,Customer Service,43111
5066,Robert Garcia,IT,145699
4592,Michael Williams,Finance,134607
6226,Sarah Davis,Legal,139438
8865,Lisa Clark,Customer Service,78686
8947,Lisa Ramirez,Finance,54335
363,Daniel Smith,Marketing,103719
6304,Nancy Perez,Customer Service,79618
5822,Dorothy Sanchez,Customer Service,63736
53,Daniel King,HR,93450
9741,Lisa Davis,IT,32600
8071,Donald Hernandez,Sales,67919
2444,Christopher Smith,Legal,85083
9370,Joshua Jones,Research,60763
3479,John Ramirez,Engineering,74630
7299,Lisa Martinez,Research,121330
9947,Elizabeth Smith,Operations,64517
5451,Daniel Martin,IT,103621
