EMP_ID,EMP_NM,DEPT_CD,SAL_AMT
9531,Sarah Hernandez,Customer Service,130036
1845,Emily Williams,Finance,51529
1802,Karen White,Sales,102368
4437,Daniel Taylor,Sales,31019
2424,Jane Lopez,Finance,95329
9417,Dorothy Jackson,Legal,146923
8320,Anthony Taylor,Marketing,69040
113,Karen Anderson,Legal,53075
3479,Nancy Rodriguez,Engineering,133626
8814,Mark Thompson,Operations,46499
4076,Sarah Martin,HR,91949
7858,Emily Miller,Legal,88100
8909,Jennifer Harris,IT,78640
2429,James Smith,IT,145091
7808,David King,Research,127360
4500,Steven Harris,Research,120837
9919,Donald Smith,IT,80211
1172,Daniel Robinson,Legal,149736
6310,John Garcia,Customer Service,61191
1658,Elizabeth Sanchez,IT,36497
2444,Betty Lewis,Engineering,75863
8209,Nancy Thomas,Sales,106143
193,Emily Davis,Customer Service,102242
876,Anthony Perez,Customer Service,100091
7032,Lisa Davis,Operations,45927
2392,John Martin,Sales,52196
8362,David Jackson,IT,61575
1889,David Jackson,Finance,70492
5220,Betty Brown,IT,120641
660,Daniel Young,HR,111025
8505,Robert Robinson,Finance,108618
8405,Daniel Jones,Customer Service,84895
4093,Lisa Lopez,Marketing,144886
2645,Karen Rodriguez,Legal,60928
6645,Jane Robinson,Research,32186
1330,Betty Sanchez,Legal,146295
9794,David Thompson,Legal,77453
5767,John Lee,Engineering,33255
1045,Jane Thompson,Finance,52658
5449,Amanda Clark,HR,35284
583,Deborah Thomas,Marketing,69846
372,James Sanchez,Engineering,56503
4201,James Clark,Operations,134736
6157,Nancy Davis,Customer Service,38312
5354,Christopher Thompson,Legal,104880
2087,James Davis,Finance,62020
7901,John Miller,Customer Service,77768
9801,James Clark,Finance,103652
290,Donald Robinson,Engineering,79145
5890,Matthew Davis,Finance,107392
7625,Matthew Wilson,Legal,125226
9413,Mark Taylor,IT,74185
9352,Paul Walker,HR,61130
2377,Robert Perez,IT,101205
3222,Dorothy Rodriguez,Research,114457
1598,Steven Johnson,IT,130062
620,Sarah Davis,Engineering,62182
8704,Sarah Perez,Marketing,67806
7226,Robert Smith,Legal,68496
1354,Paul Jones,Sales,90371
6521,Elizabeth Johnson,Operations,59294
6441,Ashley Thomas,Sales,67303
6325,Amanda Ramirez,Finance,98995
1039,Sarah Garcia,Research,96770
5434,Michael Jackson,Research,41691
6765,Jessica Davis,Sales,132548
6544,Mark Williams,Research,142803
9380,Christopher Sanchez,Customer Service,90977
6434,Amanda Allen,IT,119264
3861,Daniel Young,Marketing,35935
5530,Dorothy Perez,IT,61822
4371,Lisa Moore,Finance,105860
5808,Robert Clark,Marketing,131127
6462,Amanda Martin,Legal,49069
9813,Matthew Thomas,Sales,116950
5096,Elizabeth Wilson,Operations,34296
7426,Karen Martin,Sales,35770
206,Michael Robinson,Marketing,90584
2344,Deborah Brown,Sales,37811
3539,Deborah Harris,IT,105465
547,Paul Hernandez,HR,87250
6934,Paul Perez,Marketing,116714
9014,Karen Miller,Sales,120685
2493,Emily Brown,Engineering,147341
5699,Dorothy Moore,Engineering,59739
1657,Matthew Williams,Finance,62119
724,Joshua Lee,Engineering,67282
9596,Joshua Garcia,Sales,128223
6263,Emily Wilson,IT,89098
3884,Nancy Moore,Marketing,36475
4683,Dorothy Williams,IT,55338
6964,Lisa Moore,Operations,103196
2120,John Lopez,Research,42681
7435,Elizabeth Sanchez,Legal,52352
5195,Elizabeth Miller,Sales,89129
736,David Miller,Sales,33184
5236,Steven Martinez,Operations,121584
5344,Jennifer Martin,Sales,87261
1750,Christopher Lewis,Finance,117246
6968,John Young,Customer Service,129131
