EMP_ID,EMP_NM,DEPT_CD,SAL_AMT
217,David Moore,Finance,119829
4937,Mark Taylor,Engineering,141623
7055,Daniel Miller,Finance,113666
2445,Jane Sanchez,Sales,134817
4228,Betty Lewis,Sales,102366
3803,Elizabeth Johnson,HR,102246
4666,Andrew Allen,Legal,65449
338,Karen Harris,Finance,122802
3276,Betty Jones,HR,120775
1456,Karen Wilson,Sales,126448
9436,John Sanchez,IT,113654
9897,Karen Clark,Marketing,138067
7872,Elizabeth Perez,Customer Service,89264
8201,Paul Jackson,Finance,42015
6112,Dorothy Brown,Finance,39809
2460,Jessica Martinez,Research,70380
8648,Donald Martinez,Engineering,64130
9623,Amanda Martin,Engineering,51968
3559,Karen Wilson,IT,98753
1848,John Rodriguez,Engineering,97495
76,Deborah Rodriguez,Finance,118185
2525,Betty Davis,Finance,135457
1754,Paul Moore,Research,146507
7638,John Lewis,Engineering,84732
2675,Donald Jackson,Legal,119419
5366,Ashley Smith,Sales,50486
7282,Michael Martin,Marketing,91603
6899,Amanda Hernandez,Finance,131013
1019,Lisa Walker,Marketing,49390
2602,Elizabeth Gonzalez,Sales,101052
199,Michael Johnson,Operations,65291
8903,Robert Hernandez,Engineering,131640
8327,Jane Lopez,HR,54052
1130,Joshua Martinez,Customer Service,122592
2258,Daniel Gonzalez,Sales,117341
7000,Joshua Garcia,Customer Service,78860
6343,Amanda Williams,Research,30145
7882,Amanda Harris,Marketing,147284
2880,Elizabeth Lopez,Customer Service,61163
5615,Andrew Garcia,IT,51784
3688,Emily Gonzalez,Engineering,120753
4797,Amanda Taylor,HR,31639
2058,Amanda King,Customer Service,121344
495,Matthew Hernandez,Research,87714
5627,Jennifer Davis,HR,38554
1071,Emily Young,Research,86503
5753,Mark Williams,Finance,55811
2424,Ashley Perez,IT,102138
10,Karen Jones,Legal,39037
4987,Michael Thompson,Operations,97096
83,Emily Wilson,Legal,149595
4444,Mark Perez,IT,82375
8654,Jane Anderson,Legal,104233
5364,Paul Brown,HR,52687
9798,Emily Young,Marketing,42969
6005,Steven Taylor,Customer Service,75307
6627,Lisa Jones,Sales,102764
5917,Steven Young,Legal,66624
7165,James Young,Research,134449
3039,Deborah White,Finance,62638
122,Jane Thompson,Engineering,78842
8644,Elizabeth Clark,Engineering,44857
7687,Elizabeth Clark,HR,124262
7890,John Ramirez,Research,122153
5660,Betty Moore,Customer Service,104684
6786,Jessica Perez,Research,123812
3892,Mark Jones,HR,124865
5839,Michael Walker,IT,98789
3622,Joshua Jackson,HR,52720
7018,Jennifer Lee,Customer Service,71040
6218,Steven Lee,Research,69052
9307,Deborah King,Legal,48374
4041,Sarah Brown,Finance,133464
4060,Andrew Young,Legal,118245
2193,Lisa Young,Customer Service,37825
1199,James Harris,Engineering,70188
5358,Ashley White,Sales,65435
7863,Anthony Davis,HR,129334
5940,Robert White,Customer Service,121496
3036,Michael Williams,Finance,55484
4471,Paul Jackson,Legal,41622
5055,David Thomas,Research,53322
8056,Sarah Martinez,IT,114411
8744,Jessica Wilson,Engineering,64461
4050,Christopher Harris,Research,37417
2336,Ashley Young,Sales,103909
3334,David Lewis,Customer Service,81112
6896,Michael Lee,HR,66733
6496,Deborah Hernandez,Engineering,106173
3200,Jessica Sanchez,Sales,138526
2627,Betty White,Engineering,93410
9041,Daniel Williams,IT,98161
5180,Dorothy Gonzalez,HR,53118
2512,Jane Clark,Finance,132414
2138,Amanda Clark,Research,148301
3968,David Jones,Customer Service,140988
4874,Sarah Harris,IT,108928
8426,Elizabeth Thompson,IT,126787
2454,Christopher Harris,Finance,81782
9253,Paul Allen,Research,66576
