EMP_ID,EMP_NM,DEPT_CD,SAL_AMT
4113,Daniel Jones,Finance,124484
7729,Lisa Allen,Marketing,77227
7481,Robert Walker,Marketing,94807
1268,Lisa Young,Engineering,41534
2932,Christopher Ramirez,Customer Service,33426
4350,Andrew Wilson,Legal,120778
7454,Lisa Sanchez,Sales,81108
749,Daniel Clark,Finance,37208
3981,Deborah Jackson,Operations,57212
5716,Dorothy Davis,Engineering,93499
3448,Deborah Jones,Finance,110065
5700,Sarah Robinson,Finance,61031
9900,Jennifer Thompson,IT,53248
8990,Karen Jones,IT,45699
5989,Joshua Taylor,Customer Service,137333
4223,Deborah Johnson,IT,85733
6278,Andrew Harris,Engineering,80283
7667,Ashley Perez,Customer Service,38996
2666,Matthew Taylor,Engineering,71335
5752,James Martinez,Marketing,122157
3989,James Thompson,Marketing,100794
7961,Mark King,Engineering,33084
2010,Joshua Allen,Sales,34511
8813,Robert Martinez,Finance,68542
5962,Anthony Taylor,HR,70866
2523,Robert Martinez,Research,84152
9938,Robert Jackson,Customer Service,42411
42,Mark Brown,Marketing,135128
1052,Amanda Jackson,Operations,97965
4542,Christopher Johnson,Sales,47877
8618,Lisa Williams,Research,105074
336,Michael Brown,HR,39245
1432,Betty Hernandez,Research,45489
1304,Paul Hernandez,Engineering,40851
9539,Ashley Martinez,Operations,109113
6465,Dorothy Allen,Sales,35238
1926,Daniel Taylor,HR,68567
637,Paul Taylor,Customer Service,46684
4861,Amanda Anderson,Sales,143746
1624,Ashley Perez,Marketing,122874
5280,Sarah Davis,Research,72207
9907,Ashley Ramirez,HR,140914
8962,Deborah Rodriguez,Sales,67621
9349,Jessica White,Finance,50397
3138,Elizabeth Hernandez,Marketing,100780
8182,Robert Anderson,Marketing,138262
2781,Amanda Jackson,Finance,79296
9623,Ashley Anderson,Sales,99703
3231,Christopher Taylor,Sales,91363
4126,James Hernandez,Operations,49293
5818,John Smith,Operations,74992
8321,Sarah Robinson,Engineering,112485
3254,Andrew Walker,HR,128220
6515,John Jones,Sales,92273
1002,Jane Gonzalez,Marketing,51014
427,Betty Miller,Research,39625
8499,Robert Jackson,Engineering,142830
8617,Lisa Williams,Research,76985
6599,Anthony Young,HR,101327
8963,Sarah Ramirez,Engineering,116265
1118,David Sanchez,Marketing,32435
3951,Daniel Lopez,Operations,116967
4154,Robert Wilson,Marketing,103683
7762,Ashley Davis,Finance,35813
2270,John Martinez,Marketing,67552
4265,David Perez,HR,142181
4053,Christopher Martin,HR,38374
1678,Dorothy Smith,Operations,54119
848,Emily Perez,HR,39807
5559,Daniel White,Finance,106931
7682,Emily Smith,Legal,135650
6682,Christopher Jones,Sales,37266
2091,Steven Davis,HR,125912
4022,Dorothy Robinson,Customer Service,96142
8607,Christopher Wilson,Finance,85622
9806,Lisa Gonzalez,IT,88281
8946,Steven Harris,Engineering,138493
4502,Lisa Jackson,Finance,118362
5852,Christopher Smith,Engineering,117078
8925,John Garcia,Sales,67395
2116,Karen Sanchez,Sales,100166
3624,Amanda Young,Marketing,133121
1405,David Robinson,Customer Service,81342
7639,Betty Davis,Sales,62552
8296,Daniel Sanchez,Marketing,112853
8306,Betty Walker,Legal,144236
9758,Ashley Martin,Research,39120
127,Betty Allen,Customer Service,31361
5260,Jessica Lewis,Finance,98386
638,Anthony Wilson,Operations,115415
8842,Andrew Thomas,HR,74856
1413,Steven Martin,Sales,107037
6315,Ashley Thomas,IT,87233
1678,David Thomas,Sales,149140
1887,Sarah Young,HR,59601
5957,Sarah Taylor,Sales,70132
824,Matthew Allen,Marketing,66060
7310,Mark Lewis,Customer Service,123984
7327,Michael Harris,Sales,134024
7031,Andrew Rodriguez,Engineering,87029
