EMP_ID,EMP_NM,DEPT_CD,SAL_AMT
5392,Robert Jackson,Marketing,138008
1937,Dorothy Lewis,HR,97472
9303,Matthew King,IT,143501
6882,Joshua Garcia,Legal,51009
6404,Lisa Ramirez,Operations,115136
4829,Sarah White,Engineering,57483
6538,Paul Martinez,Operations,62651
4891,Lisa Brown,Research,120709
4349,Betty Miller,Research,58750
7627,Emily Lee,HR,64624
3927,Michael Robinson,Finance,52307
3695,Steven Clark,HR,120740
4283,Jennifer Miller,Operations,68043
7149,Amanda Young,Engineering,136754
991,Joshua Jackson,Sales,72858
8123,Amanda Harris,Research,124329
8038,David Thompson,Sales,139457
7841,Dorothy Martinez,Finance,139273
6708,Ashley Johnson,IT,74981
390,Jane Jackson,Engineering,102403
7779,Dorothy Young,Marketing,128492
3821,Deborah White,HR,92890
1905,Steven Moore,Finance,137008
2937,Jennifer Allen,Engineering,77958
2945,Daniel King,Engineering,109109
840,Betty White,Marketing,69007
223,Emily Wilson,Research,132643
5972,Betty Hernandez,Research,126334
392,Lisa Johnson,HR,31962
33,Michael Thompson,Finance,39260
5652,Ashley Sanchez,Research,105996
1808,Robert Thompson,Operations,32264
1215,Christopher Martin,Operations,37628
1000,Anthony Sanchez,IT,38470
3868,Dorothy Young,Customer Service,126588
7436,Ashley Robinson,IT,112235
7291,Dorothy King,Legal,87103
2927,Steven Lopez,Engineering,62483
3966,Mark Davis,Sales,52763
3071,Donald Miller,Legal,139955
8902,Betty King,Operations,116923
7103,Steven Perez,Engineering,40291
5086,David Martinez,Customer Service,102722
621,Elizabeth Sanchez,Engineering,142057
5514,Anthony Harris,Engineering,108240
2025,David White,Operations,121391
6726,Jessica Perez,Engineering,135094
6706,Dorothy Martinez,IT,108431
1396,Mark Taylor,Legal,101519
7312,Amanda Ramirez,Legal,47687
4770,David Sanchez,Customer Service,141837
654,Jennifer Clark,HR,91725
5160,Andrew Taylor,Marketing,64713
6933,Betty Sanchez,IT,90700
7144,James Johnson,Engineering,67660
2984,Daniel Jones,IT,49548
7493,Elizabeth Lewis,Operations,36067
7421,John Williams,Customer Service,54543
7388,Elizabeth Jackson,Operations,69251
7767,Donald Martin,Finance,60932
9567,Michael Jones,Operations,74199
9290,Nancy Lopez,Operations,74553
7951,Jane Young,Sales,146848
5816,Christopher Moore,Research,93096
7763,Karen Sanchez,Legal,32903
8959,Joshua Taylor,Finance,79921
9348,John Thompson,Engineering,110114
8361,Emily Perez,Customer Service,69764
1735,Ashley Davis,Research,32092
7163,Nancy Miller,HR,68837
381,Robert Walker,Engineering,30823
8575,Ashley Jones,Research,50734
9067,Betty Harris,Sales,116595
3564,Nancy Young,HR,49659
2788,Paul Thomas,HR,76661
2369,John Thompson,Engineering,43490
66,Nancy Garcia,Finance,30177
8720,Daniel Hernandez,Finance,134361
7357,Lisa Hernandez,Customer Service,36747
7389,Dorothy Anderson,HR,64275
2259,Lisa Walker,Legal,76641
8719,Jennifer Hernandez,Finance,37484
5788,Anthony Gonzalez,HR,132603
7605,Daniel Lewis,HR,41487
237,Steven Jackson,HR,116479
5212,Anthony Garcia,Operations,141963
8306,Karen Harris,Engineering,79210
7579,Lisa Hernandez,Research,79804
1125,Amanda Johnson,IT,119137
3997,Christopher Thompson,IT,120358
2070,Matthew Johnson,Finance,35420
1590,Jessica Gonzalez,IT,146134
6876,Robert Smith,Engineering,61058
3495,Matthew Hernandez,Finance,125106
7647,Christopher Gonzalez,Finance,109877
7762,Nancy Moore,Operations,50418
281,Lisa Davis,Operations,122869
1366,Karen Jackson,IT,61281
2076,Mark King,Finance,63538
7676,Daniel Miller,Legal,61469
