C_ID,C_NAME,AGE_YRS,LOC_CD,REG_DT
171,Andrew Jackson,20,Albuquerque,2023-08-14
2080,James Moore,43,Washington,2025-03-26
8234,Jennifer Walker,46,Oklahoma City,2025-02-17
2636,Nancy Clark,60,New York,2025-12-20
6228,Christopher Williams,34,New York,2023-01-12
2043,Lisa Martinez,23,Charlotte,2023-04-11
7233,James Moore,51,San Antonio,2025-05-09
3934,Lisa Robinson,64,Fort Worth,2020-10-19
2420,Donald Martin,28,Sacramento,2020-09-23
9234,Jane White,59,Charlotte,2024-08-12
3631,Betty Garcia,19,Philadelphia,2021-06-18
9219,Daniel Lewis,44,Fresno,2025-06-14
6885,Joshua Lopez,68,Houston,2024-01-20
1497,Betty Ramirez,52,Houston,2024-04-12
4180,Joshua Smith,35,Milwaukee,2020-02-28
3025,John Williams,61,Austin,2023-04-28
5372,Joshua Davis,56,San Jose,2021-07-03
569,Karen Perez,54,Albuquerque,2023-03-04
362,John Lewis,47,San Diego,2021-07-10
496,Paul Perez,58,Seattle,2023-03-02
7633,Lisa Smith,56,Columbus,2023-09-28
8877,Andrew Johnson,46,Boston,2021-03-08
5996,David Moore,22,Washington,2022-02-13
4371,Jennifer Williams,47,Columbus,2025-10-24
77,Sarah Walker,60,Kansas City,2022-08-04
6870,Andrew Garcia,66,Seattle,2022-08-07
4206,Donald Garcia,42,Philadelphia,2021-01-17
9354,Sarah Thomas,32,Columbus,2024-04-04
797,Christopher Taylor,24,Phoenix,2023-03-11
5282,John Harris,64,Sacramento,2023-03-03
6423,Mark Davis,25,Fresno,2020-05-19
5400,Elizabeth Davis,46,Milwaukee,2020-01-16
5217,Robert Brown,48,Kansas City,2025-01-27
9843,John Taylor,68,Columbus,2023-10-03
3171,Betty Taylor,53,San Diego,2021-07-27
8741,Jane Miller,35,Tucson,2024-05-20
3940,James Young,27,Austin,2021-12-13
910,Daniel Jones,21,Dallas,2022-10-24
536,Michael Anderson,60,Albuquerque,2024-01-20
5087,Daniel Harris,35,Phoenix,2023-10-28
980,Christopher Robinson,62,Oklahoma City,2022-02-11
8398,Deborah Anderson,23,Albuquerque,2020-02-26
959,Donald Miller,62,Los Angeles,2025-05-19
64,Mark Jones,52,Columbus,2023-02-05
9722,David Taylor,65,New York,2025-06-09
715,Betty Gonzalez,32,Portland,2021-07-21
5678,Anthony Brown,46,Indianapolis,2020-03-16
347,David Ramirez,53,Fort Worth,2020-05-13
5734,Amanda Lewis,26,Fort Worth,2021-07-06
8888,Daniel Garcia,35,Baltimore,2020-09-22
322,Karen Smith,29,Portland,2022-11-05
7799,Michael Williams,52,Indianapolis,2023-03-17
1613,Betty Smith,38,Jacksonville,2024-03-10
3865,Donald Anderson,49,Indianapolis,2020-01-17
2395,Dorothy Robinson,23,Milwaukee,2025-07-10
3263,Anthony Gonzalez,26,San Antonio,2022-08-06
4808,Christopher Rodriguez,40,Houston,2025-12-13
3098,David Garcia,27,Columbus,2024-07-28
5437,Jessica Moore,41,Las Vegas,2022-07-12
4583,Christopher Johnson,54,Oklahoma City,2022-12-23
7757,Jessica Gonzalez,25,San Francisco,2023-02-16
562,Deborah White,35,Indianapolis,2021-04-07
7314,Steven Anderson,42,Sacramento,2024-07-15
2068,Michael Martinez,25,Washington,2025-10-10
894,Dorothy King,37,Louisville,2022-11-10
5475,Ashley Jones,67,Houston,2024-06-01
5192,David Thomas,52,San Jose,2021-07-22
611,Betty Thompson,25,Charlotte,2020-06-09
186,Dorothy Thomas,47,Boston,2022-01-16
5263,Lisa Smith,46,Milwaukee,2021-01-06
1916,Michael Perez,68,Los Angeles,2022-04-24
8817,Jennifer Rodriguez,39,Phoenix,2024-12-01
3106,Mark Rodriguez,37,Oklahoma City,2022-09-16
4795,Emily Garcia,61,Mesa,2024-12-19
3226,Karen King,63,San Francisco,2020-02-28
