EMP_ID,EMP_NM,DEPT_CD,SAL_AMT
397,David Anderson,Research,114661
2674,Anthony Robinson,Finance,148070
1821,Betty Davis,Finance,92520
2307,Paul Ramirez,Marketing,87700
6336,Lisa Lopez,Marketing,69111
5199,Joshua White,Finance,87786
1457,Steven Wilson,Customer Service,129555
3235,Steven Martinez,Engineering,77867
9816,John Young,Legal,64436
738,Michael Moore,Marketing,113073
6498,Donald Ramirez,Legal,55122
4880,Elizabeth Thomas,Operations,64140
4393,Jane Martinez,Customer Service,120892
7925,Jessica King,HR,103319
3229,Sarah Moore,Operations,126956
3842,Andrew Taylor,Research,91669
4736,Nancy Thomas,Research,117793
2664,Robert Anderson,Operations,45486
4289,Joshua Wilson,HR,71754
1085,Jane Johnson,Sales,41620
169,Michael Rodriguez,HR,30011
8517,Dorothy Taylor,Customer Service,116558
4318,Christopher White,Customer Service,49745
9876,Karen Young,Finance,100945
8955,David Miller,HR,92115
2835,Paul Gonzalez,Legal,61747
2541,David Lopez,HR,36166
5989,Mark Brown,IT,60758
1455,David Thompson,Operations,115731
5740,Matthew Miller,Operations,88934
1727,Andrew Davis,Finance,144562
2019,Steven Lewis,Research,73436
6974,Nancy Sanchez,Legal,44294
2255,Steven Jackson,Finance,56473
3965,Daniel Ramirez,Customer Service,33426
1147,Lisa King,HR,33322
3466,Anthony Harris,IT,45177
7374,Donald Sanchez,Finance,40363
297,Jane Martin,Marketing,74908
6564,Deborah Johnson,HR,79274
9762,Anthony Garcia,Operations,76217
1022,Elizabeth Moore,Customer Service,42044
8115,Ashley Taylor,Finance,95712
653,Jennifer Perez,Finance,35879
8641,Karen Garcia,IT,136527
556,Betty Anderson,Sales,58914
8207,Betty Williams,HR,66580
2263,Anthony Lopez,Marketing,103252
8200,Betty Hernandez,Operations,94218
1879,Steven Robinson,Customer Service,84622
6831,Karen Walker,Finance,63042
9552,Betty Miller,Legal,116730
1064,David Perez,Finance,91230
4537,Karen Gonzalez,Finance,40804
5251,Mark Walker,Research,87307
952,John Thompson,Sales,109869
6507,Karen Lewis,Research,34927
6610,Michael Perez,Legal,77743
1640,Robert Sanchez,Sales,107373
5941,Anthony Jackson,Operations,132300
3013,Nancy Williams,Sales,121745
9017,Andrew Lewis,Research,76242
2795,Ashley Anderson,IT,78181
7992,Jennifer Taylor,Legal,76761
5865,Lisa Walker,Operations,127690
8708,Betty Lopez,Engineering,88450
9034,Lisa Gonzalez,IT,129442
2717,Donald Lee,HR,61941
3190,Christopher Perez,Finance,82516
7281,Emily Garcia,Finance,114471
7964,Mark Sanchez,Engineering,110853
4506,Deborah Hernandez,Sales,59801
5563,Karen Wilson,Engineering,95122
2381,Jennifer Miller,Engineering,132494
1332,Karen Young,Research,43058
2095,Michael Walker,IT,141016
9015,Paul Taylor,Legal,30200
6833,Emily Lee,Marketing,127075
1521,Elizabeth Thomas,HR,89292
7307,Anthony Miller,IT,83470
5574,Anthony Young,Marketing,149301
3052,Nancy Davis,Operations,145485
4893,Dorothy Ramirez,HR,38749
8859,Joshua Walker,Marketing,112176
3836,Lisa Anderson,Research,48201
4523,Jessica Williams,Finance,112787
6522,Nancy Harris,Operations,49272
6784,Michael Davis,Customer Service,121175
6191,Dorothy Rodriguez,IT,129244
4952,Dorothy King,Customer Service,135937
9276,Anthony Perez,Operations,41328
3030,Ashley Perez,HR,62325
8536,Steven Brown,Finance,64533
7895,Deborah Lopez,Customer Service,142896
4024,Robert Clark,HR,131680
351,Daniel Rodriguez,Finance,75304
4330,Joshua Thompson,Finance,101068
786,Jennifer Martin,Engineering,92720
6471,Mark Lewis,Customer Service,103809
2880,John White,Customer Service,63583
