EMP_ID,EMP_NM,DEPT_CD,SAL_AMT
6002,Lisa Walker,IT,66873
1852,Elizabeth Robinson,Customer Service,87834
6766,Anthony Harris,Research,46402
4990,John Jackson,Legal,94669
5645,Michael Williams,IT,90690
902,Emily Wilson,IT,34188
5505,Robert Lee,Customer Service,104588
3587,Daniel Martinez,HR,85240
1582,Ashley Wilson,Sales,57488
8496,Mark Clark,Sales,131218
2621,Amanda Young,HR,137434
1804,Andrew White,Engineering,130630
2169,Christopher Jackson,Legal,141587
6251,Christopher Lee,IT,95227
1675,Nancy Miller,Operations,47914
6833,Joshua Martinez,Engineering,111136
842,Nancy Young,Legal,59914
3570,Andrew Ramirez,IT,33121
2118,Mark Wilson,Finance,37893
5646,Sarah Miller,Engineering,91699
7331,Anthony Harris,Engineering,139408
906,Andrew Perez,Sales,135563
6305,Karen Williams,Marketing,90684
3403,Matthew Allen,Legal,138879
3451,Nancy Rodriguez,Legal,46463
2944,Karen Hernandez,IT,78239
5773,Matthew Miller,Sales,128899
1527,Joshua Thompson,Sales,50810
5168,Lisa Brown,Engineering,129364
6169,Lisa Robinson,IT,122430
3398,Joshua Miller,Sales,66166
3628,Betty Sanchez,Marketing,75294
1159,Deborah White,Sales,79350
1791,Andrew King,IT,138303
9101,Steven King,Customer Service,119720
7592,John Martinez,Engineering,58644
8613,Matthew Wilson,IT,113886
2350,Michael Hernandez,HR,149580
380,Christopher Davis,Operations,107063
9052,Jennifer Martin,Marketing,56584
5607,John Jones,Engineering,102879
1332,Christopher Jones,Finance,86208
4196,David Harris,Legal,139383
6509,John Allen,Operations,44416
5724,Dorothy Hernandez,Customer Service,149288
5951,Andrew Anderson,HR,98660
1699,Daniel Wilson,IT,82342
3643,Jane White,Finance,137345
2043,Jessica Jones,HR,74434
6687,Matthew Sanchez,Research,33727
491,David Martinez,Customer Service,114986
9564,Elizabeth Harris,Legal,60961
8969,Andrew Moore,Finance,135755
7829,Elizabeth Walker,Marketing,38846
636,Elizabeth Wilson,Legal,72611
4416,Mark Lee,Finance,127971
56,Mark Young,Research,34953
8632,Betty Harris,Marketing,53509
5437,Jane Young,Legal,69807
7397,Donald Hernandez,Operations,34726
373,Michael Hernandez,Customer Service,131613
8600,Anthony Robinson,IT,103687
6974,Donald Lewis,Sales,102550
483,Karen Gonzalez,HR,138288
3005,Karen Rodriguez,Customer Service,90861
279,Paul Hernandez,Finance,98159
4783,Lisa Anderson,HR,111785
3980,Joshua Gonzalez,Sales,52536
6271,Deborah Lewis,Finance,87069
9070,Andrew Jones,Research,80754
384,Jennifer Wilson,Legal,41045
6134,Ashley Lewis,Legal,52829
1550,Nancy Perez,Sales,109848
9492,Karen Thomas,IT,113377
3954,James Smith,Engineering,65647
4982,Jane Robinson,Sales,147225
5132,Dorothy Hernandez,Engineering,100053
8695,Karen Johnson,Finance,62524
8794,James Brown,Legal,114719
2151,Mark Clark,Sales,121429
4981,Betty Taylor,Research,46091
9561,Amanda Miller,Engineering,85399
2191,Daniel Wilson,Legal,38012
3386,James Martinez,Marketing,123096
2148,Jennifer Miller,IT,132182
9562,John Allen,IT,47181
3919,Sarah Ramirez,Research,30772
7538,Betty Jones,Customer Service,139315
377,Lisa Young,Customer Service,136275
6362,Karen Williams,Marketing,112321
4056,Emily Johnson,Finance,108906
2810,Mark Smith,Marketing,100338
7291,David Allen,IT,51557
3219,Mark Jackson,Marketing,42456
8438,David Smith,HR,107928
9530,Lisa Walker,Operations,49065
203,Sarah Young,Legal,147448
192,Matthew Lee,Finance,83330
7116,Sarah Moore,Legal,70404
8411,Joshua Williams,Operations,107291
