EMP_ID,EMP_NM,DEPT_CD,SAL_AMT
6860,Emily Jones,Legal,97044
6363,Donald Garcia,Legal,46605
1371,Michael Young,Engineering,68080
3590,Michael Miller,Operations,66692
7717,Dorothy Lopez,IT,103675
7851,Christopher Perez,Sales,84796
3544,Daniel Clark,Operations,135305
6744,Jessica Williams,IT,41280
6264,Christopher Perez,Research,59114
5243,Emily Jones,Marketing,117343
657,Jennifer Wilson,Marketing,120259
4010,Elizabeth Gonzalez,Operations,114252
3912,Steven Jackson,Engineering,85905
1301,Robert Jackson,Customer Service,58543
5648,Sarah Walker,IT,106844
556,Sarah Johnson,Marketing,103265
3124,Emily Robinson,Engineering,147968
528,Robert Anderson,Operations,76795
7501,Steven Williams,Research,125767
2519,Steven Lee,Sales,64058
3232,Nancy Harris,Customer Service,86270
5394,Dorothy Thomas,Finance,96768
1284,Joshua Lee,Finance,146579
7426,Jessica Walker,HR,127896
8544,Donald Young,Engineering,115663
4080,Lisa White,IT,41325
3092,Deborah Ramirez,IT,105624
6954,Jessica Lee,Sales,56902
8326,Donald Lewis,Research,142894
5129,Matthew White,Operations,47542
2109,Jennifer Harris,Research,126673
2084,Jessica Walker,IT,47831
4844,Nancy Jackson,Finance,40927
4647,Donald Taylor,Sales,114441
8785,James Lewis,Engineering,68488
2765,Nancy Harris,Sales,34479
3895,Emily Williams,Finance,136987
3322,Amanda Williams,Research,115514
5314,Karen Thompson,Legal,64228
9664,Betty Taylor,Finance,90387
1684,Karen Smith,Operations,125601
856,Ashley Hernandez,Operations,81305
7349,Matthew Johnson,Marketing,141415
5517,Jane Moore,IT,88533
3837,Nancy Moore,Engineering,81446
1122,Jessica Johnson,Operations,114238
401,Emily Young,Research,129658
7938,Robert Robinson,Customer Service,112807
9668,Sarah Ramirez,Customer Service,40567
445,Matthew Taylor,HR,30263
3850,James Martin,IT,58854
9962,Jessica Johnson,IT,83166
7963,Emily Wilson,Finance,42706
5948,Nancy Jackson,Research,90624
4618,Mark Jones,Legal,89252
6095,Donald Williams,Research,104321
8317,Robert Martin,Legal,48444
3783,Mark Thomas,Sales,125049
2377,Paul Ramirez,Legal,133562
8123,Jessica Johnson,Customer Service,122589
4599,Sarah Robinson,Operations,87200
2736,Andrew Brown,Customer Service,46587
9627,Elizabeth Miller,Research,72022
7197,Andrew Davis,Legal,123870
3725,Emily Jones,Customer Service,65821
8008,Christopher Young,Research,82727
8314,Betty Smith,HR,96633
5934,Karen Jackson,Research,103913
457,Dorothy Taylor,Research,123558
5265,Betty Jones,Research,92821
4976,Lisa Lee,HR,136592
6771,Deborah Thomas,Research,135897
3505,Christopher Thompson,Legal,96930
4077,Betty Perez,Legal,66076
9902,Donald Williams,Legal,103978
4669,Jane Brown,Marketing,63108
9977,Mark Williams,Legal,38764
1467,Amanda Young,HR,109428
813,Daniel Lee,Marketing,143706
6025,Steven Allen,Finance,113083
1574,Karen Ramirez,Customer Service,81336
5103,David Johnson,Research,116554
5744,Sarah Davis,IT,93628
7309,Mark Brown,IT,102604
170,Emily Lopez,HR,76821
7918,Joshua Martin,HR,84235
3286,Robert Wilson,Sales,143071
2027,Andrew Young,Finance,95305
435,Jennifer Martin,Legal,61470
7268,John Taylor,IT,67417
2186,Jessica Allen,Research,79206
4059,Jennifer Lewis,Finance,61757
2914,David Smith,Operations,32940
2699,Elizabeth White,Customer Service,34836
1213,Lisa Wilson,Finance,103682
8671,Jane King,Sales,58063
688,James Lopez,Engineering,137483
2729,Betty Rodriguez,Customer Service,60982
7704,Jessica Wilson,Research,118820
4880,David Moore,HR,95942
