C_ID,C_NAME,AGE_YRS,LOC_CD,REG_DT
4629,John Sanchez,57,Tucson,2024-06-16
8660,Michael Robinson,25,Boston,2024-09-01
3685,Michael Johnson,22,Kansas City,2024-05-25
3215,Jessica White,52,Indianapolis,2024-10-22
6484,Elizabeth Williams,21,Philadelphia,2020-03-03
564,Sarah Martinez,61,Portland,2025-09-10
8964,Lisa Garcia,47,Columbus,2024-05-16
1863,Dorothy Ramirez,19,Nashville,2025-01-24
6561,Paul Martinez,25,Denver,2021-03-13
5195,Dorothy Jones,30,San Diego,2025-08-03
9279,Jessica White,60,Tucson,2025-11-12
2402,Nancy Young,20,Milwaukee,2022-02-12
2607,Amanda Lopez,60,Los Angeles,2020-03-11
1346,Jennifer Robinson,22,Houston,2023-05-16
3594,Ashley Harris,64,Mesa,2021-03-18
1981,Anthony Thompson,31,Charlotte,2021-08-07
7712,Nancy Lee,35,Nashville,2020-06-28
9177,Jessica Lopez,36,Tucson,2022-10-05
4601,Dorothy Wilson,59,Milwaukee,2024-12-06
4603,Nancy King,67,Houston,2024-02-19
63,Betty Walker,61,Boston,2023-03-03
843,David Thomas,21,Charlotte,2024-03-17
901,David Lopez,68,Austin,2020-01-10
1511,Jessica Thompson,43,Fresno,2024-10-10
6990,Christopher Jones,32,Boston,2025-09-08
5962,Joshua White,43,Boston,2023-09-08
8859,Mark Jones,28,Charlotte,2021-06-03
5619,Deborah Hernandez,59,Phoenix,2021-08-27
9469,Andrew Smith,66,Columbus,2023-07-02
8143,Jessica Taylor,66,Louisville,2025-11-09
6309,Deborah Lee,34,New York,2025-02-21
8408,Jane Sanchez,43,Boston,2022-09-04
4337,Michael Moore,21,Jacksonville,2022-10-07
1026,Emily Gonzalez,45,Denver,2022-02-15
2413,Matthew Martin,46,Nashville,2021-07-08
1962,Christopher Thomas,23,San Jose,2022-06-08
9656,James Anderson,28,Philadelphia,2024-09-10
2248,Sarah Hernandez,35,San Francisco,2025-11-02
7619,Daniel Johnson,59,Sacramento,2023-10-12
8263,Matthew Lewis,35,Kansas City,2021-02-17
4498,Jane Allen,36,Boston,2022-05-03
4270,Deborah Martin,56,Kansas City,2025-04-08
3510,Steven Taylor,37,Denver,2025-02-08
3907,Nancy Williams,22,Houston,2020-09-20
7497,James Taylor,50,Denver,2023-02-28
1510,Joshua Moore,66,Denver,2025-01-01
2298,Mark White,20,Louisville,2022-03-28
3564,Betty Clark,38,Louisville,2023-08-04
5580,Joshua Brown,23,Denver,2023-08-11
3628,Christopher Harris,66,Kansas City,2023-03-14
797,Anthony Gonzalez,23,Boston,2025-06-15
2290,Joshua Smith,37,Los Angeles,2020-04-07
1507,Karen Martin,18,Jacksonville,2021-12-25
2942,John King,51,Baltimore,2024-05-10
5621,Dorothy Smith,34,Fort Worth,2022-01-12
69,Matthew Harris,41,San Diego,2020-06-26
9861,Betty Allen,50,Washington,2023-08-10
1732,Sarah Martin,48,Mesa,2020-04-01
5673,Deborah Harris,61,Mesa,2020-12-14
1471,Deborah Miller,41,San Antonio,2023-09-18
6367,Lisa Taylor,36,Houston,2021-01-01
8442,Lisa Young,44,Portland,2024-10-06
9925,James Young,34,Portland,2020-11-09
5489,Nancy Miller,56,Denver,2024-01-21
129,Jane Anderson,54,Washington,2020-12-06
3935,Sarah Walker,42,New York,2023-11-04
1378,Jennifer Jones,34,Nashville,2023-02-10
1262,Ashley Allen,45,Baltimore,2020-09-27
7651,Michael Smith,28,Boston,2021-05-14
8164,Elizabeth Clark,18,Philadelphia,2022-04-24
6642,Michael Allen,63,Fresno,2025-07-28
4455,Christopher Clark,29,Houston,2024-11-23
1874,Elizabeth Walker,48,Phoenix,2020-01-24
200,Paul Thompson,25,Boston,2020-09-18
5139,Joshua Allen,47,Sacramento,2025-06-13
