EMP_ID,EMP_NM,DEPT_CD,SAL_AMT
9466,Jane Miller,Research,139818
6746,Paul Rodriguez,Engineering,136217
5408,Michael Martinez,Operations,128989
7934,Christopher Harris,Marketing,111478
8264,Matthew Perez,Legal,120254
8385,Anthony Lee,Operations,127633
5295,Donald Clark,IT,107868
4379,Betty Gonzalez,Customer Service,97584
3698,Sarah Brown,IT,147721
3488,Donald Jackson,IT,47233
7692,Joshua Allen,Customer Service,45986
2574,Karen King,Sales,69181
2063,Mark Sanchez,Legal,80093
7720,Matthew Thompson,IT,70426
18,Paul Thomas,Sales,30415
8794,Nancy Ramirez,Legal,123020
6319,David Young,HR,123883
2084,Dorothy Miller,Sales,129869
7970,David Moore,Sales,80066
3527,Christopher Smith,Research,117067
342,Emily Jackson,HR,104690
7660,Donald Williams,Legal,47629
1651,Deborah Smith,Legal,131213
9364,Michael Lopez,Research,48386
1439,Lisa Clark,Operations,36543
7816,Betty Allen,Sales,109965
111,Robert Lee,Legal,128475
805,Matthew Williams,Marketing,94601
4348,David White,Engineering,45379
3769,Jennifer Moore,HR,90463
118,Lisa Lewis,Marketing,34457
1764,Christopher Lewis,Customer Service,54813
3455,Mark Jones,Finance,55719
818,Michael Williams,IT,116993
1221,Andrew Clark,Research,83523
7002,Jane Jackson,Legal,60735
8240,Deborah Lee,IT,84633
8285,Dorothy Martin,Legal,143273
6509,Jane Taylor,Customer Service,144200
2503,Daniel Thomas,Engineering,54196
3913,Joshua Lewis,Operations,45611
8758,Mark Clark,Legal,88384
90,Elizabeth Martin,Research,126002
9043,Amanda Young,Legal,49045
1038,Daniel Sanchez,Marketing,98190
3308,Andrew Perez,Customer Service,62887
9317,Christopher Williams,IT,135731
9612,Elizabeth Sanchez,Operations,127626
3953,Anthony Lee,Finance,111273
7427,Christopher Sanchez,Finance,71136
2687,Emily Lopez,Operations,97976
3781,Jennifer Smith,Research,58177
6010,Jessica Young,Research,138002
6948,Joshua Lee,Sales,99359
4680,Matthew Robinson,Research,57786
2799,Michael Hernandez,Legal,110901
7321,Paul Allen,Operations,143683
7483,Lisa Davis,Sales,82352
7551,Jennifer Thompson,Research,31657
1003,Matthew Smith,Operations,116083
9207,Christopher Davis,Marketing,91827
5451,Michael Sanchez,Engineering,42229
7585,James Martinez,IT,67438
8302,Robert Johnson,Customer Service,120609
3117,David Martinez,Engineering,56911
1374,Andrew Perez,Sales,149457
5978,Nancy Walker,Finance,138219
6073,Sarah Harris,IT,78325
8586,Donald Johnson,Legal,131821
3574,Jennifer Thompson,Legal,66816
6889,Emily Clark,Marketing,63820
5384,Donald Johnson,Research,67329
1623,Amanda Martin,Engineering,59423
8305,Deborah Lee,Sales,127835
8428,Daniel Jones,Customer Service,86906
935,Jessica Taylor,HR,31745
1416,Matthew Brown,IT,90079
7942,Ashley Lee,Marketing,106204
3957,Paul Smith,IT,115696
2946,Jessica Jackson,Research,71623
3111,Lisa Clark,Finance,39732
3423,Steven Jackson,Sales,130687
267,Ashley Smith,Research,125582
3765,Michael Hernandez,Finance,31192
5302,David Lewis,Legal,56386
6980,Elizabeth Sanchez,Finance,95070
5634,Daniel Garcia,Sales,88672
5108,Nancy Rodriguez,HR,46417
4864,Lisa Allen,Legal,90623
2408,David White,Finance,106357
4623,Karen Wilson,Finance,92877
5967,Steven Williams,IT,138321
5043,Jessica Johnson,Operations,93956
3023,Dorothy Smith,HR,71971
7821,Paul Thomas,Marketing,79222
8873,Joshua Johnson,Research,45194
7370,Lisa Rodriguez,Operations,50056
122,Michael Miller,Engineering,132277
5562,Michael Harris,Legal,91862
4590,David Davis,Legal,111155
