C_ID,C_NAME,AGE_YRS,LOC_CD,REG_DT
5199,Nancy Walker,23,Columbus,2021-10-28
5904,Mark Robinson,54,San Diego,2023-11-14
8978,Ashley Sanchez,42,Nashville,2020-09-01
3713,Ashley Johnson,41,Houston,2023-09-20
6179,Lisa Robinson,68,Charlotte,2024-08-16
1909,Jane Davis,23,Portland,2023-09-14
5460,Donald Thompson,26,Phoenix,2021-07-11
9761,Joshua Thompson,60,Las Vegas,2022-05-14
1775,Jennifer Moore,53,Austin,2023-09-22
5485,Anthony Jones,27,Columbus,2020-09-20
537,Mark Jackson,34,Los Angeles,2024-07-05
9285,Jennifer Johnson,36,Boston,2020-03-19
3800,Lisa Wilson,55,Kansas City,2021-06-04
737,Karen Williams,55,San Antonio,2023-03-21
4784,Robert Jackson,29,Fort Worth,2025-10-22
164,Deborah Ramirez,67,Philadelphia,2024-01-05
3092,Elizabeth Allen,19,Tucson,2023-12-06
2876,Karen Ramirez,64,Kansas City,2021-07-01
9588,Lisa Garcia,67,Phoenix,2021-11-26
9061,Karen Gonzalez,23,Oklahoma City,2022-12-05
5026,James Miller,20,San Jose,2020-05-19
9546,Jessica Allen,66,San Jose,2023-08-23
659,Michael Moore,62,Charlotte,2022-06-24
8583,Anthony Walker,34,Phoenix,2022-01-22
7016,David Martinez,27,Washington,2025-09-17
9237,James Wilson,29,Seattle,2025-12-02
9975,Mark Martinez,60,Baltimore,2021-05-04
7136,Elizabeth Anderson,20,Kansas City,2023-11-02
2263,John King,31,Charlotte,2023-05-03
8182,Michael Jones,21,Charlotte,2023-09-17
6922,Emily Anderson,54,Seattle,2024-05-23
3899,Joshua Jackson,38,Sacramento,2021-08-23
4374,Anthony Anderson,56,San Francisco,2023-06-18
9163,Mark Gonzalez,51,New York,2020-07-22
5711,Betty Young,36,Nashville,2025-01-28
1701,Robert Jones,31,Los Angeles,2022-04-15
9214,Michael Clark,37,Charlotte,2024-03-06
9184,Dorothy Thomas,58,Mesa,2023-04-06
1259,Sarah Martinez,24,Charlotte,2025-02-07
209,Betty Sanchez,28,Nashville,2020-03-21
5799,Andrew Allen,43,Indianapolis,2025-01-27
6498,Karen Jackson,59,Fresno,2023-05-23
8773,Nancy Lewis,51,Austin,2023-01-22
334,Mark Lopez,23,Philadelphia,2024-09-20
3782,Matthew Sanchez,51,Indianapolis,2020-04-20
4205,Matthew Robinson,57,Austin,2025-04-02
2143,John Clark,58,Phoenix,2021-01-27
2777,Nancy Gonzalez,49,Washington,2021-08-04
3370,Jennifer Allen,19,San Diego,2024-04-11
3403,Elizabeth Brown,23,Mesa,2024-09-08
2073,Andrew Harris,34,Mesa,2021-11-09
3053,Deborah Harris,22,Seattle,2021-03-01
5658,Jennifer Miller,29,Baltimore,2023-08-03
5171,James Johnson,28,Portland,2020-09-24
5741,Betty Taylor,43,Washington,2024-08-18
5141,John Garcia,58,New York,2020-12-14
9952,Jessica Jones,22,San Antonio,2024-07-19
8322,Dorothy Thomas,19,San Diego,2025-04-17
1924,Matthew Moore,69,Boston,2023-07-28
6830,Lisa Thomas,31,Indianapolis,2024-04-14
8492,Matthew Ramirez,65,Nashville,2025-11-05
6289,Dorothy Young,36,San Antonio,2025-11-24
773,Steven White,66,Fort Worth,2025-11-23
465,Lisa Lee,48,Jacksonville,2023-08-10
4437,Michael Lewis,36,Chicago,2025-12-09
9109,Ashley Lee,34,Charlotte,2022-06-15
8582,Matthew Johnson,58,Fort Worth,2023-10-20
7480,Daniel Moore,66,Portland,2021-01-17
8774,Joshua Harris,34,Jacksonville,2023-04-18
9669,Dorothy King,28,Boston,2020-08-12
7004,Karen Lopez,44,Fort Worth,2023-07-12
1994,James Miller,65,Los Angeles,2021-12-03
9413,Sarah Ramirez,66,New York,2023-03-17
6155,Nancy Walker,63,Charlotte,2022-08-05
8701,Karen King,26,Tucson,2021-05-21
