C_ID,C_NAME,AGE_YRS,LOC_CD,REG_DT
876,Paul Young,54,Kansas City,2024-03-04
3603,Jessica King,23,Baltimore,2020-10-25
6020,Dorothy Clark,33,Nashville,2022-07-08
4460,John Gonzalez,25,Fort Worth,2020-03-11
4885,Michael Robinson,46,Baltimore,2020-04-04
5728,Jessica Harris,61,Jacksonville,2024-12-12
441,Lisa Lee,43,Indianapolis,2023-08-26
5630,Amanda Taylor,70,Baltimore,2024-07-22
1863,Michael Allen,44,Phoenix,2020-02-04
29,James Taylor,54,Nashville,2023-11-06
7177,Lisa Jones,23,Indianapolis,2021-09-17
9477,Anthony Rodriguez,42,Seattle,2023-10-15
8914,Jessica Robinson,25,New York,2022-06-21
1377,Elizabeth Smith,39,Chicago,2022-09-03
8330,Anthony Moore,31,Oklahoma City,2024-10-10
2255,Amanda Wilson,33,Portland,2025-08-22
4291,Paul Moore,26,Baltimore,2022-05-07
5124,Mark Thomas,63,Tucson,2022-11-11
9304,Deborah Lee,45,Nashville,2025-09-23
4898,Ashley Davis,46,San Antonio,2020-08-09
7530,Elizabeth Hernandez,44,New York,2025-08-14
1221,Steven Brown,44,Dallas,2023-12-07
9655,Joshua Harris,63,Phoenix,2021-06-08
9884,Joshua Lopez,65,Columbus,2023-11-01
4697,Karen Allen,44,Boston,2023-09-27
3383,Jennifer Thompson,50,Portland,2023-03-09
9322,Ashley Robinson,57,San Antonio,2020-01-23
8714,Lisa Sanchez,45,Fort Worth,2020-12-22
5156,John Lewis,46,Fresno,2024-07-06
7060,Anthony Thompson,69,Boston,2023-12-14
9860,John Smith,19,Sacramento,2021-03-15
4012,Deborah Walker,60,San Diego,2024-01-03
9736,James Miller,42,San Jose,2024-01-25
1732,Andrew Taylor,19,Austin,2021-01-04
2326,Elizabeth Anderson,26,Denver,2023-06-15
704,Paul Miller,42,Fort Worth,2022-08-19
5771,Dorothy Walker,34,Sacramento,2022-11-09
4494,Karen Thompson,45,Seattle,2023-12-12
2953,Amanda Jones,52,Boston,2025-11-18
6241,Robert Smith,18,Albuquerque,2023-07-19
8060,Andrew Lopez,27,Jacksonville,2021-09-24
9380,Jane Jones,52,Charlotte,2021-04-16
8254,Ashley Martin,70,Portland,2021-12-24
7970,John White,67,Albuquerque,2023-03-20
5496,Jessica Martinez,58,Dallas,2024-10-18
7826,Paul Smith,39,Phoenix,2020-06-23
5632,Lisa Wilson,51,Las Vegas,2025-04-08
2201,Christopher Robinson,64,Charlotte,2024-01-11
1715,Lisa Robinson,47,Washington,2024-05-19
6134,Elizabeth Robinson,60,San Diego,2021-12-28
782,Joshua Garcia,43,San Diego,2021-03-05
5147,Emily Anderson,56,Charlotte,2021-09-22
6513,Betty Miller,51,Tucson,2020-12-18
1146,Christopher Perez,54,Seattle,2020-07-10
9717,Michael Miller,46,Columbus,2021-11-14
4273,Matthew White,34,Los Angeles,2021-04-24
6857,Jessica Lee,37,Louisville,2020-12-25
7689,Anthony Harris,51,San Francisco,2023-02-09
2297,Emily Lopez,18,Mesa,2023-01-03
2320,Lisa Johnson,58,San Antonio,2023-05-09
2458,Lisa Lewis,43,Boston,2024-11-14
6648,Robert Martin,43,Las Vegas,2024-05-10
4805,Emily Hernandez,19,New York,2023-11-16
4588,Jessica Moore,40,Nashville,2020-10-24
7137,Daniel Lewis,32,Portland,2025-02-01
2180,Elizabeth Williams,38,Mesa,2020-11-24
8854,Robert Anderson,48,Chicago,2020-08-08
3116,Jessica White,21,Fort Worth,2025-01-06
9027,Christopher Jackson,19,Fort Worth,2022-04-03
618,Jane Johnson,59,Indianapolis,2020-09-16
311,John Robinson,23,Fresno,2020-01-12
3856,Dorothy Clark,44,Fort Worth,2022-08-02
4671,Lisa Hernandez,50,Kansas City,2025-08-23
6931,Paul Lewis,54,Fresno,2024-04-26
2213,Christopher Lopez,49,Albuquerque,2021-10-10
