C_ID,C_NAME,AGE_YRS,LOC_CD,REG_DT
3189,Andrew Miller,42,San Francisco,2024-05-10
5783,Lisa Walker,31,Los Angeles,2024-07-17
7676,Nancy Thompson,52,Albuquerque,2021-10-26
1305,John Brown,18,Indianapolis,2020-01-26
3299,Paul Perez,30,Phoenix,2021-08-22
3573,Nancy Lewis,68,Washington,2020-05-23
3970,John Robinson,52,San Francisco,2021-11-19
2853,Robert King,57,Milwaukee,2025-10-16
2911,Ashley Gonzalez,48,San Francisco,2024-10-07
6922,Jessica Thomas,68,Austin,2021-11-06
99,Joshua Williams,46,Louisville,2023-09-23
896,Mark Sanchez,39,Kansas City,2021-11-03
3698,Lisa Martin,51,Philadelphia,2022-12-16
9678,Nancy Garcia,20,New York,2022-01-05
7012,Christopher Martin,47,Boston,2022-01-19
3824,Michael Martin,42,Philadelphia,2024-03-14
7619,David White,39,Chicago,2022-10-05
4932,Anthony Robinson,30,Dallas,2022-06-02
202,Dorothy Perez,58,Sacramento,2022-07-26
3700,Nancy Jackson,57,Las Vegas,2020-03-26
5863,David Jones,56,Dallas,2022-06-11
2200,Jessica Gonzalez,39,Jacksonville,2023-02-26
3783,Robert Walker,22,Philadelphia,2022-12-26
6886,Jessica Perez,35,Washington,2025-05-27
9927,Paul Moore,42,Charlotte,2025-07-15
5389,Karen Lewis,51,New York,2021-02-09
9443,Steven Miller,56,Boston,2022-04-25
5004,Christopher King,48,Chicago,2022-12-28
5216,Amanda Young,46,Chicago,2021-12-19
2913,Emily Martinez,58,Chicago,2023-04-15
8564,Paul Williams,52,San Jose,2021-07-22
2014,Dorothy Robinson,39,Boston,2025-02-19
8074,Dorothy Lopez,57,San Francisco,2021-03-14
4737,Anthony Lewis,67,San Antonio,2022-08-07
8849,Sarah Robinson,36,Chicago,2024-06-16
4184,Lisa Davis,47,Seattle,2024-07-03
7206,Nancy Thompson,31,Seattle,2021-06-10
5477,Deborah King,52,Jacksonville,2023-09-21
7034,Betty Anderson,54,Mesa,2020-08-19
7166,Deborah Ramirez,32,Fresno,2020-07-26
6016,Betty Anderson,65,San Francisco,2020-06-18
9339,Elizabeth Anderson,58,Dallas,2023-09-01
6714,Ashley Gonzalez,62,San Jose,2021-01-07
5455,Michael Gonzalez,47,Denver,2025-04-12
5643,Lisa Sanchez,40,San Jose,2022-12-28
787,Elizabeth Sanchez,43,San Antonio,2021-01-26
879,Robert Smith,28,San Antonio,2021-06-21
4633,Mark Lewis,27,Los Angeles,2021-04-16
8731,John Lopez,50,Nashville,2023-02-01
5559,Mark Davis,53,Chicago,2020-08-02
8893,Jennifer Clark,70,Washington,2023-08-18
7803,Robert Wilson,35,Indianapolis,2024-04-28
3780,Anthony Taylor,26,San Antonio,2023-04-07
3576,Dorothy Thomas,31,San Jose,2021-10-06
386,Andrew Gonzalez,19,Portland,2023-07-01
1596,Steven Jackson,44,Fort Worth,2022-07-24
9382,Betty King,30,Jacksonville,2023-12-02
4532,James Thompson,26,Fresno,2025-10-17
5229,Anthony Taylor,46,Seattle,2024-05-01
470,Sarah Ramirez,35,Boston,2021-05-17
2706,Lisa White,43,Fort Worth,2021-03-09
8447,Nancy White,34,Milwaukee,2025-04-17
6156,John Rodriguez,35,Nashville,2022-06-09
9477,Betty Lopez,64,Houston,2022-10-18
3660,Karen Perez,43,San Jose,2021-06-26
4111,Michael Davis,47,Sacramento,2021-08-04
5539,Matthew Sanchez,39,San Jose,2023-07-25
5473,Sarah Jackson,46,Philadelphia,2025-12-05
3072,Mark Thomas,25,San Antonio,2024-12-11
5277,Daniel Allen,64,Dallas,2020-10-10
1813,James Gonzalez,41,Washington,2021-02-24
7997,Karen Jones,67,Sacramento,2024-09-08
4107,Jane Lewis,46,Tucson,2020-08-09
2409,Lisa King,34,Houston,2020-11-03
7273,Betty Robinson,21,San Jose,2020-10-25
