C_ID,C_NAME,AGE_YRS,LOC_CD,REG_DT
3968,Lisa Martinez,55,Los Angeles,2021-09-02
9450,Jessica Hernandez,23,Boston,2021-09-25
4328,Deborah Jones,58,Phoenix,2020-03-27
9210,Jessica Harris,24,Oklahoma City,2022-09-01
6660,Mark Miller,61,Denver,2022-11-11
259,Lisa Wilson,37,Albuquerque,2025-09-26
2507,Lisa Anderson,29,Louisville,2025-05-28
7363,Christopher Martin,50,Indianapolis,2021-02-08
5720,John Walker,56,Denver,2020-10-10
5284,Ashley Harris,25,Columbus,2021-03-22
42,Robert Walker,21,Washington,2022-08-15
6917,Sarah Martin,39,San Antonio,2024-07-24
6464,Karen Martin,31,Phoenix,2022-08-23
6021,Lisa Smith,59,Chicago,2021-08-28
5553,Andrew Harris,61,Charlotte,2020-07-08
3117,Betty Martin,51,Columbus,2022-08-17
8952,Michael Jackson,34,Charlotte,2024-07-02
4739,Donald Jackson,42,Oklahoma City,2025-08-27
50,Robert Lee,40,Boston,2022-04-04
56,John King,27,Fort Worth,2021-07-22
8643,Nancy Jackson,51,Chicago,2025-10-02
2735,Elizabeth Gonzalez,50,San Jose,2022-06-12
5755,Michael Taylor,51,Phoenix,2024-11-05
9198,Steven Clark,30,Milwaukee,2025-06-28
3231,Nancy Brown,52,Mesa,2025-06-12
3945,Jennifer Wilson,53,San Jose,2023-09-26
1981,Michael Sanchez,25,Fresno,2020-04-19
3703,Deborah Sanchez,59,Indianapolis,2020-05-20
5211,Matthew Perez,18,Houston,2025-01-08
3699,Ashley Gonzalez,63,Las Vegas,2022-02-07
182,Andrew Lee,64,Portland,2020-01-22
7239,Amanda Jones,53,Mesa,2020-06-24
3398,Donald Robinson,25,Fort Worth,2022-10-18
5687,Michael Rodriguez,58,Dallas,2023-05-01
3804,Matthew Moore,21,Portland,2023-08-24
920,Jessica Robinson,27,Phoenix,2025-02-14
7517,Lisa Martin,34,Philadelphia,2024-07-26
6284,Jessica Ramirez,61,Philadelphia,2025-05-20
7683,Mark Martin,53,Indianapolis,2022-06-15
2198,Jessica Sanchez,26,Tucson,2020-08-25
3645,John Clark,37,Sacramento,2023-12-18
6607,Amanda Anderson,23,San Diego,2024-07-01
9044,Jane Lewis,50,San Antonio,2022-09-15
3341,Mark Robinson,60,Charlotte,2022-12-28
6698,Paul Davis,47,Austin,2022-08-02
246,Nancy Gonzalez,35,Denver,2022-08-02
2582,Anthony Wilson,19,Indianapolis,2020-06-28
6069,Andrew Jackson,65,Los Angeles,2023-04-24
2604,Dorothy Williams,57,San Diego,2021-02-28
1948,Jane Martinez,29,Los Angeles,2023-06-05
3007,Matthew Lee,39,San Jose,2025-12-07
5581,Lisa White,36,Dallas,2025-04-03
9254,Robert Garcia,28,Sacramento,2024-01-12
1915,Paul Martin,54,Columbus,2023-08-26
4914,Steven Garcia,24,Kansas City,2025-03-27
3133,Andrew Taylor,30,Portland,2021-01-18
8473,Emily Lee,47,Phoenix,2024-02-28
9735,Daniel Lee,64,New York,2025-04-26
9582,Sarah Clark,65,Tucson,2022-12-05
1513,Elizabeth Brown,56,Chicago,2025-12-22
4792,Lisa Gonzalez,58,Philadelphia,2022-09-14
5846,Robert Smith,53,Portland,2021-09-24
4582,Nancy Taylor,32,Louisville,2022-10-03
2655,Ashley King,19,Kansas City,2023-02-24
7242,Amanda Walker,26,Mesa,2020-01-21
2946,David Davis,59,San Francisco,2020-11-01
1012,Elizabeth Wilson,60,Mesa,2023-03-06
561,Betty Hernandez,66,Washington,2022-11-18
7405,Jane Robinson,62,New York,2025-12-23
505,Emily Davis,64,Las Vegas,2020-08-23
7059,Dorothy Walker,63,Austin,2020-08-19
9405,Emily Robinson,29,Washington,2022-10-14
8030,Ashley Sanchez,58,Indianapolis,2025-09-18
6612,Michael Johnson,54,Louisville,2025-10-24
4338,Paul Rodriguez,27,San Diego,2022-01-10
