C_ID,C_NAME,AGE_YRS,LOC_CD,REG_DT
4556,Jane White,33,Boston,2020-06-14
8560,Nancy Ramirez,26,Tucson,2022-12-04
4898,Ashley Thompson,29,Fort Worth,2025-07-04
1533,Dorothy Lopez,61,Charlotte,2021-03-07
2384,Steven Robinson,22,Washington,2023-11-14
1654,Joshua Lee,49,Louisville,2020-10-18
906,Elizabeth Thompson,47,Kansas City,2022-11-18
1973,Jane Johnson,49,San Jose,2020-06-04
4432,Daniel Ramirez,24,Sacramento,2023-12-17
2874,Christopher Allen,47,Philadelphia,2021-08-18
5156,Lisa Jones,23,Chicago,2020-06-24
4056,Mark Walker,51,Austin,2021-07-17
1034,Anthony Sanchez,41,Los Angeles,2021-02-03
7426,Joshua Moore,33,Columbus,2021-08-15
4428,Robert Brown,23,Philadelphia,2025-08-27
9216,Lisa Moore,31,Boston,2021-09-17
6492,Ashley Taylor,39,San Diego,2020-02-05
3084,Jane Wilson,25,Las Vegas,2021-03-14
6541,Betty Clark,51,Fort Worth,2020-12-12
8945,Paul Taylor,55,New York,2025-08-16
4980,Andrew Perez,55,Louisville,2022-10-27
4774,Lisa Sanchez,37,Jacksonville,2021-09-12
8015,Dorothy Miller,27,Las Vegas,2023-09-16
8555,Christopher King,34,San Francisco,2022-04-07
6262,Lisa Moore,22,Albuquerque,2021-12-06
3915,Paul Perez,43,Seattle,2022-02-12
5662,Donald Allen,28,Las Vegas,2020-12-13
8640,Jennifer Walker,69,San Francisco,2021-08-13
4815,David Jones,54,Indianapolis,2023-06-15
4177,Jennifer Thompson,70,Milwaukee,2021-05-10
1163,Robert Moore,53,Boston,2021-11-22
9665,Donald Allen,54,Seattle,2021-07-09
3964,Joshua King,28,Kansas City,2024-08-04
5079,Ashley Perez,49,Albuquerque,2021-04-21
6453,Karen Garcia,54,New York,2020-04-25
9615,Paul Johnson,55,New York,2023-01-01
5102,Matthew Wilson,53,Charlotte,2021-03-26
9918,Jennifer Hernandez,57,Louisville,2024-06-02
9294,Jane Allen,27,Kansas City,2025-11-09
109,Elizabeth Ramirez,43,San Antonio,2021-07-06
5267,Jane Taylor,27,Baltimore,2025-08-13
5618,Robert Ramirez,35,Los Angeles,2021-06-21
3680,Andrew White,57,Phoenix,2025-11-04
1431,Jessica Allen,69,Seattle,2024-05-25
8977,Sarah Taylor,52,Nashville,2023-04-17
2302,Nancy Hernandez,57,Philadelphia,2025-08-11
9789,Jessica Thomas,53,Austin,2021-07-27
6062,Joshua Clark,24,Fort Worth,2023-06-07
4306,Sarah Rodriguez,68,Kansas City,2020-08-01
248,Mark Smith,23,Milwaukee,2024-07-20
6877,Jennifer Jackson,50,Oklahoma City,2021-11-16
6395,Jessica Garcia,50,Philadelphia,2023-10-12
2848,Betty Martinez,70,Jacksonville,2024-07-12
1245,Michael Taylor,32,San Antonio,2023-09-08
8962,Dorothy Brown,24,Mesa,2022-06-04
5422,Anthony Smith,59,San Jose,2025-06-16
9453,Lisa Jones,61,Columbus,2020-01-25
2962,Sarah Davis,69,Austin,2025-07-25
9788,Dorothy Moore,63,San Antonio,2020-10-23
7544,Robert Hernandez,40,Philadelphia,2022-12-03
3160,Nancy Perez,30,Louisville,2022-04-04
1346,Lisa Harris,42,Austin,2020-12-20
512,James Lopez,41,Houston,2020-09-21
1541,Lisa Walker,54,Kansas City,2020-03-21
6443,Nancy Walker,40,Louisville,2021-04-20
1825,Andrew Smith,43,Jacksonville,2025-07-04
4297,Dorothy Lee,64,Austin,2020-02-24
1567,Daniel Davis,61,Washington,2023-02-23
2984,Nancy Perez,67,Sacramento,2021-03-15
1623,Lisa Robinson,47,Las Vegas,2022-07-18
5910,Donald Jones,54,New York,2024-08-16
8310,Jennifer Hernandez,38,Sacramento,2020-08-16
9484,John Moore,33,San Jose,2020-04-15
7637,Matthew Anderson,69,San Diego,2025-10-25
866,Nancy Allen,69,Boston,2022-09-24
