EMP_ID,EMP_NM,DEPT_CD,SAL_AMT
7068,Robert King,Customer Service,46574
9960,Donald King,Engineering,66597
3018,Christopher Walker,IT,142357
7907,Deborah Lopez,Marketing,103772
6594,Amanda Lopez,IT,98996
6514,Christopher Wilson,Operations,68006
4446,John Ramirez,Operations,149492
3349,Anthony Harris,Sales,78859
8672,Emily Hernandez,Legal,93757
1620,Ashley Williams,Finance,30928
346,Nancy Harris,Research,49857
9410,Lisa Taylor,Marketing,125183
4972,Lisa Johnson,HR,139351
6393,Steven Johnson,HR,142962
789,Michael Smith,Research,31690
7215,Steven Young,Finance,129791
3226,John Jackson,Sales,80540
4061,Amanda Robinson,Marketing,115353
3887,Paul Miller,Legal,148604
5424,Ashley Martinez,IT,40242
4131,Anthony Jackson,IT,87862
9812,Donald Taylor,Sales,76798
4917,Andrew Harris,Research,76653
2552,Sarah Moore,Marketing,78466
9392,Jessica Perez,Sales,60618
9936,David Young,Marketing,114561
3994,Mark Jackson,HR,48119
9637,Daniel Harris,Operations,55396
7603,John Ramirez,HR,75686
8610,Donald Allen,HR,39824
6201,Anthony King,Customer Service,147014
1612,Robert Thompson,Engineering,43762
8823,Elizabeth Sanchez,Finance,96215
7034,Elizabeth Jackson,Operations,133541
6040,Christopher Brown,IT,97249
6299,Mark Brown,HR,130095
1042,Emily Thomas,Finance,90248
335,Donald Taylor,Engineering,30743
2174,Joshua Gonzalez,HR,50520
2393,Mark Brown,IT,48223
6604,Karen Jackson,HR,126056
1925,Lisa Jones,Engineering,141339
5955,Daniel Hernandez,HR,78101
4740,David Thomas,HR,32903
9159,Steven Anderson,Legal,54398
112,Donald Gonzalez,Finance,129011
715,Steven Taylor,Operations,76080
255,Christopher Sanchez,Customer Service,97441
1540,Christopher Smith,Research,79516
3206,Jessica Miller,Sales,49020
5583,Emily Perez,Legal,120752
6443,Andrew Lee,HR,94156
1913,Christopher Jackson,Finance,131041
4846,Dorothy Robinson,IT,142168
7002,Steven Robinson,IT,138956
7401,Joshua Moore,Customer Service,93425
503,Daniel Wilson,Finance,38226
5284,Dorothy Lee,Operations,70888
5910,Robert Anderson,Marketing,44521
5535,Mark Lewis,Marketing,147287
9320,Jane Rodriguez,Finance,64107
4012,Deborah King,HR,41911
4548,Michael King,Customer Service,81783
1823,Amanda Martin,Finance,123591
1210,Andrew Martin,Customer Service,134569
3666,Joshua Martinez,Engineering,51169
4828,Mark King,Operations,145101
2295,Nancy Harris,Legal,95335
2560,Paul Hernandez,Operations,56167
5662,Karen Sanchez,HR,104732
1642,Daniel Garcia,Operations,57066
2673,Dorothy Walker,Operations,85857
1989,Jane Moore,Customer Service,31399
4715,Jennifer Hernandez,Operations,117653
5324,Anthony Jones,Legal,108089
547,Jessica Brown,Engineering,55162
9122,Dorothy Walker,Customer Service,73122
2906,Mark Jackson,Engineering,148437
5608,Dorothy Thompson,Marketing,96854
7071,Joshua Lopez,Sales,74975
2205,John Sanchez,Operations,90387
5274,Michael King,Marketing,75445
6203,Nancy White,Marketing,102061
3167,Donald Gonzalez,Finance,97881
4745,Deborah Smith,Operations,100608
5809,Betty Garcia,Marketing,101799
9006,Paul Taylor,Finance,61523
7616,Joshua Lee,IT,37070
7419,David Miller,Research,33387
188,John Davis,Sales,144003
8194,Emily Johnson,Marketing,131092
5509,Elizabeth Martinez,Engineering,72502
8912,Donald Lopez,Engineering,39826
8014,Anthony Rodriguez,Engineering,73145
4296,Emily Moore,IT,83954
8217,Anthony Thompson,Customer Service,141154
643,Robert Taylor,Sales,96933
806,Elizabeth Wilson,HR,55215
5896,Sarah Martin,Sales,85436
2179,Michael Miller,Sales,64042
