EMP_ID,EMP_NM,DEPT_CD,SAL_AMT
1695,David Allen,Research,47199
4857,Karen Lopez,Legal,56632
1306,John Brown,Sales,52331
1782,Paul Wilson,Operations,145736
1080,Emily Moore,Engineering,92824
4206,Jessica Garcia,Engineering,88916
6010,Betty Harris,Sales,113152
1563,John Williams,Research,53255
1795,Lisa King,Engineering,49502
54,Anthony Brown,HR,79448
7565,Nancy Taylor,Finance,50221
560,Donald Moore,Finance,125302
5468,Lisa Lopez,Research,92433
8896,Karen King,Marketing,36468
8946,Jennifer Thomas,Customer Service,31037
1631,Matthew Smith,Sales,35138
6086,David Thompson,Marketing,144978
9517,Mark Moore,Sales,76871
3733,Lisa Jones,Operations,105621
9393,Christopher Moore,Operations,32959
1277,Christopher Thompson,Marketing,122725
1901,David Allen,Marketing,147402
8889,Michael Brown,Legal,119822
924,John Brown,Finance,83194
3153,Dorothy Taylor,Legal,98753
5713,James Williams,Research,72005
6838,Donald Sanchez,Engineering,140746
5937,Matthew Allen,Finance,33415
3655,Matthew Ramirez,Research,49032
2436,Dorothy Brown,HR,138457
8314,Betty Martin,Sales,124157
3608,John Brown,Finance,85073
4882,Jessica King,Finance,54113
3248,Lisa Anderson,HR,63031
6089,Christopher Smith,IT,125151
6110,Betty Lee,Marketing,107625
301,Dorothy Moore,IT,143069
5617,Matthew Hernandez,Legal,91163
3803,Betty Thomas,HR,68901
3335,Amanda Clark,Operations,129101
7984,Andrew Robinson,Marketing,136589
9709,Sarah Miller,Operations,124029
6261,Jennifer Jones,Marketing,53723
5124,John Williams,Research,30239
9230,Mark Hernandez,Engineering,85334
8949,Lisa Garcia,Finance,138520
7539,Emily Brown,Finance,57836
5587,John Allen,Customer Service,123234
4338,Nancy Lewis,HR,58570
1546,Michael Rodriguez,Marketing,96615
5187,Donald Garcia,Engineering,148583
1765,Ashley Perez,Sales,50739
4664,Daniel Anderson,Engineering,46281
64,Amanda Gonzalez,IT,32670
7272,Mark Jones,IT,125170
8362,Matthew Wilson,Research,131432
9357,Joshua Robinson,Research,46339
7195,Ashley Walker,Customer Service,57865
2572,Elizabeth Garcia,Finance,55652
7775,Christopher Thompson,Research,41531
494,Robert Robinson,Finance,39961
4205,Joshua Clark,Customer Service,124702
8939,Dorothy Thomas,Marketing,40393
1546,Robert Moore,Research,96057
9671,Steven Ramirez,IT,139157
14,Paul Gonzalez,Legal,112572
7722,Amanda Lewis,Customer Service,113752
9937,Elizabeth Davis,Sales,101393
6105,Jennifer Ramirez,Customer Service,85666
5405,Deborah King,Operations,136667
3714,Steven King,Legal,96474
6737,Elizabeth White,Legal,49793
8587,Michael Sanchez,Engineering,54973
4596,Daniel Lee,Finance,130410
3529,John Ramirez,Legal,125076
8358,Betty Wilson,Research,40883
2363,Elizabeth Moore,Finance,123725
4949,Karen White,Engineering,94115
1953,Andrew Taylor,Finance,90311
6488,Donald Brown,Customer Service,74954
8113,James Martinez,Customer Service,104660
2826,David Walker,Sales,128571
8798,Steven Thomas,HR,32596
6830,Lisa Lee,Operations,78474
3701,Ashley Robinson,Customer Service,132716
3058,Elizabeth Miller,Finance,46905
1226,Jane Johnson,Legal,141106
8176,Donald Moore,Finance,125183
4611,Emily Miller,Customer Service,111415
1486,Lisa Ramirez,Marketing,148268
4641,Karen Garcia,Marketing,142542
5314,Emily Lee,IT,84336
8273,Amanda Walker,Sales,70088
3072,Christopher Robinson,HR,89561
3139,John Perez,Marketing,112065
5917,Michael Davis,Sales,138337
662,Paul White,Research,92312
3277,Deborah Lewis,IT,68632
4254,Anthony Young,Operations,36914
1551,Nancy Garcia,Operations,43153
