EMP_ID,EMP_NM,DEPT_CD,SAL_AMT
1445,Emily Harris,Research,45089
6378,Mark Lopez,HR,79978
5024,Sarah Johnson,Operations,120974
2709,John Robinson,Engineering,105900
2563,Lisa Sanchez,Marketing,39543
4941,Karen Allen,Finance,71533
2362,Nancy Martin,Engineering,100632
1520,Ashley Sanchez,Research,52432
1775,Nancy Thompson,Legal,114058
4672,Karen Rodriguez,Legal,146102
3584,Lisa Moore,Operations,98484
2319,Amanda King,Engineering,115905
6310,Sarah White,Operations,57218
3542,Lisa White,Operations,121015
4225,Lisa Perez,Sales,131538
9830,Amanda Thomas,Legal,83664
6349,Anthony Wilson,Finance,124408
724,Andrew Lewis,Sales,33064
4604,Robert Sanchez,Marketing,134429
9786,Sarah Lopez,Sales,83396
9460,Matthew Lewis,IT,91451
2858,Nancy Taylor,Sales,50266
8848,Betty Young,Research,115316
3846,Daniel Lee,Marketing,69112
4239,Matthew Moore,Sales,123117
37,Matthew Hernandez,Legal,68481
7255,Ashley Smith,IT,143185
9957,Nancy Young,Research,42371
1006,Jennifer Clark,Engineering,139100
312,Donald Ramirez,Operations,61265
3342,Matthew White,Engineering,39798
2437,James Gonzalez,IT,87897
189,Jessica Sanchez,Operations,123614
6688,Karen Rodriguez,Marketing,87675
6087,Karen Wilson,HR,147192
9282,Karen Ramirez,Operations,138144
9868,Donald Williams,Finance,116827
9876,Christopher Allen,Finance,85849
6545,Sarah Ramirez,Legal,40891
2904,Lisa Lewis,Customer Service,105156
6646,David Robinson,Engineering,125887
5785,Amanda Robinson,Legal,61687
3346,Lisa Miller,IT,32319
8314,Jane Robinson,Finance,73829
3823,David Lewis,Research,143520
7366,Lisa Young,Sales,41028
8540,Robert Thomas,Operations,77126
3479,Joshua Ramirez,HR,117854
2780,Paul Lopez,Sales,66210
261,Elizabeth Jackson,IT,42166
6937,Robert Davis,Customer Service,71600
4104,Dorothy White,Legal,100111
4005,Steven Perez,Research,69047
4407,Jennifer Miller,IT,61009
8054,Lisa Johnson,Legal,57056
6147,Sarah Brown,HR,33156
3842,Christopher Taylor,Research,36870
6404,Paul Davis,Sales,126755
2407,Elizabeth Garcia,Research,41710
4335,Lisa Walker,HR,30758
3299,Steven Perez,HR,60030
1352,Anthony Lopez,Research,123183
9585,Amanda White,IT,74075
9696,Matthew Garcia,HR,117837
8054,Elizabeth Brown,Marketing,143170
6542,Betty Moore,Legal,69718
9055,Jessica Walker,Engineering,85332
413,Michael Allen,Customer Service,36591
2661,Nancy Anderson,Sales,112910
6534,Dorothy Jones,Finance,61400
4505,Mark Thompson,Finance,60476
2991,Amanda Jackson,Research,145918
5170,Sarah Martin,Customer Service,141772
1279,Amanda Thomas,Engineering,73253
3552,Ashley Jackson,Engineering,73311
3597,Jennifer Smith,Marketing,140421
6279,Joshua Robinson,Legal,32294
7084,Donald Sanchez,Customer Service,79341
2534,Dorothy Walker,Customer Service,45750
1071,Karen Taylor,Legal,148685
8257,Sarah Sanchez,Finance,108420
8229,James Thomas,Marketing,80562
5797,David Lopez,Customer Service,138338
9172,Lisa Brown,Engineering,30283
6678,Karen Martinez,Finance,138333
6458,Lisa Smith,Marketing,32494
4886,Karen Walker,Marketing,139594
5920,Michael Perez,Customer Service,117225
4877,Betty Moore,Customer Service,116108
287,Emily Jones,IT,147136
4946,Betty Thompson,Customer Service,105707
1111,Christopher Smith,Research,140379
3832,Paul Robinson,Operations,42588
7867,Jane Garcia,Finance,77716
1606,Betty Martinez,Research,115650
7543,Michael Miller,Finance,141846
3986,Paul Davis,Marketing,96592
9730,John Clark,Marketing,111629
6973,Deborah Moore,HR,94974
7414,Mark Sanchez,Research,56221
