C_ID,C_NAME,AGE_YRS,LOC_CD,REG_DT
7318,Jane Moore,36,Chicago,2023-07-19
1125,Paul Robinson,22,Charlotte,2024-08-09
6759,Betty White,39,San Diego,2023-07-27
8628,Daniel Wilson,20,Mesa,2021-06-04
6544,Jessica Williams,27,Los Angeles,2025-02-27
5372,Elizabeth Jones,51,San Diego,2022-09-23
7970,Emily Young,37,Kansas City,2020-09-22
6458,Jane Clark,59,San Jose,2021-04-06
641,Andrew Brown,57,Louisville,2025-06-06
3050,Sarah Garcia,23,Chicago,2020-04-10
111,Christopher King,40,Tucson,2023-10-18
8541,Jane Thompson,52,San Antonio,2022-11-25
7318,Daniel Robinson,47,Oklahoma City,2025-09-25
6233,Jennifer Rodriguez,38,Indianapolis,2025-08-27
2821,Ashley Harris,67,Louisville,2021-01-24
9821,John Young,65,San Jose,2024-11-28
5824,Daniel Lewis,40,Nashville,2025-07-16
2355,Matthew Clark,23,Las Vegas,2023-01-19
9560,Elizabeth Williams,54,Philadelphia,2025-11-25
1518,Joshua Lopez,30,Denver,2024-11-19
4373,Amanda Jones,62,Seattle,2023-05-24
4525,Joshua White,25,Seattle,2022-05-17
9558,Andrew Rodriguez,50,Philadelphia,2021-02-01
4851,Michael Brown,30,Philadelphia,2022-06-10
9684,Jane Young,23,Fort Worth,2023-10-23
6941,Andrew Garcia,53,Houston,2025-04-03
3787,Elizabeth Williams,21,San Jose,2024-05-26
1187,Daniel Anderson,21,Philadelphia,2023-12-13
2689,Ashley Thomas,60,San Jose,2020-12-02
1327,Robert Sanchez,44,Seattle,2023-10-28
2327,David Davis,39,Austin,2025-02-27
9219,James Moore,36,San Diego,2025-07-13
1091,Betty Gonzalez,69,Denver,2023-09-04
3943,Ashley Thompson,27,Tucson,2024-12-01
9468,John Miller,28,Sacramento,2022-10-24
4774,Steven Miller,55,Kansas City,2020-08-16
4977,Christopher Jackson,52,Nashville,2020-03-25
2268,Ashley Lopez,44,Nashville,2025-03-20
9820,Daniel Robinson,35,Fort Worth,2022-06-12
7520,Joshua Miller,58,Dallas,2024-01-23
6394,Jane Allen,55,Fort Worth,2022-12-04
7990,Donald Lopez,32,New York,2024-11-08
9313,Michael Thomas,63,Tucson,2025-01-14
3516,Joshua Thomas,23,New York,2021-10-19
3615,Elizabeth Rodriguez,67,Boston,2021-02-09
4239,Matthew Perez,67,Mesa,2022-08-27
2901,Paul Ramirez,39,Milwaukee,2025-12-25
2260,Joshua Moore,29,San Jose,2022-05-11
8687,Nancy Miller,52,Philadelphia,2025-01-22
7693,Emily Robinson,38,Milwaukee,2022-10-21
7514,Joshua Martin,20,Denver,2022-02-18
6633,Deborah Young,65,Las Vegas,2024-12-05
7928,James Garcia,54,Los Angeles,2020-04-03
260,Jennifer White,53,Boston,2024-05-26
6100,Daniel Moore,49,Tucson,2023-04-09
5077,Elizabeth Sanchez,53,Tucson,2021-03-19
5647,Karen Ramirez,31,San Antonio,2023-09-18
5930,Amanda Miller,30,Columbus,2022-08-14
2430,Michael Miller,38,Dallas,2020-09-16
7651,Sarah Jones,19,Phoenix,2025-12-03
2170,Donald Johnson,25,San Antonio,2025-06-05
9595,Amanda Garcia,58,Houston,2022-06-26
6130,Christopher Miller,25,Charlotte,2020-06-20
6213,Amanda Gonzalez,25,Chicago,2024-11-22
2744,Deborah Thomas,19,Dallas,2021-10-22
7039,Lisa Clark,61,San Diego,2021-02-11
8228,Mark Rodriguez,37,Oklahoma City,2023-05-03
7354,Matthew Jones,51,Seattle,2025-10-11
2151,Emily Brown,40,Washington,2024-08-02
5538,Sarah Thomas,27,Tucson,2022-02-05
5771,Nancy Rodriguez,31,Chicago,2023-02-21
4469,Jane Perez,70,Houston,2024-10-14
1216,Matthew Taylor,43,Portland,2020-12-11
9700,Dorothy King,31,Dallas,2022-08-04
1777,Anthony Rodriguez,18,Tucson,2021-02-09
