EMP_ID,EMP_NM,DEPT_CD,SAL_AMT
5599,Donald Anderson,Customer Service,106317
9368,Mark Jackson,Marketing,122158
3151,Steven King,Finance,50013
3484,Emily Lewis,Customer Service,140155
1384,Amanda Miller,HR,71649
2335,John Clark,Engineering,137247
2931,David Jones,HR,143927
6659,Elizabeth Lee,Sales,95590
1943,Mark Martinez,Marketing,128464
7972,Joshua Taylor,IT,62042
3890,Jennifer Miller,Operations,140167
4010,Paul Lewis,Sales,66638
7205,Lisa Harris,Customer Service,117032
5321,Christopher Jackson,Customer Service,79065
9410,Joshua Lopez,Finance,125006
1790,Emily Thompson,Marketing,127270
2808,Mark Johnson,Engineering,119678
7520,Lisa Allen,Legal,74745
8473,David Young,Finance,78932
4652,Lisa White,Legal,61434
8646,Daniel Moore,Customer Service,97038
4504,Anthony Martinez,Marketing,101204
2623,Nancy Anderson,HR,51119
5787,Jennifer Jackson,Legal,61730
5477,Dorothy Jones,Research,112118
4275,David Ramirez,Engineering,115921
5399,Michael White,Engineering,32368
8890,Jane Robinson,Operations,138219
733,Jennifer Jackson,Customer Service,76254
1838,Mark Ramirez,Legal,36820
8365,James Anderson,Operations,78277
557,Emily Williams,Operations,83872
941,Michael Williams,Research,49961
4310,Daniel Garcia,Sales,134037
3950,Lisa Harris,Marketing,133754
5748,Andrew Moore,HR,62852
3563,Jennifer Anderson,Marketing,113393
622,Lisa White,Legal,99556
1800,Andrew Thompson,Sales,141966
533,Jessica Gonzalez,Legal,146551
3888,John Smith,Finance,136584
8570,Andrew White,Customer Service,103696
5970,John Jones,Engineering,132860
4206,David Hernandez,Operations,48337
9709,Robert Johnson,Research,124407
5437,Karen Perez,Customer Service,146138
4555,Lisa Smith,Research,45575
1392,Sarah Robinson,Research,140166
9712,Jessica Williams,Legal,58520
9652,Christopher Anderson,Legal,62665
9286,Robert Martinez,Marketing,125610
5960,John King,Sales,127367
4164,Jane Johnson,Finance,58747
3868,Matthew Perez,HR,97509
9194,Paul Martin,IT,121160
8913,Dorothy Lee,Customer Service,145969
3678,Dorothy Ramirez,Marketing,68541
9157,Anthony Lee,Research,132904
2785,Ashley Taylor,Legal,96521
6669,Lisa Allen,Marketing,146171
3125,Karen Young,Operations,35371
1555,Andrew Miller,Research,91315
7343,Paul Robinson,Operations,129705
9327,Robert Martin,Legal,116394
8603,Sarah Moore,Operations,120421
1853,Jane Wilson,Research,63140
4927,Robert Allen,Marketing,139754
7972,David Lopez,Finance,141413
8938,John Lopez,Research,126940
4025,Robert Lopez,Customer Service,77616
8581,Michael Martinez,Engineering,60110
5593,Ashley Brown,Legal,64660
8713,Jane Garcia,Research,131738
2588,Elizabeth Taylor,Finance,130614
9546,Jane Brown,Legal,108852
9613,Robert Anderson,Sales,138549
5186,Matthew Perez,Operations,107741
2385,Matthew Williams,Sales,60973
4566,Steven Martinez,HR,149753
9513,Paul King,Customer Service,100263
3240,Amanda Allen,Engineering,133599
8760,Donald Harris,Finance,76116
5135,Karen Rodriguez,Customer Service,38812
7356,Matthew Sanchez,Marketing,35527
2637,James Hernandez,IT,45280
6386,James Thompson,Marketing,130698
3144,Jennifer Lopez,Engineering,98453
7873,Lisa Martinez,Research,85976
7348,John Perez,Engineering,80853
4209,Dorothy Robinson,Engineering,105711
5728,Andrew Williams,Marketing,127190
7012,Michael Young,HR,84785
145,Robert Taylor,Research,43844
4876,Ashley Lopez,Sales,85698
7045,Donald Lee,Operations,145790
3032,Mark Smith,IT,122668
8228,David Perez,Engineering,118732
8268,Emily Walker,Research,137017
1402,Nancy Miller,Engineering,93737
902,Ashley Williams,Engineering,48005
