C_ID,C_NAME,AGE_YRS,LOC_CD,REG_DT
4840,Sarah Smith,22,Louisville,2021-10-02
3559,Robert Williams,32,Mesa,2024-10-28
4831,Elizabeth Jones,48,Seattle,2023-05-01
1474,Paul Lee,62,Austin,2021-06-19
9170,Karen Brown,21,Denver,2020-06-23
3160,Sarah Johnson,67,Fort Worth,2022-07-06
7197,Steven Taylor,57,Oklahoma City,2022-02-12
3570,Deborah Davis,36,Fort Worth,2022-09-28
7690,Elizabeth Smith,46,Louisville,2023-05-04
5208,Christopher Lee,21,San Jose,2022-01-01
6630,Michael Hernandez,19,Mesa,2020-07-22
8435,Nancy Williams,60,Charlotte,2020-09-27
976,Donald Johnson,58,Louisville,2021-12-01
3452,Anthony Miller,47,Jacksonville,2021-12-10
3752,Andrew Rodriguez,46,Boston,2024-02-26
3426,Emily Sanchez,55,Nashville,2025-06-06
2432,Steven King,49,Tucson,2020-07-22
8476,Paul Robinson,62,Sacramento,2021-05-06
2571,Christopher Taylor,27,Baltimore,2024-07-07
6722,Jessica Thompson,24,Baltimore,2020-02-22
7374,Nancy Hernandez,24,Los Angeles,2024-05-03
7069,Steven King,31,Baltimore,2020-11-01
222,Jessica Miller,45,Oklahoma City,2021-12-20
1846,John Brown,61,Oklahoma City,2022-06-12
4048,Michael Sanchez,56,Charlotte,2020-07-26
2087,Paul Lee,62,Fresno,2023-07-25
9486,Lisa Williams,44,Boston,2025-10-07
5454,Joshua Young,20,Charlotte,2020-12-12
1501,Anthony Walker,54,San Francisco,2022-01-25
3841,Anthony Wilson,41,Columbus,2023-08-12
9822,Karen Davis,48,Indianapolis,2020-03-24
8171,Emily Brown,57,San Antonio,2024-03-16
4897,Daniel Clark,62,Chicago,2023-02-21
9861,Jane Moore,33,Boston,2025-10-09
9857,Lisa Thompson,44,Philadelphia,2023-09-11
2725,Emily Clark,25,Columbus,2023-12-17
4498,Joshua Martinez,57,Jacksonville,2021-11-08
1453,Jennifer Sanchez,49,Portland,2025-12-20
1131,Joshua Davis,38,Tucson,2022-09-11
3965,Steven Perez,68,Dallas,2021-11-17
9041,Andrew Jackson,43,Mesa,2020-12-12
4257,Ashley Perez,47,Charlotte,2024-11-21
7458,Lisa Johnson,52,Fort Worth,2022-06-06
239,Dorothy Clark,47,Boston,2021-09-17
2222,Anthony Rodriguez,19,Dallas,2020-12-08
6499,Michael Young,48,Boston,2025-08-18
9977,Nancy Lopez,63,Kansas City,2024-09-26
4277,Nancy Brown,42,Austin,2022-09-09
5582,Betty Martin,43,Jacksonville,2025-06-02
2217,James Davis,63,San Antonio,2025-08-02
6795,Mark Lee,60,Nashville,2022-10-19
8005,Donald Martinez,43,Fresno,2024-06-14
2629,Dorothy Walker,40,Fresno,2023-01-08
3071,Jane Rodriguez,51,Dallas,2021-12-14
8489,David Clark,21,Sacramento,2020-01-02
2392,Dorothy Taylor,37,San Antonio,2022-10-03
9901,Ashley King,47,Mesa,2022-01-24
9412,Betty Brown,59,Seattle,2020-11-18
2042,Amanda Perez,60,Denver,2021-08-23
523,Deborah Thomas,53,Houston,2021-01-16
2231,Jessica Sanchez,25,Tucson,2023-04-22
7982,Betty Young,48,Boston,2021-09-26
3019,Lisa Thompson,38,Columbus,2023-11-08
5618,Lisa Martin,54,San Francisco,2020-08-24
3782,Matthew Jackson,24,Charlotte,2024-11-01
7962,Jennifer Johnson,62,Kansas City,2025-06-06
6161,Daniel Allen,39,Indianapolis,2020-12-04
4958,Paul Wilson,53,Kansas City,2023-03-17
6673,Karen Martin,18,Houston,2020-12-06
427,Matthew King,65,Denver,2020-11-14
8633,Robert Rodriguez,40,Washington,2025-03-21
7390,Elizabeth Walker,36,Albuquerque,2022-10-22
8796,Daniel Sanchez,33,San Jose,2022-11-18
711,Karen Williams,58,Sacramento,2020-01-07
9023,Betty Walker,35,Sacramento,2021-05-07
