C_ID,C_NAME,AGE_YRS,LOC_CD,REG_DT
4455,James Lee,56,Portland,2024-02-27
3853,Donald Clark,36,Albuquerque,2021-03-19
4152,Sarah Taylor,70,Kansas City,2021-08-21
9294,Nancy Allen,43,Philadelphia,2021-04-19
3232,Andrew Young,64,Baltimore,2022-05-15
1682,Dorothy White,62,Portland,2023-07-25
2654,Jessica Allen,45,Charlotte,2020-12-26
1365,Ashley Taylor,60,Sacramento,2025-06-24
4083,Steven King,57,San Antonio,2021-09-21
7052,Betty Taylor,30,Dallas,2025-03-03
4121,Jennifer Garcia,70,Charlotte,2020-02-02
7451,Lisa Thomas,35,Phoenix,2024-02-28
1039,Michael White,40,San Francisco,2020-09-24
9727,Nancy Brown,61,Houston,2023-08-15
7602,Deborah Thompson,38,Phoenix,2020-02-24
2066,James Harris,54,New York,2022-07-01
4011,Sarah White,67,Milwaukee,2024-02-11
4116,Jennifer Young,30,San Antonio,2022-09-03
1510,Anthony Thomas,47,San Antonio,2020-01-12
9658,Christopher Robinson,49,Houston,2023-08-20
9523,Michael Smith,63,Boston,2022-02-25
4209,Christopher Sanchez,43,Mesa,2021-01-10
3295,Daniel Jackson,34,Denver,2023-04-05
9582,Betty Lewis,62,San Jose,2020-06-11
6041,Michael Gonzalez,61,Portland,2023-06-08
7008,Lisa Wilson,21,Baltimore,2025-06-01
1312,Daniel Ramirez,49,Louisville,2021-05-17
2157,John Harris,18,Boston,2023-12-05
8222,Steven Miller,56,San Francisco,2022-11-11
8626,Anthony Martin,49,Kansas City,2024-10-17
5455,Jane Ramirez,19,Fresno,2022-08-08
7913,Robert Garcia,64,Fresno,2022-04-21
486,Robert Ramirez,48,Seattle,2021-08-23
7317,Andrew Anderson,28,Fresno,2020-11-12
8739,Michael Rodriguez,50,New York,2021-01-17
4837,Robert Hernandez,35,Louisville,2024-06-26
1485,John Walker,44,Tucson,2021-08-23
5702,Lisa White,63,Indianapolis,2025-09-23
6863,Betty Brown,42,Albuquerque,2025-01-18
7368,Paul Wilson,36,Charlotte,2022-08-04
4741,Donald Gonzalez,56,Chicago,2024-01-12
2065,Paul Thomas,31,Indianapolis,2022-10-16
649,Elizabeth Harris,31,Austin,2024-09-12
4030,Elizabeth Thomas,35,Indianapolis,2023-09-05
3808,Joshua Sanchez,59,Charlotte,2023-02-18
3956,Nancy Thomas,69,Fort Worth,2020-03-09
7044,Deborah Sanchez,65,Milwaukee,2025-01-26
100,Jessica Anderson,47,Washington,2021-04-24
3731,Mark Lopez,65,Nashville,2023-08-12
8294,Christopher Young,52,Houston,2023-08-03
2935,Amanda Rodriguez,59,San Diego,2022-12-19
8849,Steven Hernandez,63,Seattle,2021-07-09
6021,John Ramirez,67,Portland,2024-10-14
8997,Karen Jones,70,Seattle,2025-06-10
2924,Jane Gonzalez,50,Kansas City,2022-04-01
3240,Anthony Sanchez,26,Austin,2024-04-02
4284,Paul Harris,20,Oklahoma City,2021-03-18
7139,Lisa Garcia,39,San Jose,2025-09-18
3877,Michael Smith,29,San Francisco,2023-09-08
7053,James Moore,32,Phoenix,2025-07-09
3851,Matthew Jackson,42,Las Vegas,2025-09-21
4316,Andrew Wilson,63,Las Vegas,2024-02-09
2033,James Rodriguez,35,Fresno,2024-07-03
5161,Betty Allen,42,Los Angeles,2021-04-12
1240,John Williams,36,San Diego,2020-08-16
1048,Paul Moore,46,Mesa,2020-08-28
6502,Christopher White,66,Phoenix,2022-06-26
4857,Mark Perez,39,Nashville,2022-06-03
467,Jennifer Lewis,19,Chicago,2025-05-16
3874,Jennifer Wilson,44,San Antonio,2021-08-10
3657,John Lee,25,Washington,2024-03-19
8874,Joshua Moore,51,Indianapolis,2022-05-20
1229,Andrew Smith,42,Nashville,2021-10-24
9623,Andrew Brown,64,Phoenix,2025-09-14
6733,Steven Gonzalez,54,Houston,2024-10-02
