EMP_ID,EMP_NM,DEPT_CD,SAL_AMT
8404,John Martinez,Engineering,145200
1832,Elizabeth Anderson,Research,99578
6600,Matthew Miller,Marketing,112670
1440,Deborah Young,IT,80226
8752,Amanda Clark,Research,104894
7412,Betty Ramirez,Marketing,61076
9041,Dorothy Thomas,Finance,144724
5262,David Perez,Finance,40319
7796,John Perez,Legal,76239
9623,Jennifer Lee,Legal,49479
2653,Deborah Garcia,Marketing,109216
5790,Amanda Thomas,IT,148824
5793,Amanda Ramirez,Marketing,68223
5742,Daniel Garcia,Operations,132791
3026,Joshua Harris,Sales,35247
8009,Amanda Smith,HR,104196
9883,Christopher Robinson,Research,124505
4691,Ashley Rodriguez,Research,67087
2106,Elizabeth Garcia,Operations,148874
2512,Betty Walker,Customer Service,114036
6808,Emily Martin,Customer Service,64503
2974,Matthew Clark,Customer Service,49471
2014,Jennifer Young,Legal,44745
4875,Steven Jones,Research,144344
1106,Anthony Davis,Sales,97644
5382,Robert Young,Research,66306
5163,Anthony Rodriguez,Sales,53967
1206,Mark Thomas,Legal,140120
9416,Lisa Williams,Marketing,127952
7974,James Lee,Sales,52843
4472,Betty Wilson,Finance,111342
1375,David Williams,Engineering,43628
6180,Matthew Robinson,Customer Service,138248
166,Ashley Taylor,Research,32532
7908,Nancy Garcia,Engineering,116749
7937,Paul Lee,Customer Service,135539
3002,Christopher Garcia,Engineering,129204
3332,John Hernandez,Marketing,65221
969,Deborah Garcia,Customer Service,82743
2883,John Walker,HR,141989
3353,Lisa Anderson,Marketing,117128
5058,Jessica Harris,Operations,147274
4853,Michael Smith,Marketing,41349
6643,James Young,IT,94092
1654,Karen Perez,Research,75704
8755,Jennifer Young,Operations,39957
4830,David Jones,Marketing,100696
5896,Anthony Jones,Research,54574
4207,Daniel Ramirez,Customer Service,58952
7833,Daniel Robinson,Research,102994
6953,Jessica Miller,Marketing,145530
9734,Lisa Young,Sales,136974
3679,Emily Taylor,Operations,136848
7002,Lisa Sanchez,Engineering,108323
5511,Nancy Robinson,Customer Service,76360
4869,Lisa Miller,Customer Service,112791
6057,Karen Garcia,HR,87658
5627,Elizabeth Young,Operations,53253
8743,Christopher Miller,Customer Service,114834
3117,Anthony Allen,Marketing,66572
5365,Betty Ramirez,Engineering,109328
3427,Jennifer Clark,HR,81664
7373,Betty King,Legal,143740
8710,Nancy Davis,Finance,123666
6886,Daniel Miller,IT,96283
928,Amanda Williams,Research,142443
6193,David Miller,Research,90633
7141,Jennifer Allen,Engineering,137627
2256,Dorothy Martinez,HR,40657
4175,Elizabeth Gonzalez,Engineering,56376
2000,Elizabeth Clark,Customer Service,148539
5213,Deborah Williams,Legal,130000
7406,Sarah Rodriguez,Legal,142289
4503,Dorothy Ramirez,Sales,35699
8998,Andrew King,Research,105608
2576,Andrew Jones,IT,122279
2852,Andrew Taylor,Legal,81016
3615,Daniel Garcia,Sales,93053
1906,Jessica Williams,Customer Service,115473
6277,Christopher Lee,Operations,89471
7516,James Martin,Sales,108568
1457,Paul Hernandez,Legal,132806
3201,Michael Robinson,Legal,118859
2076,Betty Smith,Customer Service,75293
4378,Paul Rodriguez,Customer Service,107406
6522,Jessica Miller,Legal,112292
9172,Donald Lee,Finance,110493
8949,David Gonzalez,IT,129608
4159,Emily Williams,Operations,118748
4661,David Thompson,Customer Service,56980
1223,Betty Lopez,Engineering,141520
9493,Elizabeth Sanchez,Customer Service,77379
8463,John Martin,Finance,69862
5307,James Ramirez,Marketing,39866
7986,David Davis,Legal,62509
2244,Jane Robinson,Sales,85955
4303,Sarah Williams,Customer Service,33715
6146,Ashley Thomas,Legal,86912
9431,Nancy Martin,Operations,139305
320,Paul Davis,Customer Service,83466
