C_ID,C_NAME,AGE_YRS,LOC_CD,REG_DT
5099,Jane Lee,62,Dallas,2020-11-12
6832,Matthew Williams,45,Tucson,2021-01-08
8410,Donald King,48,Kansas City,2023-06-05
4211,Emily Lopez,64,San Jose,2023-02-22
8410,Lisa Clark,50,Milwaukee,2024-05-22
8801,Lisa Brown,34,Columbus,2021-11-15
6518,Christopher Young,19,Jacksonville,2023-10-11
5783,Nancy Wilson,46,San Diego,2025-05-13
5244,Donald Clark,47,Milwaukee,2025-04-04
2755,Steven Sanchez,23,Portland,2021-02-19
891,David Anderson,37,Washington,2022-05-13
4761,Joshua Walker,68,Fresno,2025-11-10
7848,Ashley Sanchez,47,Oklahoma City,2022-02-16
5570,Lisa Young,19,Fort Worth,2025-06-26
5629,Karen Hernandez,57,San Francisco,2023-11-28
4625,Matthew Wilson,52,Nashville,2022-04-13
7388,Lisa Robinson,67,Louisville,2023-08-15
634,Andrew Johnson,59,Los Angeles,2021-08-14
7462,Amanda Jackson,64,Tucson,2025-08-18
6704,Michael Brown,54,Phoenix,2024-01-24
919,Joshua Lopez,48,Sacramento,2023-04-22
5498,Donald Thompson,20,New York,2020-12-18
616,Robert Smith,50,Fort Worth,2025-04-10
2567,Andrew Lopez,38,Baltimore,2023-05-28
5497,Elizabeth Ramirez,60,Philadelphia,2023-10-04
3023,Lisa Young,51,Columbus,2020-05-03
8804,David Johnson,26,Chicago,2022-07-14
52,Jane Garcia,46,Denver,2022-07-26
5374,Lisa Thompson,51,Louisville,2022-04-04
9994,Dorothy Rodriguez,65,Baltimore,2021-01-18
938,Andrew Brown,31,Columbus,2020-06-26
8779,Betty Rodriguez,50,Kansas City,2025-05-11
2539,Matthew Taylor,65,Austin,2022-04-15
6138,Deborah Jackson,18,New York,2022-10-17
7037,Emily Anderson,31,Kansas City,2020-02-03
3656,Joshua Sanchez,65,Baltimore,2022-06-12
429,Andrew Anderson,41,Phoenix,2025-11-27
8854,Robert Moore,36,Fresno,2023-01-25
5551,Nancy Sanchez,37,Louisville,2025-03-07
6853,Nancy Jackson,36,Fort Worth,2022-09-12
8599,Anthony Garcia,23,Fort Worth,2024-01-07
375,Karen Taylor,46,Mesa,2024-08-06
297,Amanda Sanchez,19,Mesa,2025-09-17
7898,Sarah Rodriguez,63,Los Angeles,2021-08-07
4059,Paul Thomas,63,Louisville,2024-05-02
5733,Andrew Smith,38,Columbus,2022-11-11
4825,Andrew Williams,42,Indianapolis,2025-11-12
1546,Matthew Clark,41,Sacramento,2020-08-10
8733,Sarah Johnson,41,Portland,2021-11-10
2615,Betty Harris,60,Baltimore,2021-03-11
5792,Lisa Martinez,31,Louisville,2023-01-01
8843,Matthew Thomas,65,Milwaukee,2020-10-19
5364,Amanda Miller,48,Jacksonville,2024-02-06
3814,Robert King,28,Seattle,2025-06-22
3534,Ashley King,53,Baltimore,2020-11-03
3492,Sarah Robinson,55,New York,2023-02-21
2506,Sarah Moore,43,Fresno,2025-01-14
2075,Deborah Walker,48,Washington,2021-12-24
6459,Elizabeth Lewis,35,Washington,2024-12-24
7105,Sarah Taylor,47,San Jose,2020-08-21
855,Jane Jackson,70,Louisville,2022-12-24
2363,Christopher Jones,39,San Francisco,2021-02-17
1442,Karen Davis,49,Sacramento,2021-11-13
8686,Daniel Robinson,34,Los Angeles,2022-09-26
6230,Jessica Williams,62,Kansas City,2023-03-09
7984,Ashley Walker,46,Washington,2021-11-13
2379,Andrew Miller,19,Los Angeles,2021-04-21
3819,Matthew Moore,61,Mesa,2025-01-11
4841,Jessica Robinson,66,Dallas,2020-08-24
6366,Nancy Smith,39,Austin,2025-07-28
6261,Jane Thomas,54,Portland,2025-09-18
7581,Ashley Taylor,53,Oklahoma City,2022-08-02
8009,Lisa Allen,58,San Diego,2022-04-03
3619,Steven Thomas,46,Phoenix,2024-11-10
8296,Sarah White,22,San Antonio,2024-02-10
