EMP_ID,EMP_NM,DEPT_CD,SAL_AMT
5158,Ashley Harris,Customer Service,123400
2657,Amanda White,Marketing,131226
7579,Karen Davis,Operations,68990
3929,John Young,Legal,76218
613,Emily Smith,Finance,78179
7205,Emily Martin,Research,66278
4290,Lisa Walker,HR,124254
7209,Christopher Walker,IT,41332
3472,Christopher Rodriguez,Research,116057
3951,Christopher Garcia,Customer Service,88883
9566,Paul King,Legal,79242
392,Mark Gonzalez,Research,101674
988,Ashley Lewis,Operations,89736
1851,Paul White,Marketing,44307
5736,Michael Martinez,IT,138800
2471,John Anderson,HR,94876
6785,Anthony Davis,IT,129085
9224,Anthony Miller,Legal,124594
8488,David Garcia,Customer Service,126535
6617,Lisa Thompson,IT,46071
5585,Sarah Lopez,Sales,117755
358,Dorothy Perez,Engineering,112758
8976,John Martinez,Sales,141957
7644,David Anderson,Marketing,120321
4491,Mark Gonzalez,Operations,64949
1182,Betty Miller,IT,115363
3252,Elizabeth Wilson,Operations,126766
6992,Michael Jones,Research,98895
6362,Christopher Gonzalez,Marketing,53951
6363,Matthew Martin,Sales,85687
3685,Robert Jones,Engineering,97586
73,Dorothy Garcia,HR,64805
2199,Joshua Anderson,Engineering,126821
2384,Mark Gonzalez,Customer Service,38635
8441,Anthony Lopez,HR,78196
7320,Jennifer Martinez,Engineering,69965
939,Joshua King,Operations,94398
1433,Elizabeth Walker,IT,34214
1263,Mark Garcia,Engineering,131091
902,Donald Lewis,HR,88234
308,Andrew Smith,Legal,141017
2447,Andrew Hernandez,Engineering,89513
1979,Emily Anderson,IT,79957
8519,Jennifer Thompson,Research,128960
2423,Betty Robinson,HR,108561
8533,Daniel Williams,Operations,60930
9769,Emily Walker,IT,113492
4105,John Martinez,Marketing,78369
2782,Dorothy Johnson,Marketing,123428
5201,Amanda Lopez,Sales,31059
9001,Christopher Young,Customer Service,126350
7485,Emily Miller,Marketing,126596
6032,Andrew Ramirez,Operations,40428
5034,Jessica Clark,Legal,117943
8421,Daniel Davis,Sales,138965
1517,Lisa Johnson,Research,74900
7566,Jessica Moore,Customer Service,132744
7225,Jennifer King,Legal,78603
8425,Sarah Jones,Marketing,109245
5072,Andrew Martinez,Finance,112807
9823,Deborah Lopez,Operations,146009
3734,Lisa Lee,Marketing,102646
2984,Andrew Anderson,Research,139009
7748,Nancy Harris,IT,93852
9927,Donald Walker,Sales,108225
3456,Paul Miller,Engineering,126883
1379,Ashley Moore,Engineering,50405
1988,Lisa Perez,Research,38717
4675,Steven Miller,Engineering,105089
5942,Robert Thompson,Finance,85395
9482,Lisa King,Customer Service,116784
1597,Anthony Davis,Marketing,88896
7032,Elizabeth Harris,Customer Service,141919
2213,Dorothy Hernandez,Operations,108917
6652,Paul Ramirez,HR,81345
8433,Emily Martin,Operations,33161
8341,Joshua Williams,Sales,30725
7759,Ashley Ramirez,Finance,145226
3529,Jane Lewis,IT,48477
4295,Christopher Robinson,Operations,88736
7760,Lisa Smith,Engineering,46665
9178,Lisa Lewis,Finance,113150
5386,Jennifer White,Marketing,97668
5866,David Gonzalez,Legal,64546
3056,Donald Robinson,Customer Service,76228
4181,Betty Rodriguez,Research,116645
9492,Nancy Clark,Legal,51587
5514,Jane Garcia,Sales,141783
9153,Matthew Allen,IT,42599
5540,Elizabeth White,Sales,65304
7911,Joshua Smith,Research,133809
3968,Michael Davis,IT,73355
1493,Daniel Martinez,Research,120019
1325,Ashley Miller,Engineering,110282
896,Elizabeth Jackson,Legal,37082
7086,David Williams,IT,143357
7475,Amanda Jackson,Customer Service,67860
2636,Elizabeth Rodriguez,IT,104599
1618,Karen Davis,Finance,46505
1140,Donald Lee,HR,73068
