C_ID,C_NAME,AGE_YRS,LOC_CD,REG_DT
3627,Jessica Thomas,33,Fort Worth,2024-04-21
7762,Robert Davis,22,Dallas,2023-02-20
4409,Ashley Thompson,31,Baltimore,2022-07-05
8331,Ashley Young,23,Boston,2022-11-28
3761,Joshua Miller,38,Indianapolis,2020-08-15
4406,Andrew Davis,44,Sacramento,2020-08-01
2690,Sarah Martinez,41,Phoenix,2024-08-08
672,Elizabeth Gonzalez,34,Milwaukee,2021-10-28
5208,Jennifer Moore,23,San Antonio,2025-11-22
4077,Elizabeth Jones,22,Baltimore,2025-07-19
3013,Christopher Perez,19,Boston,2025-09-06
4908,Robert Lee,37,Baltimore,2021-12-19
3160,Donald Hernandez,25,Las Vegas,2025-05-11
933,John Lopez,18,Austin,2020-04-25
856,Jessica Thompson,70,Milwaukee,2025-11-15
1317,Dorothy Brown,23,Denver,2024-02-10
3117,Jennifer Anderson,26,Phoenix,2021-07-18
2180,Betty Clark,50,San Diego,2021-10-12
1527,Jessica Brown,42,Jacksonville,2022-02-09
7607,Dorothy Martinez,53,San Jose,2021-12-21
1468,Emily Johnson,21,Philadelphia,2020-10-05
8165,Deborah Lewis,29,San Antonio,2021-09-28
4009,Lisa Thomas,46,Nashville,2023-04-28
3162,Dorothy Lopez,66,Tucson,2021-02-18
1258,Jessica Garcia,65,Dallas,2021-03-02
9268,Mark Clark,37,San Francisco,2025-06-23
4786,Robert Robinson,23,Los Angeles,2021-08-01
5148,Matthew Taylor,47,Nashville,2021-03-19
5452,Mark Young,48,Philadelphia,2025-09-13
7944,Anthony Jones,46,Milwaukee,2021-08-17
3008,Karen Perez,65,Louisville,2025-02-10
7001,Ashley Lopez,55,Dallas,2023-03-08
2508,Paul Moore,23,Boston,2024-11-06
104,Lisa Rodriguez,38,San Antonio,2022-02-20
5854,Karen Taylor,51,Milwaukee,2023-06-10
6738,Daniel Young,32,Charlotte,2021-09-26
8183,Jessica Thompson,33,Mesa,2025-03-08
8197,Mark Wilson,21,New York,2025-01-11
3700,Matthew King,32,Sacramento,2023-09-07
1173,Lisa Sanchez,20,Milwaukee,2023-11-22
9418,Robert Young,42,Portland,2025-05-25
8722,James Brown,30,Austin,2020-04-04
6802,James Johnson,52,Oklahoma City,2021-02-06
2243,Michael Miller,36,Tucson,2024-05-14
2971,Lisa Jones,38,Mesa,2020-01-19
1019,Deborah Harris,53,Baltimore,2024-09-14
5362,James Harris,47,San Francisco,2020-10-23
177,John Anderson,53,Austin,2022-12-03
5657,James Taylor,40,Charlotte,2020-11-26
3084,David Johnson,62,Houston,2023-01-15
183,Lisa Miller,49,Albuquerque,2023-04-14
6208,Donald Hernandez,51,Jacksonville,2025-10-25
7256,Lisa Martinez,28,Charlotte,2021-10-02
9037,Betty Rodriguez,59,Phoenix,2021-08-02
9769,Christopher Brown,22,Mesa,2020-06-19
3372,Donald Davis,36,Indianapolis,2023-08-16
7978,Elizabeth Allen,51,Baltimore,2020-05-09
9875,Emily Taylor,61,Kansas City,2022-02-24
3619,Daniel Gonzalez,20,Nashville,2024-08-02
2856,Christopher Clark,65,Charlotte,2023-09-19
4660,Lisa Harris,44,Oklahoma City,2021-04-05
3928,Nancy Walker,36,Mesa,2021-10-21
7776,Lisa Brown,18,San Diego,2025-10-06
9444,Andrew Clark,21,Denver,2023-11-13
9074,James Thompson,55,Jacksonville,2024-02-11
4410,Lisa Walker,25,Indianapolis,2024-12-05
5492,Lisa Wilson,31,San Francisco,2021-12-25
2430,Steven Williams,52,Nashville,2025-03-12
8915,Michael Thompson,25,Tucson,2025-04-14
246,Amanda Thompson,56,Jacksonville,2020-12-02
184,Daniel Johnson,21,Austin,2024-09-16
7005,Emily Taylor,27,New York,2024-08-05
9495,Lisa Garcia,24,Fort Worth,2021-01-11
4223,David Perez,18,San Diego,2023-05-09
6906,Mark Lopez,29,Los Angeles,2025-06-22
