EMP_ID,EMP_NM,DEPT_CD,SAL_AMT
6650,Sarah Thomas,Sales,119597
8260,John Lewis,Operations,129144
1356,Matthew Martin,HR,113465
3054,James Gonzalez,Research,31539
4094,Michael Thompson,Finance,118614
1311,Karen Smith,Operations,73498
4646,Anthony Williams,IT,115214
8621,Jennifer Garcia,HR,106116
6113,Anthony Hernandez,Marketing,115342
8632,Michael King,HR,64011
6133,John Clark,Sales,46096
4762,Nancy Jackson,Marketing,118939
1574,Andrew Hernandez,Customer Service,71994
2693,Jessica Jackson,IT,64599
9529,John Wilson,Finance,141757
1550,Michael Sanchez,Marketing,133882
3176,David Thomas,HR,80188
3301,Matthew Wilson,Sales,115220
4128,Karen Miller,Customer Service,113865
9876,David Martinez,HR,32663
7065,Dorothy Sanchez,IT,137475
6940,Jennifer Johnson,HR,93662
7582,David King,Legal,82681
6157,Nancy Anderson,Customer Service,119488
7699,Steven Martinez,Sales,43267
5828,John Walker,HR,131101
81,Dorothy Hernandez,Marketing,99392
9142,Ashley Anderson,Finance,58098
4475,Lisa Gonzalez,Research,37109
9522,Robert Rodriguez,Marketing,58705
9870,Daniel Williams,Finance,55316
6667,Jennifer Brown,Finance,135893
8871,Nancy Walker,IT,36162
5307,Dorothy Martin,Legal,53100
8397,Deborah Lee,Customer Service,92859
5212,David Martinez,Sales,125305
7257,Karen Jones,Engineering,56280
1413,Paul Walker,Legal,62941
109,Karen King,Engineering,57182
1582,Anthony Lewis,Finance,74569
1144,Matthew Clark,Marketing,77823
3712,Andrew Martin,Marketing,84172
4016,James Brown,Marketing,37808
9740,Joshua Johnson,Operations,35429
9662,Deborah Johnson,Engineering,109684
3743,Betty Taylor,Research,78456
8850,Sarah Lee,Finance,129653
2905,Amanda Sanchez,Sales,48131
5181,Daniel Harris,Legal,39222
9580,Robert Walker,Engineering,125870
6452,Donald Moore,Sales,134360
4808,Jane Clark,IT,51016
2787,James Anderson,Research,50377
1105,Lisa Taylor,Legal,74451
4880,Jennifer Ramirez,Research,141604
7757,Matthew Clark,Research,77915
4576,Elizabeth Lopez,Customer Service,91025
8579,Elizabeth Ramirez,Finance,108549
8116,Joshua Brown,Customer Service,109614
9490,Matthew Gonzalez,IT,122544
315,Lisa Perez,Marketing,101666
1941,James Walker,HR,36008
1155,Lisa Ramirez,Sales,137855
1453,Robert Taylor,Operations,96761
7130,Steven Harris,Sales,60347
8610,Nancy Johnson,IT,39551
2792,Amanda Smith,HR,139883
4980,Daniel Sanchez,IT,56840
8732,Nancy Garcia,Operations,142457
8270,David Harris,Finance,77065
6688,Mark Wilson,Research,31566
1702,Andrew Perez,Customer Service,38588
7074,Paul Young,Customer Service,94443
424,Karen Johnson,Operations,121743
5809,James Walker,HR,125428
30,Daniel Miller,Engineering,56558
4828,Ashley Miller,Sales,36333
2444,Steven Gonzalez,Engineering,98740
6043,Betty Thomas,Research,144658
4345,Joshua Jones,Finance,91733
6770,Daniel Sanchez,Operations,84900
6663,Michael Johnson,IT,37531
567,Jennifer Thomas,Operations,58792
2849,Joshua Jackson,Customer Service,63959
8800,Steven Martin,Legal,126223
1746,Joshua Davis,Operations,93222
6029,Donald Robinson,Customer Service,111822
5095,Jennifer Harris,Finance,123821
4605,Mark White,Finance,68691
5127,Mark Miller,Operations,62646
200,Matthew Garcia,Research,124878
752,John Gonzalez,Marketing,97130
1806,Lisa Johnson,Marketing,62359
9747,Dorothy Lee,Marketing,66174
4237,Deborah Jones,IT,147068
8112,Lisa Brown,Research,137796
3701,Karen Taylor,Operations,146973
2509,Steven Allen,Sales,65684
2123,Emily Young,IT,82601
3900,Deborah Perez,Operations,38197
