C_ID,C_NAME,AGE_YRS,LOC_CD,REG_DT
3634,Donald Garcia,66,Houston,2024-07-02
4543,Michael Robinson,33,San Antonio,2023-12-10
145,Emily Taylor,68,San Antonio,2025-12-24
2237,James Anderson,40,Sacramento,2023-01-14
3732,Nancy Clark,31,Fort Worth,2020-01-09
2354,Matthew Jackson,55,Houston,2020-01-09
717,Andrew Davis,37,Oklahoma City,2022-11-04
4029,Joshua Hernandez,53,Fresno,2021-08-24
2352,Betty Moore,51,Los Angeles,2022-12-20
2306,Matthew Perez,28,Denver,2020-09-01
3400,Lisa Lewis,54,Dallas,2022-03-10
9312,Donald Johnson,39,San Diego,2024-02-24
8038,Ashley Walker,64,Jacksonville,2022-06-05
8318,Mark Garcia,53,Los Angeles,2025-01-28
7393,Joshua Lee,43,Oklahoma City,2022-09-05
8199,Anthony Moore,24,San Jose,2022-11-10
6892,Betty Robinson,26,Chicago,2023-06-17
1666,Matthew Clark,31,Jacksonville,2022-10-12
1899,Robert Johnson,62,San Jose,2020-10-12
8318,Elizabeth Martin,43,Milwaukee,2021-11-14
8012,Sarah Allen,23,Dallas,2023-05-02
7737,David Smith,31,Houston,2020-05-05
823,Anthony Ramirez,33,Los Angeles,2022-04-02
9372,Mark King,38,San Jose,2024-12-12
5333,Robert Anderson,66,Columbus,2022-05-17
5272,Lisa Hernandez,39,Charlotte,2020-09-02
1673,Robert Martinez,34,San Jose,2021-05-07
8102,Karen Harris,33,San Diego,2023-09-25
7137,Daniel Garcia,51,Oklahoma City,2023-05-22
5071,Dorothy Clark,65,Albuquerque,2025-02-15
9610,Paul Johnson,28,Indianapolis,2021-06-09
6773,Robert Martin,38,Las Vegas,2025-09-04
3081,Karen Robinson,54,Los Angeles,2024-04-12
9957,Jane Garcia,40,San Jose,2020-02-18
2695,Karen Lewis,36,Indianapolis,2024-05-06
9149,Ashley Lopez,21,Fort Worth,2021-04-08
3875,Dorothy Perez,59,Milwaukee,2023-10-18
8144,Lisa White,57,Dallas,2023-11-13
4120,Andrew Smith,31,Austin,2025-06-13
6306,Ashley Thomas,56,Seattle,2022-11-28
3343,Jennifer Allen,46,San Antonio,2024-06-25
129,Deborah Ramirez,51,Mesa,2020-04-26
1521,Sarah Wilson,69,Baltimore,2024-04-20
7408,Matthew Hernandez,66,Indianapolis,2024-01-27
1259,Sarah King,65,Jacksonville,2024-08-19
5076,Andrew Lee,44,Oklahoma City,2024-05-08
9661,Michael Brown,62,Phoenix,2025-06-22
3593,Betty Martin,19,Kansas City,2022-02-26
9706,Emily Allen,67,Denver,2023-08-19
7550,John Davis,27,Mesa,2022-07-27
1473,Anthony Robinson,48,Philadelphia,2023-07-16
3933,Nancy White,22,Philadelphia,2023-07-01
9370,Anthony Ramirez,53,Louisville,2024-09-13
7511,Jessica Lee,57,Jacksonville,2020-09-23
657,Betty Jones,69,San Francisco,2021-09-17
9637,Robert Williams,61,San Francisco,2020-08-19
914,Lisa King,25,San Antonio,2023-04-24
6924,Daniel Robinson,50,San Jose,2023-01-21
9536,Paul Thomas,53,Dallas,2022-07-13
1584,Sarah King,51,Tucson,2023-03-10
2416,Jessica King,65,Oklahoma City,2023-06-17
4966,Amanda Martin,68,Indianapolis,2021-11-20
3748,Jessica Martin,57,Seattle,2023-06-21
9093,Andrew Ramirez,66,Las Vegas,2020-08-23
1459,Amanda Perez,26,Columbus,2020-04-06
2460,Michael Harris,57,Sacramento,2024-05-14
1365,Sarah Brown,29,San Francisco,2020-11-28
6991,Jane King,36,Phoenix,2024-11-16
112,Elizabeth Smith,67,Columbus,2024-11-05
9153,David King,26,Kansas City,2024-04-07
2736,Ashley Ramirez,60,San Francisco,2022-07-10
332,Jennifer Lopez,67,Denver,2023-12-19
5820,Emily Rodriguez,36,Denver,2021-10-24
8575,Joshua Lee,36,Jacksonville,2024-07-12
4487,Sarah Brown,27,Denver,2025-03-10
