C_ID,C_NAME,AGE_YRS,LOC_CD,REG_DT
6622,Jennifer Walker,50,San Francisco,2025-05-19
592,Amanda White,51,Fort Worth,2025-12-03
795,Jennifer Gonzalez,70,Kansas City,2020-09-06
8529,Lisa Jones,37,Baltimore,2020-04-01
3175,Jessica Miller,39,Indianapolis,2020-08-17
1728,Sarah Williams,31,Denver,2024-06-06
9987,Nancy Thomas,58,Washington,2021-03-19
694,Michael Robinson,56,San Jose,2024-08-22
8640,Daniel Ramirez,68,San Diego,2022-06-17
7019,John Allen,23,Sacramento,2023-08-24
9448,Ashley Miller,35,Kansas City,2022-11-15
5431,Lisa Martin,66,Phoenix,2021-04-01
6732,Donald Garcia,65,Milwaukee,2023-11-19
1529,Matthew King,23,Sacramento,2020-09-02
4803,Lisa Davis,30,Louisville,2024-08-02
9477,Matthew Robinson,28,Las Vegas,2025-10-20
110,Christopher Thomas,63,Columbus,2020-09-01
8783,David Young,21,Austin,2024-08-15
7987,Dorothy Wilson,44,Chicago,2021-11-17
8456,Sarah Jackson,49,Austin,2023-08-22
6816,James Ramirez,31,Fresno,2025-05-05
5157,Nancy Martinez,26,Louisville,2021-07-19
2502,Donald Brown,57,Indianapolis,2023-05-10
4740,Robert Hernandez,50,Philadelphia,2020-05-05
2580,Nancy Smith,27,Louisville,2025-09-14
5823,Donald Garcia,31,New York,2023-02-04
9776,David Lopez,32,Austin,2020-08-12
5126,Dorothy Allen,47,Sacramento,2022-04-24
3754,Paul Martin,47,Austin,2024-05-04
9521,Christopher Thompson,56,Las Vegas,2021-11-21
7395,Nancy Miller,65,Baltimore,2023-12-18
9982,Steven Brown,40,San Francisco,2021-07-24
3420,David Harris,18,Washington,2025-09-10
2834,Jessica White,59,San Diego,2025-11-07
2769,Steven Wilson,24,Dallas,2021-12-06
8886,Emily Davis,54,San Antonio,2024-03-19
2222,Robert Lewis,48,Albuquerque,2021-08-11
7906,Sarah White,57,Jacksonville,2022-05-18
8806,Paul Williams,20,Chicago,2021-01-24
5377,Betty Walker,65,Austin,2021-11-16
5935,Christopher Sanchez,45,Columbus,2022-03-25
3968,Andrew Jones,26,New York,2024-10-23
1789,Matthew Brown,18,Fresno,2024-08-19
4593,Mark Hernandez,39,Kansas City,2022-06-26
8287,Jane Martin,23,Sacramento,2023-12-24
2939,James Harris,35,Oklahoma City,2023-04-17
3050,Mark Thompson,62,Louisville,2021-08-09
9727,Deborah Moore,40,Sacramento,2022-03-28
9300,Daniel Walker,50,Phoenix,2020-05-02
2187,Jessica Perez,30,Kansas City,2022-03-16
755,Lisa Thomas,57,Mesa,2025-06-26
7661,Christopher Thompson,40,San Francisco,2022-07-06
2482,Mark Jones,25,Dallas,2022-05-08
1690,Emily Ramirez,29,New York,2020-04-26
2633,Michael Lewis,32,Jacksonville,2025-05-07
587,John Perez,60,Columbus,2025-09-20
989,Daniel Garcia,52,Denver,2024-02-13
1804,Lisa Moore,69,San Antonio,2024-08-22
237,Joshua Robinson,22,Portland,2023-08-11
1807,Lisa Allen,32,Charlotte,2023-08-02
5539,Ashley Jackson,48,Baltimore,2020-07-23
7493,Mark Ramirez,32,Indianapolis,2025-05-13
890,Michael Thomas,52,Seattle,2024-01-18
2061,Emily Davis,41,Columbus,2024-08-02
1195,Elizabeth Harris,25,San Jose,2022-10-09
3226,Michael Walker,38,Oklahoma City,2024-09-01
3114,Anthony Young,58,Denver,2023-06-17
5911,Anthony Gonzalez,62,Columbus,2022-11-08
5991,Donald Sanchez,65,Jacksonville,2024-01-16
9213,Dorothy Hernandez,63,Charlotte,2023-11-28
7555,Dorothy Gonzalez,51,Seattle,2022-05-28
6781,Matthew Miller,59,Austin,2023-02-18
3569,Betty Davis,68,New York,2024-12-17
3548,James Walker,60,New York,2024-05-07
7061,Sarah Smith,66,Louisville,2023-07-01
