EMP_ID,EMP_NM,DEPT_CD,SAL_AMT
5144,James Johnson,Operations,143091
6427,Donald Jackson,Engineering,54688
7063,Deborah Gonzalez,IT,140631
7938,Lisa Clark,Customer Service,61300
3892,James Anderson,IT,64734
3061,Steven Sanchez,Marketing,50988
9972,Jane Johnson,Sales,91852
9621,Daniel Allen,Marketing,96522
475,Karen Taylor,Research,50808
2171,Michael Thompson,IT,130087
3225,Paul King,Legal,108954
7875,Matthew King,Legal,140597
2175,Mark King,Customer Service,81324
8258,James Sanchez,Finance,51502
1803,John Ramirez,Sales,47214
651,Andrew Taylor,Marketing,124933
1216,Emily Young,Marketing,125929
8031,Karen King,IT,33541
2234,Paul Walker,Research,38823
4861,David Johnson,Customer Service,106201
2486,Michael Lewis,Customer Service,89558
4912,James Anderson,Legal,59948
3526,Elizabeth Johnson,Marketing,131517
2513,Jennifer Thompson,Marketing,30486
4238,John Moore,Customer Service,121203
3379,Steven Martinez,Research,77294
6375,Karen Martinez,Research,55005
4299,Daniel Smith,Operations,35144
5356,Karen Thomas,IT,106939
9134,Jessica Clark,HR,45193
316,Mark Taylor,Research,62093
884,James Lewis,Research,139015
6205,Christopher Smith,IT,133505
8754,Dorothy Perez,Finance,103608
672,Joshua Jones,Customer Service,79957
2308,Steven Sanchez,Finance,66659
9197,Lisa Walker,Customer Service,107502
1077,Ashley Martinez,Research,58741
855,Sarah Sanchez,Engineering,121941
6935,Jennifer Lopez,Operations,105324
2870,Anthony Johnson,Legal,63750
4157,James Walker,Marketing,110646
2609,Sarah Gonzalez,Research,127621
4380,Donald Johnson,Sales,115954
4192,Steven Johnson,Operations,125091
9331,Donald Smith,HR,98751
5538,James Taylor,Engineering,65555
8290,Michael Smith,Operations,146143
8394,John Jones,Operations,108849
4080,Daniel Moore,Marketing,131050
9996,Mark Anderson,IT,56163
393,Robert Lee,Customer Service,107086
9380,Jessica Martin,Marketing,120578
6463,Amanda Martinez,Engineering,70338
4040,Lisa Martin,Operations,115766
4885,Betty Miller,Finance,114757
9155,Dorothy Lewis,Research,89610
8074,Karen Gonzalez,Finance,134571
2500,Lisa Thompson,Engineering,47274
3296,Daniel Lopez,HR,142804
731,Amanda Lewis,Sales,56533
8870,Jessica Garcia,Engineering,118157
553,Matthew Taylor,Finance,55785
3690,David Garcia,HR,45459
7548,Lisa Lopez,Finance,63716
4809,Steven King,Operations,125846
4195,Jennifer Thompson,Marketing,81008
2691,Nancy Lee,Customer Service,132894
2439,Lisa Taylor,Finance,107203
1651,Anthony Jones,Sales,77015
8622,Anthony Anderson,Customer Service,109635
3800,Andrew Anderson,Finance,109996
6458,Jennifer Brown,HR,76784
2513,Sarah Sanchez,Sales,146120
2242,Andrew Walker,Sales,75784
4022,Anthony Perez,Marketing,118087
2190,Amanda Hernandez,IT,122620
5794,Christopher Johnson,Sales,67436
6146,Michael Davis,Sales,43917
9176,Jennifer Lee,IT,140170
5606,Betty Perez,Research,88003
1312,John Martin,IT,84246
1543,Andrew King,Marketing,65215
7621,Sarah Thomas,IT,119646
6827,Ashley Clark,Marketing,110227
4813,Daniel Anderson,Finance,51334
3384,Paul Lopez,Customer Service,79955
423,Michael Moore,Engineering,53582
1513,Christopher Lopez,Marketing,77347
3222,Robert Walker,Sales,97310
8509,Matthew Johnson,Legal,64602
4613,Mark Johnson,Engineering,39950
6518,Andrew Lee,Marketing,96991
7792,Andrew Thompson,Customer Service,148986
5706,Jessica King,IT,63155
2819,Paul Ramirez,Legal,123665
1441,Michael Brown,HR,107300
3320,Karen Lee,HR,68088
8836,Daniel Jackson,HR,82729
818,Jennifer Johnson,Operations,140977
