C_ID,C_NAME,AGE_YRS,LOC_CD,REG_DT
2361,Amanda Anderson,33,Houston,2021-04-12
5129,Deborah King,19,Indianapolis,2023-10-07
8382,Amanda Sanchez,46,Oklahoma City,2024-03-21
75,Paul Lopez,36,Austin,2023-05-01
5318,Deborah Robinson,23,Los Angeles,2024-08-09
5574,John Anderson,23,San Antonio,2020-04-24
2685,Christopher Robinson,26,Charlotte,2020-04-12
3942,Lisa Lopez,40,Las Vegas,2025-11-10
7505,Michael Sanchez,53,Charlotte,2025-01-03
8751,Lisa Moore,38,Louisville,2023-08-12
775,Matthew White,33,Baltimore,2021-02-28
7705,Andrew Davis,23,Baltimore,2021-10-10
1078,Michael Thomas,33,Columbus,2020-08-15
9988,Ashley Garcia,30,New York,2020-11-07
2727,Anthony Harris,38,Milwaukee,2025-06-20
8951,Steven Brown,34,Nashville,2022-06-28
1181,Lisa Sanchez,55,Kansas City,2024-05-18
8688,Betty Jackson,32,San Diego,2020-09-18
1525,James Anderson,52,Fort Worth,2023-07-18
1519,Lisa Perez,52,Indianapolis,2020-02-06
4833,Christopher Hernandez,30,Denver,2020-09-19
9612,Amanda Jackson,57,San Diego,2023-06-28
6352,Jane Rodriguez,61,Tucson,2020-07-22
2246,Joshua Garcia,25,Kansas City,2022-07-09
6713,David Robinson,55,Boston,2021-08-01
7280,Ashley Jones,52,New York,2023-07-22
8182,Donald King,38,San Francisco,2021-05-05
4187,Donald King,41,Washington,2020-09-07
6458,Mark Harris,22,Milwaukee,2024-12-13
2233,Lisa Garcia,48,Tucson,2025-10-19
3626,Deborah Taylor,70,Mesa,2025-03-08
9157,Sarah Jones,45,Louisville,2022-04-16
5702,Anthony Thomas,57,Seattle,2021-11-19
4668,Andrew Moore,69,San Antonio,2023-03-19
1649,Lisa Jackson,22,Phoenix,2020-10-04
7007,James Moore,68,Indianapolis,2025-07-18
9488,David Brown,27,Philadelphia,2023-04-27
499,Christopher Hernandez,43,San Jose,2021-02-03
9276,Jessica Smith,63,Louisville,2021-07-27
3657,Lisa Hernandez,53,San Jose,2022-11-20
7221,Lisa Thompson,60,Houston,2020-03-02
5817,Dorothy Moore,28,Louisville,2020-12-17
1445,Daniel Harris,44,Portland,2022-07-02
2653,Mark Moore,32,Sacramento,2023-06-18
9639,Steven Allen,40,Jacksonville,2020-12-28
7945,Andrew Clark,53,Indianapolis,2022-10-24
744,Joshua Ramirez,42,Chicago,2021-08-02
8301,Jennifer Clark,67,Columbus,2022-07-17
5848,Jessica Ramirez,64,Jacksonville,2021-03-19
9674,James Lopez,27,Los Angeles,2024-12-07
8502,Paul Perez,18,Nashville,2024-11-14
3627,Lisa Brown,53,Jacksonville,2022-11-01
5736,Emily Brown,39,Tucson,2023-07-20
1021,Nancy Brown,63,Kansas City,2023-08-17
5197,Andrew Taylor,53,Kansas City,2020-05-09
5171,Robert Clark,21,Denver,2022-02-05
5156,Jessica Robinson,51,Tucson,2024-01-27
2101,Nancy Perez,48,Nashville,2025-12-02
5279,Ashley Hernandez,35,New York,2021-09-03
9451,Paul Perez,69,Portland,2025-02-18
3268,Lisa Hernandez,63,Jacksonville,2022-02-14
9182,Mark Martinez,58,Indianapolis,2020-03-08
5963,Robert Williams,26,Las Vegas,2020-06-27
4458,Michael Jackson,43,Louisville,2023-10-04
1767,Karen Garcia,19,Mesa,2023-11-03
4556,Donald Moore,68,Milwaukee,2023-12-24
7643,Joshua White,57,Oklahoma City,2025-07-08
3899,Robert Miller,48,Tucson,2022-06-15
9184,John Perez,58,Portland,2020-02-09
6549,Paul Walker,32,Nashville,2021-08-24
663,Ashley Williams,23,Indianapolis,2022-02-12
6351,Paul Martinez,58,Boston,2021-03-03
3656,Daniel Lopez,31,Baltimore,2024-01-13
2535,Christopher Walker,30,San Jose,2025-07-08
9072,John Lopez,44,Denver,2024-05-11
