C_ID,C_NAME,AGE_YRS,LOC_CD,REG_DT
2382,Robert Walker,30,San Francisco,2022-05-08
726,Amanda Robinson,20,Milwaukee,2020-10-23
9761,Emily Walker,55,San Jose,2022-07-02
5242,Elizabeth Moore,43,Albuquerque,2020-06-02
7822,Matthew Lee,34,San Francisco,2022-03-26
154,Lisa Gonzalez,45,Phoenix,2021-03-15
2509,Daniel Perez,36,Philadelphia,2023-01-26
46,Paul Clark,58,Washington,2023-01-21
3625,John Hernandez,49,Austin,2022-02-26
6071,Mark Jackson,69,San Diego,2022-02-27
5919,Karen Hernandez,49,Charlotte,2020-03-18
4581,Dorothy Gonzalez,38,Indianapolis,2022-01-20
9681,Donald Jones,55,Columbus,2022-07-05
6998,Nancy Anderson,41,Las Vegas,2023-04-27
9060,Lisa Garcia,61,Albuquerque,2021-01-24
4874,Mark Williams,42,Portland,2021-03-02
681,John Johnson,47,Houston,2022-03-06
2872,Joshua Brown,32,Albuquerque,2022-10-17
1603,Michael Brown,67,Kansas City,2023-11-18
2677,Daniel Gonzalez,54,Mesa,2022-01-07
1686,Karen Lee,25,New York,2020-10-25
5185,John Clark,38,Indianapolis,2023-11-14
2889,John Johnson,65,Fort Worth,2021-04-24
8054,Sarah Wilson,53,Boston,2022-11-05
6643,Lisa Davis,58,Seattle,2021-09-12
970,David Williams,58,Fort Worth,2020-03-06
7527,Nancy Harris,30,Fresno,2025-01-17
8509,Deborah Garcia,42,Mesa,2024-04-03
2685,Daniel Thomas,19,San Diego,2023-12-18
993,Sarah Thomas,58,Portland,2024-06-21
1508,Paul Smith,38,Tucson,2023-03-01
1497,Lisa Smith,45,Kansas City,2022-09-28
1403,John Martin,39,Houston,2022-09-02
1334,Lisa Lopez,39,Boston,2021-12-06
522,Elizabeth Lopez,46,Los Angeles,2025-07-08
7086,Jennifer Ramirez,38,Philadelphia,2025-05-04
7745,Deborah Lopez,46,San Antonio,2020-10-22
8560,Deborah Gonzalez,55,Albuquerque,2021-08-26
2020,Lisa Thomas,18,Oklahoma City,2020-05-01
9802,Robert Lee,70,Philadelphia,2020-06-09
5117,Paul Davis,20,Fresno,2022-10-01
71,Nancy Davis,40,Milwaukee,2021-02-26
9534,Karen Walker,61,Seattle,2023-08-05
9203,Jessica Ramirez,69,Oklahoma City,2022-09-18
9240,Betty Rodriguez,31,Dallas,2022-12-10
799,Ashley Lewis,32,Oklahoma City,2023-08-01
9154,Michael Gonzalez,48,Dallas,2021-02-28
1775,Deborah Clark,40,Nashville,2022-11-26
5204,Christopher Ramirez,26,San Antonio,2022-03-26
1587,Andrew Williams,31,Tucson,2025-10-05
6674,Steven Thompson,34,Fresno,2022-01-03
6335,Elizabeth Lee,34,Nashville,2020-07-18
9200,David Ramirez,70,Fresno,2022-01-07
2188,Amanda Gonzalez,59,Chicago,2020-01-26
1379,Donald Jones,32,San Antonio,2024-09-21
1534,Sarah Smith,46,Albuquerque,2022-06-12
9133,Sarah Davis,59,Baltimore,2024-12-23
9865,Robert Martinez,64,Dallas,2021-06-16
9438,David Robinson,38,Las Vegas,2020-01-06
9934,Michael Clark,38,San Diego,2020-02-19
9068,Jessica Jackson,21,San Antonio,2025-03-14
3119,Matthew Gonzalez,39,Portland,2024-06-28
2355,Elizabeth Rodriguez,28,Las Vegas,2024-06-23
6922,Steven Sanchez,18,Austin,2022-07-19
5744,Daniel Garcia,57,San Francisco,2024-12-15
1096,Lisa Johnson,67,Nashville,2022-01-22
3025,Ashley King,59,Kansas City,2024-11-27
5932,Matthew Perez,57,Albuquerque,2021-11-17
7313,Lisa Anderson,20,Oklahoma City,2024-11-09
1555,Michael Smith,48,Louisville,2024-01-16
9026,Matthew Perez,37,Nashville,2021-09-27
7197,Nancy Walker,41,San Diego,2021-08-21
96,Jane Clark,37,Las Vegas,2024-07-16
1209,Steven Martinez,20,New York,2021-01-15
200,Christopher Rodriguez,22,Los Angeles,2023-06-14
