C_ID,C_NAME,AGE_YRS,LOC_CD,REG_DT
3053,Christopher Walker,53,San Antonio,2020-07-16
3197,Lisa Allen,38,Las Vegas,2023-09-15
362,David Robinson,58,Mesa,2024-09-21
176,Mark Lee,62,Denver,2021-05-25
7427,John Perez,51,Las Vegas,2020-09-25
9705,Anthony Jones,24,Kansas City,2023-09-22
3510,Amanda Thomas,64,San Antonio,2022-03-24
8164,Nancy Brown,59,Dallas,2025-02-01
2380,Mark Gonzalez,49,Phoenix,2022-10-06
4935,Michael Lewis,45,San Francisco,2020-06-07
32,Daniel Rodriguez,24,San Francisco,2025-11-28
444,Karen Gonzalez,65,Albuquerque,2023-11-11
8253,David Gonzalez,67,Austin,2024-12-12
6664,Joshua Ramirez,23,San Jose,2020-08-02
1674,Andrew Ramirez,51,Jacksonville,2020-11-14
3776,Amanda Sanchez,24,Boston,2022-01-09
1210,James Williams,30,Mesa,2020-11-15
4254,Dorothy Davis,63,San Antonio,2021-10-03
4755,Sarah Garcia,22,Indianapolis,2020-05-26
3158,Paul Williams,59,Philadelphia,2022-03-01
3175,Mark Lopez,52,Fort Worth,2022-10-14
8922,David Jones,30,Washington,2023-11-21
4950,James Williams,32,San Antonio,2022-07-16
1770,Jessica Lee,67,San Jose,2025-01-22
9044,Andrew Williams,19,Austin,2023-10-21
2315,Betty Miller,49,Columbus,2025-10-11
8733,Anthony Ramirez,63,Boston,2021-09-03
7154,Ashley Clark,44,Houston,2022-02-22
2415,Sarah White,42,Phoenix,2023-04-08
1052,Michael Williams,57,Charlotte,2023-11-18
1316,Joshua Ramirez,56,Nashville,2025-02-09
9683,Joshua Perez,45,San Diego,2020-12-10
5251,Andrew Perez,70,Milwaukee,2025-04-24
991,Deborah Ramirez,20,San Jose,2020-05-17
4268,David White,49,San Diego,2020-02-03
6162,Elizabeth Lewis,36,Charlotte,2024-02-13
3639,Elizabeth Hernandez,25,Baltimore,2020-03-24
5730,John Perez,39,San Jose,2025-09-07
354,Elizabeth Lewis,68,Nashville,2025-11-18
5172,John King,61,Dallas,2020-02-07
8393,Karen Robinson,48,San Antonio,2022-11-18
4216,James Walker,56,Columbus,2021-10-27
9298,Paul Thomas,55,Phoenix,2025-08-14
2237,Elizabeth Walker,20,Chicago,2022-03-16
7525,David Robinson,62,Las Vegas,2020-09-14
389,Steven Young,57,Tucson,2021-08-15
2956,Karen Sanchez,64,San Antonio,2022-04-05
2614,Michael Wilson,23,Milwaukee,2024-09-17
3433,Sarah Thomas,47,Boston,2023-10-14
4676,Donald Davis,53,Columbus,2021-05-08
3271,David Martin,39,Boston,2024-05-09
8638,Ashley Lopez,39,Portland,2021-06-26
5350,Joshua Sanchez,68,Indianapolis,2023-04-08
673,John Walker,66,Sacramento,2022-09-18
3591,Lisa Garcia,37,Fresno,2022-08-25
5564,Joshua Brown,20,Louisville,2020-02-03
2855,Joshua Gonzalez,30,Washington,2020-10-27
9994,Paul Ramirez,29,Charlotte,2021-10-21
4317,Nancy Gonzalez,62,New York,2025-10-16
3272,Emily Jackson,69,Los Angeles,2020-10-28
2667,Paul Garcia,60,San Francisco,2022-04-02
4202,Lisa Jackson,30,Seattle,2025-07-01
7799,Betty Harris,56,Nashville,2021-03-13
2712,Matthew Jones,25,Houston,2020-09-24
7974,Jennifer Walker,23,Indianapolis,2025-04-26
1050,Anthony Williams,21,San Jose,2025-02-13
7640,Andrew Clark,32,Denver,2024-06-03
3707,Michael Allen,35,Charlotte,2025-05-13
6506,Lisa Smith,25,Philadelphia,2025-11-22
8198,Paul Sanchez,49,Houston,2021-08-08
3050,Donald White,47,Baltimore,2022-12-25
8660,Steven White,64,Fresno,2023-11-09
6652,Lisa Lewis,69,Jacksonville,2020-04-09
2952,James Hernandez,51,Denver,2025-10-24
6457,Betty Hernandez,36,San Jose,2022-04-15
