EMP_ID,EMP_NM,DEPT_CD,SAL_AMT
4480,Karen Robinson,Finance,76002
7635,Karen Williams,Research,78478
7445,John Jones,Finance,70267
3948,Jessica White,Legal,100090
6036,Joshua Sanchez,HR,115050
1512,Jennifer Rodriguez,Operations,100812
978,Sarah Robinson,Sales,141969
2960,Joshua Williams,Sales,49151
5253,Paul Sanchez,Research,87012
1849,Robert White,Legal,117471
8959,James Anderson,Marketing,93296
1519,Daniel Jones,Sales,110765
6978,Michael Perez,Sales,35893
6086,Jane Lewis,Customer Service,134282
7706,Andrew Garcia,Finance,110330
3449,Robert Hernandez,Finance,50161
7138,Matthew Young,Finance,146693
3000,Emily Williams,Legal,111176
3756,Jane Brown,IT,96720
8945,Sarah Taylor,Legal,80660
2683,Steven Moore,Research,77637
3096,Elizabeth Johnson,Finance,130343
8185,Emily Martin,HR,103499
9616,Matthew Johnson,IT,41021
891,David Johnson,Operations,141738
9074,Sarah Thomas,Sales,93758
5350,Joshua Lee,Research,125503
6515,Betty King,Marketing,94762
1356,Joshua Martin,Sales,93554
9645,Steven Ramirez,HR,110629
2717,Elizabeth Williams,Operations,100884
7481,Jessica Jackson,Legal,59277
5374,Paul Anderson,Operations,70333
6438,Sarah Harris,Customer Service,107896
5142,Emily Perez,Marketing,120306
6599,Nancy Hernandez,Marketing,54344
1716,Andrew Jones,Finance,124312
2668,Lisa Harris,Engineering,110163
6741,Daniel Sanchez,Customer Service,51021
2458,Daniel White,Operations,70368
745,Sarah Thomas,Research,85917
1827,Betty Moore,Research,114153
3641,Anthony Thompson,Marketing,106233
7827,Jennifer Lewis,Marketing,56550
7694,Paul Walker,HR,91190
4364,Christopher Jackson,Finance,57538
5152,Jennifer Hernandez,Engineering,118094
3236,Lisa Perez,Finance,110332
82,Emily Harris,Research,61642
2208,Elizabeth Rodriguez,Research,50473
1733,Anthony Jones,Marketing,124175
6600,Jane Lopez,Sales,129261
9305,Lisa Walker,Customer Service,39353
4461,Jessica Brown,Finance,147140
3202,Ashley Garcia,Marketing,84593
9952,Betty Gonzalez,Legal,77456
9915,Lisa Perez,Sales,48948
8658,Nancy Lopez,Finance,43338
9418,Dorothy Robinson,Research,133265
2744,Donald Lewis,Marketing,45647
1027,Jessica Lee,Research,97696
5303,Paul Rodriguez,Finance,136160
5701,Lisa Jackson,Legal,84741
9113,Daniel Jackson,IT,48291
337,Ashley Harris,Engineering,127401
6161,Elizabeth Robinson,Marketing,76300
7256,Karen Miller,Marketing,96189
2040,Mark Martin,Sales,77805
2523,Donald Martinez,HR,44914
1605,Paul Perez,Legal,140411
2046,Betty Perez,Sales,93988
6189,Anthony Johnson,HR,124125
3209,Lisa Lee,Legal,92432
5854,Amanda Sanchez,IT,121483
7240,Karen Moore,IT,106929
841,Jessica Martinez,Marketing,102799
1568,Michael Martin,Legal,107300
1156,Robert Lopez,Engineering,35148
6078,Michael Garcia,Research,120320
8741,Steven Moore,Operations,140740
6411,Lisa Hernandez,Finance,67195
7930,Jennifer Thompson,Customer Service,61817
5936,Dorothy Hernandez,Finance,92620
9214,Jessica Allen,Research,139559
8840,Michael Brown,HR,138042
9369,Paul Young,HR,124857
6172,Lisa Gonzalez,IT,35509
4036,James Jones,Customer Service,133105
6123,Andrew Jones,Finance,81828
6368,Daniel Garcia,Customer Service,41247
9459,Matthew Lopez,Research,47085
6222,Amanda Moore,HR,56053
6695,Jane Hernandez,Operations,139144
1099,John Johnson,Customer Service,121194
7858,Donald Thompson,HR,66756
6540,Ashley Allen,Customer Service,57326
6612,Sarah Williams,Sales,132990
3868,Michael Walker,Customer Service,124175
2569,Jessica Davis,Operations,51665
6425,Dorothy Thomas,IT,148174
