EMP_ID,EMP_NM,DEPT_CD,SAL_AMT
9281,Daniel Johnson,Legal,78210
809,Anthony Davis,Legal,44585
3942,Lisa Perez,Research,117469
5793,Anthony Jackson,Marketing,145925
6832,Anthony Clark,Legal,36747
4237,Lisa King,Legal,75038
760,Michael Harris,Operations,135778
5627,Joshua White,Engineering,143052
3256,Betty Thomas,Sales,63064
1676,Christopher Anderson,Legal,97601
7404,Deborah Williams,Marketing,131238
5998,Jennifer Thompson,IT,133853
9655,Sarah Young,Finance,31571
4496,Jane Gonzalez,Research,127089
4163,Deborah Williams,Operations,145473
8909,Jennifer Martinez,Engineering,148911
9131,Daniel Robinson,HR,58515
8996,Ashley Lopez,Sales,108478
8821,Sarah Harris,Operations,52793
9040,Betty Walker,Engineering,42394
4717,David Smith,IT,91130
5328,John Harris,Legal,55782
4007,Robert Sanchez,Operations,126851
677,Paul Williams,Sales,32508
2038,Joshua Anderson,Sales,67539
704,Karen Moore,Legal,98071
6605,Mark Lopez,Customer Service,61843
7749,Steven Martinez,Legal,35059
2185,Paul Martin,HR,113698
2753,Nancy Miller,Finance,74963
2241,Nancy Hernandez,Sales,68955
7725,Lisa Moore,Customer Service,38220
2656,Robert King,Legal,73515
4015,Mark Anderson,Marketing,142646
587,Karen Wilson,Engineering,91018
8152,James Martinez,IT,65045
3681,Jennifer Walker,Finance,89474
6170,Deborah Miller,HR,30135
9598,Lisa Young,Legal,130635
3951,Lisa Smith,Legal,68424
3003,Anthony Clark,Finance,31213
6725,Anthony Jackson,Engineering,34275
4576,Daniel Perez,HR,113217
2748,Paul Moore,Legal,93579
1308,Michael Perez,Legal,83996
8693,Anthony Thompson,Research,76609
1495,David Gonzalez,IT,108156
1235,Donald Harris,Legal,102035
7250,Matthew Williams,Engineering,57273
2559,Amanda Smith,IT,143978
2749,David Lopez,Operations,83600
9332,Jane Allen,Engineering,102247
2094,Jessica Jackson,HR,137236
3987,Mark Williams,Sales,72371
3716,Daniel Rodriguez,Operations,73904
8280,Daniel Martinez,Customer Service,97781
6553,Robert Garcia,HR,112752
9049,John Walker,Legal,127084
7614,Steven Jones,Operations,73253
5431,John Lee,Finance,112026
1642,Deborah Thompson,Research,75761
4189,Sarah Miller,Customer Service,71276
1017,Mark White,Legal,58768
8640,Deborah Taylor,HR,35409
2869,Donald Thomas,Legal,130730
1051,Joshua Perez,Sales,67926
7287,Sarah Taylor,Research,43469
7208,Karen Perez,Finance,79004
7173,Steven Smith,Sales,100321
6718,Donald Brown,Finance,132293
1598,Christopher Martinez,Finance,93969
2136,Lisa Martin,Engineering,79825
8639,Sarah Davis,Research,141833
5801,Joshua Ramirez,Customer Service,77544
5247,Joshua Wilson,Legal,101509
2394,Daniel Thompson,Finance,51695
8368,Joshua Lee,Engineering,84902
8945,Amanda Moore,Legal,37290
701,Sarah Anderson,Sales,127906
8837,Elizabeth Miller,IT,50910
5873,Daniel Davis,Sales,51829
3510,James Lewis,Customer Service,141958
5985,Dorothy Miller,Sales,44835
4418,Daniel Robinson,Legal,37988
796,Mark White,HR,72908
9358,Christopher Walker,Sales,83754
7802,Christopher Lewis,Marketing,128123
6889,Jessica Jones,Operations,37013
439,Sarah Lopez,Finance,146616
5000,Sarah King,HR,45475
7090,Robert Williams,Sales,59794
1032,Daniel Harris,IT,77327
9788,David Anderson,HR,33852
2687,Amanda Ramirez,Legal,102790
9064,Christopher Sanchez,Customer Service,113132
8304,Deborah Taylor,IT,85436
8266,Donald Lopez,Operations,133594
9985,Christopher Jackson,Operations,94360
243,Deborah Hernandez,IT,45859
2181,Nancy Garcia,Legal,128462
