C_ID,C_NAME,AGE_YRS,LOC_CD,REG_DT
2555,Mark Jackson,57,Fresno,2024-01-17
8359,Sarah Miller,64,Los Angeles,2024-02-16
1315,Deborah Williams,57,Charlotte,2021-05-23
1313,Michael Clark,64,Baltimore,2022-06-15
9260,Betty Walker,35,Charlotte,2020-04-19
2704,Amanda Davis,32,Jacksonville,2021-02-27
8832,Anthony Ramirez,68,Boston,2024-06-19
6181,Lisa Sanchez,26,Fresno,2023-07-28
928,Jennifer Miller,65,Philadelphia,2022-11-22
5297,Nancy Lewis,61,Houston,2021-12-16
1234,Robert Sanchez,66,Fort Worth,2021-07-13
7451,Matthew Thompson,50,Phoenix,2024-08-06
7950,Anthony Martinez,22,Denver,2022-10-04
545,Jessica Lopez,18,Philadelphia,2020-10-28
7752,Daniel Allen,20,San Jose,2022-06-01
3802,Christopher Lopez,68,Las Vegas,2023-06-23
695,Deborah Miller,32,Boston,2024-07-25
6968,Andrew Gonzalez,36,Los Angeles,2020-05-11
6520,Deborah Robinson,55,Boston,2024-10-15
5841,Lisa Perez,60,San Francisco,2021-08-14
7913,Robert Lewis,39,Philadelphia,2025-06-09
6812,Donald Smith,54,Boston,2022-03-01
6634,Dorothy Ramirez,52,Indianapolis,2020-10-06
9837,Emily Harris,63,Louisville,2022-11-21
2285,Karen Moore,33,Fort Worth,2020-04-20
8486,Elizabeth Brown,19,Jacksonville,2025-05-20
2285,Emily Young,18,San Antonio,2024-11-08
2694,Anthony Clark,41,Seattle,2023-04-09
5,James Rodriguez,18,Las Vegas,2021-01-16
1500,Daniel Brown,30,San Jose,2021-04-28
3976,Matthew Smith,27,Seattle,2024-03-28
8032,Jennifer Ramirez,43,Los Angeles,2025-03-28
6883,Lisa Lee,28,Kansas City,2022-04-27
6964,David Thomas,26,Jacksonville,2021-07-15
4526,Jessica Ramirez,66,Denver,2025-05-24
8645,Nancy Johnson,34,San Francisco,2025-08-05
2392,Elizabeth Lee,53,Milwaukee,2022-05-04
6809,Karen Young,57,Fort Worth,2023-12-23
6953,Emily Smith,45,Jacksonville,2024-12-02
3726,Jane Rodriguez,62,Indianapolis,2025-08-14
8433,Mark Williams,18,Mesa,2020-05-25
9245,Ashley Thomas,40,Fort Worth,2020-07-11
7844,David Walker,59,Chicago,2021-12-04
4270,Dorothy Thompson,23,Albuquerque,2025-12-04
820,Joshua Anderson,57,Mesa,2022-05-12
6659,Dorothy Ramirez,27,Kansas City,2020-08-12
1834,Lisa Thomas,35,San Jose,2024-11-13
5669,Daniel Lee,43,San Francisco,2021-01-17
4621,Nancy Thomas,29,Mesa,2021-06-26
2239,Betty Garcia,28,Kansas City,2025-04-23
9794,Elizabeth Young,67,Fresno,2021-09-03
1223,Andrew Williams,60,Philadelphia,2024-04-11
5011,Anthony Taylor,39,Washington,2022-01-28
7129,Anthony Sanchez,19,Phoenix,2023-09-17
2655,Nancy Robinson,46,Columbus,2025-07-26
7961,James White,65,Philadelphia,2023-08-02
7584,Daniel Lewis,19,Fort Worth,2022-02-15
3024,Sarah White,52,Fresno,2023-10-08
6890,Matthew Lee,20,Washington,2022-12-04
2750,Robert Perez,33,Nashville,2024-09-19
5041,Jessica Jackson,67,San Jose,2023-04-27
3669,Daniel Jackson,29,Los Angeles,2022-09-18
4413,Daniel Walker,57,Seattle,2022-06-09
7007,Lisa Davis,52,Las Vegas,2024-10-27
1240,James Garcia,21,Louisville,2022-03-06
8776,Emily Lee,70,Mesa,2020-06-24
3767,Jessica Robinson,57,Indianapolis,2025-02-23
9614,Elizabeth Thomas,48,Dallas,2023-03-16
1846,Mark Harris,40,San Diego,2021-04-03
7370,Lisa Jones,32,San Francisco,2024-10-10
7110,Jennifer Robinson,58,Indianapolis,2024-12-02
8964,Nancy Clark,49,Louisville,2025-06-08
441,Jessica Robinson,57,Kansas City,2020-02-07
7489,Lisa Garcia,55,Boston,2024-05-16
1312,Sarah Rodriguez,43,Milwaukee,2025-04-09
