C_ID,C_NAME,AGE_YRS,LOC_CD,REG_DT
3603,Jennifer Martin,47,Columbus,2022-12-04
5085,John Young,67,New York,2024-05-25
228,Mark Wilson,66,Austin,2022-07-04
1214,Michael Gonzalez,59,San Diego,2020-03-12
1571,Donald Gonzalez,39,Los Angeles,2022-07-12
6063,Joshua Allen,39,Kansas City,2023-09-12
4867,Betty Taylor,63,Dallas,2020-03-04
8019,Emily Rodriguez,54,San Francisco,2024-01-04
7441,Steven Gonzalez,42,Dallas,2024-09-21
1,Andrew Lewis,54,Denver,2021-04-13
3509,Deborah Taylor,41,Los Angeles,2023-03-14
6653,John Martin,55,Kansas City,2023-08-24
2401,Ashley Robinson,29,Fort Worth,2025-01-03
204,James Smith,23,Washington,2020-02-07
9756,Ashley Taylor,61,Seattle,2023-09-24
7572,Lisa Taylor,59,Chicago,2023-02-11
7547,Jessica Thompson,22,Seattle,2025-11-22
7454,John Thomas,40,Oklahoma City,2025-06-02
9771,Ashley Taylor,33,Seattle,2021-04-10
1944,Amanda Jackson,64,Nashville,2021-09-21
4170,Emily Johnson,19,Tucson,2020-07-21
6164,Jennifer Miller,19,Milwaukee,2020-11-05
5624,Emily Perez,21,Portland,2020-01-19
6914,Michael Thomas,24,Baltimore,2022-07-10
7131,Jennifer Hernandez,53,Columbus,2024-08-27
5963,Nancy Jones,62,Baltimore,2023-10-24
6816,James Lewis,21,Kansas City,2024-10-18
8221,Joshua Moore,47,Nashville,2025-11-08
5692,Joshua Lopez,25,Milwaukee,2022-03-24
527,Jane Clark,70,Fort Worth,2022-04-19
8824,Jessica Harris,28,San Francisco,2022-09-12
1080,Lisa Thompson,48,San Diego,2021-07-15
7233,Deborah Young,49,Louisville,2024-03-17
6558,Daniel Martinez,28,Sacramento,2021-06-03
410,Joshua Rodriguez,57,Charlotte,2021-07-08
5251,James Garcia,45,New York,2021-01-18
5440,John Thomas,57,Charlotte,2024-02-08
8386,Sarah Young,57,Dallas,2021-06-06
7626,Matthew Gonzalez,34,Boston,2023-05-06
1125,Deborah Hernandez,29,Boston,2024-04-24
1616,Joshua Perez,52,Fort Worth,2020-04-16
9642,Andrew Lopez,46,Boston,2024-08-28
9795,James Rodriguez,57,Oklahoma City,2021-09-24
9682,Dorothy Jones,58,Baltimore,2021-12-26
4322,Ashley Smith,24,Chicago,2023-08-06
5993,Paul White,21,Seattle,2024-06-27
4864,Nancy Walker,52,New York,2022-01-16
1581,Lisa Wilson,50,Chicago,2025-01-05
6795,James Wilson,25,Portland,2021-07-17
1723,Matthew Robinson,49,Baltimore,2025-09-03
9511,Andrew King,39,Charlotte,2021-06-28
6145,Michael Sanchez,44,Portland,2023-08-06
820,Sarah Brown,35,Louisville,2024-04-19
6756,Matthew Martin,26,San Jose,2023-06-13
4531,Robert Jones,30,Milwaukee,2022-06-25
9928,Amanda Martinez,54,Tucson,2021-03-27
4355,John Thomas,39,Chicago,2024-04-06
8017,Sarah Martinez,68,Las Vegas,2020-09-11
1945,David Lewis,33,Austin,2025-08-02
6115,Mark Miller,42,Philadelphia,2022-06-12
6118,Jennifer Martin,57,San Jose,2024-10-14
2880,Jane Smith,45,San Jose,2021-04-09
2312,Jessica Lewis,55,San Jose,2021-06-23
6591,Andrew Robinson,43,Mesa,2021-08-07
6004,Christopher Brown,30,Baltimore,2020-06-20
8946,Karen Hernandez,46,Los Angeles,2021-04-08
9792,John Martinez,65,Indianapolis,2021-01-09
5736,Deborah Martinez,68,Austin,2024-01-07
9275,Paul Jackson,33,Dallas,2021-08-05
3364,Nancy Thompson,49,Kansas City,2023-04-28
1567,Elizabeth Martin,53,San Antonio,2025-09-17
1992,Nancy Allen,69,Indianapolis,2020-12-19
9123,John Davis,22,Las Vegas,2025-04-23
6920,John Clark,42,Jacksonville,2021-11-24
4774,Nancy Martin,31,Fresno,2024-09-20
