C_ID,C_NAME,AGE_YRS,LOC_CD,REG_DT
3344,Daniel Gonzalez,28,Washington,2020-03-21
8804,Andrew Robinson,48,Louisville,2023-01-20
1176,Deborah Sanchez,25,Fort Worth,2024-11-16
1341,Robert Allen,69,Austin,2025-12-05
3868,Elizabeth Young,40,Dallas,2020-10-13
1587,David Taylor,51,San Diego,2024-09-14
8650,Jennifer Rodriguez,60,Albuquerque,2024-02-12
3571,Steven Moore,48,Los Angeles,2024-06-13
6013,Jane Lee,30,Chicago,2023-01-14
854,David Thompson,27,Columbus,2020-09-18
9486,Jessica Johnson,67,Dallas,2021-12-03
6836,Amanda Young,34,Charlotte,2024-12-07
7506,Anthony Lewis,51,Portland,2023-08-02
2611,Steven Thomas,44,Mesa,2024-07-22
4643,Lisa Young,52,Dallas,2025-05-06
3675,Mark Miller,35,Chicago,2023-11-18
5227,Jane Sanchez,67,Kansas City,2020-02-24
3994,Amanda Smith,24,San Diego,2025-09-21
4765,Mark Brown,30,Chicago,2022-09-07
4792,Betty Garcia,27,Denver,2023-07-17
1020,John Clark,27,Seattle,2022-01-27
4642,Nancy White,67,San Francisco,2020-12-10
1439,Ashley Lewis,54,Washington,2023-07-14
7154,Amanda Moore,66,Philadelphia,2020-01-09
5990,Emily Martinez,27,Dallas,2021-06-15
2432,David Hernandez,64,Boston,2023-07-20
368,Paul Smith,44,Austin,2021-11-18
1983,Deborah Jones,41,San Francisco,2025-05-28
4489,Jennifer Perez,46,San Francisco,2022-08-23
4681,Jane Clark,40,Sacramento,2025-02-19
6265,Daniel Jackson,30,Washington,2024-12-01
7458,Jennifer White,69,Austin,2025-10-23
9093,Steven Gonzalez,54,San Jose,2023-09-06
1986,Paul Gonzalez,39,Los Angeles,2024-02-26
8040,Paul Martin,55,Milwaukee,2025-12-03
4392,Lisa Garcia,51,Tucson,2025-05-03
9396,Dorothy Allen,65,Jacksonville,2021-11-28
5538,Dorothy Walker,55,San Antonio,2021-06-04
2922,Steven Lee,23,Dallas,2024-10-16
8582,Mark White,37,Portland,2025-01-13
7609,Lisa Gonzalez,25,Baltimore,2025-10-02
5411,Michael Lee,55,Nashville,2023-02-05
4130,Joshua White,55,Boston,2021-01-05
180,David Anderson,44,San Antonio,2023-02-03
6143,Betty Moore,54,Baltimore,2025-06-26
5664,Andrew Harris,20,Chicago,2020-11-14
8684,Donald Rodriguez,19,Washington,2023-08-08
9536,Jennifer Lopez,26,Columbus,2024-04-14
4604,Dorothy White,68,San Jose,2020-11-23
89,Emily Jackson,43,Austin,2024-11-12
9532,Anthony Smith,29,Las Vegas,2020-10-17
5049,Paul Taylor,38,San Francisco,2024-01-25
3872,Michael Ramirez,32,Baltimore,2022-08-23
2021,Daniel Gonzalez,25,Boston,2020-05-04
7522,Andrew King,42,Seattle,2021-02-08
5039,Elizabeth Harris,29,Oklahoma City,2023-09-23
9998,Lisa Jackson,46,Denver,2024-04-07
2778,Nancy Garcia,38,Oklahoma City,2024-10-22
5358,Jessica Miller,41,Jacksonville,2020-08-17
3829,Dorothy Miller,35,Baltimore,2023-11-22
4673,Elizabeth Garcia,56,Fort Worth,2024-05-19
911,Paul Lee,65,Oklahoma City,2022-09-19
3621,Lisa Sanchez,70,Portland,2023-03-13
6172,Karen Anderson,25,Charlotte,2020-06-28
4359,Nancy Martinez,59,Houston,2022-05-06
6062,Amanda Martin,63,Louisville,2023-01-07
5253,Elizabeth Moore,23,Mesa,2025-07-24
673,Mark Hernandez,41,Fresno,2023-04-15
7921,Robert Taylor,61,Austin,2020-06-10
8958,Emily Brown,43,Chicago,2021-01-07
6891,Jennifer Wilson,68,Phoenix,2024-12-10
5544,Nancy Moore,54,Houston,2023-01-22
8847,Dorothy Thompson,20,Oklahoma City,2020-12-23
8685,Jessica Jones,43,Kansas City,2024-05-26
8662,Nancy White,18,Nashville,2024-12-08
