C_ID,C_NAME,AGE_YRS,LOC_CD,REG_DT
4567,Betty Taylor,70,Louisville,2024-12-20
2702,James Smith,36,Dallas,2022-04-27
5678,Paul Williams,44,San Diego,2020-03-17
9834,Joshua Lee,33,Portland,2024-12-21
3084,Elizabeth Lewis,70,Oklahoma City,2024-10-25
9998,Deborah Davis,51,Nashville,2021-12-06
6294,David Williams,70,Boston,2024-04-01
3011,Robert Jones,55,Sacramento,2020-07-24
3986,Robert Lopez,59,Fresno,2023-03-15
1771,Lisa Moore,48,Mesa,2023-12-25
232,David Miller,36,Tucson,2021-12-24
7456,Christopher Jackson,42,San Antonio,2023-05-26
9658,Deborah Davis,67,Austin,2020-05-17
8454,Betty Moore,37,Houston,2021-09-01
9492,Paul Allen,57,Seattle,2022-10-26
3426,Amanda Clark,39,Phoenix,2025-04-07
9239,Steven Thomas,48,San Francisco,2024-10-11
8984,Dorothy King,52,Tucson,2025-10-19
4928,Daniel Rodriguez,61,Fort Worth,2024-01-21
5087,Sarah Young,18,Dallas,2025-07-11
9169,Jessica Lee,32,Mesa,2023-09-25
1534,James Taylor,61,Oklahoma City,2024-12-16
8196,Andrew Rodriguez,38,Boston,2024-01-09
1592,Anthony Smith,33,New York,2020-05-27
3529,Karen Hernandez,46,Tucson,2021-10-22
3712,Karen Martin,43,Milwaukee,2025-01-12
9856,Christopher Garcia,60,Milwaukee,2020-11-18
3416,Andrew Anderson,37,Denver,2025-07-07
3160,Emily Ramirez,57,Baltimore,2023-12-13
9710,Jessica Garcia,42,Portland,2020-08-13
3787,Amanda Thomas,18,Charlotte,2020-01-04
3935,Jessica Sanchez,56,New York,2022-09-10
3835,Betty Lee,34,Tucson,2021-03-07
3443,Amanda Taylor,50,Chicago,2020-09-16
6490,Christopher Thompson,38,Dallas,2020-10-18
95,Ashley Thompson,20,Denver,2023-08-12
5272,Betty Harris,32,Las Vegas,2023-03-26
3135,David Sanchez,42,San Antonio,2025-03-20
3475,Jane Anderson,35,Baltimore,2023-11-13
9831,Elizabeth Williams,18,Columbus,2024-11-25
4693,Donald Martinez,52,Seattle,2023-12-09
1633,Donald Miller,48,Chicago,2020-09-22
6896,Betty Davis,61,Baltimore,2023-07-04
6100,Karen King,42,Sacramento,2024-08-24
7477,Michael Jones,42,Columbus,2023-06-14
5111,Amanda Lopez,29,Albuquerque,2025-12-10
3301,Robert Young,51,Dallas,2025-01-26
5566,John Gonzalez,52,Oklahoma City,2021-09-07
260,Mark Robinson,66,Los Angeles,2022-09-09
5863,Lisa Anderson,50,Dallas,2023-01-25
9466,Christopher Moore,59,Mesa,2023-11-27
6159,Christopher Lopez,29,Washington,2025-06-02
1170,Amanda Robinson,19,Nashville,2020-04-19
2310,Joshua Thomas,44,Tucson,2022-03-27
6728,Jennifer Smith,23,New York,2025-04-15
4616,James Garcia,36,Indianapolis,2021-02-08
8998,Jane Lee,64,Houston,2025-11-12
1312,Jennifer Miller,25,Tucson,2023-12-10
5103,Dorothy Jones,70,Columbus,2021-03-22
908,Steven Lopez,44,Charlotte,2022-12-15
1822,Paul Jackson,29,Baltimore,2021-11-27
6839,Sarah Wilson,30,Fort Worth,2025-07-01
5093,Jessica Thompson,51,Phoenix,2022-09-02
9226,Elizabeth Ramirez,47,Jacksonville,2023-07-08
1987,Jane Allen,46,Albuquerque,2025-11-01
1703,Michael Sanchez,63,Phoenix,2024-11-03
9575,John Harris,18,Seattle,2025-04-17
6219,Lisa White,37,Albuquerque,2022-01-07
8049,Lisa Brown,25,Los Angeles,2025-02-16
7629,Elizabeth King,59,Denver,2020-06-03
3499,Mark Perez,43,Louisville,2024-02-11
4642,Robert Allen,42,Fresno,2020-02-17
2939,Joshua Gonzalez,38,Chicago,2024-10-26
8330,Michael Martin,70,Louisville,2021-07-13
8368,Paul Perez,37,Austin,2024-02-02
