EMP_ID,EMP_NM,DEPT_CD,SAL_AMT
8313,Anthony Walker,Research,115506
7803,Lisa Smith,Operations,130577
5733,Steven Harris,Sales,98667
3847,Paul Hernandez,Engineering,61149
4448,Christopher Gonzalez,HR,39463
9333,Andrew Walker,Marketing,104591
5823,Nancy Miller,Marketing,116149
8854,Karen Clark,HR,43686
3650,Sarah Thomas,Sales,132461
1954,Paul Allen,HR,146868
1483,John Thompson,IT,98244
7587,Anthony Garcia,Finance,135418
104,Steven Lewis,Finance,34152
6812,Steven Sanchez,Customer Service,100438
8347,Matthew Harris,HR,43274
9363,David Williams,IT,144793
1507,John Jones,HR,37046
1029,Karen King,Marketing,148979
6577,James Perez,Legal,73858
2641,Emily White,Marketing,41186
7229,Jessica Moore,Legal,51044
169,Andrew Thomas,Marketing,130369
4056,Emily Lopez,Finance,126112
1817,Deborah Thomas,Operations,53236
4782,Nancy Jones,Legal,115004
6742,David Wilson,Engineering,126247
8242,Robert Miller,Sales,135094
2542,Steven Perez,Engineering,57530
4027,Amanda Moore,Engineering,144701
486,David Lopez,Operations,54894
1930,Donald Harris,Legal,86271
3514,Jennifer Hernandez,Operations,64039
86,Christopher White,Operations,92177
1814,Lisa Lewis,IT,34150
7753,Robert White,Marketing,89375
9390,Amanda Jones,Customer Service,46436
7882,Jane Smith,IT,127133
5459,Andrew Wilson,Operations,139309
3092,Jessica Harris,Legal,65224
2805,Ashley Smith,Marketing,145305
3050,Betty Miller,Research,121277
7843,Dorothy White,HR,131001
8769,Ashley Martinez,Marketing,85622
1664,Lisa Thompson,Operations,149078
7126,Jane Gonzalez,Engineering,146213
5960,Ashley Sanchez,Legal,86886
6458,Lisa Martinez,Finance,81392
1723,Andrew Lee,Engineering,119273
9700,Jessica Taylor,Engineering,126823
6574,Mark Miller,Engineering,52635
4119,Emily White,Engineering,123753
6118,Jennifer Lopez,Legal,46128
7998,Nancy Jackson,Finance,79845
6476,Matthew Thompson,Marketing,112846
9865,Anthony Moore,Research,99166
7275,Lisa Young,Customer Service,117782
9094,Christopher White,Finance,76849
3082,Matthew Allen,Sales,91445
2264,Sarah Smith,HR,131284
596,Betty Thompson,HR,108183
9071,John Jackson,Legal,70312
6127,Deborah Walker,Engineering,147569
5022,Elizabeth Lee,Engineering,107595
4996,Amanda Wilson,Customer Service,77310
7027,Deborah King,Engineering,131126
6911,Deborah Rodriguez,Research,122083
1809,Mark Young,Engineering,126541
1225,Robert Davis,Legal,145353
4307,Michael Miller,Marketing,69176
344,Mark Wilson,Sales,99931
4601,Jessica Miller,Engineering,147615
4532,Matthew Hernandez,Customer Service,39681
8318,Daniel Brown,Legal,140381
4075,Ashley Taylor,Operations,114291
6742,Sarah Allen,Legal,75111
7152,Daniel Williams,Sales,52275
9475,Emily Thompson,Legal,75593
3370,Deborah King,Engineering,133749
7520,Deborah Gonzalez,Engineering,96355
1634,Andrew Davis,Research,118200
5339,Anthony Martinez,Legal,61584
9697,David Ramirez,Research,149656
5517,Lisa Moore,Research,35967
6344,Joshua Johnson,Legal,106680
9162,Joshua Lee,Legal,38236
282,John King,Research,85701
9519,Jane Clark,Legal,136612
3308,John Young,Legal,76907
6237,Anthony Garcia,Legal,100614
9438,Christopher Davis,Legal,116299
9550,Betty Wilson,Sales,89660
1177,Sarah Martinez,Finance,81669
7055,Deborah Sanchez,Marketing,144944
5632,James Rodriguez,Finance,108116
8143,Michael Walker,Engineering,79127
136,Emily Sanchez,Sales,52022
7426,Christopher Thompson,Legal,99903
1899,John King,Marketing,100444
8232,Nancy Lewis,Operations,127976
691,Amanda Lopez,Engineering,86515
