EMP_ID,EMP_NM,DEPT_CD,SAL_AMT
8997,Ashley Smith,Legal,87484
3050,Mark Rodriguez,Customer Service,131827
9293,Donald Walker,Engineering,54919
4112,Michael Johnson,Engineering,108416
8156,Donald Lewis,Research,120548
8708,Dorothy Thomas,Operations,135377
7266,Ashley Rodriguez,Legal,33721
4723,Andrew Brown,Customer Service,139647
8818,Betty Allen,Research,61983
5109,Betty Jones,Operations,91877
2406,Andrew Robinson,IT,40492
9290,Daniel Sanchez,HR,39374
6099,Anthony Williams,Research,39171
8281,Steven Lewis,Marketing,114949
7503,Daniel Garcia,Customer Service,121145
8750,Daniel Martin,Legal,69921
3528,Dorothy Williams,Finance,48035
7025,Anthony Robinson,IT,100381
6912,Steven Lopez,Legal,140277
786,Jennifer Jones,Engineering,75371
3638,Elizabeth Miller,Sales,69801
9788,Donald Taylor,Research,78641
791,Michael Williams,Legal,117787
507,Dorothy Harris,Marketing,49893
6852,Michael Lee,Marketing,136511
7950,Matthew Jones,Legal,103268
8216,Christopher Allen,Engineering,148878
9276,Matthew Allen,Customer Service,34601
3160,Karen Martinez,Research,116276
9798,Robert Gonzalez,Operations,129934
6822,Jane Robinson,HR,84990
2075,Steven Thomas,Finance,120149
9765,David Hernandez,Customer Service,44140
9147,Anthony Wilson,Research,63047
3215,Matthew Lopez,Engineering,85501
1709,Anthony Garcia,Legal,73583
8701,Donald Sanchez,Finance,60407
1518,James Jones,Operations,37270
4251,Mark Williams,Research,146849
7221,Deborah Wilson,Sales,56760
1232,Amanda Ramirez,HR,133301
5771,Robert Sanchez,Finance,77517
3003,David Walker,Marketing,63369
8185,Joshua Jones,Engineering,90778
1673,Jessica Williams,Customer Service,67235
530,James Sanchez,Sales,30794
4497,Christopher Martin,Marketing,142755
8977,Amanda Jackson,Research,40588
69,Andrew Gonzalez,IT,133276
313,Sarah Harris,Finance,81752
5453,Matthew Ramirez,Sales,139771
5906,Christopher Taylor,Customer Service,129620
8006,Nancy Miller,Finance,136751
2360,Nancy Johnson,Sales,72407
6173,Betty Sanchez,IT,88858
7426,Jennifer Thomas,HR,142182
7058,James Walker,Operations,83214
9442,Robert Thompson,Research,100258
2416,Elizabeth Jackson,Finance,115674
2394,Lisa Gonzalez,Operations,66227
7306,Betty Lopez,Engineering,125195
2790,Andrew Harris,Legal,129021
2587,Joshua Smith,Operations,84271
7340,David Anderson,Engineering,120935
4109,Daniel Hernandez,Customer Service,57594
1222,Elizabeth Brown,Customer Service,124714
9761,Amanda Wilson,Research,109256
1573,Daniel Sanchez,HR,112877
3134,Steven Davis,Research,62577
6211,David White,Customer Service,51286
783,Deborah Martinez,IT,131586
4476,Sarah Jackson,IT,147508
9228,Deborah Robinson,Customer Service,131713
1562,Dorothy Robinson,Operations,63177
9460,Mark Perez,IT,63848
1154,John Jones,Engineering,129928
2304,Robert Moore,HR,37468
9400,Lisa King,IT,128242
6023,Jane Perez,Research,116022
2073,David Smith,Sales,98661
769,Anthony Moore,IT,133288
1613,David Allen,Legal,47858
9292,Christopher Moore,Research,135450
9711,Emily Perez,Research,142308
6423,Daniel Gonzalez,Research,74949
237,Lisa Thomas,Engineering,60230
7150,Joshua Sanchez,Legal,39143
8124,Anthony Brown,Research,101825
3231,Mark Moore,Finance,109781
1330,Joshua Sanchez,Customer Service,96185
7736,Donald Miller,Research,79066
1706,Karen Jackson,Operations,47185
3128,John Harris,IT,127434
4122,James Ramirez,IT,43862
3340,Mark Miller,IT,67250
8085,Karen Harris,Sales,120489
5673,Karen Ramirez,Finance,117089
8070,Anthony Lewis,Marketing,60668
2495,Ashley Rodriguez,Engineering,107449
415,Karen Clark,Research,75644
