C_ID,C_NAME,AGE_YRS,LOC_CD,REG_DT
2168,Steven Perez,70,Dallas,2024-06-12
4888,Karen Lee,26,Washington,2022-01-25
9055,Elizabeth Davis,48,Sacramento,2024-06-19
5846,Anthony Johnson,32,Fort Worth,2024-10-13
3272,Mark Ramirez,68,Dallas,2024-06-13
1685,Dorothy Wilson,68,Nashville,2023-09-09
352,Karen King,42,Nashville,2025-08-16
4120,David Martin,38,Denver,2023-07-15
3671,Dorothy Perez,37,Oklahoma City,2024-12-27
2708,Sarah Young,25,Louisville,2024-12-22
8325,Jessica Moore,56,Austin,2023-07-09
6095,Jennifer Gonzalez,43,Milwaukee,2025-12-24
3949,Anthony Jackson,37,Albuquerque,2021-02-26
5558,Dorothy Williams,31,Washington,2025-11-07
534,James Jones,48,Seattle,2020-11-08
1118,Robert Miller,40,San Antonio,2020-05-08
2228,Donald Perez,23,Philadelphia,2023-12-18
3861,Joshua Clark,69,Dallas,2020-07-21
9638,John Gonzalez,37,Tucson,2023-07-25
2023,Andrew King,28,Kansas City,2021-04-28
9661,Elizabeth Jackson,40,Los Angeles,2025-02-18
4854,Nancy Anderson,40,Los Angeles,2021-02-25
1146,Anthony Harris,68,Fort Worth,2020-05-02
4885,David Lewis,68,San Jose,2024-03-09
9807,Christopher Rodriguez,50,Seattle,2023-08-24
920,Lisa Jackson,38,Washington,2022-07-19
2512,Deborah King,44,San Diego,2025-06-22
1919,Jane Sanchez,57,Oklahoma City,2020-01-05
7332,Paul Brown,49,Tucson,2020-05-09
8098,Emily Jones,62,Oklahoma City,2022-08-16
835,Jennifer Jones,22,Washington,2024-11-21
7247,Jennifer Lopez,53,Portland,2020-03-22
4517,Emily Moore,54,Fresno,2024-08-09
2492,Jane Wilson,50,Seattle,2022-11-24
9169,Robert Sanchez,27,Dallas,2025-01-04
7645,Andrew Gonzalez,33,Phoenix,2025-11-21
9142,Lisa Martin,51,Dallas,2025-07-23
7858,Christopher Robinson,28,Houston,2020-05-11
8903,Lisa Walker,43,New York,2023-01-21
3402,Christopher Martin,37,Jacksonville,2023-07-19
3682,Ashley Allen,59,Denver,2020-04-02
8401,John Garcia,21,San Antonio,2020-11-06
4892,David Lee,70,Baltimore,2020-01-17
7936,Jennifer Allen,35,Seattle,2023-05-01
6950,Jane Lewis,22,Kansas City,2022-04-26
8470,Joshua Wilson,63,Sacramento,2022-01-01
5019,Jennifer Lopez,31,Philadelphia,2021-11-23
9908,Jane Jackson,62,New York,2024-04-10
684,Mark Jackson,20,Kansas City,2020-07-26
8264,Jane Martinez,65,San Francisco,2020-06-03
777,Deborah Jones,70,Indianapolis,2022-12-07
8204,Paul Perez,44,Austin,2022-03-05
6100,Anthony Thompson,35,Washington,2022-10-16
7007,Jane Harris,35,San Diego,2022-05-10
5609,Christopher Garcia,63,Kansas City,2025-05-22
5730,Michael Walker,40,Austin,2020-07-16
3167,Elizabeth Thomas,24,Tucson,2024-06-07
6012,Ashley Robinson,41,Milwaukee,2025-10-21
6332,Amanda Harris,22,San Jose,2020-07-15
216,Lisa Lewis,30,Albuquerque,2024-07-21
3083,Lisa Jones,32,San Francisco,2023-05-28
669,Dorothy Martinez,19,Dallas,2021-07-01
6866,Daniel Martin,59,Las Vegas,2025-10-12
8545,Andrew Young,37,San Jose,2025-01-13
4557,Sarah Johnson,24,Phoenix,2023-06-28
2910,Dorothy Miller,27,Baltimore,2020-08-03
6562,Betty Sanchez,68,San Diego,2020-11-12
7478,Mark Davis,39,Kansas City,2022-04-04
7851,Ashley Gonzalez,20,Baltimore,2025-06-25
4805,Betty White,35,Indianapolis,2021-05-27
4185,Lisa Harris,40,San Francisco,2024-02-06
8588,Daniel Johnson,54,Chicago,2022-04-21
1152,James Garcia,32,Fresno,2022-07-07
8606,Mark Thomas,37,Fresno,2025-12-19
6360,Amanda Wilson,38,Charlotte,2020-07-23
