EMP_ID,EMP_NM,DEPT_CD,SAL_AMT
162,Sarah Walker,Operations,71320
7965,Sarah Rodriguez,Engineering,59888
2147,Anthony Clark,Research,119079
9128,Lisa Thompson,HR,118636
4530,Anthony Martin,HR,99247
3698,Daniel Rodriguez,Marketing,121762
2812,Mark Harris,Customer Service,143260
3291,Jessica Walker,Research,124837
1353,Michael Jackson,Finance,56646
5912,Deborah Lee,Legal,130732
8262,Nancy Smith,HR,103523
8707,Jessica Ramirez,Sales,101073
1305,Donald Jones,Finance,82791
9796,Andrew Ramirez,HR,146701
6776,Nancy Walker,IT,67409
5124,Amanda Hernandez,Finance,94702
8804,Robert Martinez,Operations,147345
1082,Amanda Young,Sales,112780
2209,Jane Clark,Sales,141867
675,Emily Brown,HR,53157
3798,Steven Harris,Engineering,51970
8479,Michael Ramirez,Sales,141306
5723,Daniel Ramirez,Sales,73848
1910,Matthew King,Research,134169
1466,Sarah Harris,Finance,127228
9701,James Taylor,IT,91638
3549,Elizabeth Lewis,HR,130995
3368,Lisa Miller,Marketing,116116
2042,Lisa Taylor,Sales,118732
9163,Donald Jackson,Operations,121386
5317,Lisa Moore,Finance,52021
1401,Emily Martin,Research,47074
1160,John Moore,Marketing,101916
1720,John Davis,Sales,148722
2662,Joshua Gonzalez,Customer Service,146441
4536,Lisa Lopez,Legal,34868
1265,Karen Moore,Engineering,136378
1141,James Walker,Finance,73590
7627,Dorothy Taylor,HR,146371
6458,Paul Garcia,Research,64558
1440,Jennifer Clark,Engineering,105365
7454,Elizabeth Davis,Customer Service,60445
293,Matthew Robinson,Finance,116389
6288,Donald Gonzalez,Customer Service,87213
4064,Anthony Gonzalez,IT,71200
5863,James Hernandez,Sales,55961
4476,John Moore,Operations,108614
2295,Michael Williams,Engineering,72859
4087,Deborah Hernandez,Legal,33503
5512,Elizabeth Martin,Operations,43339
2468,Daniel Brown,Finance,142845
4121,Michael Lee,Sales,88330
7340,Elizabeth Thompson,Customer Service,61829
3517,Paul Garcia,Research,90172
5094,Donald Ramirez,Operations,135000
546,Jessica Sanchez,Engineering,56850
4321,Steven Jones,IT,113746
6617,Matthew Martin,Research,84757
8711,Deborah Walker,Sales,110608
6988,David Johnson,Operations,35669
7531,Christopher Lee,HR,137338
8789,Anthony Jackson,Finance,52120
562,Deborah Lopez,Engineering,76015
7944,James Allen,Research,142614
6454,Michael Allen,IT,82260
9045,Donald Thompson,Sales,60198
3774,Lisa Sanchez,Finance,136319
7820,James King,Research,104877
8249,Lisa King,Operations,87077
2966,Daniel Martin,Customer Service,73634
1440,Sarah Davis,Sales,39209
6154,Elizabeth Lopez,Legal,62884
9749,Dorothy Harris,Legal,131943
3467,John Lewis,Sales,66424
1372,Steven Jackson,HR,41700
7965,Anthony Martin,IT,130752
9740,Anthony Miller,Marketing,132688
8474,Dorothy Anderson,Sales,50655
3145,Sarah Sanchez,HR,79026
2515,Amanda Hernandez,HR,89237
3386,Ashley Martinez,Operations,110434
6523,Lisa Miller,Marketing,103813
4200,Lisa Clark,Operations,96956
6002,Ashley Ramirez,Engineering,87568
2189,Betty Johnson,Operations,44419
8531,Daniel Garcia,Legal,68469
2191,Jessica Smith,IT,94788
6457,James Young,Legal,64189
2875,Daniel Ramirez,IT,62554
4856,Emily Lee,Research,136291
9917,Matthew Miller,Engineering,99837
503,Jennifer Anderson,Finance,59040
1866,Sarah Anderson,Sales,123433
3131,James Wilson,Marketing,106962
5457,Michael Martinez,Research,94131
1659,Robert Taylor,Sales,125767
590,Jennifer Lewis,Finance,89462
8854,Christopher Brown,Operations,113403
5545,John Ramirez,IT,86346
3080,David Miller,Finance,117563
