EMP_ID,EMP_NM,DEPT_CD,SAL_AMT
2148,Jennifer Thompson,Research,123281
159,Amanda Lewis,Sales,53723
3534,Christopher Johnson,Research,133194
10,James Jackson,Legal,93262
1000,Karen Hernandez,Customer Service,107028
2058,Andrew Ramirez,Finance,107799
215,Jennifer Robinson,Research,110497
5711,James Harris,Research,137796
6595,Lisa Martinez,Finance,81232
7044,Paul Hernandez,Finance,49507
3203,Robert Garcia,Marketing,54625
2550,Christopher Hernandez,Marketing,74243
2335,Lisa Johnson,Customer Service,37868
4738,Robert Lewis,IT,93144
9455,Deborah Allen,IT,144682
7546,Robert Harris,Marketing,66082
5680,Andrew Thompson,Customer Service,118939
7311,Karen Miller,HR,40975
7634,Elizabeth Hernandez,Legal,109154
3093,James Martin,Finance,58215
448,John Garcia,Sales,133390
4544,Jennifer Moore,Engineering,79908
7978,Elizabeth Thomas,Sales,65530
5708,Jennifer Thompson,Research,109876
6063,Dorothy Hernandez,Research,122950
6205,Andrew Smith,Engineering,109626
8465,Dorothy Young,Research,108351
4173,Karen Thompson,Sales,124722
2418,Sarah Thomas,IT,136236
8721,Nancy Johnson,HR,95761
88,Jessica Hernandez,Customer Service,73344
3651,Donald Garcia,Marketing,143175
7282,Christopher Walker,Engineering,62878
9477,Jane Lee,Finance,90920
5691,John Taylor,HR,105861
5156,Michael Brown,Legal,91205
1561,Deborah Taylor,IT,58683
6050,Jennifer Wilson,Operations,37927
9339,Deborah Allen,IT,38083
7120,Jane White,Finance,84974
2125,Michael Garcia,Marketing,113806
9354,Karen Johnson,Engineering,112701
3931,Matthew Thomas,HR,101164
9070,Jessica Brown,Legal,91196
4385,Jane Taylor,Sales,138371
1120,Jane Miller,Marketing,89564
6950,Elizabeth Brown,Legal,144966
2504,Anthony Hernandez,Finance,80309
7644,Lisa Wilson,Marketing,107193
6467,Mark Young,Engineering,33979
4038,Matthew Wilson,Legal,149736
1216,Sarah Jones,Operations,142733
9844,Donald Perez,Sales,85685
9692,Anthony Williams,Engineering,137316
8333,Anthony Moore,IT,65774
3010,Jessica Wilson,IT,46689
7694,Karen Moore,Legal,148243
4349,Lisa Walker,HR,50704
5282,Emily Lee,Sales,124936
1926,Nancy Young,Legal,42307
5021,Matthew Wilson,Customer Service,139264
6139,Mark King,IT,134215
8118,Sarah Walker,Marketing,88075
1911,David Wilson,Engineering,33430
2889,Jennifer Jones,IT,76497
3675,Jennifer Gonzalez,IT,138664
8484,Anthony Young,Engineering,87712
7163,Sarah Brown,Finance,76284
8506,Andrew Martinez,Research,55796
1948,Elizabeth Smith,IT,86147
760,Christopher Williams,Marketing,90604
6260,Betty Walker,Customer Service,104681
9075,Lisa Rodriguez,Finance,135438
7746,Jane Perez,Sales,145803
7413,Lisa Garcia,Marketing,78618
6790,Betty Jackson,Research,103114
769,Matthew Robinson,Legal,144633
8775,David Thomas,Research,144050
1003,Elizabeth Wilson,Legal,73951
8050,Karen Jackson,Marketing,107785
2692,Andrew Thomas,Finance,98839
4215,Karen Jackson,Engineering,48730
8672,Emily Lopez,HR,34520
3381,Robert Martinez,Research,78081
4966,Anthony Thompson,IT,39815
3494,David Clark,Customer Service,89124
4072,Donald Hernandez,Engineering,135923
6425,Ashley Williams,Sales,111546
3602,Anthony Gonzalez,IT,112997
7063,Karen King,Finance,76505
2187,Karen Smith,Legal,62832
3993,Nancy Johnson,IT,147614
3375,Mark Allen,Marketing,82170
8108,Daniel Young,Finance,116090
488,Andrew Robinson,Finance,112523
6825,Andrew Martin,Finance,50295
8953,Betty Thompson,HR,75058
7675,Joshua Smith,IT,123977
693,Elizabeth Davis,IT,71913
6355,Jennifer Hernandez,Operations,132087
