C_ID,C_NAME,AGE_YRS,LOC_CD,REG_DT
1700,Deborah Lee,35,Philadelphia,2025-12-13
5939,Michael Williams,42,Los Angeles,2024-06-23
786,Matthew Harris,56,Austin,2025-06-27
912,Lisa Brown,21,Louisville,2023-01-22
4014,Lisa Moore,20,Austin,2023-11-03
3408,Nancy Martin,58,Albuquerque,2025-06-14
4123,Daniel Thomas,45,Philadelphia,2022-07-10
195,Robert Brown,52,Fresno,2025-10-25
2561,Mark Ramirez,55,San Jose,2024-06-08
7194,James Lee,43,Seattle,2023-05-21
626,Amanda Clark,52,Nashville,2021-11-21
2039,Mark Jones,32,Louisville,2021-01-11
9577,Donald Brown,63,Phoenix,2024-02-04
7303,Christopher Harris,37,Sacramento,2020-02-14
6806,Karen Davis,53,Tucson,2020-11-06
1675,Paul Rodriguez,46,Columbus,2022-04-11
8413,Karen Harris,50,Chicago,2025-03-04
7659,Karen Thompson,24,Jacksonville,2025-01-25
583,Sarah King,29,Austin,2024-03-18
9706,Lisa King,19,San Francisco,2024-12-24
4306,Steven Garcia,43,Milwaukee,2023-12-28
357,Jane Garcia,33,San Francisco,2020-06-28
6873,Amanda Thomas,48,Chicago,2020-04-07
8920,Steven Taylor,51,Phoenix,2022-02-11
4114,Andrew Thomas,52,Kansas City,2021-01-07
3123,Daniel Wilson,57,Sacramento,2025-09-14
7760,Christopher Brown,31,Seattle,2022-03-16
7934,Andrew Robinson,42,New York,2020-03-04
6581,Paul Thomas,45,Philadelphia,2021-06-02
2779,Lisa Clark,53,Denver,2021-10-14
9219,Donald Rodriguez,51,San Diego,2025-06-13
5446,John Jackson,68,Charlotte,2020-08-28
6890,Paul White,61,Tucson,2022-11-24
8459,Paul Thomas,68,Indianapolis,2021-06-22
587,Robert Garcia,60,Columbus,2021-12-03
3010,Dorothy Miller,33,Houston,2024-09-22
9443,Jane Johnson,68,Portland,2024-03-17
2967,Jane Garcia,26,Chicago,2020-11-27
883,Joshua Martin,38,Milwaukee,2022-07-17
4410,Anthony Wilson,62,Phoenix,2020-09-25
455,Christopher Young,51,Fresno,2025-12-12
9460,Sarah Davis,43,Austin,2025-11-01
9322,Dorothy Taylor,26,Phoenix,2025-08-20
29,Matthew Gonzalez,19,Baltimore,2025-08-01
3246,John Young,30,Kansas City,2020-09-06
7596,Amanda Jackson,42,Phoenix,2021-07-03
8114,Daniel Smith,28,Chicago,2023-12-23
7253,John Johnson,35,Kansas City,2025-01-01
3673,Jessica Walker,64,Louisville,2023-09-03
480,Jennifer Moore,57,Austin,2025-06-27
2581,Deborah Lewis,58,Las Vegas,2020-08-17
6704,Daniel Ramirez,20,Philadelphia,2020-12-25
3484,Robert Taylor,51,Seattle,2025-05-10
2227,David Sanchez,36,Fresno,2023-01-20
6557,Jessica Lewis,67,Mesa,2025-11-28
119,Paul Anderson,56,Mesa,2025-01-06
1875,Matthew Jackson,52,Indianapolis,2021-02-12
5278,Donald Jones,19,San Diego,2020-08-27
2409,Steven Wilson,38,Mesa,2023-11-22
7949,Paul Sanchez,60,Houston,2022-03-21
6611,Steven Martin,67,Washington,2023-03-19
127,Michael Lopez,58,Seattle,2023-11-10
4801,Dorothy Martinez,25,Tucson,2024-02-16
1837,Matthew Robinson,34,Kansas City,2020-08-18
3009,Joshua Taylor,20,Austin,2022-11-04
6320,Karen Jackson,49,Houston,2022-05-25
5936,Paul Hernandez,57,San Antonio,2022-07-20
7708,Daniel Lopez,26,Denver,2023-06-23
1500,Betty Robinson,22,San Antonio,2024-09-28
5024,Paul Williams,23,Columbus,2023-03-13
1436,Sarah Martinez,38,Dallas,2025-01-28
7165,Jessica Thomas,58,Fort Worth,2021-06-04
7532,Deborah Johnson,59,Dallas,2023-06-27
4433,Joshua Miller,42,San Francisco,2020-11-08
4801,Paul Thomas,39,Charlotte,2025-04-26
