C_ID,C_NAME,AGE_YRS,LOC_CD,REG_DT
5402,John Williams,56,Los Angeles,2025-11-24
700,Emily Taylor,25,Albuquerque,2022-04-05
5456,Dorothy Garcia,52,Charlotte,2024-01-11
2874,Christopher White,27,Sacramento,2021-07-06
8288,Emily Martinez,50,Austin,2025-01-19
4721,Paul Clark,41,Milwaukee,2021-03-12
1475,Lisa Young,60,Nashville,2023-10-14
2428,Betty White,19,Houston,2021-02-23
3309,Lisa Lee,22,Louisville,2024-07-28
4111,Amanda Thompson,20,Mesa,2021-06-14
2594,Steven Jackson,31,Kansas City,2023-03-05
6666,Lisa Martin,48,San Francisco,2021-06-10
7176,Mark White,68,Washington,2021-07-25
9299,Paul Miller,58,Sacramento,2020-12-28
4406,Jane Wilson,57,Baltimore,2022-03-15
4402,Robert Hernandez,18,San Diego,2022-12-25
4376,Nancy Miller,52,Seattle,2025-04-17
4455,Elizabeth Harris,50,Louisville,2025-01-04
7114,Dorothy Harris,46,Sacramento,2025-03-10
5460,Lisa Moore,65,Kansas City,2025-11-25
3330,Joshua Harris,26,Baltimore,2021-04-15
769,David Sanchez,37,Philadelphia,2025-01-07
6367,Christopher Wilson,58,Houston,2022-08-26
4818,Andrew Perez,39,Oklahoma City,2024-10-28
1874,Dorothy Taylor,59,Seattle,2020-04-07
7519,Lisa Jones,20,San Jose,2020-11-02
4719,Donald Walker,55,Louisville,2024-06-23
7321,Michael Robinson,68,Boston,2021-12-11
7655,James King,31,Seattle,2021-02-15
8240,Emily Robinson,36,Mesa,2024-06-27
3481,Christopher Thompson,20,Philadelphia,2021-01-19
2976,Matthew Davis,59,Louisville,2021-03-15
1381,Sarah Smith,59,Portland,2021-06-20
1808,John Walker,68,Charlotte,2021-12-02
4300,Emily Lewis,53,Los Angeles,2024-10-06
3645,Matthew Johnson,59,Las Vegas,2023-12-06
4976,Dorothy Davis,43,Phoenix,2025-07-14
3283,Lisa Williams,55,Milwaukee,2020-06-09
1866,Emily Lewis,27,Phoenix,2021-08-06
8108,Amanda Moore,51,Charlotte,2020-02-11
373,John Gonzalez,40,Fort Worth,2020-10-16
8649,Elizabeth Ramirez,50,Portland,2020-01-01
237,Sarah Harris,69,Washington,2023-12-18
2894,Daniel Jones,66,Sacramento,2022-12-21
540,Jennifer Davis,62,Phoenix,2023-02-25
875,Donald Moore,26,Portland,2020-08-06
2024,David Walker,42,San Diego,2024-01-12
6769,Matthew Brown,60,Dallas,2021-09-07
9317,Dorothy Davis,48,Washington,2020-02-27
3181,Dorothy Davis,33,Los Angeles,2020-04-03
789,Matthew Thomas,43,Phoenix,2024-01-14
8115,Andrew Robinson,23,Fort Worth,2022-05-12
333,Daniel Thomas,19,Fort Worth,2020-09-19
2569,Karen Thompson,64,Phoenix,2020-12-18
6020,Jessica White,70,Houston,2022-10-22
5412,Emily Young,66,Las Vegas,2021-06-09
7039,Michael Miller,37,Louisville,2022-10-14
6701,Betty Lewis,64,Indianapolis,2025-09-19
6883,Matthew Garcia,37,Dallas,2024-04-01
1251,Sarah White,35,Baltimore,2021-04-19
3736,Robert Robinson,70,Denver,2022-05-10
2251,John Young,40,Columbus,2022-07-09
7520,Emily Thomas,44,Los Angeles,2021-04-25
8781,Sarah Jones,52,Charlotte,2021-06-03
2206,Lisa Williams,56,Kansas City,2024-05-27
1121,Paul Ramirez,48,Boston,2024-05-05
8491,Christopher Davis,43,Boston,2020-05-08
5500,Lisa Davis,62,Las Vegas,2021-11-28
9321,Jessica Harris,21,Chicago,2021-05-27
8223,Dorothy Thomas,40,Houston,2020-09-13
443,Karen Clark,26,Dallas,2022-03-27
8178,Deborah Brown,26,Austin,2025-10-13
8667,Ashley Hernandez,68,San Diego,2025-08-06
3636,James Clark,19,Louisville,2024-01-02
7055,Matthew Martinez,31,Boston,2023-05-16
