EMP_ID,EMP_NM,DEPT_CD,SAL_AMT
4911,Daniel White,Finance,74261
6415,Mark Davis,HR,144113
7131,Sarah Lewis,Finance,121521
3356,Joshua Williams,Marketing,90162
5292,Mark Jones,Customer Service,58534
2134,Betty Hernandez,Engineering,134225
575,David Miller,Marketing,50161
5104,Lisa Davis,HR,80085
6879,Christopher Lee,Finance,87120
4830,Christopher White,IT,143770
8260,Joshua Clark,Sales,129255
9161,Jane Allen,Marketing,145847
6761,Christopher Brown,Operations,133359
3925,Lisa Jackson,Finance,50443
6596,Lisa White,IT,107195
6902,Michael Jones,Operations,147933
2203,David Jones,HR,148098
9389,Jessica Moore,IT,110941
2748,Matthew Hernandez,IT,99368
1508,Paul Miller,HR,117685
4374,Jennifer Williams,IT,96205
5342,Jessica Sanchez,Sales,143132
4410,Lisa Clark,IT,75575
1002,Betty Jones,IT,33201
293,Amanda Lewis,Marketing,124735
9262,Michael Moore,Marketing,137028
136,Paul Robinson,Operations,106693
1694,Betty Taylor,Operations,126357
1105,Anthony Perez,HR,107042
7983,Nancy Ramirez,Operations,117284
1050,Betty Williams,Marketing,93731
590,Lisa Moore,Operations,56852
2417,Mark Allen,Sales,108744
6235,Deborah Lee,Sales,96555
1353,Nancy Miller,Sales,36521
1222,Nancy Ramirez,HR,79997
5183,Dorothy King,Operations,30901
8149,David Taylor,Sales,138386
8745,John Wilson,HR,54821
5734,Lisa Jones,Marketing,104361
8751,Joshua Robinson,Sales,97629
3112,Emily Clark,Customer Service,35676
1438,Christopher Lopez,Research,99073
551,Betty Ramirez,IT,126207
4433,Jane Taylor,Sales,44017
428,Betty Davis,Engineering,37563
247,Christopher Davis,Sales,140910
3970,Jennifer Lopez,Finance,131536
208,Betty Moore,Engineering,147254
9466,Steven White,Sales,141494
9054,David White,Operations,149563
2160,John Wilson,Research,144003
2016,David Perez,Sales,54265
2685,Lisa Gonzalez,Customer Service,51242
7283,Paul Harris,IT,86847
3805,Paul Williams,Finance,67846
5048,Sarah Perez,Engineering,101034
1673,Deborah Jones,Marketing,134219
6286,Jennifer Garcia,Engineering,108222
2743,Deborah Walker,Customer Service,137717
2068,Emily King,Legal,77609
7673,Steven Anderson,Engineering,56646
8200,Lisa Lee,Research,86572
8384,James Thompson,Customer Service,83303
3028,Elizabeth Clark,Customer Service,42394
4202,Anthony Davis,IT,50802
3562,Andrew Miller,Finance,121520
73,James Gonzalez,Legal,67889
1463,Robert Anderson,Operations,139429
4401,David Martin,Operations,135195
5952,Lisa Allen,Legal,43249
9517,Lisa Harris,Operations,109300
1551,Betty Moore,Marketing,114424
4533,Lisa Hernandez,Operations,112985
5346,James Robinson,Research,147634
7517,Michael Ramirez,Operations,34489
3823,Deborah Walker,IT,62622
9585,Amanda Williams,Legal,140914
1508,Elizabeth Garcia,Sales,60165
5268,Christopher Wilson,Sales,143208
2340,James Rodriguez,Finance,40250
8517,Elizabeth Wilson,Research,88859
5658,David Anderson,Research,143091
7964,Nancy Miller,Engineering,41024
8938,Jennifer Allen,Customer Service,138612
5421,Mark Allen,HR,64903
1942,Mark Harris,Legal,140649
8699,Donald Robinson,HR,51056
5957,Matthew Martin,Operations,52999
2170,Robert Hernandez,Finance,102014
8435,Anthony Smith,Marketing,75219
4695,Ashley Allen,Finance,105227
7132,Amanda Thompson,IT,107367
5003,Karen Brown,Customer Service,48314
5470,Sarah Harris,Sales,46268
9613,Paul Lewis,Customer Service,103092
5597,Emily Jones,Research,45699
4476,Andrew Clark,IT,38403
5810,Paul Taylor,Engineering,120574
5718,Paul Hernandez,IT,101662
