EMP_ID,EMP_NM,DEPT_CD,SAL_AMT
5034,Lisa Wilson,Customer Service,43247
1544,Dorothy Lee,Customer Service,58499
5009,Betty Lewis,Engineering,71656
4085,Dorothy Johnson,Engineering,112446
1495,Jane White,Legal,149891
4486,David Ramirez,Sales,86154
6794,Emily Garcia,Sales,116258
9876,Robert Gonzalez,Legal,94270
1907,Daniel Lewis,Operations,79358
6486,Donald Hernandez,Customer Service,135083
2128,Elizabeth Robinson,Legal,76199
7103,Paul Thomas,Marketing,50103
1514,Elizabeth Jones,Marketing,124547
8292,James Garcia,IT,66302
206,Paul Wilson,Engineering,91770
778,Nancy Anderson,HR,129139
5120,Deborah Martinez,Legal,118894
796,Paul Jackson,Operations,117963
2909,Jane Ramirez,IT,61312
7038,Dorothy Lewis,Engineering,124120
3821,Sarah Lee,Engineering,131101
7973,Andrew Ramirez,Legal,118391
4370,Dorothy Ramirez,Research,60178
90,Michael Jackson,Finance,83382
9248,Anthony Jones,Sales,89456
6955,Karen Anderson,Research,33492
3346,Karen Gonzalez,Customer Service,87404
7496,Ashley White,Legal,103602
1636,Anthony Allen,Sales,92242
6560,Emily Clark,Engineering,98232
6938,James Davis,Sales,31147
4552,Betty Williams,Customer Service,109851
6919,Anthony Miller,IT,126823
9866,Dorothy Davis,Finance,46300
6935,Ashley Brown,Sales,116666
6922,Donald Sanchez,Research,106499
6860,Lisa Clark,Marketing,89228
5428,Jane Davis,Legal,85842
8285,Anthony Martinez,Engineering,126340
549,Betty Rodriguez,Operations,126835
5300,Andrew Jones,Finance,62134
3987,Joshua Sanchez,Customer Service,87949
2729,Amanda Rodriguez,Finance,35167
2207,Steven Anderson,Finance,44916
9329,James Lewis,Operations,67323
7806,Matthew Sanchez,Legal,125463
6407,Lisa Miller,Marketing,146950
5494,Emily Walker,Legal,48531
7701,Lisa Smith,Research,43810
7052,James Sanchez,Marketing,68011
4851,Michael Thompson,Engineering,41872
2586,Lisa Thompson,Marketing,85010
418,Christopher Davis,Customer Service,140975
940,Mark Robinson,Marketing,50601
9315,Christopher Walker,Customer Service,126178
6766,Christopher Jackson,Marketing,114429
6741,Karen Lewis,Finance,61067
1004,Robert Lee,Finance,121138
2823,Jessica Anderson,Customer Service,60423
6297,Paul Sanchez,Marketing,102608
4586,Amanda Robinson,HR,37989
4714,Anthony Harris,Sales,63544
5260,Joshua Johnson,Customer Service,120331
7340,David Rodriguez,Legal,106357
9924,Paul Robinson,Research,77741
9708,Betty Jones,Finance,105829
5611,Paul Hernandez,Customer Service,45909
1632,David Clark,Engineering,82916
1212,Karen Miller,Engineering,149806
9407,Jane Walker,HR,110783
3625,Matthew Robinson,Sales,108197
7101,Mark Perez,Operations,95326
2326,Donald Anderson,Sales,51060
5949,Karen Jones,IT,110671
6654,Deborah Hernandez,HR,104556
8562,Michael Lewis,Engineering,68959
6344,Matthew Clark,Operations,129648
9790,Joshua Rodriguez,HR,94229
9423,James Clark,Finance,34045
6380,John Allen,Sales,40285
6984,Nancy Lee,Research,62177
8758,Elizabeth White,Operations,64695
3894,Jessica Lopez,Sales,98922
3577,Elizabeth Rodriguez,Marketing,97540
4884,Jessica Jones,Operations,66634
6153,Anthony Lewis,Operations,146029
6021,Robert Johnson,Sales,69767
6140,Mark Robinson,Customer Service,112415
5436,David Thompson,Operations,37403
3863,Lisa Taylor,Marketing,54485
5908,Lisa Moore,Customer Service,45272
3327,Donald Hernandez,Marketing,97796
7850,Emily Smith,Operations,45833
2525,Robert Allen,Operations,113992
4962,Nancy Lewis,IT,105848
5019,Betty Jackson,Engineering,130929
8103,Dorothy Allen,Sales,90936
3677,Amanda Lee,Finance,96376
5438,Deborah Allen,Marketing,37087
9049,Paul Ramirez,IT,41827
