EMP_ID,EMP_NM,DEPT_CD,SAL_AMT
2776,Ashley Williams,IT,76506
159,Anthony Allen,HR,117692
6574,Steven Lewis,IT,54102
8719,Michael Moore,Sales,64011
8765,Amanda Jackson,Finance,149948
3853,Lisa Gonzalez,Customer Service,68443
5438,Emily Hernandez,Research,41259
6696,Robert Miller,Customer Service,104016
541,Donald Ramirez,HR,92054
2436,Deborah Anderson,Engineering,57460
626,Karen Thompson,IT,100201
2,Daniel Thomas,IT,54808
6462,Elizabeth Perez,Research,97432
6703,Emily Clark,Finance,78205
674,Paul Allen,Legal,74370
1345,Michael Miller,Customer Service,132726
9077,Michael Lopez,Legal,112354
6271,Michael Garcia,Engineering,103915
197,David Thompson,Legal,35170
2301,Anthony Johnson,Customer Service,41800
4860,Karen Martin,Legal,146386
4779,Robert Martinez,Engineering,51578
3012,Emily Thompson,Finance,96502
5485,Deborah Davis,Marketing,101759
6358,Elizabeth Robinson,Legal,73896
6599,Elizabeth Harris,HR,99417
3270,Donald Robinson,IT,114964
930,David Perez,Finance,138155
4743,Michael Gonzalez,IT,64537
6166,Betty Harris,HR,36984
1347,Betty Perez,Research,47317
8727,Ashley Moore,Operations,72990
8710,Mark Martin,IT,89029
8732,Daniel Allen,Finance,89226
4352,Ashley Gonzalez,Marketing,138614
9200,Paul Martinez,Legal,30712
9922,Lisa Lewis,Operations,97910
9001,Jessica Jones,Sales,55022
1424,Andrew Anderson,Research,60542
9430,Emily Moore,Operations,93379
2260,Amanda Moore,Marketing,32329
9065,Jennifer Smith,Sales,142436
660,Sarah Jones,Research,102793
4994,Sarah Clark,Engineering,48287
5152,Nancy Lewis,IT,133887
5190,Lisa Robinson,Engineering,147265
37,John Brown,HR,107063
6089,Karen Walker,Operations,78552
3055,Lisa Wilson,Engineering,91249
4052,Nancy Sanchez,IT,133689
9889,Steven Allen,IT,49586
7247,Sarah King,Legal,51554
2711,Joshua Garcia,IT,79547
6745,Jessica Harris,Marketing,53457
8870,Mark Gonzalez,Marketing,63673
7416,Karen Perez,IT,42587
1458,Ashley Davis,Engineering,89321
2659,Lisa Ramirez,Finance,76529
5185,Daniel Davis,Finance,116508
5489,Elizabeth Lee,Engineering,107743
9238,Karen Lee,Marketing,105216
1406,Steven Harris,HR,108644
2016,Deborah Young,Customer Service,67688
2694,John Garcia,Operations,60415
4666,Anthony Wilson,Customer Service,32169
5011,Matthew Taylor,Engineering,90704
7276,David Smith,IT,78860
4106,Donald Allen,Marketing,108362
5517,Lisa Smith,Sales,138088
3170,Michael White,Finance,61534
8552,Andrew Gonzalez,Operations,66774
2513,Anthony Garcia,IT,127118
6723,John Clark,Finance,43511
3355,Donald Allen,Customer Service,45595
9095,Robert Perez,Marketing,67745
4004,James Smith,Finance,106244
8836,Paul Rodriguez,Legal,108609
3411,Jane Davis,Operations,54236
7794,Jessica Lopez,Research,39084
3445,Betty Allen,HR,107566
3646,Karen Perez,Finance,94772
728,Joshua King,IT,93878
4031,Mark Allen,IT,51534
1799,Elizabeth Taylor,Finance,38861
217,Elizabeth Ramirez,Engineering,41052
2807,Dorothy Allen,Legal,129035
6784,Ashley Hernandez,Finance,51510
25,James Martinez,IT,133886
5436,Donald Smith,Legal,39541
4694,Betty Hernandez,Legal,147199
8772,Lisa Taylor,IT,35772
8800,Andrew Garcia,Finance,37961
9443,Andrew Garcia,Operations,85471
5357,Mark White,Sales,133708
7853,Anthony Walker,Customer Service,148113
845,Matthew Walker,Legal,38625
1361,Michael Smith,Operations,77933
8275,Nancy Robinson,Marketing,103877
3916,Lisa Jones,Legal,83698
6212,Donald Smith,HR,36765
