C_ID,C_NAME,AGE_YRS,LOC_CD,REG_DT
6737,Matthew Martinez,49,Columbus,2024-09-28
5466,David Gonzalez,34,Charlotte,2022-02-02
9633,Michael Perez,41,San Francisco,2020-01-26
3798,John Thomas,21,Chicago,2021-06-18
8161,Joshua Garcia,58,Tucson,2021-02-21
1877,Emily Lewis,69,Fort Worth,2025-08-05
7807,Donald Harris,48,Kansas City,2024-09-08
9114,Elizabeth Anderson,60,Louisville,2021-06-04
6250,James Lewis,18,Louisville,2021-05-21
7331,Steven Lee,43,Jacksonville,2023-12-10
9308,John Brown,29,Portland,2023-04-03
1284,Sarah Jackson,36,Charlotte,2021-07-22
1589,Mark Martin,54,Sacramento,2022-01-18
1441,Dorothy Robinson,28,Milwaukee,2020-06-04
8399,Betty Thomas,29,Kansas City,2023-09-27
9585,Amanda Smith,21,Sacramento,2022-11-24
6739,John Davis,57,San Jose,2024-04-26
1040,Sarah Thomas,41,New York,2020-12-17
951,Donald Jackson,55,San Francisco,2020-01-05
6899,Dorothy Jones,42,Phoenix,2023-09-08
3604,Paul Garcia,53,Houston,2024-03-17
5798,Elizabeth Moore,31,Dallas,2025-11-25
6764,Robert Anderson,62,Chicago,2024-04-09
9333,Sarah Smith,31,Fresno,2025-08-08
1968,Karen Thomas,39,Tucson,2023-11-11
2701,Anthony Young,40,Kansas City,2025-08-22
6170,Paul Thomas,20,Fresno,2020-11-25
1332,Amanda Martinez,62,Mesa,2022-06-23
3459,Anthony White,32,San Antonio,2022-08-16
9067,Andrew King,43,Louisville,2022-09-24
7048,Deborah Perez,18,Louisville,2023-05-15
8314,Anthony Walker,26,San Antonio,2024-05-07
5482,Sarah Ramirez,70,San Francisco,2022-09-24
8433,Steven Martinez,30,New York,2022-04-10
3398,Matthew Lewis,41,Columbus,2024-10-25
8999,Anthony Gonzalez,29,Nashville,2024-08-02
631,Paul Thomas,30,Nashville,2025-04-07
9948,Andrew Williams,37,Austin,2020-05-27
433,John Garcia,67,Houston,2022-04-03
640,Anthony Martinez,21,Portland,2025-01-03
8687,Anthony White,59,Boston,2022-05-03
5215,James Rodriguez,60,Las Vegas,2022-12-11
3751,Jennifer Thompson,31,Nashville,2021-08-04
3713,Matthew Allen,67,Portland,2024-08-11
3381,Betty Allen,47,New York,2020-12-24
3230,David Johnson,34,Nashville,2025-11-19
73,James Allen,42,Philadelphia,2023-07-25
9277,Anthony Martin,66,Chicago,2025-01-11
6288,Ashley Jackson,23,Jacksonville,2025-06-12
6719,James Allen,56,San Antonio,2020-05-07
6497,Sarah Jones,43,Dallas,2021-04-14
2602,Daniel Moore,34,Boston,2021-07-05
9902,Lisa Johnson,26,Los Angeles,2021-10-11
3611,Christopher Jackson,51,Milwaukee,2025-06-05
4715,Donald Taylor,49,Los Angeles,2023-06-04
2469,Mark Sanchez,70,Seattle,2022-03-04
3486,Daniel Martin,70,Portland,2023-04-25
3283,Jennifer Davis,31,San Antonio,2020-04-22
3454,Anthony Smith,56,San Diego,2025-02-09
93,Deborah Taylor,36,Indianapolis,2023-06-04
3573,Christopher Allen,50,Columbus,2023-08-09
4273,Ashley Smith,57,San Diego,2021-08-16
3657,Jessica Thompson,44,Oklahoma City,2020-06-28
1305,Nancy Allen,18,Washington,2024-01-09
6014,Mark Rodriguez,40,Boston,2025-05-22
8907,Donald Taylor,44,Seattle,2022-04-16
5972,Betty White,34,San Diego,2025-08-22
1662,Daniel Taylor,43,Oklahoma City,2024-03-07
7619,John Rodriguez,29,Oklahoma City,2024-07-05
2604,Daniel Allen,19,San Francisco,2021-12-13
5563,Lisa Davis,57,Albuquerque,2025-11-05
7554,Lisa Harris,61,Boston,2020-11-10
3411,Mark Moore,66,Los Angeles,2021-12-06
4687,Amanda Thompson,21,Phoenix,2023-08-20
2476,Lisa Williams,57,San Francisco,2020-11-26
