EMP_ID,EMP_NM,DEPT_CD,SAL_AMT
8739,Sarah Smith,Engineering,69934
2107,Nancy Davis,Marketing,52124
2556,Lisa Jackson,Legal,128973
3874,Andrew Lee,Research,145531
8018,Lisa Taylor,IT,122746
9676,Matthew Lewis,Sales,83171
5737,Joshua Harris,Operations,38528
6378,Andrew Gonzalez,IT,56489
3388,Andrew Allen,Marketing,48638
8909,Joshua Walker,Legal,63154
5175,Jessica Rodriguez,IT,111587
4173,Michael Hernandez,IT,91181
3931,Ashley Thompson,Finance,94226
2148,Nancy Perez,Finance,71342
492,Christopher Lewis,Operations,148930
8540,Christopher Johnson,Finance,49582
1487,John Taylor,HR,114816
7876,Donald Sanchez,Finance,62924
101,Deborah Hernandez,Legal,148597
8563,Jessica Thompson,Finance,117246
9190,Nancy Robinson,Customer Service,88652
4386,Karen Smith,IT,43798
5353,Elizabeth Hernandez,Engineering,141057
750,Elizabeth King,Marketing,97721
1520,Jessica Clark,HR,102942
2938,Amanda Johnson,Legal,36200
7283,Robert Taylor,Legal,140684
165,Lisa Lee,Research,116273
9704,Mark Thomas,Operations,56711
152,Michael Smith,Legal,101390
7444,Paul Perez,Sales,140712
5868,Michael King,Operations,117914
3182,Jane Smith,Research,39278
1836,Paul Anderson,Operations,57926
1982,Steven Walker,Marketing,80914
8734,James Garcia,Legal,116679
7737,Joshua Hernandez,Customer Service,112811
916,Joshua Robinson,Operations,112804
9878,Nancy Taylor,Legal,68523
4602,Amanda Miller,Operations,111454
9685,Lisa Martin,HR,33674
646,Lisa Hernandez,Marketing,68755
6508,Betty Jones,Marketing,35586
5051,David Ramirez,Finance,100658
7659,Paul Wilson,Customer Service,41824
7743,Nancy Walker,Operations,122342
9063,Daniel King,Marketing,118070
8360,Elizabeth Miller,Marketing,57277
6263,Emily Jackson,Customer Service,72649
6348,Sarah Wilson,Operations,146776
9193,Elizabeth Allen,IT,137875
2591,Deborah Lee,Operations,94533
4793,Daniel Smith,IT,139666
2666,Karen Lopez,Operations,51297
2181,Jennifer Miller,Operations,38212
1326,Christopher Smith,Operations,33619
382,Lisa Jones,IT,89445
7858,Paul Brown,IT,109013
797,John Harris,IT,128672
4854,Christopher Wilson,Customer Service,144886
6695,Jennifer Young,IT,102731
2111,Betty Moore,Customer Service,66653
714,Deborah Martinez,Finance,122232
3793,Lisa Davis,Marketing,144642
9006,Christopher Sanchez,Sales,91890
5099,Donald Smith,Legal,58237
3802,Elizabeth King,Customer Service,142527
2873,Michael Jackson,Finance,124415
6072,Jennifer Walker,Legal,44321
3849,James Rodriguez,Legal,58006
1413,Anthony Young,Marketing,77588
5948,Lisa Ramirez,Research,110358
92,Michael White,Sales,55685
7036,Lisa Martin,Operations,122499
7179,Nancy Harris,Research,103724
5938,Jessica Robinson,IT,120729
8877,Anthony Thomas,IT,116700
8058,John Martin,Engineering,120965
9876,Mark Gonzalez,Finance,89420
7235,Matthew Thomas,HR,142549
5042,Jessica Martin,Customer Service,115289
437,Jessica Anderson,Finance,85516
8824,Lisa Miller,HR,41253
8753,Jessica Jackson,Finance,70910
3634,Donald Davis,Legal,95815
7351,Anthony Anderson,IT,129671
7465,John Harris,Finance,116414
61,Robert Hernandez,HR,58008
8318,Mark Anderson,Engineering,132652
7375,David Miller,Customer Service,44183
9527,Amanda White,Sales,133294
7282,Matthew Robinson,Legal,93787
3574,Jennifer Davis,Sales,126681
6014,Betty King,Operations,75982
4719,Michael Gonzalez,Engineering,38811
8988,Robert Garcia,Operations,74780
3232,Dorothy Johnson,Customer Service,59102
3627,Christopher Rodriguez,Customer Service,125635
2222,Nancy Davis,Legal,67652
2683,Emily Lee,HR,67167
