C_ID,C_NAME,AGE_YRS,LOC_CD,REG_DT
1222,Jane Allen,50,Oklahoma City,2020-08-16
7081,Ashley Taylor,29,Jacksonville,2020-09-25
5894,Paul Lopez,50,San Jose,2022-11-16
9489,Lisa Young,58,Mesa,2020-03-21
6234,Lisa Williams,34,Austin,2024-04-06
5932,Christopher Robinson,19,Portland,2023-10-19
4194,Andrew Lewis,52,Boston,2023-09-21
8353,Nancy Jackson,61,Sacramento,2022-05-16
446,Christopher Clark,70,Oklahoma City,2024-07-07
7441,Paul Taylor,38,Milwaukee,2021-01-19
9594,Sarah Brown,40,Kansas City,2021-02-28
761,Sarah Johnson,48,Austin,2024-10-22
9691,Amanda Hernandez,56,Dallas,2024-06-02
6714,Steven Williams,21,Charlotte,2020-01-25
893,Sarah Lewis,37,Boston,2022-12-20
5117,Paul Rodriguez,70,Louisville,2025-02-12
5405,Nancy White,31,Kansas City,2020-04-08
3611,Robert Walker,34,New York,2021-03-10
9246,Christopher Thomas,67,Los Angeles,2025-09-11
5288,Robert Brown,53,Baltimore,2020-02-28
8430,Michael Davis,31,Columbus,2022-02-18
3262,David Robinson,22,Jacksonville,2023-07-04
3627,Jessica White,70,Tucson,2023-11-21
9740,John Lopez,63,Charlotte,2020-05-28
9275,Jennifer Perez,22,Phoenix,2020-01-12
2669,Steven Lee,58,Seattle,2024-07-17
1901,Jane Brown,33,Jacksonville,2020-09-03
1808,Robert Rodriguez,50,Sacramento,2025-07-23
3081,Donald Walker,19,Columbus,2022-09-22
1040,Jessica Taylor,42,Chicago,2024-09-10
1434,Amanda Perez,60,Las Vegas,2023-03-21
2493,Matthew Brown,42,San Diego,2023-03-12
4379,Lisa Davis,48,Portland,2025-07-23
4044,Steven Gonzalez,55,Phoenix,2023-09-13
1563,Lisa Rodriguez,62,Columbus,2025-07-15
9189,Karen Jones,20,Tucson,2023-06-24
6809,Nancy Lee,26,Tucson,2025-06-15
5570,Joshua Lopez,70,Fresno,2021-08-11
196,James Perez,68,Jacksonville,2021-01-18
3198,Anthony Taylor,52,Phoenix,2021-04-22
935,Lisa Brown,53,Columbus,2025-11-25
9550,Robert Lee,18,Tucson,2021-05-09
3527,Deborah Allen,19,San Francisco,2024-06-04
4161,Robert Miller,28,Columbus,2025-12-28
8433,David Hernandez,64,San Diego,2023-06-08
3655,David Lopez,57,San Jose,2021-06-07
9722,David Rodriguez,32,Fresno,2024-05-07
5668,Joshua Jackson,53,Indianapolis,2023-08-26
6082,Elizabeth Perez,61,Dallas,2023-05-06
6117,Steven Rodriguez,39,Chicago,2022-03-06
1312,Betty Miller,53,Fort Worth,2020-04-15
3691,David Young,19,Sacramento,2021-02-25
8148,Donald Young,36,Austin,2024-04-02
7506,Betty Robinson,27,Indianapolis,2023-11-18
8710,Emily Young,24,San Francisco,2024-03-03
7260,Jennifer Thompson,64,Kansas City,2024-07-26
4869,Robert Martinez,27,Sacramento,2023-04-16
4241,Emily Gonzalez,19,Nashville,2023-11-15
2767,Christopher Wilson,59,San Diego,2025-05-20
6679,Deborah Hernandez,28,Los Angeles,2022-09-11
1122,Jennifer Young,27,Jacksonville,2025-01-28
2415,Karen Martin,20,Milwaukee,2025-01-12
9444,Ashley Young,31,Austin,2025-09-19
9435,Jennifer Jackson,32,Indianapolis,2020-09-22
4092,Matthew Brown,59,Albuquerque,2025-04-21
877,Steven Smith,29,Austin,2025-11-08
6480,Nancy Davis,67,Oklahoma City,2023-10-15
165,Karen Gonzalez,33,San Diego,2025-05-19
9672,Daniel Taylor,22,Houston,2025-09-04
3068,Matthew Ramirez,20,Las Vegas,2025-01-15
4478,Elizabeth Martinez,56,New York,2022-08-18
3387,Betty Martin,51,Houston,2023-03-25
8839,Dorothy Perez,37,Fort Worth,2025-10-26
4451,Emily Hernandez,64,Fort Worth,2020-05-02
1681,Elizabeth Martin,34,New York,2024-10-12
