EMP_ID,EMP_NM,DEPT_CD,SAL_AMT
8071,Christopher Clark,Customer Service,140429
7761,Ashley Gonzalez,Legal,60683
5557,Daniel Smith,HR,130180
2320,Donald Clark,Finance,59670
767,Michael Taylor,Legal,100461
4023,Ashley Lopez,IT,115888
5545,Joshua Martinez,Finance,102185
9934,Matthew Gonzalez,Finance,86366
400,Paul Clark,Engineering,133203
5258,Michael Martinez,Finance,93928
6426,Amanda Williams,Marketing,89124
8207,Lisa Smith,Operations,79708
4784,Lisa Harris,Marketing,143071
1031,Amanda Rodriguez,IT,40745
105,Amanda Gonzalez,Research,115171
7681,Michael Taylor,Sales,82365
4382,Sarah Brown,IT,107679
9783,Andrew Moore,Legal,119071
3029,Steven White,Research,86404
7514,Christopher Johnson,IT,99061
4420,Robert Jones,Finance,132218
5518,Anthony Martinez,Engineering,123506
9221,Michael King,Research,61137
9080,John Lee,Finance,47130
3668,Jane Young,IT,115570
7140,Amanda Hernandez,IT,35444
9962,Emily Lewis,Legal,128717
8827,Sarah Clark,Finance,120898
9925,Anthony Harris,Marketing,64826
6757,Steven Hernandez,Research,102943
4572,Steven Lee,Sales,45328
9238,Andrew Smith,IT,37666
1447,Daniel Thomas,Research,108321
6182,Andrew Thomas,Legal,77044
6906,Nancy White,Sales,88339
1830,Andrew Clark,HR,65956
1419,Jennifer Williams,Customer Service,56224
3834,Matthew Lopez,Engineering,142139
6159,Nancy Johnson,IT,78971
6305,Deborah Brown,Operations,72395
6742,James Miller,IT,118569
3529,Anthony Sanchez,Engineering,99312
8681,Lisa White,HR,60443
752,Donald Rodriguez,Marketing,138545
7550,Dorothy King,HR,43488
8670,Nancy Smith,Customer Service,131856
7155,David Perez,Sales,44586
6440,Jennifer King,Customer Service,76255
1910,Andrew Lopez,Operations,118272
2321,John Taylor,HR,146034
8619,Jessica Young,Marketing,91800
4578,Mark Robinson,Customer Service,121080
4247,Joshua Miller,Operations,84962
3521,Karen White,Legal,126424
3012,Sarah Brown,Engineering,71061
7715,Robert Lewis,Operations,42678
7292,Emily Harris,Finance,114271
9021,David Williams,Legal,47319
7328,Ashley Martin,Research,149511
8526,Jessica Harris,Finance,106109
3423,Michael Ramirez,Marketing,84655
6177,Betty Ramirez,Sales,81513
723,Jennifer Williams,Customer Service,80151
4809,Lisa Davis,Legal,92494
732,Michael Wilson,Marketing,111131
8652,Ashley Davis,Marketing,109051
8217,John Miller,Finance,85063
3112,Ashley White,Finance,89617
3234,Matthew Brown,Engineering,30650
8865,Michael Anderson,Operations,79359
5175,Ashley Perez,Legal,85050
3335,Jessica Young,IT,117818
9750,Michael King,HR,145566
7547,Robert Gonzalez,Finance,140470
3699,Emily White,Research,56783
7138,Michael Martinez,Engineering,149365
5603,Matthew Brown,IT,119315
7070,Anthony Wilson,Engineering,67496
8429,Deborah Rodriguez,Legal,36954
175,Andrew Perez,Marketing,85565
1922,Lisa Garcia,HR,140714
9984,Elizabeth Allen,Marketing,49876
7383,Lisa Martinez,HR,149074
9573,Lisa Thomas,Marketing,89524
963,Mark Jackson,Legal,75512
5269,David Lewis,Marketing,69893
5125,Deborah Clark,Research,141642
5185,Ashley Jones,Sales,108413
3303,Michael Gonzalez,Customer Service,146530
8186,Robert Ramirez,Research,32849
9992,John Young,Engineering,120498
7763,Karen Martinez,Customer Service,107399
1425,Jessica Ramirez,Legal,94320
3769,Anthony Brown,Sales,84789
1056,Michael Smith,Finance,40182
9492,Karen Martinez,Customer Service,129175
4127,Ashley Robinson,Legal,146358
766,Matthew Martin,Legal,103621
6437,Robert Clark,Customer Service,143468
3832,Deborah Young,Sales,74505
