EMP_ID,EMP_NM,DEPT_CD,SAL_AMT
2694,Sarah Martinez,HR,121232
9052,Dorothy Wilson,Customer Service,79194
7692,Elizabeth Wilson,Legal,131909
2329,Robert Wilson,Legal,109407
2674,Amanda Walker,Marketing,138881
4956,John Young,IT,64839
9273,Betty Clark,Customer Service,37988
4307,Christopher Ramirez,Operations,80156
1823,Jennifer Wilson,Legal,113319
7076,Emily Thomas,Operations,146428
9667,Emily Allen,IT,55943
1695,Ashley Clark,Marketing,122297
9728,Deborah Johnson,IT,59364
8576,Ashley Robinson,Research,88190
6886,Jennifer Williams,Finance,102378
5486,Andrew Garcia,IT,87078
8309,Paul Smith,Finance,33563
6194,Steven Rodriguez,HR,93916
7396,Steven Garcia,Research,134832
4125,Donald Thompson,Sales,131688
7751,Lisa Hernandez,Finance,46569
9457,Dorothy Walker,Finance,101665
473,Matthew Gonzalez,Research,105733
8978,Deborah Martinez,Marketing,77731
9372,Mark Wilson,Finance,31423
1535,Jane Brown,Marketing,138593
5085,Donald Moore,Finance,103944
9948,John Harris,Finance,118242
2582,Joshua Rodriguez,Engineering,91907
8992,Karen White,Legal,126661
3838,Elizabeth Allen,Research,122533
4214,Donald Jones,Engineering,80566
3895,John Robinson,Marketing,35332
6702,Emily Hernandez,Research,53234
8692,David Brown,Customer Service,62476
1231,David Rodriguez,Research,147639
9561,Paul Ramirez,Marketing,147685
6395,Dorothy Taylor,Finance,38255
5927,Joshua Davis,HR,58573
4925,Betty Jackson,Sales,78762
9929,Jennifer Jones,Operations,138845
8597,Elizabeth Taylor,Research,31117
8050,Steven Rodriguez,Engineering,83991
102,Anthony Brown,Customer Service,113610
8716,Jane Rodriguez,Research,117982
9554,Christopher Robinson,Legal,145225
9161,Donald Davis,Sales,119917
3850,Mark Taylor,HR,53420
1825,Matthew Gonzalez,Finance,146906
981,Lisa Taylor,Customer Service,83012
5325,Matthew Hernandez,Legal,85239
1132,Dorothy Wilson,Operations,77121
1493,Donald Moore,Marketing,111814
4745,Andrew Ramirez,IT,109144
7432,Emily Johnson,Research,44719
6923,Betty Williams,Finance,113460
3654,Donald Jackson,HR,74885
7692,Andrew Ramirez,Research,148499
855,Lisa Moore,Customer Service,49840
6653,Jessica Gonzalez,Marketing,122447
2148,Jessica Lee,Sales,137759
7836,Michael Walker,Marketing,108507
4650,Lisa Thompson,Finance,62234
836,Karen Miller,Finance,50348
4787,Daniel Williams,Research,92127
8368,Matthew Clark,Operations,116886
6984,Daniel White,Sales,75474
1223,Michael Martin,Engineering,36736
6803,Daniel Brown,Research,37902
2275,Christopher White,Finance,135806
4539,Daniel Davis,Operations,61737
7231,Anthony Taylor,HR,77982
672,Deborah Clark,Operations,138482
8933,James Thomas,Research,53272
4067,Karen Lopez,Finance,98533
8509,Michael Clark,IT,94979
6910,Karen Brown,Research,88089
827,Andrew Garcia,Operations,83949
5547,Nancy Young,Finance,54587
3802,Paul Martinez,Sales,108563
8855,Daniel Anderson,Finance,87047
2026,Jennifer Clark,Customer Service,134835
2774,Lisa Martin,Operations,144102
6529,Michael King,Operations,38343
1866,James Jackson,Engineering,132312
3659,Jane Williams,Operations,92144
4904,Deborah Hernandez,HR,87899
1676,Christopher Jackson,IT,36970
5938,Lisa Clark,IT,48437
8370,Betty Lee,Operations,141907
7287,Steven Sanchez,Engineering,56462
8985,Donald Moore,IT,41707
9375,Michael Allen,Marketing,115804
8497,Jane Martin,Operations,86735
7948,Robert Martin,IT,52249
7494,Jessica Ramirez,Marketing,122659
1020,John Lopez,Legal,67731
7002,Steven Anderson,Sales,79068
9602,David Rodriguez,Marketing,140998
7233,Sarah Miller,Finance,36210
