EMP_ID,EMP_NM,DEPT_CD,SAL_AMT
4739,Matthew Walker,HR,132840
4424,Karen Taylor,IT,37983
6658,Nancy Allen,Research,87011
7147,John Martin,Operations,82914
4042,Dorothy Johnson,Engineering,34829
9593,Daniel Jackson,Marketing,114189
3662,Jane Smith,Sales,61583
4436,Nancy Ramirez,Legal,141577
9074,Nancy Robinson,Engineering,139946
8031,Nancy Thompson,Engineering,130721
4480,Anthony Rodriguez,Marketing,123791
4646,Matthew Clark,IT,61106
2981,Jessica Gonzalez,Legal,68962
4753,James Moore,Marketing,67251
154,Ashley Hernandez,IT,50016
4654,Christopher Moore,Engineering,99949
2628,James Garcia,Operations,148189
238,Nancy Allen,Research,72170
7955,Nancy Jackson,Legal,104041
3215,Emily Jones,Legal,64695
2575,Jane Martinez,Legal,33380
5307,Ashley Lewis,Operations,61519
3512,Mark Harris,Operations,96915
4504,Betty Lopez,Research,33047
7602,John Brown,Engineering,61970
3789,Michael Lee,Finance,80064
7165,Lisa Miller,Research,93176
4785,Betty Anderson,Operations,61293
8295,Christopher Thomas,Finance,108314
194,Joshua Jones,Legal,118258
5767,James Lee,Engineering,121330
5920,Matthew Davis,Customer Service,83835
3221,Robert Taylor,Marketing,141534
8068,Karen Ramirez,Customer Service,118561
4966,Jennifer Martinez,Research,39975
8193,Deborah Martinez,Customer Service,34570
8428,Donald Brown,Research,46359
9874,Paul Perez,Legal,103136
1170,Joshua Gonzalez,Customer Service,60133
7373,Emily Johnson,Legal,65790
4560,Jessica Lewis,Sales,125649
1233,Joshua Moore,Legal,44680
7549,James Lee,Operations,92360
6181,Elizabeth Williams,Operations,121389
3360,Robert Rodriguez,Marketing,52120
3124,Daniel Jackson,Finance,97477
1555,Deborah Williams,IT,145225
474,Elizabeth White,Finance,132684
9306,Joshua Taylor,Legal,62914
5973,Daniel Brown,HR,142214
508,Amanda King,Engineering,124238
4481,Donald Williams,Customer Service,102955
7910,Ashley White,Marketing,101267
3170,Ashley Smith,HR,116034
5137,Emily King,Sales,68173
7571,David Jones,Marketing,61923
1684,Paul Rodriguez,Legal,104974
690,Steven White,Sales,96762
7196,Robert Martin,Marketing,48585
9389,Donald Young,Customer Service,63135
3812,Paul Walker,Customer Service,101904
4561,Amanda Ramirez,Sales,39131
992,Jane Walker,Legal,101370
5095,James Davis,Finance,107697
2551,Jennifer Lee,Operations,57203
8539,Robert Jones,Marketing,64883
5468,Elizabeth Jones,Customer Service,97078
7943,Jessica Harris,Marketing,88766
7894,Ashley Anderson,Marketing,44557
8906,Joshua Moore,Engineering,79471
6755,Amanda Thompson,Marketing,104364
2016,Daniel Gonzalez,IT,39098
8195,Jessica Moore,IT,44264
7023,Lisa King,Finance,48954
1114,Jennifer Thompson,IT,88405
7724,Michael Johnson,Sales,97729
9582,Emily Wilson,Legal,89320
8947,Karen Lewis,Operations,61238
5752,Nancy Jones,HR,78839
1422,Paul Miller,IT,91715
8792,Robert Thomas,IT,135125
8434,James Garcia,Marketing,138301
5756,Michael Lee,HR,109392
1927,James Davis,Customer Service,41627
6908,Ashley Walker,Customer Service,114936
107,Lisa White,Research,37351
8524,John Lopez,Customer Service,57458
9440,Paul Lopez,Operations,110709
1817,Ashley Thomas,Legal,133589
882,Donald Martin,Customer Service,130489
1641,Jennifer Miller,Customer Service,137555
6661,Matthew Williams,Customer Service,73673
688,Mark Sanchez,IT,54121
2534,Karen Lewis,Customer Service,135627
8410,Daniel Hernandez,Marketing,32554
4370,Steven Gonzalez,IT,114292
2877,Anthony Taylor,Customer Service,116686
194,Donald Garcia,Engineering,72113
5252,Karen Moore,Legal,66454
2899,Michael Garcia,Sales,115415
