C_ID,C_NAME,AGE_YRS,LOC_CD,REG_DT
7158,Lisa Martin,52,Washington,2022-01-14
7856,Sarah Martin,55,Houston,2023-10-09
8877,Matthew Clark,41,Las Vegas,2021-06-17
7300,Mark Young,45,New York,2023-02-22
6695,Robert Brown,29,San Antonio,2021-03-27
2821,Deborah Wilson,61,Kansas City,2023-07-26
6649,Christopher Gonzalez,20,Albuquerque,2021-01-08
4155,David Brown,36,Albuquerque,2025-11-01
6227,Amanda Clark,53,Tucson,2022-08-04
316,Steven Jones,18,San Diego,2020-03-28
2706,Anthony Perez,62,San Francisco,2024-10-16
4520,Joshua Williams,68,Indianapolis,2025-02-24
5096,Anthony Ramirez,18,Mesa,2022-05-07
3593,Lisa Johnson,57,Austin,2022-11-05
7072,Paul Anderson,49,Tucson,2025-12-20
6752,Paul Martin,42,Denver,2023-10-27
4237,Steven King,54,San Diego,2022-06-27
2188,John White,47,Nashville,2022-02-09
6421,Deborah White,43,Philadelphia,2024-01-01
4659,Joshua Clark,19,Houston,2023-01-02
5313,Ashley Robinson,64,Portland,2020-01-03
1099,John Brown,39,Austin,2023-09-27
4242,Robert Walker,67,Kansas City,2020-10-25
2539,James Martin,41,San Francisco,2024-02-20
5543,James King,68,Los Angeles,2020-09-07
3327,Anthony Gonzalez,46,Louisville,2025-10-16
2672,Deborah Lopez,66,Albuquerque,2023-09-19
795,Robert Davis,53,Indianapolis,2020-09-23
191,Ashley Lee,26,Baltimore,2023-11-03
7292,David Lee,29,Tucson,2022-11-07
1778,Amanda Gonzalez,47,Louisville,2024-02-03
9960,Emily Lee,57,Fort Worth,2021-06-15
3931,Jane Thomas,67,Charlotte,2023-10-11
7299,Lisa Gonzalez,18,Las Vegas,2021-07-22
4641,Daniel Miller,54,Charlotte,2020-06-05
7552,Deborah Jones,52,Charlotte,2020-11-05
4194,Ashley Williams,50,Washington,2023-02-06
5905,Steven Anderson,41,Nashville,2025-02-17
7573,Ashley Young,52,Phoenix,2023-10-13
2284,John Wilson,48,Jacksonville,2023-10-27
5466,Ashley Smith,59,Columbus,2023-05-23
4920,James Young,49,Portland,2022-03-04
8116,Steven Davis,35,Austin,2024-06-13
8532,James Moore,64,Chicago,2024-01-24
7033,John Allen,36,Washington,2020-02-10
534,Paul Garcia,66,Dallas,2023-12-13
4610,Robert Ramirez,44,San Diego,2022-04-20
2311,Sarah Jackson,47,Tucson,2021-06-16
3970,Lisa Wilson,65,Jacksonville,2021-03-09
7718,Daniel Moore,49,Portland,2023-01-05
9726,Deborah Lewis,27,Fresno,2022-06-27
3965,Lisa Smith,38,San Antonio,2022-09-21
8547,Lisa Martinez,57,Nashville,2023-09-19
5147,Sarah Harris,40,Tucson,2020-01-20
4073,Deborah Wilson,23,New York,2021-04-18
6565,Jane Thomas,36,San Diego,2021-07-28
2441,Anthony Thomas,44,San Antonio,2022-12-14
3579,Michael Martinez,41,Chicago,2024-02-16
642,Donald Perez,21,Albuquerque,2024-03-23
6507,David Garcia,29,Oklahoma City,2024-09-12
4393,Emily Gonzalez,41,Indianapolis,2022-07-19
2949,Mark White,21,Mesa,2021-12-02
4848,Daniel Anderson,33,Boston,2023-06-10
9475,James Rodriguez,24,Nashville,2024-04-07
4892,Andrew Thomas,36,Austin,2021-04-02
1179,Lisa Jones,36,Milwaukee,2024-07-11
1807,Betty Rodriguez,26,Phoenix,2024-02-20
3838,Christopher Martinez,69,Kansas City,2022-03-07
9561,Amanda Brown,64,Philadelphia,2020-01-10
5389,Andrew Thompson,25,San Diego,2020-01-09
466,Dorothy Robinson,59,Denver,2025-09-05
3705,Lisa Ramirez,64,Houston,2022-06-05
2026,Anthony Davis,51,Sacramento,2023-01-22
1721,David Jones,44,San Jose,2023-12-16
82,Anthony Martinez,31,Phoenix,2022-12-24
