C_ID,C_NAME,AGE_YRS,LOC_CD,REG_DT
5235,Deborah Rodriguez,24,Sacramento,2025-04-15
4474,Daniel Davis,36,Baltimore,2024-04-12
1409,Nancy Allen,50,Boston,2022-04-21
562,Lisa Anderson,67,Mesa,2024-10-27
1592,Paul Perez,20,Columbus,2025-06-01
2449,Donald Brown,52,Nashville,2022-12-13
8106,Elizabeth Miller,43,Indianapolis,2025-09-06
1645,Jennifer Lopez,36,Las Vegas,2020-06-01
6645,Christopher Davis,25,Jacksonville,2024-11-03
7345,Robert Gonzalez,24,Oklahoma City,2021-08-04
3772,Andrew Jones,57,Baltimore,2022-05-02
9867,Michael Hernandez,31,San Antonio,2023-09-11
8113,Elizabeth Moore,38,Houston,2024-08-07
9419,Paul Hernandez,23,Houston,2020-06-01
4957,Donald King,23,Washington,2020-02-18
6132,Lisa Brown,50,Kansas City,2023-04-10
3591,Robert Gonzalez,40,Denver,2020-06-08
5760,Jane Rodriguez,60,Denver,2024-04-22
8591,Jessica Martin,39,Jacksonville,2024-03-01
1456,Jessica Thomas,30,Philadelphia,2021-06-27
2474,Amanda Martin,28,Milwaukee,2023-04-15
7240,Christopher Walker,21,Charlotte,2020-04-19
8326,Paul Jones,54,Boston,2025-06-19
1517,Lisa Ramirez,69,Dallas,2025-12-05
1774,Jennifer Martin,37,Fresno,2025-06-04
899,Paul Hernandez,24,Houston,2021-12-23
9278,Betty Martin,22,Jacksonville,2022-09-01
4519,Deborah Allen,43,San Diego,2025-06-09
1078,Lisa Lee,43,Sacramento,2020-02-14
2690,Amanda Rodriguez,35,Austin,2023-11-19
3738,Jane Walker,58,Tucson,2025-11-21
9213,Joshua Young,56,Oklahoma City,2023-10-18
2099,Daniel Moore,70,Fresno,2023-02-13
1802,Amanda Allen,20,Baltimore,2021-06-23
3940,Michael Taylor,51,Washington,2025-01-15
5083,Ashley Sanchez,25,Kansas City,2021-04-07
6108,Dorothy Lee,44,San Francisco,2024-11-19
2411,Jennifer Martinez,24,New York,2021-07-17
7620,Betty White,44,Phoenix,2025-12-14
1485,James Taylor,51,Louisville,2025-10-21
2283,Elizabeth Allen,54,Kansas City,2022-05-01
3054,Jessica Brown,33,Las Vegas,2023-01-03
5368,Michael Lopez,61,Boston,2023-02-12
2355,Amanda Thompson,26,Philadelphia,2021-10-01
3617,Jennifer Jackson,40,Denver,2020-02-18
227,Betty Moore,40,Seattle,2022-04-12
5220,Emily White,55,Fort Worth,2021-06-23
7502,David Miller,61,Baltimore,2020-11-13
3559,James Clark,51,San Diego,2025-03-28
7058,Dorothy Lopez,19,San Diego,2025-03-02
6111,Matthew Thompson,35,Milwaukee,2024-01-04
1650,Paul Thompson,20,San Francisco,2021-11-14
2942,Robert Perez,28,Portland,2024-01-15
2542,Karen Davis,18,Jacksonville,2022-10-09
6827,Sarah Young,36,Fresno,2022-09-07
8149,Steven Davis,31,Charlotte,2025-08-24
2376,Karen Allen,61,Chicago,2022-02-16
3307,Anthony Smith,55,Nashville,2021-02-13
9719,Betty Harris,38,Denver,2021-07-24
1616,Anthony Perez,18,Mesa,2025-09-04
6619,Mark Thomas,33,Austin,2023-04-12
578,Karen Wilson,45,Austin,2025-01-20
5137,David Young,47,Jacksonville,2020-08-02
6338,Emily Robinson,42,Jacksonville,2024-10-02
3395,Lisa Brown,45,Boston,2024-11-19
8643,Jane Perez,34,Denver,2023-12-20
5915,Elizabeth King,42,Nashville,2020-03-25
8253,Robert Hernandez,36,Chicago,2025-09-28
3179,Joshua Lee,29,Dallas,2024-09-28
929,Dorothy Walker,51,Philadelphia,2022-07-21
3165,Christopher Hernandez,38,Austin,2022-03-24
1296,James Wilson,35,Phoenix,2023-09-01
6035,Jane Perez,55,Nashville,2020-12-24
1715,Amanda Robinson,31,San Francisco,2022-10-23
8039,Karen Rodriguez,64,Portland,2023-12-06
