C_ID,C_NAME,AGE_YRS,LOC_CD,REG_DT
5522,Sarah Wilson,50,Baltimore,2022-03-06
53,Jane Martinez,43,Philadelphia,2023-11-28
1939,David Lee,65,Sacramento,2025-08-01
5771,Daniel Gonzalez,54,Phoenix,2020-11-24
6166,Steven Davis,63,Seattle,2020-12-09
8855,Karen Jackson,39,New York,2022-12-07
5932,Lisa Walker,62,Philadelphia,2024-09-11
6371,Daniel Ramirez,18,Indianapolis,2022-09-15
5237,Betty Miller,34,Tucson,2023-06-06
5642,Daniel Martinez,25,Washington,2023-04-18
8090,Donald Thomas,67,Houston,2023-04-24
6771,Sarah Johnson,66,New York,2023-08-19
4483,Betty Jackson,18,Phoenix,2025-11-21
38,Karen Rodriguez,45,Charlotte,2020-09-12
1181,Joshua Garcia,69,Columbus,2021-02-07
1879,Robert Brown,63,Indianapolis,2023-07-03
3620,Betty Thompson,36,Los Angeles,2021-02-18
3842,Joshua Anderson,67,Las Vegas,2023-04-09
5672,Jennifer Garcia,60,San Francisco,2022-07-16
8111,Joshua Young,68,Charlotte,2020-08-18
4484,Ashley Clark,58,Columbus,2025-11-01
2967,Amanda Harris,37,Tucson,2024-12-05
5277,David Wilson,51,Portland,2020-01-08
6971,David Thomas,50,Sacramento,2024-12-11
7032,Andrew Rodriguez,56,Louisville,2023-09-26
87,Christopher Perez,70,Nashville,2024-04-10
6061,Elizabeth White,30,Denver,2020-06-06
776,Robert Smith,45,Charlotte,2025-02-15
8601,Nancy Robinson,55,Albuquerque,2024-06-21
7039,Donald Young,30,San Antonio,2020-03-25
3203,Anthony Gonzalez,44,Chicago,2023-03-25
9803,Jane Sanchez,41,Mesa,2021-07-15
508,Ashley Martinez,51,Fresno,2022-04-11
1479,Michael Gonzalez,18,Albuquerque,2022-12-20
9919,Anthony Thomas,40,Portland,2021-07-24
5362,Emily King,66,New York,2020-03-25
9848,James Davis,30,Albuquerque,2024-02-15
8712,Steven Allen,59,Las Vegas,2025-12-21
3839,David Ramirez,58,Tucson,2022-05-14
1656,Nancy Brown,39,Houston,2022-02-23
5375,Jane Williams,41,Denver,2023-07-19
5078,Elizabeth Lopez,53,San Antonio,2025-06-09
7558,Andrew Taylor,42,Los Angeles,2023-10-17
1772,Amanda Gonzalez,70,Seattle,2022-11-02
1891,Joshua Taylor,65,New York,2022-12-05
1205,Andrew Sanchez,61,Nashville,2024-08-26
6607,Sarah Walker,60,Chicago,2021-06-09
8303,Amanda Brown,62,Kansas City,2024-12-03
2296,Ashley King,38,San Antonio,2023-12-05
4710,Robert Jones,22,Mesa,2021-11-12
7753,Steven Allen,35,San Jose,2025-10-06
5807,John Robinson,65,Kansas City,2025-06-24
2794,Karen Allen,21,Mesa,2023-07-12
8721,Donald Young,33,Jacksonville,2025-06-15
4033,Robert Hernandez,39,Houston,2025-05-03
1419,Jane Williams,55,San Antonio,2021-12-12
3645,Jane Ramirez,29,Tucson,2021-09-23
8502,Michael Martin,62,Seattle,2023-03-26
4145,Michael Johnson,43,Chicago,2023-09-15
2261,Elizabeth Brown,60,Mesa,2021-07-20
7455,Jessica Martin,31,Columbus,2020-02-03
5842,Betty Jackson,47,Louisville,2020-08-10
6092,Michael Martin,31,Philadelphia,2022-04-08
7251,Jane Moore,52,Fort Worth,2020-09-16
5318,Amanda Thomas,32,Philadelphia,2021-12-26
8306,Ashley Harris,52,Austin,2022-02-07
9399,Andrew Lee,50,Columbus,2022-01-12
5257,Karen Ramirez,68,Charlotte,2023-02-05
7784,Joshua Robinson,55,Indianapolis,2021-03-05
1869,Jane Jackson,56,Los Angeles,2020-04-03
5234,David White,57,Denver,2021-02-11
7537,Daniel Allen,68,Oklahoma City,2023-01-22
2475,Andrew Harris,51,Portland,2020-10-18
6264,Steven Martinez,31,Dallas,2021-09-07
122,Sarah Hernandez,25,Seattle,2020-03-13
