C_ID,C_NAME,AGE_YRS,LOC_CD,REG_DT
318,Jane Taylor,62,Phoenix,2023-12-16
3272,Elizabeth Ramirez,34,Philadelphia,2025-09-22
860,Daniel Jackson,39,Milwaukee,2020-08-16
3418,Daniel Jackson,30,Mesa,2024-02-13
9046,Elizabeth Clark,45,Sacramento,2020-08-13
6793,Deborah Williams,58,San Antonio,2024-02-10
5482,Dorothy Clark,41,Sacramento,2024-05-22
3178,Karen Johnson,61,Philadelphia,2023-11-26
1111,Ashley Harris,22,Portland,2024-08-06
3041,Dorothy Clark,21,Fort Worth,2024-03-17
614,Daniel Allen,23,Washington,2022-03-03
5283,Dorothy Gonzalez,58,Las Vegas,2021-01-28
7166,Robert Martinez,49,Dallas,2020-09-16
6811,David Hernandez,47,Fresno,2022-10-04
3123,Michael Martinez,61,Albuquerque,2021-04-27
1461,Donald Thompson,29,Nashville,2023-12-01
6059,Sarah Smith,46,Austin,2020-11-16
3984,Amanda Johnson,56,San Francisco,2020-07-17
9564,Daniel Gonzalez,39,Las Vegas,2023-07-20
9446,Anthony Smith,38,Las Vegas,2021-07-25
5191,Christopher Young,56,Houston,2021-06-01
1939,Paul Wilson,53,Albuquerque,2021-05-05
3964,Amanda Anderson,25,Milwaukee,2024-04-02
6863,Nancy Robinson,58,San Antonio,2022-02-13
1181,Paul Clark,55,Denver,2025-11-01
67,Deborah Robinson,62,Indianapolis,2020-03-23
8122,Sarah Johnson,26,Fort Worth,2022-01-21
1117,David King,34,Washington,2020-08-24
7021,Mark Thompson,36,Tucson,2020-04-26
8509,Dorothy White,64,Oklahoma City,2024-10-19
4283,Christopher Harris,62,San Francisco,2021-10-05
5353,James King,37,Dallas,2020-01-25
5286,Michael Jones,31,Denver,2021-02-05
5384,Andrew Moore,48,Fresno,2020-07-07
3205,Lisa Brown,46,Los Angeles,2022-07-12
1054,Andrew Miller,19,Fresno,2025-02-18
8206,Anthony Lewis,56,Denver,2021-02-16
2216,Steven Allen,60,Oklahoma City,2022-11-18
5281,Deborah Hernandez,55,Dallas,2020-02-16
1763,Ashley Lee,64,Houston,2023-11-23
8119,Karen Harris,42,Philadelphia,2022-02-06
6010,Christopher Lewis,32,Chicago,2025-11-16
1039,Nancy Miller,68,Houston,2024-07-27
593,Sarah Robinson,43,Columbus,2022-03-02
1606,Amanda Martin,68,Houston,2023-02-23
5217,Jessica Wilson,62,Philadelphia,2023-11-24
6656,Joshua Williams,25,Jacksonville,2025-03-28
3497,Jane Johnson,31,Louisville,2021-06-27
1010,Christopher Perez,52,San Antonio,2024-10-15
7445,Amanda Allen,30,Columbus,2024-09-07
9860,Paul Harris,38,San Diego,2021-04-09
173,Deborah White,56,Oklahoma City,2020-08-22
379,Emily Harris,36,Philadelphia,2020-09-11
5866,Paul Hernandez,42,Philadelphia,2023-01-10
2457,Nancy Martin,52,Seattle,2022-05-05
3737,Sarah King,21,Kansas City,2024-01-11
5612,Ashley Taylor,22,Jacksonville,2023-04-15
4668,Andrew Martinez,34,Phoenix,2020-12-22
967,Christopher Gonzalez,68,Austin,2023-05-24
4797,Steven White,48,Tucson,2023-09-05
9452,Emily Lee,61,Jacksonville,2022-12-19
6601,Anthony White,70,Portland,2020-08-25
8468,David Robinson,57,Jacksonville,2021-11-25
5185,Michael Walker,59,Boston,2022-01-19
4136,James Wilson,46,Sacramento,2023-06-25
606,Amanda Brown,42,Washington,2020-02-02
2834,Nancy Anderson,60,Baltimore,2020-03-15
5388,Jane Smith,57,Milwaukee,2020-06-20
7244,Steven Thompson,38,Sacramento,2022-10-26
3296,Betty Allen,47,San Francisco,2021-03-18
2279,Jessica Rodriguez,35,Los Angeles,2023-12-13
4895,Paul White,32,Denver,2021-02-22
8238,David Allen,47,Sacramento,2025-09-04
7375,Andrew Miller,38,Sacramento,2021-09-10
5230,James Jones,23,Philadelphia,2023-11-12
