EMP_ID,EMP_NM,DEPT_CD,SAL_AMT
8957,Jessica Lee,Marketing,74796
8668,Matthew Johnson,Legal,66685
5870,Lisa Miller,Customer Service,109423
9820,Amanda Gonzalez,Customer Service,45074
5837,Paul Jackson,Research,78651
3676,Ashley Lewis,HR,75674
6646,Lisa Wilson,Customer Service,36168
3720,Lisa Smith,Legal,119386
466,Ashley Young,Legal,37868
760,Ashley Taylor,Legal,105473
2160,Lisa Wilson,Legal,32075
502,David Williams,Engineering,149170
4822,Deborah Robinson,Sales,104394
5907,James Jones,HR,138775
8372,David White,Customer Service,130861
8482,Robert Brown,Research,59496
5640,David Smith,Finance,36769
7302,Mark Clark,Sales,101829
599,Steven White,Engineering,91258
7424,Elizabeth Wilson,Engineering,73286
4885,Joshua Garcia,Sales,69911
694,Andrew Smith,Sales,112512
679,Dorothy Smith,Research,91650
1764,Nancy Johnson,Sales,62951
9849,Lisa Wilson,Engineering,57633
4229,Jennifer Lee,Research,137680
7092,Donald Lewis,IT,85457
6755,Nancy Gonzalez,Customer Service,105953
3201,Betty Taylor,HR,72903
619,Paul Walker,Finance,60201
7228,Matthew Thomas,Legal,137882
4684,Jessica Hernandez,Sales,67234
6720,Jane Williams,HR,36750
3071,Ashley Rodriguez,Customer Service,30871
9272,Robert Hernandez,Legal,54065
1858,Ashley White,Legal,105333
6811,Karen Miller,Operations,149222
5710,Daniel Jones,Sales,74699
9939,Nancy Wilson,Legal,133017
8379,Emily Robinson,Engineering,33148
4284,Anthony Anderson,HR,111680
1847,Amanda Walker,Finance,130052
9847,Andrew Brown,HR,43060
6533,John Wilson,HR,136323
8481,Matthew Rodriguez,Operations,66898
1370,James Lopez,Research,31610
5074,James Williams,Marketing,127314
4292,Andrew Davis,IT,140623
3017,Jennifer Walker,Finance,97669
7165,James King,Sales,35275
2756,Paul Walker,Legal,33358
4360,Dorothy Garcia,Engineering,106614
1213,Jane Jones,Legal,52069
8974,John Ramirez,Finance,38471
8657,Mark Lewis,Finance,63530
3121,Christopher Miller,Operations,63815
4693,Betty Lewis,Operations,115623
1373,Joshua King,Customer Service,56147
3920,Michael Anderson,Operations,32635
9805,Andrew Hernandez,Sales,119913
8002,Betty Lee,Legal,144228
7630,Matthew Clark,IT,114142
1928,Matthew Davis,HR,72492
9774,Anthony Anderson,Operations,58844
8696,Lisa Brown,HR,143530
327,Betty Hernandez,Sales,113302
59,Jennifer Garcia,Marketing,99533
6604,Matthew Perez,Legal,103074
2369,Karen Johnson,Sales,110459
9457,Daniel Thompson,Legal,127696
7271,Sarah King,IT,127728
1615,Donald Hernandez,HR,80074
830,Michael Smith,IT,129550
7742,Daniel Perez,Engineering,132594
1956,Amanda Martin,Research,106242
5346,Michael Miller,Legal,143817
5835,Nancy Williams,Customer Service,116710
9210,Sarah Walker,Marketing,117049
9454,Robert Williams,Finance,99042
3582,Jennifer Lopez,Legal,42932
6792,Dorothy Gonzalez,Research,42439
952,Steven Lee,Customer Service,83851
7956,Lisa Moore,Sales,109689
6976,Christopher Harris,Engineering,92135
1703,Jennifer King,Marketing,47656
2365,Paul Taylor,Sales,130468
7915,Amanda Miller,Legal,113745
8861,David Williams,Engineering,38586
46,John Johnson,HR,68652
4916,Robert Jackson,Finance,39822
5082,Nancy Davis,HR,98551
8234,Elizabeth Lee,Marketing,32788
662,Lisa Lopez,Operations,38555
4861,Emily Harris,Sales,120177
3080,Paul Garcia,Research,30038
6009,Anthony Lopez,Customer Service,73749
270,Jennifer Allen,Customer Service,119182
2955,Robert Jones,Sales,143028
4562,Deborah Wilson,Legal,82100
232,Joshua Brown,Sales,96017
