C_ID,C_NAME,AGE_YRS,LOC_CD,REG_DT
1955,Steven White,36,Milwaukee,2023-12-16
5165,Emily Young,34,Phoenix,2021-08-01
3962,Paul Garcia,60,New York,2020-09-03
3995,Jane Young,47,San Francisco,2022-03-05
6890,Karen Moore,43,Louisville,2020-07-19
9972,James Young,55,Fort Worth,2021-03-02
7843,Steven Hernandez,18,Sacramento,2022-04-21
7146,Jane Young,31,Seattle,2021-05-15
4629,Betty Jackson,22,Phoenix,2021-06-19
827,Nancy Walker,30,Los Angeles,2021-01-21
7021,Dorothy Thomas,59,Oklahoma City,2025-08-27
6861,Dorothy Harris,51,Denver,2021-05-10
3787,James Moore,28,Baltimore,2023-04-16
4231,Anthony Lopez,22,San Antonio,2023-11-15
4293,Amanda Jones,46,San Antonio,2024-07-12
2442,Paul Garcia,52,Fresno,2025-07-28
1216,Emily Lee,49,Milwaukee,2025-04-20
7051,Jane Moore,49,San Francisco,2022-09-16
7830,Jennifer Taylor,62,Indianapolis,2024-05-13
1998,Karen Lewis,59,Jacksonville,2023-11-05
6584,Jessica Anderson,56,San Diego,2022-04-05
638,Christopher Rodriguez,51,Houston,2022-09-16
663,Ashley Lewis,39,Portland,2025-12-03
3175,Lisa Jackson,47,Los Angeles,2023-05-17
9346,Lisa Gonzalez,21,San Antonio,2022-06-23
970,Steven Smith,47,Louisville,2025-03-12
2113,Paul Allen,52,Charlotte,2023-11-05
3456,Jennifer Gonzalez,19,Boston,2020-03-08
6621,Anthony Hernandez,28,Fresno,2022-06-24
5518,Mark Perez,46,Kansas City,2025-05-27
7399,Betty Brown,46,Mesa,2021-10-05
1706,Dorothy Davis,50,Fresno,2025-08-19
3695,John Hernandez,43,Los Angeles,2025-02-08
2384,Jessica Williams,69,Fresno,2022-08-01
5229,Jessica Martin,65,Tucson,2020-08-24
9490,Dorothy Moore,32,Columbus,2025-02-12
5891,Dorothy Rodriguez,22,San Francisco,2024-07-07
5195,Nancy Wilson,62,Baltimore,2021-06-07
9116,Lisa Harris,41,San Antonio,2023-11-01
8531,Christopher Ramirez,34,Louisville,2023-01-16
7281,Dorothy Sanchez,24,Charlotte,2024-05-04
9966,Robert Allen,30,Dallas,2023-02-26
4476,Steven Garcia,34,Oklahoma City,2023-09-15
8704,Andrew Martin,46,Houston,2022-08-09
1757,Jane Johnson,18,Kansas City,2025-03-25
5877,Betty Lopez,37,Chicago,2020-01-04
7288,Amanda Wilson,61,Seattle,2024-10-13
4121,Dorothy White,53,Tucson,2020-03-21
1575,Sarah Rodriguez,35,Dallas,2022-01-18
2495,Mark Martin,33,Chicago,2022-06-01
1715,Karen Ramirez,48,Kansas City,2020-03-05
3876,Mark Gonzalez,25,San Antonio,2021-05-09
8898,Daniel Williams,29,Boston,2022-09-23
8072,Paul Jackson,30,New York,2021-08-23
8981,Steven Martin,28,Fresno,2020-09-06
1360,Steven Jackson,44,Sacramento,2020-07-13
7863,Betty Gonzalez,26,Denver,2023-01-02
7911,Amanda Thompson,50,Austin,2025-06-08
4039,Andrew Moore,47,Houston,2024-02-03
1229,Jessica Robinson,45,Philadelphia,2022-10-06
2534,Jessica Moore,69,Philadelphia,2020-01-17
5280,Jennifer Smith,34,Chicago,2023-02-14
4199,Andrew Jackson,37,San Francisco,2020-08-23
6743,Lisa Clark,43,Fresno,2021-07-08
3632,Andrew Davis,66,Austin,2024-08-12
2212,James Allen,68,San Francisco,2024-04-10
1676,Betty Taylor,35,Phoenix,2020-05-06
5885,David Wilson,23,San Jose,2025-01-23
1936,Jessica Clark,36,Austin,2021-07-18
8508,Emily Perez,51,Albuquerque,2021-10-25
5820,Jennifer Smith,49,Fort Worth,2021-05-13
7635,Karen Wilson,26,Indianapolis,2025-10-27
8095,Jessica Allen,45,Sacramento,2023-02-02
6632,John Taylor,63,Baltimore,2022-02-04
1762,Lisa Perez,45,Washington,2023-08-25
