C_ID,C_NAME,AGE_YRS,LOC_CD,REG_DT
6104,David Williams,50,Denver,2021-02-08
6459,Elizabeth Johnson,53,Chicago,2022-09-05
968,Mark Smith,41,Indianapolis,2025-07-15
1354,Lisa Hernandez,34,Jacksonville,2021-04-27
8285,John Allen,18,Oklahoma City,2020-12-12
172,Dorothy Perez,24,Washington,2020-01-03
9381,Anthony Taylor,23,Washington,2020-08-03
6414,Christopher White,41,Albuquerque,2025-02-03
5627,Amanda Brown,69,Dallas,2025-06-06
7005,Jennifer Robinson,58,San Antonio,2023-09-24
8004,Anthony Clark,43,Los Angeles,2022-03-10
6722,Nancy Harris,44,Kansas City,2021-08-16
2634,Lisa Johnson,36,Philadelphia,2021-08-09
1249,Michael Taylor,18,New York,2020-03-09
6376,Emily Hernandez,70,Houston,2024-03-17
3362,Lisa Martin,65,Seattle,2025-11-20
3000,Amanda Williams,68,Dallas,2025-12-12
4584,Joshua Lee,46,Indianapolis,2021-06-25
7541,Dorothy Jones,44,Chicago,2021-07-03
7023,Donald Allen,37,Phoenix,2023-10-14
1056,Betty Walker,52,Houston,2025-02-28
1933,David Garcia,24,Denver,2024-09-02
7131,Robert Martin,47,Kansas City,2025-01-16
56,John Perez,44,San Francisco,2024-06-09
6874,Steven Johnson,38,New York,2024-06-06
7849,Robert Taylor,57,Mesa,2021-01-04
9300,Dorothy Wilson,56,Indianapolis,2021-10-13
6418,Karen Moore,66,Nashville,2025-11-19
818,Sarah King,18,Tucson,2023-07-02
9267,Deborah King,63,Dallas,2024-09-24
2827,Lisa Garcia,37,Dallas,2025-02-28
2094,Amanda Johnson,40,Fresno,2023-01-25
5767,Steven Lee,52,New York,2024-09-16
2560,Robert Rodriguez,46,Chicago,2020-07-17
823,Deborah Lewis,50,Sacramento,2022-12-22
6448,Jane Rodriguez,32,Dallas,2020-02-14
416,Christopher King,40,Milwaukee,2020-05-18
8514,Karen Ramirez,49,Washington,2025-10-05
8858,Daniel Martinez,50,Boston,2024-11-08
2110,Michael Brown,24,Mesa,2023-10-11
6407,Emily Martin,66,Fort Worth,2022-03-16
6459,Lisa Thompson,34,San Francisco,2022-06-16
369,Matthew Johnson,70,Tucson,2020-07-24
8290,Joshua Anderson,44,Albuquerque,2020-02-23
6705,Matthew Jackson,19,Sacramento,2025-06-09
922,Steven Martinez,43,Sacramento,2025-09-18
8362,Joshua Johnson,38,Portland,2022-01-26
6334,Andrew Harris,63,Seattle,2025-08-21
1663,Amanda Thompson,27,Sacramento,2024-03-20
4173,John Sanchez,56,Portland,2024-01-26
9591,Donald Moore,21,Mesa,2022-10-11
314,David Martinez,67,San Francisco,2025-12-16
3101,Mark Martinez,26,Louisville,2020-07-20
6470,Betty Miller,47,New York,2021-02-21
8359,Emily Smith,58,Las Vegas,2024-10-07
7103,Sarah Taylor,40,Jacksonville,2021-11-19
7604,Joshua Taylor,54,Denver,2020-03-21
713,Elizabeth Lee,34,Mesa,2021-07-01
8500,James Thompson,63,Albuquerque,2024-08-13
7056,Daniel Gonzalez,69,Indianapolis,2023-09-01
6437,Daniel Thompson,28,Houston,2020-05-22
7184,Anthony Garcia,46,Phoenix,2025-03-26
310,Matthew Garcia,62,New York,2025-08-06
4030,Andrew Rodriguez,22,San Antonio,2021-03-02
5473,Betty Robinson,44,Portland,2020-11-15
510,Sarah White,70,Columbus,2024-07-06
1312,Christopher Jackson,40,Kansas City,2020-09-06
6978,Elizabeth Rodriguez,40,Chicago,2025-03-21
8374,Karen Sanchez,52,Phoenix,2023-11-22
8622,Donald Jackson,48,Oklahoma City,2025-11-09
685,Amanda Davis,33,Jacksonville,2020-02-03
6606,Sarah Martin,45,New York,2025-08-20
2628,Ashley Allen,28,Portland,2025-03-09
5709,Ashley Thompson,18,San Antonio,2022-08-05
526,James Ramirez,57,Seattle,2024-07-06
