C_ID,C_NAME,AGE_YRS,LOC_CD,REG_DT
3016,Andrew Thompson,32,Fort Worth,2024-12-18
6823,Steven Robinson,58,Austin,2020-11-19
2060,Daniel Clark,50,Portland,2022-02-10
9455,Emily Robinson,31,Oklahoma City,2022-03-27
2306,James Miller,39,Charlotte,2023-01-07
5719,Donald Taylor,32,San Antonio,2025-03-03
138,John Davis,24,Houston,2022-05-09
6237,Lisa Martin,18,San Antonio,2023-05-25
6525,Nancy Thomas,67,Kansas City,2023-08-16
5650,Robert Allen,53,Washington,2020-06-07
8977,Matthew Lopez,23,Phoenix,2023-09-06
2881,Ashley Clark,40,Portland,2020-08-16
3509,Mark Martin,65,Fresno,2025-06-04
5828,Christopher Moore,32,Fresno,2023-01-21
2907,Betty Walker,28,Austin,2023-03-08
2856,Daniel Lewis,24,Sacramento,2020-10-20
5454,Betty Ramirez,45,Washington,2023-12-12
6845,Karen Thompson,43,Austin,2024-04-17
9540,Jane Gonzalez,68,Columbus,2020-11-18
9259,Anthony Johnson,35,Houston,2024-05-26
5083,Elizabeth Rodriguez,64,Nashville,2021-12-02
5151,David Wilson,45,Boston,2020-05-17
8830,Andrew Taylor,44,Tucson,2021-06-20
2622,John Perez,24,Las Vegas,2025-05-20
1411,Amanda Robinson,36,Tucson,2020-05-24
1033,Betty Lee,38,Mesa,2023-03-23
469,Jennifer Anderson,30,Jacksonville,2025-06-10
5681,John White,31,Fresno,2025-04-18
6000,Dorothy Allen,58,Phoenix,2023-11-06
2380,Mark Jones,29,Columbus,2024-11-28
1084,John Wilson,50,Chicago,2020-04-10
1907,Daniel Brown,68,San Diego,2020-12-01
5599,Paul Wilson,42,Denver,2021-10-06
5008,Steven Taylor,54,Los Angeles,2023-03-27
8728,Ashley Young,58,Boston,2023-04-06
798,Anthony Gonzalez,46,New York,2025-06-12
763,Lisa Sanchez,21,Mesa,2020-09-15
32,Steven Martinez,45,Albuquerque,2020-04-25
6453,Elizabeth Jones,56,Los Angeles,2021-08-19
8196,Steven Brown,67,Columbus,2023-07-27
6491,Lisa Gonzalez,33,Mesa,2021-11-08
2539,David Williams,50,Las Vegas,2025-07-01
1135,Steven Sanchez,53,Houston,2020-11-21
6476,Dorothy Rodriguez,66,Boston,2020-12-18
3591,Joshua White,24,San Diego,2024-04-17
6906,Donald Sanchez,67,Mesa,2021-03-28
6240,Michael Johnson,68,San Jose,2020-06-16
7013,Elizabeth Walker,22,Sacramento,2020-01-07
9823,Sarah Hernandez,57,San Francisco,2024-06-06
1985,David Lewis,67,Tucson,2024-06-06
8436,Joshua Gonzalez,37,Mesa,2025-03-12
5070,Deborah Jones,69,Tucson,2023-05-26
8859,Jane Moore,24,Mesa,2021-10-05
2241,Lisa Lewis,25,Kansas City,2022-12-09
8763,Emily Thomas,20,Kansas City,2022-08-24
1873,Lisa King,62,Charlotte,2025-01-08
1300,Karen Johnson,64,Fresno,2025-10-07
8317,Michael Harris,52,San Francisco,2024-12-26
3540,Lisa Taylor,36,Fort Worth,2024-12-09
2850,David Robinson,19,Kansas City,2024-07-06
3419,Matthew Garcia,45,Austin,2022-06-04
5379,Jennifer Gonzalez,33,Jacksonville,2023-05-24
4328,Lisa Garcia,19,Charlotte,2022-08-20
6036,Lisa Ramirez,64,Milwaukee,2022-02-25
5655,Karen Clark,65,San Francisco,2022-03-27
9604,John Young,70,Seattle,2025-11-11
8419,Steven White,56,San Francisco,2025-04-10
8813,Steven Lopez,27,Sacramento,2020-12-18
7840,Matthew Anderson,62,San Jose,2021-08-09
2066,Jane Lopez,44,Mesa,2021-09-28
2289,James Miller,31,Milwaukee,2021-03-06
385,James Perez,66,Philadelphia,2021-04-27
1948,Dorothy Clark,57,Dallas,2021-07-27
3715,Jennifer Williams,63,Denver,2020-06-13
8822,Lisa King,39,Kansas City,2020-01-17
