EMP_ID,EMP_NM,DEPT_CD,SAL_AMT
1889,Anthony Thompson,Engineering,119844
6551,Mark King,Engineering,43252
7607,Karen Allen,Engineering,46041
2918,Joshua Anderson,Sales,137022
7011,Sarah Martinez,Marketing,84196
3288,Andrew Walker,Marketing,34035
2763,Joshua Taylor,Finance,63574
866,Betty Martinez,Finance,52449
642,Donald Williams,Sales,114743
3238,Dorothy Garcia,HR,42486
4388,Paul Jackson,Research,74342
6552,Matthew Garcia,IT,139947
379,Donald Thompson,Engineering,132706
2235,Matthew Johnson,IT,51534
7380,Emily Johnson,Finance,123585
8407,Nancy Garcia,Customer Service,76503
173,Dorothy Martin,Finance,58626
6786,Matthew Gonzalez,Research,141438
7795,Betty Martinez,Customer Service,45938
7269,Daniel King,Sales,142189
2780,Amanda Rodriguez,HR,74639
4417,Anthony Thompson,Research,117064
3550,Joshua Clark,IT,82245
3747,Betty Johnson,Customer Service,106943
3215,Nancy Clark,Finance,136034
1520,Anthony Moore,Operations,127857
8807,Robert Smith,Research,93241
742,Betty Brown,IT,59749
9049,Amanda Lewis,Operations,136291
2867,David Walker,Research,145760
6476,Betty Davis,Finance,49694
767,Christopher Robinson,Engineering,121031
807,Jennifer Rodriguez,Research,39880
8735,James Gonzalez,Sales,83660
9552,Paul Garcia,Finance,35664
9400,Sarah Perez,Operations,112863
3170,David Davis,Engineering,107218
3110,Amanda Sanchez,Research,140508
1971,Robert Taylor,Customer Service,139423
152,Mark Jackson,HR,96697
6620,Christopher Lopez,Operations,127577
2409,Jennifer Perez,Finance,127087
9196,Emily Rodriguez,Legal,68215
9779,Anthony Moore,Finance,36965
286,Dorothy Anderson,Customer Service,61645
1824,Sarah Anderson,Engineering,101330
4814,Lisa Jones,HR,148196
9651,Michael Gonzalez,HR,140153
2984,Sarah Davis,Finance,73509
581,Robert Lopez,Engineering,125542
8126,Michael Harris,Operations,54080
3835,Robert Williams,IT,88169
6951,Betty Thompson,Engineering,110731
3476,James Gonzalez,Engineering,55693
4873,Nancy Perez,Finance,87262
4157,Daniel Anderson,Customer Service,131105
7049,Jane Brown,Sales,87600
8234,Sarah Lee,Research,145350
7516,Elizabeth Moore,Operations,93698
9720,Matthew Lewis,Engineering,125724
5041,Jane Lee,Customer Service,89182
471,Mark Harris,Customer Service,60953
7172,Jessica Robinson,HR,132975
7568,Lisa Allen,Sales,91854
819,Ashley Sanchez,Operations,32145
1052,Andrew Lee,Marketing,77741
7313,Steven Johnson,IT,54396
1556,Joshua Harris,Customer Service,128706
9454,Andrew Robinson,IT,149991
6055,David King,Engineering,56744
3441,Michael Martin,Marketing,95499
5289,Deborah Jones,Legal,89691
5244,Lisa Gonzalez,Legal,106623
466,John Clark,Marketing,120561
1646,Jennifer Thomas,Engineering,55947
8527,Christopher Garcia,HR,42466
6253,John Taylor,Research,82586
5628,Steven Gonzalez,Research,53754
1499,Elizabeth Martin,IT,56368
3464,Jane Thomas,Engineering,65034
6229,Dorothy Ramirez,Research,116805
5473,Christopher Martin,Customer Service,134353
745,Nancy Harris,Legal,36645
852,Matthew Jackson,Customer Service,64374
9251,Dorothy Lewis,Marketing,80221
4473,Anthony Johnson,Sales,92887
4235,James Wilson,Finance,86106
9410,Jennifer Perez,Legal,99773
3624,Matthew Rodriguez,Sales,101740
3277,Betty Smith,Marketing,90134
7151,Daniel Robinson,Engineering,112481
3279,Jane Lee,Customer Service,124945
9754,Dorothy Lee,Marketing,107250
9071,Betty Lopez,Marketing,99093
1521,Jessica Davis,Sales,105081
5851,Jane Martinez,Customer Service,133682
7893,Daniel Gonzalez,Finance,69330
9777,Nancy Jones,IT,127452
1896,Betty Johnson,Operations,77086
4393,Robert Thompson,Customer Service,57103
