EMP_ID,EMP_NM,DEPT_CD,SAL_AMT
1528,Michael Lopez,Finance,30790
7510,Steven Ramirez,IT,33058
6659,David Hernandez,IT,81577
2966,Paul Ramirez,HR,148852
9182,Nancy Smith,Operations,91471
6801,Amanda Thompson,Finance,89008
9637,Paul Ramirez,IT,120529
2028,Dorothy Ramirez,Customer Service,55542
3086,Deborah Taylor,IT,43323
9210,Elizabeth Williams,Legal,104329
8880,Donald Walker,Operations,125832
2285,Karen Thompson,Customer Service,42773
5863,Karen Jackson,HR,113376
4813,Christopher Martin,Marketing,56493
5361,Lisa Lee,Sales,96318
9311,Dorothy Jackson,Customer Service,42354
6756,David White,Legal,101410
6660,Joshua Anderson,Legal,42363
5754,Robert Martinez,Finance,52801
4274,Daniel Clark,Research,63823
7709,Matthew Robinson,IT,54866
2690,Sarah Robinson,Sales,92945
3408,Lisa Rodriguez,Operations,82016
6381,Jane Thomas,Research,77007
5200,John Harris,Finance,139626
1718,Jane Thompson,Sales,119508
5820,Ashley Davis,IT,121173
5799,Sarah Wilson,IT,73877
5068,Ashley Hernandez,Finance,109813
3129,Andrew Davis,Customer Service,118107
4713,Matthew Ramirez,Finance,76077
401,Deborah Johnson,Sales,124108
5967,Deborah Perez,Customer Service,142240
1677,Christopher Jackson,Marketing,100533
3683,Mark Ramirez,Operations,58139
7834,Sarah Jackson,HR,123930
2301,Michael Wilson,HR,58697
444,Nancy Miller,HR,146531
2729,Ashley Thompson,Customer Service,117411
9240,Elizabeth Clark,Legal,35226
714,Jane Young,Engineering,38040
232,John Rodriguez,Legal,30570
3513,John Ramirez,IT,99030
7437,Robert Clark,Legal,145999
1892,Jane Thompson,Marketing,134375
5317,Betty Brown,Engineering,130598
1104,Donald Lewis,Legal,102143
5262,Steven Taylor,Research,59715
6340,Deborah Gonzalez,Research,108925
4272,Elizabeth Lopez,Legal,51386
6354,James Anderson,Engineering,53554
5198,Elizabeth White,Sales,48927
2311,Ashley Ramirez,Customer Service,93670
3636,Robert Johnson,IT,62858
4501,David Harris,Finance,54972
867,Jessica Robinson,Marketing,104138
6887,Jessica Perez,Finance,66578
2164,Nancy Anderson,Engineering,94609
381,Andrew Perez,IT,143481
7823,David Hernandez,Marketing,83383
7505,James Ramirez,Legal,107309
1428,Paul Davis,Finance,125326
8162,Lisa Gonzalez,Customer Service,86468
4529,Betty Young,HR,33912
5083,Nancy White,Engineering,149983
9663,Deborah Walker,Operations,144945
6479,Mark Wilson,Sales,118205
4497,Mark Lee,HR,42410
5884,Amanda Jones,Sales,51325
4406,Jane Robinson,Engineering,96415
6234,James Martinez,Customer Service,81737
5659,Lisa Robinson,Customer Service,127222
7605,Daniel White,IT,101749
1270,Amanda Robinson,Sales,53209
4982,Mark Walker,Sales,62217
6691,Christopher King,Operations,76813
3484,Steven Thomas,HR,138941
5537,Deborah Sanchez,IT,52989
4252,Nancy Perez,Sales,135881
429,Emily Martinez,Customer Service,131157
6426,Ashley Lewis,Legal,125639
8406,Paul Anderson,HR,141022
6648,Mark Wilson,Customer Service,109089
1433,John White,Engineering,147268
704,Ashley Perez,Engineering,121366
270,Sarah Martinez,Customer Service,71925
7810,Betty Lee,Engineering,109666
6900,Mark Wilson,HR,88075
6381,Karen Lopez,Research,127909
3327,David Walker,Engineering,126372
480,Anthony King,Customer Service,131894
5761,Daniel Moore,Customer Service,65662
3371,James Walker,Legal,139450
7358,Lisa Ramirez,Legal,100746
2160,Mark Anderson,Legal,69768
547,Lisa Smith,IT,58651
812,Karen Perez,Finance,130466
3302,Emily Lewis,HR,48825
7365,Steven Lewis,Legal,106326
58,Lisa Wilson,Customer Service,93849
