EMP_ID,EMP_NM,DEPT_CD,SAL_AMT
9408,Donald Williams,Customer Service,119466
1714,Donald Ramirez,Marketing,44732
8759,Jessica Taylor,Legal,94255
8318,Matthew Jones,HR,132271
6039,Emily Allen,HR,43316
2421,Amanda Gonzalez,Sales,135440
6518,Karen Young,Legal,127423
2031,Robert Lewis,Operations,113454
8592,Nancy Hernandez,Engineering,61653
5139,Robert Williams,Legal,62822
5530,Amanda Young,Engineering,133023
3572,Jennifer Davis,Sales,105150
8067,Emily Moore,Operations,33796
1695,Matthew Allen,Finance,80203
6318,Matthew Rodriguez,Marketing,78237
2940,Jessica Williams,Finance,94172
1424,Mark Jackson,Engineering,77749
4841,Nancy Thompson,Operations,43829
8517,Ashley Lee,Operations,131165
3243,Jessica Ramirez,Finance,96967
4436,Nancy Smith,Customer Service,121155
9716,Sarah Lewis,Marketing,113690
4770,Jessica Lopez,Operations,113776
6576,Jennifer Sanchez,Operations,56265
8606,Andrew Jones,Finance,71768
3751,Karen Robinson,Research,140073
4514,Betty Taylor,Engineering,40966
7857,Lisa Jones,HR,56964
3295,Karen Moore,Marketing,37012
5723,Nancy Harris,Finance,138367
1096,Sarah Thompson,Operations,87876
8195,Amanda Young,Finance,105334
2795,Daniel Wilson,Finance,34707
3021,Matthew Moore,Finance,129058
7102,Deborah Miller,Engineering,71092
8947,Lisa Robinson,Legal,56604
4268,Matthew Taylor,HR,145805
5830,Nancy White,Legal,114637
3543,Dorothy Brown,HR,32183
1731,Lisa Lopez,Customer Service,97893
5521,Elizabeth Harris,Operations,61950
9987,Jennifer Perez,Sales,127426
1134,Nancy Hernandez,Operations,61472
9007,Amanda Taylor,Operations,146563
1975,Sarah White,Finance,81443
7046,Robert Gonzalez,Engineering,119009
1623,Betty Harris,Operations,108592
748,Amanda Lee,Engineering,80218
2031,Matthew Taylor,Engineering,96813
9020,Deborah Martinez,Legal,63032
6803,Christopher Clark,IT,79594
5775,Robert Jones,Marketing,137638
5275,Paul Smith,IT,145283
5874,Steven Wilson,Marketing,102647
8467,Sarah Thompson,Marketing,83648
6251,Betty Jones,HR,68599
3578,Steven Perez,Engineering,80802
817,James Thomas,Marketing,91442
6330,Nancy Taylor,IT,56121
5011,Jane White,Sales,37559
5646,Dorothy Lee,HR,83563
4628,Dorothy Martin,Finance,118339
1973,Jennifer Miller,Engineering,79220
5882,Lisa Williams,Legal,62835
5101,Christopher Clark,Operations,62037
7884,Christopher Thomas,Sales,143731
2622,John Robinson,Finance,134597
5837,Deborah Martin,Marketing,60092
753,Andrew Jackson,IT,72380
9707,Matthew Lopez,Customer Service,76914
531,Karen Lewis,Legal,31638
6711,Paul Martin,Legal,56020
1346,Andrew Jackson,HR,95007
5583,Lisa Perez,Marketing,133013
5406,Jane King,IT,35372
7030,John Perez,Research,62899
6739,Nancy Brown,Sales,62082
8828,Jennifer Clark,IT,52554
89,Nancy Allen,IT,71487
6522,Nancy Rodriguez,Operations,102495
9646,Lisa Walker,Customer Service,104562
2122,Betty Johnson,Research,115834
367,Anthony Martin,IT,136055
8503,Robert Allen,Sales,78219
8355,Steven Williams,Finance,70165
4888,Emily Ramirez,Engineering,102994
7153,Donald Harris,Engineering,55386
7992,Deborah Rodriguez,Finance,96199
3351,Karen Martinez,IT,108267
9614,Betty Allen,Marketing,34862
7289,David Smith,Customer Service,41256
2448,Ashley Martin,Research,63605
3009,Joshua Perez,Marketing,107196
9733,Ashley Taylor,Sales,64595
3602,Michael Wilson,Engineering,55342
9623,Jennifer Young,HR,108259
7707,Sarah Allen,HR,71498
8657,Lisa Thomas,IT,83223
7481,Lisa Sanchez,IT,94374
8821,Jessica Jackson,Engineering,55509
