C_ID,C_NAME,AGE_YRS,LOC_CD,REG_DT
6614,Donald Williams,42,Denver,2023-02-04
559,Jane Harris,41,Louisville,2021-12-14
1460,Jessica White,20,Phoenix,2022-08-10
611,Matthew Miller,54,San Diego,2023-09-25
1956,Matthew Martinez,48,Mesa,2024-03-17
5113,David Thomas,51,Columbus,2025-11-22
2343,Donald Harris,21,Tucson,2024-01-12
4765,James Jackson,50,Indianapolis,2025-06-02
1238,Elizabeth Jones,65,Sacramento,2024-01-26
938,Sarah Jones,45,Austin,2022-07-17
8538,Daniel Jones,49,Seattle,2020-12-26
5736,Robert Smith,47,Baltimore,2024-07-23
1693,Amanda Thomas,50,Austin,2021-06-19
6381,James Harris,27,Charlotte,2022-12-27
5106,Joshua Jackson,43,Fort Worth,2022-07-17
3968,Dorothy Sanchez,21,Mesa,2020-04-19
8415,Donald Thompson,55,Sacramento,2022-11-22
8747,Michael Clark,49,Oklahoma City,2023-06-05
7264,James Allen,59,Louisville,2022-12-13
704,Donald Brown,23,San Diego,2024-02-19
7018,Elizabeth Ramirez,61,Columbus,2023-03-28
5681,Amanda Rodriguez,48,Philadelphia,2020-02-22
2030,Donald Martinez,62,Albuquerque,2024-02-08
6694,Lisa Rodriguez,46,Albuquerque,2022-12-20
6100,Elizabeth Rodriguez,18,Fort Worth,2024-07-07
7133,Joshua Williams,33,Fort Worth,2021-02-03
7584,Nancy Harris,52,Oklahoma City,2024-04-28
977,Jennifer Lee,19,Chicago,2021-12-19
8768,David White,36,Boston,2022-12-12
4167,David Thompson,32,Indianapolis,2021-10-05
5303,Jennifer Hernandez,35,Washington,2023-03-24
8092,Emily King,54,Portland,2023-08-28
8535,Amanda Moore,69,Kansas City,2023-03-24
9119,Elizabeth Anderson,34,Boston,2021-02-17
1051,Christopher Sanchez,44,Fresno,2022-09-14
6976,Amanda King,27,Phoenix,2025-01-16
7324,Joshua Walker,61,Kansas City,2020-09-20
4823,Dorothy Jackson,60,Jacksonville,2020-06-27
9911,Emily Lee,51,San Jose,2020-08-21
4940,Ashley Clark,19,Sacramento,2020-06-16
1683,Steven Anderson,19,Albuquerque,2022-08-13
6176,Matthew Johnson,36,Denver,2025-06-16
5055,Anthony Wilson,58,Seattle,2025-06-20
21,Lisa Anderson,53,Nashville,2025-08-28
2229,Joshua Johnson,21,Baltimore,2023-10-01
7831,Joshua Brown,33,San Diego,2020-03-13
8381,Christopher Lewis,65,San Jose,2025-10-07
9055,Nancy Wilson,29,Charlotte,2024-06-22
1347,Nancy Harris,22,Fresno,2024-11-28
494,Lisa Brown,31,Seattle,2025-06-16
4464,Anthony Perez,29,Los Angeles,2023-05-19
7109,Elizabeth Lewis,45,San Antonio,2022-08-05
635,Lisa Robinson,40,Washington,2021-10-15
9204,Andrew Robinson,54,Los Angeles,2025-11-11
5490,David Davis,59,San Francisco,2022-12-02
6610,Lisa Martinez,51,Albuquerque,2022-01-05
3917,Christopher Garcia,61,Nashville,2024-12-16
764,Michael King,61,Tucson,2022-10-19
4876,Lisa Smith,26,Nashville,2025-05-03
8120,Elizabeth Thompson,48,Fresno,2025-07-19
8757,John Walker,66,Fresno,2024-10-11
1154,Daniel Hernandez,28,San Jose,2024-09-14
8272,David Thompson,48,Oklahoma City,2023-04-04
1449,Sarah Martinez,56,Phoenix,2020-07-08
3926,Christopher Lewis,22,Seattle,2020-08-10
2923,Anthony Ramirez,46,Houston,2023-07-21
3505,Mark Lee,46,Fort Worth,2025-10-23
131,Mark Lopez,68,Milwaukee,2024-12-13
8103,John Garcia,34,Houston,2022-08-06
220,Michael Perez,46,Sacramento,2021-02-24
4764,Amanda Gonzalez,63,Las Vegas,2022-05-02
5317,Mark Lee,66,Los Angeles,2022-10-07
5540,Jane Wilson,66,Charlotte,2024-05-13
8311,Betty Clark,46,Philadelphia,2024-10-02
9937,Emily Martin,54,Louisville,2020-05-23
