EMP_ID,EMP_NM,DEPT_CD,SAL_AMT
6233,Jennifer Young,HR,102923
6449,Jennifer Moore,Sales,38866
2610,John Thompson,Research,33633
5369,Mark Young,Operations,134037
5738,Mark Walker,Sales,118019
2890,Robert Thompson,Legal,136261
6108,Deborah Wilson,Operations,96137
9228,Lisa Young,Sales,109943
8732,Karen White,Engineering,33438
3746,Joshua Walker,Marketing,61427
2718,Sarah Jackson,IT,58811
4131,Dorothy Rodriguez,Marketing,52488
8590,Jessica Johnson,Legal,39052
9106,Christopher Taylor,HR,56088
5568,Elizabeth Gonzalez,Finance,138329
8408,John Thomas,IT,57446
3093,Lisa Clark,Engineering,47303
7344,Ashley Ramirez,Marketing,147467
2501,Dorothy Rodriguez,Sales,55449
3634,Anthony Smith,HR,33770
4392,Michael Taylor,Research,119849
880,Amanda Jones,Sales,71815
2773,Paul Rodriguez,Customer Service,120296
924,Robert Johnson,Engineering,142520
680,Paul Johnson,Research,85132
8746,Robert Lopez,Legal,134480
4410,Donald Walker,Research,72198
8881,Michael Miller,Sales,85631
2839,Lisa Miller,Sales,30351
5758,Jennifer Hernandez,Sales,133610
6399,Joshua Martinez,HR,142463
876,Lisa Thompson,Research,83105
2378,David Perez,Research,42045
8786,Emily Walker,Marketing,30766
939,Paul Thompson,Research,81217
6997,James Moore,IT,138339
8828,Anthony Williams,Sales,44047
788,Dorothy Smith,Legal,106246
6148,Jennifer Lewis,Research,98569
1243,John Walker,Finance,145946
3045,Matthew Thompson,HR,39049
4139,David Harris,Finance,98161
3551,Jane Hernandez,Marketing,133832
6869,Matthew Clark,Finance,41451
7544,Donald Anderson,Engineering,146778
5357,Andrew Garcia,Operations,112723
6738,Betty Moore,Sales,148873
3630,Matthew Moore,Finance,102397
192,James Ramirez,Research,84180
592,Robert Hernandez,HR,59497
6795,Michael Allen,Operations,94277
8010,Jennifer Thompson,Sales,132497
7614,Michael Lee,IT,129316
3565,Karen Wilson,Research,144532
8978,Steven Walker,IT,141301
2754,Steven Perez,Legal,108341
2170,David Walker,Customer Service,107118
1615,Steven Lewis,IT,54341
8886,Jennifer Ramirez,Sales,73992
2081,Jane Thomas,Legal,78135
8654,Daniel Perez,HR,105136
7650,Robert Smith,HR,146970
1148,Christopher Walker,Research,43420
5473,Steven Davis,Operations,62751
351,Christopher Rodriguez,Marketing,137561
483,David Harris,Legal,96642
3436,Lisa King,Customer Service,135498
1074,Robert Lee,Engineering,135613
7124,James Thompson,Marketing,55320
24,Amanda Taylor,Sales,60232
1258,Daniel Wilson,IT,45397
1714,Sarah Davis,IT,81200
269,Emily Garcia,Finance,34876
2478,Steven Ramirez,Sales,146681
9441,Karen King,Engineering,95821
5076,Deborah Lopez,Operations,62778
2881,Robert White,Finance,130513
7319,Matthew Lewis,Research,120364
1347,Donald Perez,Sales,84694
9779,Emily Ramirez,Legal,98818
1818,Anthony Lewis,Research,128469
1471,Elizabeth Ramirez,Research,33586
3892,Matthew White,Engineering,99898
870,Betty White,HR,73874
6011,Emily Williams,Legal,117998
5488,Joshua Ramirez,Legal,138306
544,Nancy Walker,Customer Service,132545
9108,Joshua Thomas,Research,119604
5179,Ashley Miller,Research,147824
8138,Emily Smith,IT,144666
3139,Donald Moore,Sales,81574
2996,Joshua Brown,Research,59080
1237,Andrew Thompson,Research,140194
6178,John Lewis,IT,84109
2741,Karen Lopez,Sales,37356
7564,Emily Walker,Operations,65882
5897,Lisa Martinez,IT,104350
8380,Sarah Gonzalez,Engineering,35663
1287,Anthony Martinez,Legal,69597
2832,Amanda Walker,IT,146092
