EMP_ID,EMP_NM,DEPT_CD,SAL_AMT
3270,Sarah Ramirez,IT,70046
8350,Deborah Martinez,Legal,46338
8073,Lisa Allen,IT,127617
9834,Matthew Thompson,Legal,70424
1182,James Hernandez,HR,66076
1563,Joshua Smith,Engineering,141612
8045,Robert Robinson,Sales,66717
2258,Andrew Ramirez,Operations,99997
5956,Andrew Davis,Finance,125705
3362,Andrew Miller,Finance,118723
5135,Jennifer Robinson,Operations,104465
2112,Andrew Jones,IT,76490
1333,Michael Thompson,Finance,72593
5086,Emily Lewis,Operations,96491
5479,Jessica Young,IT,125865
6659,Daniel Allen,Marketing,117818
3815,Lisa White,Legal,98199
2964,Deborah Miller,Operations,147517
3527,Betty White,Operations,71886
4513,Matthew Sanchez,Marketing,130114
764,Donald Williams,IT,149446
3069,Jane King,HR,82966
6732,Anthony Harris,Customer Service,39362
7276,John Garcia,Research,110368
7208,David Rodriguez,Operations,45155
982,Matthew Hernandez,IT,57901
993,Anthony Lewis,IT,107869
489,Daniel Smith,Finance,104396
71,Joshua Jackson,Research,103208
4323,Joshua Anderson,Engineering,101284
3103,Nancy Miller,Customer Service,43918
8910,Joshua Moore,Sales,130894
8515,Mark Jackson,HR,111955
6968,Jennifer Lee,Finance,84409
6601,Anthony Moore,Customer Service,137782
192,Lisa Lee,HR,137807
1624,Jessica White,Sales,83702
2033,Mark Sanchez,Research,69821
2285,Jennifer Taylor,Engineering,46571
8808,Jessica White,Customer Service,48984
9830,Christopher Harris,Customer Service,59715
3071,Donald Martin,Engineering,122958
2705,Paul White,Engineering,50607
2221,Lisa Ramirez,Research,97870
7461,Steven Thompson,Finance,97416
6405,Elizabeth Gonzalez,Engineering,72480
9858,Jane Ramirez,IT,139031
4515,James Rodriguez,IT,75865
8677,Emily Robinson,Legal,48322
2663,Jessica King,Legal,144980
4998,Sarah Martinez,Sales,121905
323,Ashley Lewis,Operations,83504
287,Robert Lewis,Legal,143239
5499,Jane Moore,Engineering,132512
1912,Robert Garcia,Engineering,48295
1960,Emily Thompson,Marketing,113344
1488,Matthew Walker,Engineering,36513
6636,Deborah Jackson,Operations,149928
6982,Ashley Wilson,Marketing,127184
1995,Ashley Davis,Operations,90088
8148,Sarah Taylor,Marketing,126624
1952,Michael Young,HR,49100
5770,Lisa Sanchez,Operations,105155
6832,David Allen,Marketing,123604
2106,Amanda Martin,Finance,53237
8728,Jessica Wilson,Legal,38071
2011,Elizabeth Lewis,Marketing,143724
6805,Andrew Rodriguez,HR,72936
5472,Lisa Brown,Sales,105279
622,Amanda Anderson,Sales,133027
8608,Ashley Lee,Engineering,99367
7156,Sarah Jones,Operations,74755
9894,Emily Gonzalez,Customer Service,30961
4658,Emily Thompson,IT,77934
7743,Dorothy Allen,Customer Service,123817
4142,Steven Jackson,HR,124997
4649,Mark Clark,Research,38141
8549,Dorothy Wilson,Operations,115394
2654,Nancy Thompson,HR,114940
8276,Paul Lee,Sales,35592
6091,Daniel Robinson,IT,98800
6671,Nancy Rodriguez,Research,54053
4980,Jennifer Smith,Engineering,73149
2373,Deborah Garcia,Legal,78804
9009,David Walker,Finance,56309
232,Nancy Johnson,Finance,127588
3555,Jane Davis,Marketing,70385
2039,Anthony Miller,HR,63755
2908,Amanda Walker,IT,148692
6268,Dorothy Lee,IT,66726
1292,Anthony Allen,IT,80466
5038,Matthew Brown,Legal,86175
5214,Andrew Harris,Legal,48238
2244,Daniel Anderson,Customer Service,137879
2063,Anthony Thompson,Finance,146728
7040,Karen Jackson,HR,49457
1198,David Jones,Operations,104492
8410,Donald Martin,Marketing,123007
9025,Andrew Thomas,Research,75831
1092,Michael Davis,Legal,44773
