EMP_ID,EMP_NM,DEPT_CD,SAL_AMT
4057,Lisa Taylor,Finance,95950
1081,Steven White,HR,93063
8613,Ashley Davis,Engineering,93775
4054,Emily Allen,Research,89721
9545,Sarah Sanchez,Sales,54234
5735,Mark Smith,IT,118585
4234,John Lopez,HR,142111
8073,Jennifer Thompson,Research,120833
7641,Andrew Young,Research,119610
8790,Dorothy Sanchez,Sales,44752
2532,Elizabeth Allen,Legal,60438
772,Betty Brown,IT,62605
4349,Betty Thomas,Customer Service,105327
9192,Christopher Allen,Customer Service,120818
5333,Mark Ramirez,Customer Service,143330
3487,Nancy Lewis,Sales,84348
2226,Matthew Gonzalez,IT,37547
753,Emily Jones,IT,62679
8919,Dorothy Ramirez,Engineering,89301
1163,Mark Jones,Engineering,58022
6712,David Brown,Legal,80774
6319,Matthew Hernandez,Legal,125953
2541,James Anderson,Finance,76561
4373,Jane Robinson,Marketing,38789
2042,Steven Young,IT,70937
1623,Andrew Thompson,IT,126647
8159,Sarah Davis,IT,111597
155,Jennifer Williams,Sales,43830
3181,Christopher Martin,HR,97563
7119,Jane Sanchez,Operations,32179
2970,Dorothy Robinson,Finance,80708
6721,Betty Lewis,Customer Service,88011
1908,Jennifer Jackson,HR,104818
5077,Joshua Jones,Marketing,81844
6248,Daniel Perez,Marketing,71686
5082,Christopher Smith,IT,142419
3571,Sarah Wilson,Legal,102563
4044,Paul Thompson,IT,91378
9795,Jennifer Moore,Finance,136012
3450,Emily Martinez,Customer Service,133285
6525,Paul Anderson,Customer Service,47956
1365,Ashley Martinez,IT,48285
7008,Christopher Ramirez,Legal,77162
5099,Jennifer Wilson,Customer Service,72718
1537,Lisa Lee,Marketing,149982
2873,Anthony Brown,Sales,55614
9779,Ashley Lewis,Operations,104528
2867,Jane Moore,Finance,45303
7050,Joshua Sanchez,Finance,138312
8393,Jane Thompson,Engineering,76332
3809,Jane Miller,IT,48002
3502,Betty Anderson,Operations,106876
9277,Dorothy Davis,Operations,107390
5302,Mark King,Research,82933
2820,Andrew Martinez,Marketing,91241
9475,Deborah Perez,Research,131740
7361,Anthony Thompson,Research,91921
3025,Matthew Johnson,HR,149188
6621,Lisa Thompson,Sales,44822
2449,Mark Martin,Sales,80121
7756,Joshua Robinson,Operations,104798
6478,Lisa Allen,Marketing,99530
3421,Lisa Allen,Legal,83500
1825,Ashley Thompson,HR,60158
430,John Taylor,HR,143940
4168,Robert Lopez,Marketing,125593
1209,Lisa Robinson,HR,47075
9981,Daniel Anderson,HR,56140
8650,Paul Clark,Engineering,132794
4980,Lisa Jackson,Legal,89894
6329,David Miller,Engineering,39417
5357,Ashley Jones,Engineering,58134
5219,Jane Sanchez,Finance,44361
9126,Joshua Moore,Marketing,97720
5591,Deborah Williams,Sales,115126
9949,Robert Thompson,Finance,141120
3651,Ashley Taylor,Finance,101640
759,Andrew Gonzalez,IT,80932
1714,Dorothy Lewis,Finance,146083
1660,Ashley Young,Legal,36122
6459,Nancy Jackson,IT,107688
5163,Anthony Harris,Customer Service,65022
95,Sarah Robinson,Engineering,54909
7591,Anthony Brown,IT,59661
4397,David Gonzalez,Sales,105684
3903,Matthew Lewis,Operations,84702
7522,John Martinez,IT,125895
9825,David Clark,HR,46912
5520,Elizabeth Sanchez,Operations,47932
471,Jane Wilson,Operations,74074
4036,Robert Rodriguez,HR,42809
8518,John Lopez,Research,79383
7467,Michael Anderson,HR,148753
6428,Emily Smith,HR,111687
3563,Sarah Robinson,Finance,142069
993,Jane Miller,Marketing,85309
6354,Nancy Allen,Operations,83743
9001,Sarah White,Research,87936
7641,Andrew Rodriguez,Engineering,139700
2357,Lisa Allen,Engineering,49728
