C_ID,C_NAME,AGE_YRS,LOC_CD,REG_DT
5614,Lisa Ramirez,18,San Francisco,2025-12-01
8929,Karen Miller,45,Sacramento,2023-01-18
6280,John King,57,Kansas City,2021-07-27
5120,Donald Lee,48,Denver,2025-07-16
3618,Elizabeth Davis,67,Phoenix,2020-12-19
2458,Elizabeth King,58,Oklahoma City,2021-01-22
2787,Donald Thompson,54,Baltimore,2022-08-19
5777,Deborah Jones,65,Charlotte,2022-05-15
9164,Elizabeth Miller,70,Tucson,2025-11-14
3490,Paul Walker,52,Oklahoma City,2022-12-25
5978,Jennifer King,19,Boston,2020-01-05
9070,James Thomas,20,Louisville,2023-09-05
1902,Lisa Hernandez,30,Denver,2022-12-07
8557,Deborah Lee,63,Houston,2020-03-22
7491,Jennifer Williams,49,Nashville,2022-06-03
299,Donald Harris,60,Fresno,2022-01-21
4688,Anthony Robinson,54,Philadelphia,2021-09-14
2308,Ashley Walker,23,Austin,2021-12-25
2921,Steven Jackson,30,Fort Worth,2020-08-07
6314,Betty Gonzalez,20,Dallas,2021-04-13
4526,Donald Perez,22,Baltimore,2022-06-07
4934,David Taylor,53,Washington,2023-07-03
2909,Matthew Johnson,46,Fresno,2025-11-13
7938,Donald White,25,Fort Worth,2022-10-20
1556,Matthew Gonzalez,64,Columbus,2022-10-16
3824,Andrew Hernandez,70,San Diego,2021-09-07
8791,Mark Jackson,27,Milwaukee,2021-09-02
1641,Daniel Wilson,45,Fort Worth,2025-04-24
9740,Deborah Hernandez,22,Mesa,2021-01-20
132,John Johnson,30,Indianapolis,2020-05-18
5202,Donald Thomas,29,Phoenix,2023-01-18
4980,Andrew Sanchez,51,Las Vegas,2025-07-12
8710,Anthony King,26,San Antonio,2024-02-03
4370,Steven King,54,San Diego,2023-12-02
581,Anthony Smith,68,Oklahoma City,2021-09-21
340,James Brown,26,Philadelphia,2025-03-21
9153,Betty Williams,39,Los Angeles,2023-04-04
9321,Robert Wilson,19,Boston,2021-10-13
3410,Jane White,37,Boston,2025-05-02
9289,John White,50,Tucson,2021-04-14
1545,Ashley Jones,37,Fort Worth,2024-03-22
2350,Jane Lewis,26,Chicago,2021-04-09
4742,Paul Johnson,54,Fort Worth,2023-09-17
3866,Deborah King,27,Sacramento,2024-11-06
5218,Lisa Davis,39,Houston,2021-11-19
4576,Steven Robinson,29,Austin,2024-08-22
6603,Sarah Miller,21,Denver,2023-04-22
5344,Matthew White,39,Fresno,2020-11-04
4025,Lisa Hernandez,65,Austin,2020-10-26
8069,Jennifer Wilson,39,Houston,2023-02-11
1038,Deborah Johnson,67,Louisville,2020-07-13
4154,Nancy Clark,37,Boston,2021-04-08
7882,Joshua Jones,41,New York,2024-10-11
9259,Jane Williams,41,Tucson,2022-08-17
8272,Steven Hernandez,18,Louisville,2021-09-06
8756,Amanda Allen,60,Milwaukee,2021-06-20
8966,Amanda Young,55,Sacramento,2021-01-18
268,Donald Anderson,57,Dallas,2020-09-10
6180,Steven Wilson,48,Chicago,2021-01-12
5207,Sarah Sanchez,70,San Francisco,2022-06-08
6213,Matthew Perez,26,Fort Worth,2023-05-10
1626,Jessica Young,53,Philadelphia,2025-04-27
3439,Amanda Gonzalez,41,Tucson,2022-07-12
9095,Emily Martin,67,Boston,2022-06-07
6907,Lisa Johnson,47,Albuquerque,2020-01-14
262,Matthew Walker,55,Columbus,2024-05-22
6377,Ashley Lopez,27,Tucson,2022-08-11
4712,James Young,26,Fresno,2021-02-13
4935,Amanda Lewis,18,Jacksonville,2023-12-09
442,Joshua Williams,61,Milwaukee,2020-10-09
5067,Daniel Walker,46,San Jose,2023-06-28
4659,Andrew Smith,25,Sacramento,2025-12-12
9914,Andrew Ramirez,66,Albuquerque,2022-09-06
5580,Michael Taylor,44,Chicago,2024-09-13
7844,Matthew Thomas,34,Washington,2025-05-08
