C_ID,C_NAME,AGE_YRS,LOC_CD,REG_DT
8232,Lisa Perez,40,Portland,2020-05-21
4290,Andrew Brown,22,Seattle,2022-12-13
8940,Deborah Jackson,31,Sacramento,2023-02-13
7584,David Perez,59,Fresno,2022-07-23
8844,Amanda Moore,61,Seattle,2020-12-14
4708,Elizabeth Williams,52,Phoenix,2023-11-02
3092,Daniel Allen,37,Indianapolis,2020-01-07
9166,Sarah Williams,37,Boston,2024-10-11
6630,John Gonzalez,32,Las Vegas,2025-11-04
1185,Karen Moore,39,Portland,2025-10-06
6977,Elizabeth Wilson,69,Jacksonville,2025-06-26
240,Jennifer Garcia,35,Milwaukee,2022-07-06
7692,Christopher Hernandez,33,Albuquerque,2025-06-02
3932,Lisa Johnson,21,Kansas City,2022-01-14
8224,David Perez,60,Jacksonville,2022-01-06
899,Steven Moore,52,Jacksonville,2021-10-24
179,Ashley Lewis,51,San Diego,2024-02-15
8553,Jane Thompson,21,Baltimore,2023-11-04
7796,Paul Lopez,26,Baltimore,2023-05-07
7938,Daniel Moore,33,Houston,2024-09-02
9187,Sarah Anderson,60,Nashville,2020-08-15
2069,Mark Clark,37,San Francisco,2020-05-20
2128,David Jackson,24,Albuquerque,2025-09-21
7785,Paul Rodriguez,44,Sacramento,2020-10-17
2065,James Clark,58,Boston,2021-03-10
8107,Karen Miller,51,Mesa,2022-02-09
700,Steven Lee,21,San Francisco,2022-02-21
2840,Nancy Brown,67,Phoenix,2025-06-24
7294,Joshua Garcia,67,San Diego,2022-02-27
9619,Lisa Clark,58,Indianapolis,2023-12-03
6407,Amanda Thompson,49,Sacramento,2022-01-09
8931,Joshua Anderson,47,Baltimore,2022-09-16
5054,Sarah Young,19,Los Angeles,2025-11-19
9569,Mark King,50,Los Angeles,2024-04-26
4866,Andrew Garcia,64,Boston,2021-01-04
7604,James Thompson,70,Las Vegas,2021-07-08
1415,Jessica Miller,19,Sacramento,2023-05-16
8300,Donald Harris,33,Fort Worth,2024-02-11
4333,Ashley Harris,55,Nashville,2024-11-16
5949,Jennifer Davis,44,Oklahoma City,2024-06-26
2824,Deborah Allen,62,New York,2022-09-03
6181,Mark Johnson,30,Kansas City,2024-11-16
2675,Sarah Lee,66,Indianapolis,2024-11-26
777,Robert King,70,Charlotte,2024-07-20
4778,Nancy Clark,28,Jacksonville,2022-02-27
1880,Anthony Clark,66,Albuquerque,2021-03-06
5653,Michael Perez,46,Fort Worth,2021-01-25
5720,David Martin,39,San Antonio,2024-12-09
6261,Jane Allen,25,Columbus,2022-08-03
8426,Andrew Lee,41,Las Vegas,2023-01-19
2870,Amanda Williams,57,San Antonio,2020-01-07
7016,Michael Lopez,27,New York,2020-02-12
9065,John Davis,24,Seattle,2025-01-06
6609,Donald Martin,61,Mesa,2020-08-20
5066,Deborah Lee,55,Louisville,2021-09-04
4339,John Garcia,51,San Jose,2021-03-23
6127,Donald Miller,23,Milwaukee,2025-09-01
243,Andrew Davis,68,Houston,2021-09-27
7377,Dorothy Garcia,19,Denver,2020-05-02
9055,Jennifer Johnson,31,Nashville,2024-01-28
6654,Jane Lopez,22,San Antonio,2025-08-08
3449,Daniel Jackson,37,Columbus,2022-08-12
8022,Jessica Allen,33,Fort Worth,2025-11-09
7243,Jane Lopez,51,Philadelphia,2023-07-19
3047,Donald Rodriguez,56,Jacksonville,2022-01-22
400,Jane Lee,40,Portland,2025-06-21
1656,Lisa Robinson,29,Fort Worth,2021-11-18
8496,John Davis,36,Charlotte,2020-01-20
2111,Donald Smith,31,Fort Worth,2022-06-21
781,Jennifer Johnson,33,Indianapolis,2023-02-13
5947,Andrew Harris,54,Austin,2020-09-06
15,Joshua Lopez,55,Los Angeles,2025-04-28
8741,David Robinson,50,Sacramento,2021-01-22
2197,Amanda Sanchez,19,Oklahoma City,2020-09-08
4945,Christopher Davis,20,Kansas City,2023-12-11
