EMP_ID,EMP_NM,DEPT_CD,SAL_AMT
1588,Robert Hernandez,Engineering,103030
8734,Karen Thomas,Customer Service,56492
1687,Anthony Sanchez,Engineering,141852
2722,Andrew Harris,Engineering,74891
3141,Steven Taylor,HR,39850
1021,Dorothy Garcia,Legal,96948
9741,Jessica Brown,Marketing,37308
2671,Dorothy Garcia,Legal,127027
2468,Robert Allen,Marketing,78749
3751,Karen Brown,HR,133292
2210,Robert White,Operations,63172
2105,Donald Clark,Finance,58848
2315,Dorothy Williams,Marketing,116850
8299,John Wilson,Operations,117892
1497,Betty Martin,Sales,52918
9301,Betty Lee,IT,130378
1149,Andrew King,Marketing,113853
8527,Steven Allen,Research,92476
5263,Jennifer Ramirez,Engineering,125795
3028,Lisa Perez,Finance,45829
8420,Amanda Harris,Customer Service,63268
3391,Jennifer Wilson,Operations,74064
7654,Lisa Harris,Operations,48415
6865,Deborah Walker,Engineering,138234
2004,Sarah Smith,HR,54982
6314,James Smith,Sales,104873
5272,Sarah Lopez,Sales,60610
6042,Betty Smith,Operations,87087
8129,Andrew White,Finance,90113
9287,James Allen,Customer Service,74951
8860,Anthony Young,Research,57060
7591,Emily Gonzalez,Research,67687
7829,Anthony Gonzalez,Customer Service,85975
2340,Betty Walker,Research,54467
2106,Matthew Allen,IT,132064
3544,Sarah Young,Marketing,116744
871,Robert Moore,Operations,124687
2941,Andrew Davis,IT,139872
9116,Karen Jackson,Operations,131979
492,Ashley Anderson,Legal,101899
6240,Dorothy Lopez,Finance,103697
9730,Sarah Johnson,Engineering,54996
2278,Steven Williams,Marketing,121738
1523,Lisa Martinez,Marketing,40730
8746,Steven Taylor,Research,114809
1963,Donald Moore,Sales,94577
1955,Amanda Walker,HR,87993
3235,Steven Walker,Customer Service,145235
2460,James Garcia,Marketing,60580
3332,Donald Perez,Operations,69889
1979,Christopher Sanchez,Research,136033
9027,Lisa Sanchez,Legal,42484
2228,Joshua Perez,Customer Service,71197
5847,Christopher Williams,Legal,128842
4842,Sarah Robinson,Marketing,149467
3941,Sarah Jones,Customer Service,59086
7906,Andrew Harris,Marketing,64417
1223,Michael Davis,Finance,149606
8291,Donald Anderson,Operations,76991
6284,David Young,HR,128433
5807,Paul Jackson,Sales,111357
2983,Steven Thomas,Marketing,127094
2454,Joshua Davis,Research,43873
4308,David Taylor,Marketing,45932
696,Andrew Ramirez,Marketing,64204
1954,John Jones,Engineering,137038
5059,David Young,Research,54833
1178,Anthony Johnson,Engineering,129312
7777,Matthew Young,Legal,128916
6415,Paul Thompson,Legal,33749
25,Lisa Robinson,Finance,99164
4375,Karen Robinson,Research,91571
9943,Deborah Taylor,Engineering,53850
7562,Lisa Harris,Customer Service,127010
1192,Mark Martin,Legal,92139
4886,Emily Jackson,Research,149380
1001,Dorothy Robinson,HR,140639
4967,Sarah Young,Legal,127273
6918,Dorothy Smith,Finance,60299
217,Karen Clark,IT,64622
6269,Elizabeth Harris,Sales,68660
5609,Nancy Rodriguez,Research,126550
134,Mark Williams,Sales,60152
8095,Joshua Smith,Operations,95966
7273,Karen Sanchez,Engineering,39550
3874,Jennifer Harris,Finance,104956
5184,David Smith,Customer Service,56194
7032,Lisa Ramirez,Operations,144233
9860,Deborah Johnson,Legal,142972
8442,Jennifer Gonzalez,Finance,123603
9649,Paul Brown,HR,137455
3279,Donald Clark,Sales,99098
627,Joshua White,HR,83389
3184,Jessica Martinez,HR,130213
7799,Nancy Miller,Legal,50817
2618,Andrew Perez,Engineering,37987
6005,Joshua Allen,Engineering,31436
9869,Matthew Sanchez,HR,122134
4265,Anthony Wilson,Finance,60849
1522,Deborah Perez,Sales,78564
