C_ID,C_NAME,AGE_YRS,LOC_CD,REG_DT
6355,Paul Hernandez,43,Albuquerque,2021-11-18
844,Jessica Rodriguez,28,Washington,2024-02-14
1053,Matthew Thompson,18,Mesa,2025-03-16
1281,Donald Brown,18,Philadelphia,2024-12-22
1325,Steven Jones,18,Charlotte,2024-08-09
9011,David Miller,64,New York,2025-03-12
6415,Amanda Rodriguez,18,Indianapolis,2023-04-17
882,Ashley Thomas,61,Columbus,2021-03-02
4729,John Miller,34,Washington,2020-11-25
5805,Daniel Robinson,66,Seattle,2021-12-19
8909,Donald Sanchez,43,Mesa,2023-12-10
6472,Michael Thomas,59,Boston,2022-05-07
4961,Christopher Martin,32,Denver,2022-07-27
6989,Matthew Miller,65,Baltimore,2025-05-20
2463,Nancy Brown,64,Sacramento,2021-04-01
9300,Matthew Jones,20,Kansas City,2020-02-27
3972,Matthew Taylor,63,Los Angeles,2020-03-25
2324,Amanda Davis,33,Oklahoma City,2025-02-04
4224,Andrew Sanchez,54,San Jose,2022-06-08
2922,Deborah Martinez,68,Boston,2020-10-05
4922,Andrew Perez,41,Los Angeles,2025-09-09
598,Michael Miller,53,Columbus,2024-11-14
3352,Daniel King,64,Indianapolis,2025-07-02
7803,Andrew Hernandez,38,Washington,2024-06-21
5226,Lisa Sanchez,40,San Jose,2025-12-16
5868,Dorothy Williams,56,Los Angeles,2020-09-13
6276,Karen Martin,45,Nashville,2021-12-22
3582,Anthony Martin,33,Las Vegas,2021-04-07
4399,Michael Miller,40,Columbus,2023-09-09
7660,Karen Clark,41,Louisville,2022-12-16
4170,Elizabeth Thompson,51,New York,2025-02-11
3555,Mark Davis,52,Jacksonville,2022-08-19
4543,Christopher Miller,29,Kansas City,2021-02-18
9716,Joshua Hernandez,32,Louisville,2021-09-13
6070,Andrew King,53,Albuquerque,2020-06-18
1960,Andrew Walker,48,Jacksonville,2025-02-08
4271,Michael Lee,53,Portland,2021-09-12
8793,Jennifer Davis,20,San Antonio,2025-03-02
3677,Joshua Hernandez,23,Albuquerque,2021-12-02
7280,Nancy Lewis,35,Mesa,2024-11-12
4887,Emily Sanchez,66,Baltimore,2021-02-18
7536,Dorothy Lee,64,San Diego,2021-09-01
5282,Michael Gonzalez,43,Fort Worth,2020-01-01
4634,Emily Johnson,34,Tucson,2022-02-16
7384,Elizabeth Lewis,55,Indianapolis,2020-09-11
3034,Amanda Martinez,19,Mesa,2021-05-15
4873,Anthony Thompson,27,Mesa,2025-02-11
6133,David Rodriguez,42,Philadelphia,2025-09-20
6210,Michael Thompson,47,Boston,2020-09-06
9186,Betty Davis,31,Phoenix,2022-06-24
1048,Robert Anderson,32,Portland,2024-12-13
8632,Christopher Williams,46,Louisville,2022-01-22
9406,Karen Miller,52,Denver,2024-07-03
1608,Daniel Thomas,19,Louisville,2024-01-20
8785,Jennifer Anderson,57,Kansas City,2020-01-24
2030,Deborah King,30,Dallas,2025-05-05
7824,Sarah Miller,69,San Antonio,2022-05-02
8815,Paul Williams,62,Columbus,2021-05-13
1415,Mark Anderson,22,Milwaukee,2025-01-21
3179,Jessica Anderson,38,Seattle,2024-10-19
4526,Emily Brown,67,Milwaukee,2024-07-13
4681,Michael Harris,48,Sacramento,2025-03-15
7605,Betty Lee,61,Philadelphia,2023-06-11
5136,Daniel Thomas,42,Portland,2023-07-18
2323,Betty Smith,59,Fort Worth,2025-08-01
7642,Lisa Sanchez,64,Albuquerque,2025-05-22
9111,Amanda Lewis,54,Milwaukee,2025-04-26
2156,Donald Davis,56,Charlotte,2020-09-20
6575,Betty Rodriguez,47,Philadelphia,2025-10-14
8841,Christopher Hernandez,52,Denver,2023-08-07
7621,Betty Garcia,37,San Antonio,2020-06-24
68,Sarah Brown,70,Washington,2021-03-03
7043,John Jackson,48,Mesa,2023-11-14
5262,Steven Martin,28,Jacksonville,2024-06-05
407,Amanda Hernandez,60,Seattle,2020-07-26
