EMP_ID,EMP_NM,DEPT_CD,SAL_AMT
5098,Lisa Sanchez,Customer Service,147709
9902,Jessica Rodriguez,IT,118059
975,Matthew Martinez,Engineering,44345
4756,Sarah Perez,Customer Service,81325
8137,Karen Perez,Customer Service,99383
9490,Dorothy Lopez,Operations,135276
3863,Joshua Martinez,IT,51655
7290,Karen Smith,Customer Service,104922
9984,Lisa Perez,Customer Service,97923
1899,Andrew Ramirez,Operations,53064
550,Anthony Lopez,Legal,48201
76,Steven Sanchez,Research,115526
2621,Andrew Lewis,Operations,35059
7116,Michael Robinson,Finance,77902
8134,Amanda Lopez,Finance,66672
9817,Paul Miller,Operations,79715
7162,John Johnson,IT,55693
9940,Christopher Brown,Customer Service,113456
1635,John Garcia,Marketing,65561
9572,Paul King,Legal,44192
2142,James Harris,Research,94873
5657,Jessica Davis,Engineering,76572
2476,Donald Lewis,Customer Service,62084
3467,Dorothy Anderson,HR,123543
9548,Michael Jones,Customer Service,87155
6481,John Harris,Operations,149398
2398,Daniel Thomas,Research,56320
3863,Dorothy Taylor,Sales,133440
3017,Karen Allen,Finance,94505
1686,John Johnson,Legal,65084
2185,Paul Johnson,Operations,129977
2707,Steven Davis,Marketing,46602
8323,James Lewis,Research,72247
6060,Lisa Moore,Legal,140641
6300,Sarah Jones,Sales,62463
4632,Donald Miller,Legal,86098
982,Sarah Davis,HR,101704
3781,Sarah King,Engineering,37311
6241,James Sanchez,Engineering,115453
3745,Dorothy Thompson,Marketing,131795
6696,Amanda Miller,Research,111302
5702,Betty Taylor,Operations,148338
7372,Jane Brown,HR,100542
1171,James Rodriguez,Research,68798
7516,Lisa Jackson,Marketing,133077
4985,Michael Taylor,Marketing,121653
6317,Betty Allen,Legal,90471
2521,Robert Garcia,Legal,116731
4555,Amanda Moore,Marketing,99508
7001,Emily Lee,Finance,126822
5084,Andrew Miller,Legal,135912
6038,Robert Moore,HR,67423
2960,Nancy Taylor,Finance,99409
3609,Anthony Perez,Customer Service,72938
7308,Lisa Lewis,Operations,36339
7397,Joshua Hernandez,Sales,66116
763,David Jackson,Sales,53681
3239,Christopher Jones,IT,106980
9570,Nancy Rodriguez,Marketing,146756
9698,Elizabeth Martinez,Finance,52935
8601,Lisa Anderson,Finance,53180
7746,Amanda Perez,Legal,59074
5706,James Lewis,Sales,80508
1305,Amanda Hernandez,Marketing,132821
5408,Michael Clark,Customer Service,86246
6232,Lisa Miller,HR,68910
2314,John Robinson,Research,131944
151,Joshua Jackson,Engineering,34658
2705,Betty Johnson,Sales,105702
7022,Karen Hernandez,Engineering,75160
1626,John Jackson,IT,82464
5410,Karen Lewis,Customer Service,96367
4170,Robert Allen,Operations,98819
495,Michael Lee,Finance,57552
9952,Robert Jones,Sales,80835
3331,Jennifer Walker,Customer Service,125005
1476,Sarah Miller,Legal,58261
6290,Steven Smith,Marketing,84503
4800,Steven Brown,IT,130721
3345,Deborah Walker,Engineering,116752
5256,Matthew Ramirez,Legal,46722
3804,Dorothy Jackson,HR,116594
73,Christopher Hernandez,Marketing,74561
4810,David Rodriguez,Sales,133223
8274,Andrew King,Operations,143700
2275,John Garcia,Operations,122963
1924,Jessica Gonzalez,Research,112906
9946,Lisa Lopez,Finance,34512
5598,James Lewis,Research,38795
8603,Deborah Ramirez,HR,31087
5176,Christopher King,Operations,131128
9264,Michael Smith,Engineering,114025
8181,James Rodriguez,Marketing,95676
884,Emily Hernandez,Operations,52700
3841,Steven Lopez,IT,125479
6916,Lisa Miller,Customer Service,124858
4291,David Ramirez,Finance,118288
3063,Emily Johnson,Engineering,136458
9347,James King,Finance,78799
5907,Dorothy Jackson,Research,144962
