EMP_ID,EMP_NM,DEPT_CD,SAL_AMT
3839,Steven Hernandez,IT,34761
6908,Amanda Brown,Research,143074
6711,Robert Harris,Operations,123087
7281,Jessica Garcia,Operations,95528
8600,Lisa Moore,Operations,46051
5932,Jane Thomas,IT,124897
6360,Paul Perez,Legal,67646
602,Amanda Sanchez,Marketing,96658
1405,Nancy Gonzalez,Research,113559
9991,Elizabeth Harris,Sales,48870
8236,Jessica Gonzalez,Sales,144483
8859,Emily Thompson,Research,121080
1401,Emily Lopez,Marketing,98540
4481,James Thomas,Finance,40910
7634,Robert Ramirez,HR,53473
4213,James Allen,Customer Service,112288
8223,John Moore,Engineering,86624
3972,Michael Allen,Marketing,115345
6346,Mark Moore,Operations,101170
7246,Matthew King,Engineering,95959
5240,Karen Hernandez,IT,113898
2216,Amanda White,Marketing,72621
4457,Elizabeth Jackson,IT,84816
3197,David Clark,Operations,139799
4664,Mark Lee,Customer Service,149379
3561,Matthew Garcia,Customer Service,105012
6781,James Miller,Sales,100653
9604,John White,Sales,43773
5891,Joshua Martinez,Finance,102659
8777,John Allen,HR,53481
6130,Deborah Davis,Finance,31848
571,Steven Harris,IT,57471
8038,Karen Ramirez,Legal,103246
5172,Ashley Sanchez,Sales,52512
5879,Mark Jones,Operations,137335
2496,Jessica Thompson,Finance,63300
1462,Mark Rodriguez,IT,45975
5454,Deborah Moore,Sales,120675
5796,Andrew Taylor,Research,127268
4717,Karen Ramirez,HR,118076
1197,Steven Young,Operations,95605
5442,Dorothy Taylor,Research,38012
6323,Jennifer Ramirez,Operations,141617
5508,Deborah Allen,Finance,84696
6845,Christopher Lee,Research,57091
11,Daniel Ramirez,Legal,147333
9012,Joshua Allen,Engineering,125321
2279,Lisa Rodriguez,Engineering,90643
4464,Andrew Wilson,Marketing,53749
4669,Steven Robinson,HR,51647
6784,Daniel Brown,Research,83484
4712,Sarah Hernandez,Sales,74737
3205,David Lewis,Engineering,124015
9322,David Anderson,Research,44895
4220,Deborah Harris,Finance,105471
2781,Steven White,Finance,50021
3648,Jane Lewis,Operations,75101
1451,Emily Perez,Customer Service,124516
903,Donald Allen,Customer Service,40376
3497,Lisa Garcia,Legal,68749
875,Dorothy White,Finance,95351
5638,Michael Hernandez,HR,135745
6161,David Hernandez,Finance,103304
1147,Karen Brown,Marketing,142855
2857,Christopher Anderson,Engineering,56373
3592,Anthony Smith,Operations,84781
4962,James Hernandez,Operations,107395
1601,Deborah Martin,Research,94702
5998,Deborah Sanchez,Engineering,97062
1370,Dorothy Jones,Sales,117026
5042,Lisa Williams,HR,142613
3091,Andrew Sanchez,HR,72097
7470,Lisa Moore,Legal,119101
8182,Ashley White,Sales,84344
97,Donald Wilson,Operations,36748
8990,Deborah Jones,HR,105574
3774,Anthony Sanchez,Sales,69508
3736,Elizabeth Brown,Engineering,60922
2535,Robert Anderson,Research,36936
7866,Dorothy Anderson,Research,108554
4950,Lisa Ramirez,Operations,111288
7894,Emily Sanchez,Research,120480
5392,Donald Smith,HR,139114
6969,Jessica Rodriguez,Operations,33836
35,David Smith,Sales,113147
3894,Christopher Miller,Research,70214
1240,James Martin,IT,119192
7284,Donald Walker,Research,88739
5859,Paul Young,Legal,109177
1983,Lisa Smith,Legal,44217
5584,Amanda Brown,Engineering,55948
6365,Jennifer Thompson,IT,112810
9603,David Brown,Legal,34783
3443,Mark Davis,Engineering,88045
4299,Donald Brown,Customer Service,108959
5750,Joshua Clark,IT,36608
4029,Deborah Moore,Marketing,54127
9295,Karen Thompson,HR,79710
3781,Mark Harris,Finance,118752
565,Mark Gonzalez,IT,94890
