EMP_ID,EMP_NM,DEPT_CD,SAL_AMT
3399,David Wilson,Research,145952
5629,Amanda Perez,Finance,95550
5401,Lisa Martinez,Customer Service,72130
4687,Christopher Gonzalez,Finance,56817
3723,Nancy Young,Finance,37165
5914,Steven Wilson,HR,57904
7212,Emily King,Marketing,66879
7386,Matthew Martin,Marketing,39689
1934,Betty Robinson,Customer Service,115856
1311,Deborah Jones,HR,74793
8396,Sarah White,Finance,30887
7689,Nancy Perez,Engineering,82682
8529,Jennifer Hernandez,Marketing,124957
7167,Jennifer Miller,Sales,73349
1954,Michael Jackson,Research,83827
8515,Deborah Allen,Legal,36110
5543,Jane Robinson,Engineering,30777
424,Christopher Brown,Research,127643
1506,Betty Lewis,Research,92203
7519,Lisa Johnson,Engineering,130508
8597,David Lee,Engineering,130304
9397,Betty Jones,Legal,68451
6950,Nancy Rodriguez,Operations,62594
2545,James Williams,Legal,75612
8070,Joshua Moore,Research,30616
841,Amanda Davis,Engineering,58628
3625,Dorothy Rodriguez,Sales,117635
6218,Andrew Martinez,Operations,107068
2837,Lisa Rodriguez,Marketing,137627
6401,Elizabeth Ramirez,HR,86240
832,Dorothy Miller,Engineering,122418
5845,Lisa Martinez,Engineering,119306
4400,Emily Gonzalez,Finance,149256
8879,Christopher Hernandez,Research,51258
6432,Nancy Gonzalez,HR,102926
3658,Lisa Davis,Research,43083
1241,Daniel Clark,Marketing,125986
6164,Dorothy King,HR,35137
5077,Ashley Wilson,Operations,105006
1419,Christopher Perez,Research,41662
7909,Dorothy King,Marketing,125966
5712,Matthew Jones,Marketing,78306
6063,Karen Davis,IT,41366
9631,Lisa Martin,Marketing,101653
9877,Jennifer Martinez,Research,116615
7504,Dorothy Miller,Legal,101004
8133,John Clark,Operations,126148
4507,John Jones,Customer Service,123243
862,Matthew Anderson,Finance,101326
4992,Emily Miller,Engineering,85936
6593,Karen Lewis,Sales,34547
5019,Betty Hernandez,Legal,124665
6003,Donald Lewis,Research,84084
7809,Dorothy King,Research,53145
9854,Jane Brown,Sales,88990
4551,Betty Moore,HR,94950
5013,Andrew Young,Marketing,119100
1771,Joshua Sanchez,Customer Service,113293
7196,Christopher King,Sales,57717
4230,James Brown,Finance,31674
3037,Matthew Smith,Finance,130244
3241,Joshua Rodriguez,Operations,108427
8610,James Smith,HR,121193
144,David Allen,Research,37610
115,Mark Lee,Research,35811
4901,Steven Walker,Engineering,101125
3077,David Sanchez,IT,121733
9999,Christopher Rodriguez,Engineering,65590
6733,Christopher Sanchez,Finance,129622
4797,Donald Walker,HR,144692
4530,James Anderson,Customer Service,95292
2444,Robert Jackson,Customer Service,83739
8329,Betty Garcia,Sales,99865
1717,Karen King,Finance,67419
9290,Lisa Lopez,IT,123904
5947,Mark Garcia,IT,101117
1784,Michael Anderson,Customer Service,52513
7663,Matthew Young,Finance,144918
793,Dorothy Clark,Marketing,147070
2521,Ashley Brown,IT,40150
9282,Andrew Thomas,Research,47444
8512,David Johnson,Customer Service,64245
3274,Lisa Jones,IT,113986
2214,Paul Thomas,IT,128320
5756,Matthew Sanchez,Customer Service,137107
2368,Jennifer Ramirez,Legal,119981
3713,James Taylor,Finance,56196
6327,Deborah Robinson,Finance,119857
6221,Mark Lewis,Finance,73263
1911,Lisa Clark,Operations,82793
8920,Matthew Young,HR,30787
5184,Paul Johnson,Customer Service,117229
767,David Garcia,Research,95803
1231,Mark Anderson,Engineering,46257
8610,Donald Wilson,Operations,103915
7802,Michael Davis,HR,32504
7436,Mark Williams,Marketing,76328
8888,Karen Jones,Legal,81562
5377,Donald Thompson,HR,129361
1739,Dorothy White,Marketing,78040
