EMP_ID,EMP_NM,DEPT_CD,SAL_AMT
473,Donald Gonzalez,Marketing,128910
7689,Matthew Thompson,Engineering,99655
4417,Ashley Taylor,Customer Service,60625
6969,Christopher Gonzalez,IT,125315
3506,David White,Marketing,68632
8011,Lisa Perez,Research,39312
3897,Lisa Miller,Customer Service,43496
983,Dorothy Williams,Legal,149598
3476,Lisa Garcia,IT,55488
7012,David Thomas,Engineering,117932
9330,Jessica Hernandez,Sales,72073
231,Anthony Williams,Legal,103067
8060,Christopher Young,Sales,42843
8353,Jennifer Williams,Finance,122853
8606,David Martin,Customer Service,119902
8959,Anthony Allen,Customer Service,48244
4255,Betty Walker,Legal,95396
3853,Donald Sanchez,IT,94685
2988,Paul Clark,Finance,79434
1272,Robert Williams,Research,105072
5669,Jennifer Jackson,Customer Service,42411
7062,Emily Davis,Operations,80199
8950,Robert Moore,Engineering,128742
7860,Dorothy Martin,Research,149402
454,Ashley Hernandez,Marketing,108176
6927,Sarah Wilson,Marketing,114112
8819,Michael Lewis,Finance,74295
8386,James Thompson,Operations,134553
7126,Lisa Walker,Sales,58059
962,Nancy Moore,Finance,80381
1991,Betty Clark,Legal,123554
1561,Lisa Sanchez,Finance,102879
79,Dorothy Martinez,Research,70398
7125,Dorothy Lewis,IT,90182
7894,Deborah Brown,Finance,98603
8009,Elizabeth Jackson,Operations,100942
4735,Michael Lee,Operations,34436
7843,Christopher Taylor,HR,143805
6699,Sarah Lewis,IT,97578
4338,Michael Young,Marketing,97936
5283,David Martinez,Research,131084
4422,Matthew Hernandez,Legal,38388
1737,Joshua Davis,Customer Service,47088
3109,James Thomas,Research,97142
682,David Thompson,Customer Service,91175
3058,Steven Robinson,Engineering,52239
6571,Betty Jackson,Customer Service,132616
4697,Jessica Miller,HR,104632
3698,Elizabeth Robinson,HR,118093
9241,Emily Wilson,Engineering,68349
3418,Nancy Harris,Legal,91932
2340,Steven Clark,Marketing,74999
9961,Christopher Rodriguez,IT,141480
3471,John Rodriguez,Finance,127893
2939,Elizabeth Young,Finance,144912
6700,Karen Clark,Legal,141461
7366,Dorothy Lewis,Finance,80846
8154,Robert Taylor,Operations,128202
4956,Ashley Miller,Marketing,121468
226,John Ramirez,Legal,61747
8917,Ashley Sanchez,Research,41257
1254,Anthony Allen,IT,124081
738,Steven Hernandez,Customer Service,128516
2553,Daniel Gonzalez,Finance,131087
7573,John Smith,Engineering,132814
6812,Anthony Rodriguez,Legal,103184
1084,John Clark,Customer Service,117597
5545,Jane Ramirez,Sales,98782
8672,James Thompson,IT,112577
6865,Emily Moore,Customer Service,59268
3260,Karen Lee,Marketing,36311
6924,Emily Allen,IT,67373
6686,David Martinez,Legal,147652
3924,Jane Ramirez,Sales,138571
3544,Elizabeth Taylor,Marketing,119095
6862,Betty Martinez,Engineering,69091
1742,Lisa Williams,Sales,136855
7556,Deborah Robinson,HR,135089
3091,Ashley Walker,Sales,60630
445,Andrew King,Operations,71409
8555,James Clark,Engineering,112643
8854,Michael Moore,Customer Service,129810
3660,Elizabeth Jackson,Customer Service,81470
8383,Emily Sanchez,Legal,101360
1824,Paul Sanchez,HR,132286
3860,Andrew Robinson,Legal,129691
8880,Jessica Wilson,Finance,91312
8040,Betty Jackson,IT,46291
1087,Elizabeth Gonzalez,Operations,119835
8869,John Young,Legal,76021
180,Jessica Allen,HR,90290
1804,Emily Thomas,Customer Service,38686
9639,Robert Moore,Research,93593
2580,Elizabeth Sanchez,Customer Service,39846
838,Paul Perez,HR,58095
1355,Betty King,Sales,68281
2155,Ashley Smith,Marketing,101554
8212,James Perez,Finance,89346
4148,Christopher Harris,Operations,147559
2509,Mark Lopez,Legal,53466
