EMP_ID,EMP_NM,DEPT_CD,SAL_AMT
5635,Joshua Martinez,Sales,36922
5834,John White,Marketing,93935
3286,Nancy Rodriguez,Research,72246
3719,John White,Finance,44822
654,Anthony Young,HR,35274
7905,James Jones,Engineering,71774
6256,Christopher Lee,Legal,131238
9638,Deborah Brown,Operations,35048
2666,Lisa Lopez,Engineering,51728
7928,Lisa Anderson,Customer Service,108674
2966,Amanda Walker,Operations,64707
8961,Nancy Allen,HR,84021
2900,Dorothy Taylor,Marketing,68068
8712,Dorothy Moore,Operations,87517
3767,Robert Hernandez,Legal,95755
2625,Amanda Perez,Finance,109541
4736,Elizabeth Lee,Finance,51460
4700,Joshua Wilson,HR,106161
5340,Elizabeth Sanchez,IT,54800
4482,Daniel Martin,Finance,116132
5907,Paul Taylor,Sales,138862
8012,Betty Perez,Marketing,123015
9730,Jessica Harris,Finance,79189
7070,Steven Lewis,HR,79177
6491,Lisa Martin,Sales,54758
3362,Jennifer White,Research,93021
6771,Joshua Moore,Operations,43498
4302,Jane Brown,Legal,96523
9419,Karen Walker,Operations,101071
3184,Lisa Thomas,HR,109463
9641,Andrew Rodriguez,Engineering,59882
1080,Joshua Lee,Sales,127184
1503,Elizabeth King,Operations,141680
3396,Andrew Thompson,IT,112878
1928,Nancy Williams,Operations,39136
4025,Jane Smith,Engineering,34202
5192,John Williams,Customer Service,135119
4180,Matthew Walker,Sales,96156
947,Karen Miller,IT,82859
1919,Emily Young,Sales,32640
7436,Elizabeth Johnson,Research,87579
7262,James King,Operations,111768
3427,Daniel Ramirez,Research,131801
6208,Donald Allen,Marketing,51758
5947,Paul Lee,IT,92933
3123,Christopher Jones,Sales,142211
9025,Donald Martin,Engineering,47820
4861,Lisa Walker,Sales,83555
61,Emily White,Research,56972
1985,Anthony Clark,Customer Service,30780
3068,Jennifer Gonzalez,Marketing,72087
4245,Betty Jones,Legal,119960
2579,Jane King,Research,130001
5516,Jennifer White,Customer Service,41664
6687,Karen Anderson,Sales,70694
2676,Steven Hernandez,Legal,34008
1262,Ashley Jackson,HR,145632
606,Elizabeth Young,HR,131223
8327,James Williams,Customer Service,34167
5163,Steven Wilson,Engineering,69096
5712,Donald Martin,IT,74041
5330,Amanda Robinson,Finance,89616
1926,John King,Marketing,72520
8304,Emily Lewis,IT,103700
7579,Emily Young,Finance,93062
9131,Emily Gonzalez,Engineering,113784
6732,Michael Davis,HR,83036
6664,Steven Anderson,Customer Service,57309
2511,Jane Jones,Finance,51103
2449,Joshua Wilson,IT,62294
9371,Michael Lopez,Sales,119714
4362,Betty Johnson,HR,138683
6238,Jessica Lopez,Marketing,135048
811,Michael Walker,Finance,83034
7935,Nancy Martin,Customer Service,147467
9640,Matthew Sanchez,HR,116290
1684,Joshua Hernandez,Customer Service,53192
7524,Robert Perez,Customer Service,45147
7198,Michael Miller,Finance,111298
6814,Christopher White,Operations,99418
3929,Daniel Thompson,Operations,81985
7703,Paul Smith,Legal,79857
9938,Jennifer Lewis,Research,139451
6934,Nancy Lopez,Sales,40762
7859,Jessica Anderson,Operations,67111
1629,Nancy Thompson,Legal,56090
5959,Jennifer Lopez,Legal,31788
7913,Matthew Young,HR,84716
6172,Karen Rodriguez,Engineering,87004
5443,Betty Davis,Research,84744
324,Steven Lewis,HR,59664
4812,James Harris,Sales,121356
7009,John Jackson,HR,37321
6257,Donald Johnson,IT,43987
3484,James Thomas,Marketing,100858
8324,Jennifer Lewis,Sales,143047
2796,James Thompson,Customer Service,31194
479,Daniel Smith,Finance,72687
3271,Matthew Hernandez,Operations,55323
6438,Jennifer Young,Finance,107602
