EMP_ID,EMP_NM,DEPT_CD,SAL_AMT
3885,Dorothy Williams,IT,89479
2114,Ashley Lee,Research,36620
8441,Jane Harris,HR,80178
4394,Andrew Martin,Customer Service,83704
5530,Joshua Anderson,Engineering,62819
6250,Donald Sanchez,IT,66728
9506,Lisa White,Legal,80862
442,Matthew Martinez,Marketing,109002
2617,Betty Anderson,HR,58955
7136,David Smith,Marketing,99418
6677,Joshua Walker,Marketing,51334
421,Steven Walker,HR,49202
3892,Joshua Davis,Legal,110714
6547,James Sanchez,Operations,95094
7159,Ashley Miller,Operations,98202
9621,Emily Hernandez,Operations,106243
5991,Jennifer Walker,Research,66453
2548,Andrew Allen,Marketing,110890
6056,Matthew Lewis,Customer Service,104483
5360,Daniel Young,Legal,47935
3251,Paul Lopez,Finance,90251
1508,Emily Lopez,Customer Service,106467
5368,James Robinson,Customer Service,136820
8692,Amanda Brown,Finance,112875
6429,Christopher Davis,Customer Service,118629
7463,Andrew Jones,Finance,143243
2137,John Lopez,Marketing,33049
7014,Lisa Rodriguez,IT,98441
6836,Daniel White,Legal,133823
4984,Donald Ramirez,HR,90085
6782,Steven Perez,Marketing,47056
8129,Anthony Robinson,HR,116281
1343,Lisa Perez,Sales,60441
9441,Matthew Anderson,Marketing,147031
1191,Ashley Brown,Research,45516
7191,Nancy Hernandez,Customer Service,114131
4584,Emily Gonzalez,Research,74001
5633,Matthew Davis,Research,129962
3351,Jessica Allen,Finance,66615
7050,John Walker,Operations,30297
8814,Steven Wilson,IT,52537
3185,Emily Gonzalez,Finance,105698
9767,Amanda Jones,Engineering,130829
8867,Emily Wilson,HR,72120
5887,Joshua Jones,Marketing,42449
2256,Mark Harris,Marketing,93674
4771,Christopher Martin,Customer Service,38139
7575,Deborah Lewis,Sales,75891
720,Joshua Wilson,Research,48243
5317,Christopher Martinez,HR,107842
282,John Hernandez,Marketing,34951
4305,Sarah White,HR,122060
7788,Mark Sanchez,Sales,147011
7467,Christopher Taylor,Legal,61152
3409,Deborah Allen,Customer Service,127964
6034,Joshua Taylor,Legal,144977
738,Emily Young,Engineering,40899
4358,Lisa Hernandez,Sales,58743
2239,Lisa Allen,IT,68333
1237,Elizabeth Thomas,HR,123091
5524,Ashley Walker,Marketing,143889
3149,Nancy Walker,Legal,114037
8491,Steven Johnson,Customer Service,83911
2180,Anthony Martinez,Research,110485
3800,Andrew Rodriguez,Customer Service,42016
1725,Nancy Wilson,Finance,67355
7338,Karen Smith,Finance,107992
5914,Mark Allen,Engineering,57547
8513,Dorothy Jackson,Legal,57441
2213,Ashley Williams,Legal,112028
553,Michael Thompson,Legal,76106
8747,Elizabeth Gonzalez,Sales,141884
8449,James Lopez,IT,33053
4145,Jennifer Robinson,Finance,132923
5576,Anthony Davis,Research,88324
9082,Emily Taylor,HR,110475
4675,Paul Lopez,IT,39228
9513,Matthew Brown,Engineering,61045
3280,Steven Brown,Customer Service,81089
1149,Emily White,Engineering,57895
1720,Steven Thomas,Legal,55188
5396,Betty Martinez,Legal,100359
9121,Jessica Jones,Engineering,52255
4616,Lisa Robinson,Engineering,47698
4363,Jane Miller,Legal,87531
5443,Amanda Taylor,Engineering,30896
2937,Amanda Hernandez,Sales,41096
7209,Sarah Garcia,Finance,86337
2065,Elizabeth Jackson,IT,59823
2210,Jane Young,Marketing,41382
419,Mark Wilson,HR,79864
6919,Michael Lewis,IT,114738
7161,Paul Walker,Legal,111914
5964,Amanda Martinez,Engineering,95285
9430,Karen Taylor,IT,144634
5190,Mark Davis,IT,148787
6326,John Jackson,Operations,35115
9184,Michael Taylor,Customer Service,63736
1121,Matthew Robinson,Marketing,137879
1049,Jennifer Thomas,Research,110084
