C_ID,C_NAME,AGE_YRS,LOC_CD,REG_DT
4387,Jennifer Moore,31,Chicago,2022-01-07
6652,Jessica Lee,23,Columbus,2020-10-22
4362,Matthew Lee,42,New York,2025-10-07
8184,Karen Wilson,38,Fresno,2023-08-16
2500,Jennifer Miller,38,Houston,2021-11-07
1403,Ashley Lewis,52,Columbus,2022-09-25
4720,James Thomas,26,Austin,2025-11-13
2707,Dorothy Miller,55,Albuquerque,2021-08-24
9206,Christopher Jackson,52,Milwaukee,2025-01-12
8640,Deborah Clark,66,Tucson,2025-02-28
2985,Donald Jackson,63,Chicago,2024-09-11
1178,Michael King,28,Philadelphia,2022-12-04
5628,Karen Johnson,21,San Jose,2025-10-28
8182,Emily White,58,Sacramento,2025-09-18
574,Robert Williams,43,Indianapolis,2020-06-12
5481,Dorothy Walker,56,San Jose,2021-10-24
1340,John Sanchez,70,Sacramento,2025-10-24
3123,Jennifer Johnson,55,New York,2022-02-09
5748,Donald Johnson,55,Las Vegas,2025-06-06
9888,Donald Young,35,Dallas,2023-08-01
3886,Paul Young,47,Milwaukee,2023-06-06
995,Joshua Moore,36,Washington,2023-01-15
9332,Lisa Lee,50,Portland,2021-11-24
7153,Anthony Rodriguez,28,Las Vegas,2025-06-22
3296,Michael Thompson,47,Houston,2020-12-14
744,David Walker,21,Oklahoma City,2023-02-16
8537,Christopher Robinson,69,Jacksonville,2023-03-17
3355,Amanda Johnson,37,Houston,2025-01-21
6501,Christopher Young,42,Seattle,2022-02-08
5400,Ashley White,42,San Diego,2025-12-14
695,Deborah Wilson,22,Tucson,2025-07-18
4112,Michael Anderson,32,Houston,2022-04-28
9018,Ashley Garcia,65,Washington,2022-07-09
7587,Robert Thompson,25,Baltimore,2022-06-11
5010,Elizabeth Lewis,21,Phoenix,2021-03-24
5572,Michael Jones,36,Louisville,2024-11-01
6553,Ashley Allen,21,Albuquerque,2022-01-04
5539,Daniel Lopez,41,New York,2020-02-18
898,Christopher Martin,35,Washington,2025-05-28
2058,Nancy Harris,66,Boston,2021-02-19
104,Elizabeth King,54,Austin,2024-09-27
1359,Michael Thomas,31,Las Vegas,2020-02-26
3426,Jane Jones,52,San Diego,2025-10-24
1065,Emily Thompson,58,Mesa,2023-04-16
6191,Betty Jones,41,Denver,2022-11-11
124,Lisa Gonzalez,62,Jacksonville,2022-10-23
8800,Steven Ramirez,49,Mesa,2022-07-22
3652,Matthew Johnson,20,New York,2021-03-02
9386,Steven Jackson,52,Oklahoma City,2024-10-08
6966,Paul Jones,27,Dallas,2024-12-28
6373,Robert Hernandez,29,San Francisco,2023-12-05
2834,Ashley Moore,18,Sacramento,2024-12-28
4046,Anthony Perez,65,Fort Worth,2021-03-24
10,Jennifer Moore,18,Seattle,2023-12-01
5459,Steven Lewis,68,Fort Worth,2023-07-07
3549,Lisa Harris,68,Chicago,2024-10-07
1357,Amanda Clark,54,Las Vegas,2020-03-11
4410,Ashley Garcia,53,Kansas City,2021-01-15
4765,Jane Walker,40,Oklahoma City,2022-04-21
7878,Joshua Lee,46,Austin,2023-04-04
8554,Dorothy Martin,34,Oklahoma City,2020-01-07
9640,Christopher Jackson,32,Baltimore,2025-01-15
1086,Elizabeth Clark,29,Chicago,2024-01-02
6029,Nancy Rodriguez,65,Milwaukee,2021-10-24
8982,Christopher Smith,38,Jacksonville,2020-07-24
9889,Deborah Clark,25,Boston,2024-12-02
4735,Michael Lewis,25,Denver,2021-03-09
8193,Elizabeth Walker,50,Baltimore,2024-06-05
1849,Deborah Johnson,23,San Jose,2021-01-18
7406,Jessica Smith,55,Oklahoma City,2022-07-03
6378,David Martinez,52,Milwaukee,2021-05-20
5936,Donald Davis,66,Baltimore,2020-04-15
3232,John Allen,23,San Antonio,2023-12-10
8448,David Martinez,45,Sacramento,2022-05-20
648,Jane King,60,Denver,2023-05-22
