C_ID,C_NAME,AGE_YRS,LOC_CD,REG_DT
1180,Paul Perez,58,Fresno,2023-07-17
1381,Sarah Taylor,19,Nashville,2024-02-17
4851,Amanda Williams,41,Columbus,2022-05-06
9377,Steven Miller,42,New York,2024-03-01
3541,Robert Jones,68,Las Vegas,2025-04-14
3707,Joshua Ramirez,62,Fort Worth,2023-12-20
4196,John Martinez,34,Nashville,2020-04-11
9359,Dorothy Young,45,Jacksonville,2023-11-18
599,Robert Moore,23,Seattle,2021-05-02
1357,Jane Jones,34,San Jose,2020-07-20
6457,Jessica Lee,52,Kansas City,2020-03-17
894,Paul Jones,25,Boston,2025-04-08
8510,Ashley Garcia,19,Charlotte,2020-03-08
9031,Elizabeth Gonzalez,53,Philadelphia,2025-11-16
9454,Steven Miller,32,San Francisco,2021-11-17
5332,Karen Garcia,37,San Francisco,2022-05-09
6371,Ashley Lopez,21,Seattle,2023-04-17
6543,Sarah Allen,23,Fresno,2021-08-14
9685,Jennifer Martin,22,Baltimore,2021-08-11
5980,Jennifer Rodriguez,45,Fort Worth,2025-09-28
7562,Anthony Johnson,35,Denver,2023-10-08
7375,Mark Wilson,34,San Antonio,2024-02-06
505,Ashley Williams,68,Phoenix,2020-02-03
5511,Jessica Anderson,20,Washington,2022-03-17
4127,Robert Ramirez,26,San Jose,2022-05-08
6250,Robert Jones,56,Tucson,2020-01-16
4512,Nancy Clark,56,Milwaukee,2023-11-17
4477,Elizabeth Lewis,32,Indianapolis,2025-09-11
1585,Betty White,55,Albuquerque,2020-08-25
2651,Steven Martinez,47,Oklahoma City,2021-10-14
631,James Martinez,66,New York,2023-11-12
9999,Steven Lopez,56,Seattle,2024-04-26
2660,Amanda Smith,22,Seattle,2023-05-01
8515,Andrew Lopez,55,Phoenix,2022-08-21
6830,Donald Moore,19,Albuquerque,2025-01-18
230,Daniel Moore,60,Sacramento,2020-04-26
667,Anthony Sanchez,51,Louisville,2022-08-18
7720,Robert Wilson,70,Kansas City,2025-03-10
3794,Jennifer Allen,52,Dallas,2024-07-17
9396,Amanda Clark,63,San Jose,2024-04-18
7251,Michael Rodriguez,70,Mesa,2024-09-27
8933,Michael Harris,38,New York,2022-08-07
4367,Betty Taylor,45,Jacksonville,2020-02-27
504,Lisa Thompson,19,San Diego,2021-11-17
3394,James Thompson,70,Nashville,2021-04-09
3103,Ashley Perez,36,Sacramento,2024-06-12
4344,Emily Martin,20,San Antonio,2021-08-17
2164,Sarah Williams,63,Fresno,2024-02-15
1097,Jessica Perez,64,Oklahoma City,2024-02-20
3510,John Gonzalez,45,Tucson,2025-06-16
2452,Christopher Jackson,50,San Antonio,2020-07-12
7035,Nancy Garcia,64,San Jose,2021-02-16
7501,Dorothy Jones,53,Milwaukee,2025-08-16
9078,Daniel Miller,31,Houston,2021-12-24
4105,Dorothy Allen,29,Louisville,2020-12-05
6517,Ashley Allen,18,San Diego,2022-12-10
2646,Michael King,69,Chicago,2025-01-16
5803,Betty Davis,41,Kansas City,2021-12-08
1094,Lisa Jackson,19,Nashville,2021-05-09
6406,Matthew Thomas,36,Washington,2023-01-13
3306,Betty Harris,18,Sacramento,2020-03-28
195,Jennifer Harris,70,Columbus,2022-03-07
5819,Deborah Lee,50,Albuquerque,2025-03-19
8008,Christopher Jackson,50,Portland,2024-07-01
7363,John Wilson,66,Indianapolis,2020-09-10
8342,David Anderson,54,Columbus,2021-10-02
4969,Robert Martin,27,San Diego,2020-04-09
8724,Betty Sanchez,39,Nashville,2021-02-28
8851,Matthew Wilson,18,San Jose,2022-03-14
227,Matthew Jones,25,Tucson,2020-08-01
1827,Ashley Lee,66,Boston,2023-10-12
3391,Anthony Clark,36,Jacksonville,2021-05-18
9514,Jennifer Williams,63,Austin,2024-12-15
5309,Emily Lopez,32,Washington,2020-06-03
9383,David Thomas,35,New York,2020-05-15
