C_ID,C_NAME,AGE_YRS,LOC_CD,REG_DT
9823,Jane King,65,Sacramento,2023-01-08
1357,Robert Harris,38,Fort Worth,2024-01-28
4115,Joshua Anderson,29,Jacksonville,2023-02-26
8926,Daniel Gonzalez,33,Indianapolis,2025-05-22
7968,Mark Clark,36,Louisville,2022-11-12
2369,Mark Smith,49,San Antonio,2020-10-02
9515,Anthony Smith,36,Sacramento,2020-01-15
356,Jennifer Davis,51,Portland,2023-04-23
9590,Anthony Harris,23,Houston,2024-08-21
5142,Lisa Clark,43,Fort Worth,2020-03-13
619,Elizabeth Brown,29,Albuquerque,2025-04-08
4792,Donald Harris,44,Mesa,2020-02-01
5015,Jessica Jackson,45,Tucson,2022-08-15
3203,Daniel Lopez,29,San Diego,2020-11-23
8922,John Lewis,32,Charlotte,2021-10-01
1241,Robert Miller,54,Las Vegas,2025-08-21
8388,Christopher King,59,Sacramento,2025-06-01
3434,Andrew Clark,61,Las Vegas,2021-10-12
5513,Jessica Moore,29,San Francisco,2022-12-21
4072,Nancy Jones,65,Las Vegas,2022-12-27
4641,Karen King,40,San Francisco,2023-10-08
6104,Mark Ramirez,45,Washington,2022-12-23
4331,Robert Gonzalez,20,Fresno,2021-12-28
2026,Christopher Thompson,19,Austin,2023-08-04
6643,Robert Lee,62,Kansas City,2022-04-01
3049,Betty Miller,29,Phoenix,2022-06-05
200,John Thomas,32,Oklahoma City,2021-02-03
8279,Emily Young,56,Oklahoma City,2020-07-25
6890,John Young,27,Albuquerque,2022-12-24
4273,Andrew Davis,65,Washington,2022-07-05
3496,Matthew Miller,45,New York,2025-10-11
5868,Sarah Williams,45,Portland,2022-11-08
2627,Paul Walker,66,Dallas,2025-01-27
3164,Dorothy Davis,38,Seattle,2022-07-05
3881,Steven Jackson,22,Oklahoma City,2024-02-02
1155,Mark Sanchez,54,Philadelphia,2023-09-13
3943,Sarah Thomas,26,San Diego,2020-10-24
611,Ashley Martinez,32,Sacramento,2021-03-20
7459,Jennifer Davis,45,San Antonio,2023-09-15
6236,David Perez,54,Houston,2020-10-28
3303,Elizabeth Thomas,19,Columbus,2020-09-17
9458,Dorothy Perez,25,Los Angeles,2023-06-17
8935,Robert Rodriguez,66,Fort Worth,2020-08-11
8914,Andrew Thompson,30,Fresno,2022-12-24
9571,Sarah Garcia,51,New York,2020-02-24
4808,Paul Ramirez,63,Las Vegas,2024-04-24
267,Lisa Wilson,19,Kansas City,2024-05-07
1767,Jane Taylor,51,Oklahoma City,2024-12-19
3836,Anthony Young,62,Chicago,2022-05-27
3725,Mark Walker,52,Boston,2025-06-25
5782,Michael Lewis,47,Boston,2021-02-22
7497,Mark Young,47,Fresno,2020-01-17
6981,Betty Clark,20,Oklahoma City,2022-09-19
8082,Matthew Thompson,49,Los Angeles,2022-07-08
6648,Karen Brown,47,Fresno,2025-03-15
4165,Lisa Garcia,36,Los Angeles,2021-04-07
8865,Joshua Taylor,53,Kansas City,2020-01-01
4673,Andrew Davis,65,San Jose,2022-04-17
4570,Jane King,70,Mesa,2025-02-08
339,Robert Martinez,23,Phoenix,2025-12-04
2787,Lisa Williams,55,Denver,2020-09-12
4160,Jennifer Anderson,45,San Antonio,2023-11-02
1975,David Martinez,46,Nashville,2020-06-13
315,Elizabeth Moore,36,San Francisco,2022-12-12
391,Jessica Jackson,52,Nashville,2021-05-23
4199,Ashley Moore,55,Denver,2025-03-18
2058,Jane Garcia,37,Phoenix,2024-10-25
5063,Andrew Brown,57,San Jose,2021-10-28
7782,Jane Lopez,32,San Antonio,2020-09-20
985,Lisa Miller,61,Portland,2022-11-09
5483,Anthony White,66,Fresno,2023-08-03
9076,Jennifer Robinson,24,Dallas,2024-08-17
2874,Nancy Smith,24,Washington,2023-03-12
4191,Anthony Young,48,New York,2022-06-01
475,James Wilson,33,Baltimore,2020-09-21
