C_ID,C_NAME,AGE_YRS,LOC_CD,REG_DT
5606,Deborah Martinez,27,Las Vegas,2021-02-28
7899,Ashley Thomas,45,Portland,2024-08-14
5010,James Davis,64,Las Vegas,2024-02-18
8979,Karen Brown,36,Dallas,2023-01-04
7151,David White,23,San Jose,2023-11-23
1671,Jennifer Lee,27,Jacksonville,2024-08-05
3183,Paul Allen,64,Kansas City,2020-09-20
9003,Mark Lee,34,Columbus,2022-09-13
7288,John Young,54,San Jose,2020-02-13
2531,James Robinson,68,San Francisco,2023-12-01
5373,Dorothy Taylor,59,Columbus,2023-04-03
8304,Amanda Hernandez,54,San Antonio,2020-11-05
213,Ashley Allen,20,Mesa,2023-05-20
802,Paul Brown,65,Washington,2021-04-16
666,Michael Thompson,53,Mesa,2021-04-06
4039,James Williams,68,Las Vegas,2021-12-11
1068,Deborah Jones,27,Oklahoma City,2024-02-13
5894,Jennifer Johnson,27,Las Vegas,2024-05-12
9484,Betty Harris,43,San Diego,2025-10-06
2655,Karen Walker,56,Louisville,2023-07-03
796,Robert Martinez,68,Louisville,2024-04-01
4336,Jane Lopez,55,San Antonio,2020-11-07
5698,Lisa Taylor,49,Las Vegas,2025-07-28
2167,Jane Lewis,62,Oklahoma City,2022-02-25
9233,Robert Gonzalez,70,Seattle,2023-09-23
6174,Lisa Williams,52,New York,2021-07-13
3584,Robert Hernandez,60,Jacksonville,2025-07-20
1783,Michael Perez,62,Phoenix,2020-01-20
9496,Deborah Lee,22,Dallas,2022-12-21
9836,Steven Ramirez,64,Denver,2023-10-25
9871,Betty Anderson,64,Denver,2024-03-11
3869,Jennifer Harris,63,Charlotte,2022-09-19
5917,Lisa White,66,Dallas,2024-03-08
7012,Matthew Brown,70,Fort Worth,2021-04-05
6630,Sarah Ramirez,33,New York,2025-04-27
5998,Betty Garcia,33,Los Angeles,2022-08-22
7146,Donald Lee,43,Sacramento,2024-05-27
5791,James King,35,Seattle,2021-05-27
1338,Jessica Wilson,25,Denver,2021-05-15
3879,Lisa Williams,41,Indianapolis,2021-05-16
7440,Michael Williams,52,Milwaukee,2025-12-15
1525,Nancy Harris,34,San Jose,2024-02-25
224,Sarah Hernandez,28,Dallas,2023-10-21
4654,David Jones,26,New York,2020-11-19
2343,Matthew Harris,50,San Francisco,2021-07-03
5550,Steven Walker,66,Phoenix,2023-03-07
387,Robert Brown,28,Seattle,2021-08-10
2942,Betty Jackson,57,Milwaukee,2024-02-24
2004,Jessica Johnson,32,Indianapolis,2022-05-14
2345,Betty Garcia,53,Mesa,2023-09-18
1797,Lisa Gonzalez,35,Mesa,2025-08-09
6554,James Taylor,36,Houston,2023-02-05
8066,Steven Lewis,56,Portland,2023-04-03
9366,Lisa Gonzalez,64,Louisville,2025-10-28
5179,Christopher Taylor,34,Milwaukee,2022-12-27
1916,Anthony Martin,38,Jacksonville,2020-11-27
7955,Matthew Allen,55,New York,2020-05-22
7135,Andrew Miller,33,Philadelphia,2020-04-15
7215,Elizabeth Smith,68,Fresno,2023-01-22
355,Daniel Young,64,Oklahoma City,2022-12-07
6671,Robert Johnson,47,Tucson,2024-07-14
8735,Betty Thomas,69,Baltimore,2022-07-04
1574,Lisa Young,60,San Jose,2024-11-20
7640,David Davis,38,Nashville,2020-10-27
3996,Christopher Davis,56,Dallas,2021-05-26
8013,Karen Jackson,51,San Francisco,2023-05-21
9003,Mark Walker,48,San Jose,2021-11-13
7126,Daniel Perez,18,Milwaukee,2025-07-09
4620,Steven Hernandez,28,Las Vegas,2025-06-23
9298,Mark Lopez,68,Philadelphia,2022-05-09
6526,Christopher Lewis,31,Denver,2020-03-07
1742,Jane Thompson,65,San Antonio,2020-02-11
6416,Christopher Thompson,25,Fresno,2021-12-23
824,Joshua Walker,40,San Francisco,2023-07-01
2547,Steven Garcia,57,Seattle,2021-02-10
