C_ID,C_NAME,AGE_YRS,LOC_CD,REG_DT
3508,Michael Young,24,Los Angeles,2024-05-22
1727,Dorothy Johnson,31,Dallas,2025-09-12
383,Karen Hernandez,65,Kansas City,2021-07-01
5775,Ashley Thompson,68,Houston,2022-10-26
6633,Paul Thomas,70,Austin,2021-07-24
7627,Jennifer Smith,22,Indianapolis,2021-06-08
1071,David Jackson,29,Houston,2020-10-09
1187,Amanda King,49,Milwaukee,2022-10-10
8310,Karen Johnson,52,Houston,2022-08-11
2487,Deborah Brown,49,San Francisco,2022-03-18
3816,James Brown,63,Las Vegas,2021-03-02
895,David Gonzalez,67,Dallas,2020-04-05
2214,Michael King,47,Oklahoma City,2020-07-12
5272,Michael Thompson,37,Charlotte,2023-01-26
1154,Karen White,48,San Antonio,2023-06-24
1384,John Taylor,19,Columbus,2024-03-22
2107,Donald Miller,28,Indianapolis,2021-04-13
6400,Steven Thompson,57,Fort Worth,2024-03-19
8310,Michael Martinez,58,San Antonio,2023-10-20
8133,Matthew Davis,25,Milwaukee,2021-07-19
586,Karen White,26,Seattle,2020-03-28
3370,John Lopez,21,Oklahoma City,2024-03-11
2196,Dorothy Garcia,47,Kansas City,2020-06-21
6169,Mark Allen,68,Dallas,2024-08-01
3993,Robert Lewis,39,Denver,2021-04-04
4730,Sarah Hernandez,50,Baltimore,2024-01-02
6850,Ashley Taylor,70,Washington,2020-09-21
3414,Ashley Clark,31,Baltimore,2023-05-16
7902,Andrew Moore,62,San Diego,2021-04-18
4103,Matthew Ramirez,66,Los Angeles,2021-08-26
4233,Deborah Jackson,32,Los Angeles,2023-05-27
1936,Amanda Walker,51,Nashville,2020-06-10
5195,Nancy Allen,62,Washington,2024-11-25
1405,Michael Young,53,Denver,2022-01-14
8667,Mark Allen,58,New York,2023-02-18
2016,Mark Lewis,48,San Jose,2020-09-12
9442,Matthew Hernandez,18,Jacksonville,2020-01-16
3080,John Anderson,56,Mesa,2023-08-22
6616,John Davis,35,Oklahoma City,2023-11-21
4557,Donald Moore,27,Kansas City,2021-01-27
557,Jennifer Taylor,25,Mesa,2021-10-11
4743,Deborah Lewis,55,Dallas,2023-12-03
4992,Matthew Martinez,34,Milwaukee,2020-09-20
9706,Jennifer White,35,Sacramento,2025-02-18
4862,Christopher Thomas,34,Los Angeles,2022-07-02
7614,David King,57,Milwaukee,2025-04-04
3473,Jennifer Robinson,40,Mesa,2024-10-28
630,Andrew Brown,48,San Francisco,2024-12-11
6535,Sarah Martin,35,Jacksonville,2024-01-23
6466,Robert Johnson,62,San Diego,2022-01-08
4242,James Williams,38,Kansas City,2024-03-23
5490,Joshua Thompson,60,New York,2024-06-15
9862,Jennifer Moore,62,Nashville,2024-12-26
3834,Jessica Lopez,40,Sacramento,2024-06-28
2651,James Jackson,31,Milwaukee,2024-05-12
619,Dorothy Walker,36,Sacramento,2025-10-24
791,Lisa Garcia,36,Boston,2021-05-07
8348,Donald Smith,65,Washington,2020-05-06
3442,Sarah Miller,33,Philadelphia,2021-12-02
3818,Christopher Williams,58,Louisville,2024-10-17
1867,Elizabeth Robinson,39,Tucson,2025-06-04
2830,Deborah Jackson,28,Washington,2024-06-16
2584,Daniel Young,46,Philadelphia,2024-09-09
8796,Daniel Garcia,24,Washington,2022-07-08
6880,Jessica Wilson,67,Las Vegas,2025-07-27
3438,Michael Hernandez,28,Oklahoma City,2022-12-11
1347,Elizabeth Jones,39,Austin,2025-04-10
2433,Lisa Smith,63,New York,2022-05-03
9641,Paul Taylor,47,San Francisco,2024-12-16
3266,Dorothy Garcia,32,Nashville,2025-04-02
6249,Ashley Lewis,23,Fresno,2020-08-06
3459,Jane King,65,Portland,2022-04-14
2013,Donald Robinson,46,Denver,2020-03-05
7260,Michael Martin,39,Seattle,2023-07-09
869,Jennifer King,44,Indianapolis,2021-09-12
