C_ID,C_NAME,AGE_YRS,LOC_CD,REG_DT
951,Amanda Thompson,22,Portland,2020-01-16
814,Steven Gonzalez,42,Charlotte,2020-11-08
8637,Donald Lee,37,San Diego,2023-11-27
2075,Jennifer Young,39,San Antonio,2023-04-15
6603,Ashley Lee,26,Milwaukee,2022-02-28
7794,Michael Robinson,50,Phoenix,2022-03-22
7310,James Martinez,50,Columbus,2024-03-15
4054,Karen Rodriguez,41,Albuquerque,2022-06-17
1785,Nancy Allen,68,Nashville,2025-10-20
2463,Emily Martinez,58,Boston,2022-08-27
1288,Dorothy Jones,31,Albuquerque,2021-04-06
6072,Christopher Miller,68,Kansas City,2020-05-28
8813,Donald Smith,29,Fresno,2025-02-14
2669,Michael Brown,33,San Jose,2020-08-20
832,Joshua Sanchez,46,Oklahoma City,2025-03-21
8364,Mark Garcia,51,Washington,2020-08-17
4752,Karen Wilson,60,Milwaukee,2025-11-09
579,Lisa Gonzalez,38,Portland,2023-05-02
165,Jennifer Anderson,58,Seattle,2022-07-02
8686,Matthew Garcia,25,Tucson,2021-10-24
7102,Dorothy Williams,19,Portland,2024-03-09
3461,Paul Robinson,24,Kansas City,2023-08-25
9418,Deborah Thomas,41,Charlotte,2024-06-21
2048,Jessica Johnson,32,Charlotte,2025-04-28
6656,Michael Rodriguez,51,New York,2021-07-23
451,Daniel Perez,27,Portland,2025-09-08
7853,Ashley Brown,33,Nashville,2021-04-12
2668,Deborah Perez,50,Columbus,2021-02-16
4501,Joshua Hernandez,39,San Antonio,2021-07-20
9238,Dorothy Perez,26,San Jose,2021-02-02
152,Anthony Young,45,Fort Worth,2020-07-11
5849,Steven Moore,40,Baltimore,2024-06-11
535,Jennifer Smith,61,Fort Worth,2023-03-26
5875,Paul Anderson,62,Las Vegas,2020-09-20
3996,Lisa Perez,18,Sacramento,2024-12-23
4891,Steven Wilson,58,Jacksonville,2020-01-27
1234,Emily Miller,58,Las Vegas,2020-07-22
4098,Sarah Martinez,26,Boston,2022-07-02
2263,Daniel Clark,61,Houston,2020-03-22
9904,Donald Harris,41,Boston,2023-07-19
9690,Karen Jones,62,Albuquerque,2022-07-13
3230,Christopher King,18,Nashville,2022-08-21
2960,Christopher Taylor,48,Charlotte,2020-01-15
5141,Ashley Martin,57,Fresno,2025-05-14
2248,Dorothy Hernandez,21,Fresno,2021-08-27
5536,Lisa Clark,33,Los Angeles,2024-11-17
9326,Donald Davis,26,Dallas,2025-10-02
2737,Lisa White,25,Austin,2024-02-22
7202,Andrew Taylor,63,San Jose,2024-02-22
8263,Betty Allen,31,Fresno,2021-08-04
6599,Joshua Davis,67,Baltimore,2020-12-19
3828,Matthew Smith,41,Charlotte,2023-05-27
1543,Ashley Thompson,68,San Antonio,2021-10-21
3862,Mark Harris,68,Denver,2022-08-07
6834,Paul Gonzalez,34,Tucson,2023-12-16
7490,Dorothy Clark,35,Las Vegas,2021-12-14
6189,Elizabeth Young,57,Louisville,2023-09-20
6753,Jessica Wilson,55,Portland,2024-07-19
8197,Michael Garcia,18,Washington,2025-09-04
8785,Christopher Rodriguez,35,Denver,2020-03-27
2249,Mark Anderson,41,Phoenix,2023-12-01
280,Matthew Davis,47,Milwaukee,2024-05-05
3389,Paul King,53,Fort Worth,2021-09-28
7778,Betty Anderson,30,Houston,2023-09-07
4277,Karen Walker,59,Fort Worth,2020-04-22
2675,Mark Martin,27,Fort Worth,2021-01-11
2017,John Gonzalez,64,Philadelphia,2025-05-21
589,Jane Martin,44,Milwaukee,2020-10-11
3595,Anthony Rodriguez,49,Washington,2025-02-20
1574,Andrew Jones,57,Phoenix,2024-03-20
426,Paul Anderson,46,Indianapolis,2022-05-10
2174,Ashley Robinson,39,Columbus,2024-07-16
5133,Lisa Rodriguez,23,Seattle,2020-07-23
8347,John Martinez,45,San Diego,2022-03-02
7787,Michael Jones,41,Los Angeles,2022-11-12
