EMP_ID,EMP_NM,DEPT_CD,SAL_AMT
8345,Daniel Lee,Engineering,111137
6393,Christopher Rodriguez,Engineering,83436
878,Jennifer Lee,Finance,46994
2595,Amanda Ramirez,Marketing,111080
1818,Lisa Martinez,Engineering,77435
565,Nancy Anderson,Customer Service,148075
2897,Lisa Gonzalez,Research,92896
4964,Andrew Smith,Operations,32604
5163,Christopher Allen,Legal,49665
6721,Jessica Harris,Legal,126227
1145,Steven Lopez,IT,47647
6221,James Hernandez,Customer Service,40082
3543,Dorothy Martin,Engineering,142268
9170,Jessica Johnson,HR,45082
1938,Emily Sanchez,IT,84529
6982,John Thomas,Sales,48523
6875,Donald Walker,IT,101233
5379,Michael Sanchez,Research,140402
8731,Paul Thompson,IT,103564
2263,Anthony King,IT,80459
7335,Joshua Hernandez,Customer Service,36975
3055,Donald Miller,Finance,39073
692,Michael Miller,Customer Service,145860
7983,Daniel Jackson,Engineering,46806
8644,Michael Jones,Engineering,89770
363,Karen Thompson,IT,85126
1579,Lisa Harris,Legal,117714
4174,Andrew Wilson,Operations,103148
1282,Mark Wilson,Finance,68766
3495,Karen Clark,Finance,146898
7207,Daniel Gonzalez,Research,120656
2004,Christopher Gonzalez,Operations,142373
2211,Karen Hernandez,Engineering,126113
3075,Nancy Johnson,Customer Service,92684
2993,Michael Miller,Research,81404
173,Daniel Lewis,Legal,71598
8365,Anthony Thomas,Legal,125130
2233,Amanda Clark,IT,31688
7246,Ashley Thompson,HR,135120
7338,Matthew Johnson,Engineering,88797
8063,Emily Martinez,Legal,103370
6892,Dorothy Jones,Legal,44957
2613,James Lopez,Sales,41454
6576,Robert Lewis,Finance,36009
2097,Amanda White,Marketing,60825
3501,Andrew Lopez,HR,143495
7088,Deborah Clark,HR,112059
8974,Michael Martin,Operations,117872
4413,Christopher Perez,Research,106779
296,Matthew Martin,IT,85504
3468,John Young,Operations,54465
651,John Brown,Marketing,62719
1422,Donald Clark,Customer Service,109447
4531,Paul Martinez,Sales,137149
3844,Jane Jackson,HR,30703
3373,Dorothy Jones,Operations,63941
5338,Ashley Robinson,Finance,125580
1536,Lisa Thompson,Operations,80091
2225,Michael Robinson,Engineering,130785
6872,Christopher Sanchez,Finance,134792
7295,Anthony Young,Customer Service,122785
2089,Jane Walker,HR,102836
3075,Steven Taylor,HR,105823
9451,Anthony Sanchez,Sales,30587
2686,Mark Thomas,IT,113393
8752,Daniel Lee,IT,147104
3425,Robert Lee,Engineering,91961
4356,Anthony Rodriguez,Marketing,64272
4659,Elizabeth Gonzalez,Legal,126815
5941,Andrew Ramirez,Operations,83282
1044,Betty Young,Operations,41440
8891,Paul Jones,Marketing,89788
9937,John Harris,Marketing,78474
3635,Amanda Smith,IT,107190
3,Jessica Smith,Operations,137914
1986,Jane Thomas,Finance,42132
2036,Paul Lopez,Customer Service,78025
9677,John Moore,Finance,31603
5310,Matthew Allen,IT,118397
8656,Robert Smith,Research,71763
1462,Jane Williams,Sales,36185
6351,Mark Robinson,Operations,77264
8406,Dorothy Lee,Legal,46179
882,Andrew Miller,Sales,35072
2731,Sarah Clark,Sales,83222
8907,David Hernandez,Marketing,104352
8366,Emily Taylor,IT,145026
5403,Andrew Sanchez,Marketing,147472
3226,Mark Gonzalez,Engineering,149523
5964,Elizabeth Gonzalez,Customer Service,94277
4595,Amanda Davis,HR,143510
5447,Anthony Jones,IT,137029
5346,Donald Martinez,Legal,55830
3495,Emily Davis,Legal,93446
1398,Anthony Clark,Operations,121924
7308,James Sanchez,Finance,68474
8299,Betty Martin,Finance,111073
3656,Sarah Anderson,Operations,128361
8373,Emily Miller,Engineering,95599
6310,Daniel Davis,Engineering,82322
