C_ID,C_NAME,AGE_YRS,LOC_CD,REG_DT
2074,Mark Moore,37,Tucson,2025-08-08
8789,Elizabeth Martinez,30,Portland,2025-01-23
8468,Jane Brown,43,Nashville,2021-12-02
3316,Ashley Young,50,Seattle,2024-08-27
1301,Jennifer Brown,46,Boston,2022-04-12
8499,Jane Walker,69,Fort Worth,2021-12-20
535,John Williams,28,Jacksonville,2024-05-11
6711,Ashley Miller,54,Dallas,2020-09-02
3241,Amanda Moore,22,Los Angeles,2020-04-14
6565,James Lewis,23,Charlotte,2022-02-20
7507,Anthony Walker,34,Houston,2025-01-02
4787,Dorothy Smith,47,Denver,2020-08-12
530,James Williams,49,Fort Worth,2024-04-26
656,Sarah Clark,65,San Antonio,2021-07-19
5353,Dorothy Lopez,45,San Jose,2020-02-17
7773,James Martin,60,Kansas City,2023-02-23
3056,Michael Walker,65,Fort Worth,2023-03-06
5230,Donald Harris,39,Mesa,2021-04-27
3418,Steven Gonzalez,23,Kansas City,2023-11-14
2460,John King,19,Albuquerque,2025-03-13
4384,Daniel Sanchez,52,Houston,2021-10-09
4553,Jennifer Gonzalez,53,Fresno,2021-02-04
1581,Donald Williams,56,Oklahoma City,2025-12-02
6366,James Wilson,34,Phoenix,2020-10-28
5443,Robert Harris,22,Boston,2021-04-17
2773,Dorothy Smith,36,Louisville,2024-01-24
2704,Elizabeth Lee,61,Indianapolis,2023-08-01
6744,Lisa Lopez,55,Los Angeles,2024-05-01
6601,Lisa Allen,18,Indianapolis,2020-09-13
3096,Andrew Miller,45,Phoenix,2020-11-01
5093,Joshua Walker,61,Austin,2023-12-22
612,John Robinson,44,Washington,2021-06-19
4698,Daniel Lee,62,Louisville,2025-03-21
3312,Elizabeth Harris,38,Charlotte,2022-09-11
8091,Mark Johnson,20,Milwaukee,2024-02-07
1461,Andrew Lewis,43,Albuquerque,2020-09-25
8961,Donald Martinez,50,San Diego,2023-11-05
2832,Nancy Smith,69,Fort Worth,2020-06-15
3867,Mark Robinson,44,Sacramento,2025-06-07
9511,Dorothy Davis,30,Boston,2023-05-10
2249,Sarah Johnson,46,New York,2023-01-28
3258,Dorothy King,57,Philadelphia,2023-03-14
2022,Elizabeth Young,66,San Diego,2025-05-16
8273,Steven Lewis,65,Sacramento,2021-07-26
864,Amanda King,41,Phoenix,2022-03-19
3305,Matthew Anderson,53,Tucson,2025-02-17
5817,Steven Rodriguez,37,Mesa,2022-04-21
9401,Jessica Thompson,44,San Francisco,2023-04-19
4038,Donald Perez,30,Mesa,2020-05-27
2847,Robert Lopez,48,Boston,2025-09-15
5974,Mark Sanchez,36,Los Angeles,2024-05-25
2861,Lisa Walker,19,Dallas,2020-03-03
1735,Lisa Rodriguez,55,Fort Worth,2021-06-27
2651,Dorothy Walker,29,Fresno,2024-04-21
8244,Nancy Davis,28,Jacksonville,2021-12-05
2642,Mark Jackson,41,Fresno,2023-11-27
5114,Andrew Jackson,66,Columbus,2023-08-11
9134,David Wilson,29,Milwaukee,2023-10-14
9557,Lisa Clark,60,Milwaukee,2020-01-25
7762,Amanda Hernandez,37,Tucson,2023-11-15
4276,Lisa Garcia,35,Philadelphia,2025-02-20
8172,Jane Perez,39,Dallas,2025-04-26
4685,Sarah Thomas,53,Denver,2025-10-26
5210,Robert Harris,45,Chicago,2023-11-22
8065,Amanda Jones,66,Mesa,2020-11-12
3191,Anthony Walker,70,Nashville,2021-04-07
7912,Emily Jones,57,New York,2021-09-08
4136,Deborah Thomas,33,Oklahoma City,2021-01-25
9127,Paul Miller,36,San Diego,2024-03-27
7623,Lisa Martinez,33,Milwaukee,2022-07-13
2058,Andrew Clark,36,San Antonio,2022-09-21
2236,Lisa Moore,18,Charlotte,2020-05-15
2168,Nancy Hernandez,56,Seattle,2025-03-27
3810,Joshua Lewis,49,Austin,2023-04-24
1984,Donald White,28,Indianapolis,2023-12-09
