EMP_ID,EMP_NM,DEPT_CD,SAL_AMT
2302,Emily White,HR,94634
737,Nancy Wilson,Legal,101733
9132,Nancy Jones,Research,89923
6943,Amanda Ramirez,Engineering,96484
8257,Donald Taylor,Finance,60192
3079,Jennifer Robinson,Sales,118423
8370,Jennifer Robinson,Finance,141624
8762,Jane Garcia,IT,43473
9207,James Williams,Sales,125243
1396,Joshua Miller,Finance,87169
9097,Amanda Jones,Customer Service,48756
3094,David Clark,Legal,148848
7500,Jane Young,Sales,114736
6463,Matthew Lee,Marketing,132819
6679,Elizabeth Walker,Sales,74081
7353,Jane Lewis,Customer Service,78712
2533,Matthew Smith,HR,75824
8274,Emily Jackson,IT,53994
9744,Dorothy Rodriguez,Operations,84854
1353,Jennifer Lewis,Engineering,59124
1897,David Allen,Operations,124240
2771,Daniel Walker,Operations,117109
7249,Mark White,Operations,140650
8002,Lisa Martin,Customer Service,141877
8757,Steven Martinez,Operations,141755
5551,Matthew Williams,Research,119708
4899,Dorothy White,Customer Service,115346
9013,Jennifer Sanchez,HR,78716
2301,Daniel Lewis,Research,96365
9225,Daniel King,Operations,68882
3096,Christopher Jones,Engineering,100883
3628,Nancy Lopez,Marketing,113005
2146,Mark King,Customer Service,61071
8474,Jessica Sanchez,Engineering,78025
3410,Lisa Martin,Operations,61567
6239,Ashley Anderson,Marketing,97365
4937,Jennifer Garcia,IT,126859
7426,Joshua Walker,Legal,50947
5653,Paul King,Research,76951
1946,Donald Ramirez,Marketing,145988
8481,Jane Rodriguez,Legal,72152
5373,David Clark,Operations,113690
550,Steven Garcia,Engineering,64427
7382,Nancy Young,HR,145196
5060,Betty Lewis,Operations,47483
2771,Christopher Davis,Finance,64436
6274,Betty Perez,HR,146132
1762,James Smith,Operations,81696
5217,John Thompson,HR,114228
9113,Steven Taylor,Engineering,126386
382,Donald Perez,IT,114401
6410,David Thompson,Customer Service,50156
5719,Andrew King,Customer Service,103403
4644,Anthony Jackson,IT,54772
1169,Nancy Martin,Finance,112056
4179,Karen Rodriguez,Sales,43390
8235,Anthony Wilson,Customer Service,31315
7828,Deborah Jackson,Research,103735
6250,Joshua White,Marketing,70146
6657,Ashley Allen,Engineering,127347
5397,Matthew Gonzalez,IT,127836
5940,Elizabeth Gonzalez,Customer Service,33556
940,Lisa Miller,Research,64871
5216,Michael Lopez,Sales,71446
4377,Karen Johnson,Operations,144082
9517,Dorothy Gonzalez,Legal,52087
1201,Emily Ramirez,HR,92701
9091,Jessica Anderson,IT,47963
402,Emily Smith,Operations,118239
3605,Jennifer Anderson,Engineering,131419
9458,John Smith,Marketing,66096
1032,Amanda Harris,Research,38938
5278,Emily Thompson,IT,119009
2125,Matthew Johnson,Operations,123612
3554,Lisa Rodriguez,Engineering,81969
1493,Amanda Thompson,Operations,108641
382,John Smith,Customer Service,125809
6121,Christopher Rodriguez,HR,106611
5661,Elizabeth Martinez,Sales,85860
4254,Christopher Jones,Marketing,91233
1066,Karen Perez,Finance,59379
6840,Deborah Allen,Engineering,148201
8537,Emily Wilson,Legal,102376
348,Jane Thompson,Operations,137224
2690,Lisa Jackson,Finance,42728
9245,Jessica Lee,Research,132731
3985,Paul Brown,IT,93550
257,Joshua Garcia,Sales,34579
9929,Matthew Jackson,Operations,51903
3873,James Lewis,Marketing,116153
1664,Lisa Sanchez,Research,33174
6319,David Garcia,Customer Service,115040
6836,Mark Gonzalez,Research,44852
9694,James King,Customer Service,144259
659,David Thomas,Marketing,82668
5367,Ashley Brown,Research,32398
3746,James Martin,Legal,123106
2735,Jennifer Anderson,Research,64947
9046,Emily Lee,Finance,96667
2995,James Lopez,Finance,113749
