EMP_ID,EMP_NM,DEPT_CD,SAL_AMT
6153,Jane Taylor,Marketing,78068
2753,Elizabeth Moore,Legal,46998
5684,Paul Robinson,IT,93715
2502,Robert Robinson,Legal,72975
5502,Joshua Williams,Sales,56494
6806,Dorothy Williams,Customer Service,138799
7533,Michael Moore,Finance,147434
678,Jessica Taylor,IT,55086
1241,Elizabeth Ramirez,IT,77609
1258,Paul Rodriguez,Sales,113356
1859,Lisa Jones,IT,74190
8832,Dorothy Garcia,Marketing,42740
9805,Donald Rodriguez,Marketing,75639
3976,Elizabeth Robinson,Legal,92356
695,Lisa Gonzalez,Sales,122124
3807,Joshua Lopez,Operations,74841
8578,Dorothy Hernandez,HR,62313
2747,Daniel Hernandez,Engineering,70780
4269,Lisa Taylor,Customer Service,73037
2381,Emily Harris,IT,51199
382,Matthew Thompson,Marketing,145939
8363,Robert Harris,HR,51272
6033,James Rodriguez,Marketing,115454
6849,Betty Garcia,Research,53057
8979,Anthony Rodriguez,Marketing,121887
5065,Jennifer Walker,Legal,107019
8639,Paul Rodriguez,Finance,110543
9139,Emily Smith,Customer Service,119456
6188,Betty Johnson,Research,63926
4107,Paul Johnson,Finance,131476
3639,Deborah White,Research,142016
4998,Sarah Miller,HR,30553
4086,Joshua Miller,Legal,42596
6059,Elizabeth Johnson,Sales,51938
49,Deborah Ramirez,Engineering,97476
3234,Deborah Williams,Marketing,34680
477,Emily Young,Research,146181
2133,Jane Anderson,Finance,102476
3337,James Allen,Legal,144485
4238,Elizabeth Walker,Engineering,125534
9741,Jane White,Research,141641
5542,Michael White,Legal,30487
7603,Amanda Taylor,Engineering,128608
5621,Ashley Williams,Marketing,126139
2590,Donald Allen,Operations,93649
8081,Daniel Ramirez,Finance,116765
6997,Donald Anderson,IT,84311
7764,Emily Miller,Legal,136277
6397,Daniel Lewis,HR,143634
5258,Dorothy White,Engineering,80625
3842,Dorothy Perez,IT,54150
3808,David Thompson,HR,82278
4420,Sarah Taylor,IT,118087
8979,Joshua Jones,Customer Service,45527
50,Daniel Anderson,Operations,126930
7256,Betty Hernandez,Sales,136686
8529,Elizabeth Robinson,Research,73108
6395,Matthew White,HR,109219
5583,Steven Lee,HR,101964
4025,Deborah Martin,Research,79050
7200,Steven Ramirez,Sales,123706
813,Dorothy Clark,HR,74221
5322,Ashley Smith,IT,71347
8494,Anthony Jones,IT,63221
9662,Anthony Davis,IT,149471
7912,Lisa Ramirez,Finance,94073
8891,Steven Miller,Engineering,30028
8755,Nancy Garcia,Sales,57678
8619,Joshua Martin,Sales,100537
9584,Elizabeth Thompson,Legal,33719
9774,Anthony Young,Legal,141719
1579,Lisa Moore,Research,107155
8221,Sarah Lee,Operations,30111
618,Elizabeth Robinson,HR,36418
4872,Jennifer Smith,IT,81048
7708,Andrew Lewis,Finance,86358
5596,David Lewis,Engineering,74622
4842,Jennifer Rodriguez,Legal,127484
4398,Ashley Thompson,Engineering,87815
6685,Elizabeth Walker,Finance,114803
8145,Daniel Clark,Engineering,39447
3800,Paul Davis,Finance,91731
856,Sarah Gonzalez,Sales,60691
6251,Sarah Brown,Customer Service,93536
5443,Betty Martin,Sales,31653
8659,James Perez,Sales,40034
4328,Michael Young,Operations,34198
2147,Dorothy Wilson,Operations,31579
1750,David Martinez,Engineering,92559
4795,Elizabeth Anderson,Finance,141455
7030,Michael Ramirez,Operations,31667
1562,Joshua Martinez,HR,42043
2040,Paul Robinson,IT,63647
4007,Lisa Wilson,Engineering,78011
6171,Lisa Walker,Operations,57560
926,James Young,Sales,70550
813,Karen Brown,Research,146931
6423,Betty Sanchez,Finance,79892
3293,Steven Williams,Operations,76787
4474,Betty Martinez,Customer Service,109870
