C_ID,C_NAME,AGE_YRS,LOC_CD,REG_DT
5767,Emily Smith,36,Dallas,2021-07-11
110,Jessica Clark,53,Portland,2024-06-20
1121,Elizabeth Sanchez,65,San Diego,2025-09-13
7418,Jennifer Ramirez,58,Seattle,2021-04-07
3183,Robert Garcia,36,Baltimore,2020-04-02
2729,Ashley Lopez,19,New York,2023-04-10
1684,Emily Moore,30,Baltimore,2023-09-10
5067,David Williams,30,Denver,2023-10-02
9155,David Lee,65,San Francisco,2021-01-02
2945,Steven Jackson,18,Austin,2024-10-14
7004,Daniel Taylor,62,Fort Worth,2020-03-20
8152,Michael Moore,70,Albuquerque,2023-07-10
8623,Dorothy Anderson,45,Baltimore,2025-12-28
9965,Anthony Thomas,64,Denver,2022-02-06
2357,Robert Lopez,51,Seattle,2020-06-08
2872,Anthony Lopez,26,Washington,2022-05-22
9523,Steven Lewis,45,Austin,2020-04-26
9475,Christopher Moore,44,Houston,2021-03-21
5768,Paul Johnson,70,Indianapolis,2022-05-13
7314,Jane King,68,Jacksonville,2023-01-04
7032,Mark Harris,34,San Diego,2023-10-13
8671,Joshua Lopez,67,San Jose,2023-12-16
9875,Amanda Smith,61,Indianapolis,2022-06-02
8591,Lisa Ramirez,44,Fresno,2021-01-05
3622,Michael Moore,50,Oklahoma City,2024-11-23
6874,Paul Davis,69,Milwaukee,2022-08-23
9084,Robert Thompson,52,Denver,2022-03-25
9999,Karen Ramirez,67,Philadelphia,2024-12-12
4677,Steven Young,27,Los Angeles,2024-05-01
3265,Emily Gonzalez,54,Los Angeles,2021-12-13
7919,Karen Brown,19,New York,2022-01-04
8670,Betty Jackson,51,Chicago,2023-03-26
9856,Christopher Martin,67,Columbus,2023-06-04
4923,Andrew Jackson,36,Sacramento,2025-11-25
2030,Jane Brown,54,San Antonio,2024-09-09
6943,Lisa Rodriguez,41,Nashville,2022-12-13
672,Nancy Lopez,40,Los Angeles,2020-11-06
2494,Daniel Hernandez,48,Washington,2020-10-01
4846,Emily Sanchez,56,Houston,2023-03-23
6720,Michael Sanchez,44,Phoenix,2022-10-25
6331,James Ramirez,22,Boston,2024-03-05
1840,Christopher Lewis,44,Mesa,2023-08-27
1624,Mark Smith,57,Los Angeles,2022-03-28
5501,Steven Davis,60,Louisville,2023-03-27
8087,Donald Sanchez,57,Nashville,2024-02-28
11,Robert Walker,40,Houston,2022-06-22
497,Michael Williams,49,Nashville,2021-07-13
3005,Emily Lee,61,Los Angeles,2022-12-21
8784,Dorothy Thomas,42,San Francisco,2023-12-16
8530,Dorothy Jackson,20,Las Vegas,2022-10-24
5433,Amanda Taylor,37,Washington,2021-04-21
6137,Amanda Moore,65,Fort Worth,2020-09-22
4713,Michael Gonzalez,41,Columbus,2025-09-08
3782,Emily Davis,20,Kansas City,2023-02-13
8979,Dorothy Williams,33,Mesa,2025-12-21
3664,Christopher Thomas,68,Boston,2023-06-16
8611,Christopher Garcia,29,Albuquerque,2021-12-16
3024,Nancy Ramirez,30,Jacksonville,2024-03-28
4536,Paul Davis,52,Phoenix,2024-12-04
2206,Amanda Anderson,56,Chicago,2022-10-01
7036,Mark Lopez,22,New York,2023-07-25
3341,Betty Jackson,30,Oklahoma City,2020-12-04
219,Steven Taylor,60,Houston,2025-01-06
3020,Sarah Johnson,34,Sacramento,2023-11-01
803,Andrew Jones,47,Las Vegas,2020-04-23
4848,Betty Gonzalez,22,Fort Worth,2024-08-19
4750,Robert Brown,70,Portland,2021-01-10
6164,Jennifer Jackson,49,Houston,2021-05-26
8347,Lisa Thompson,36,San Francisco,2022-06-17
2960,Lisa Gonzalez,40,Tucson,2025-12-24
7838,Sarah Martinez,30,Houston,2020-05-09
3039,Deborah Thomas,36,Indianapolis,2025-02-12
4936,Jane Davis,26,San Jose,2023-07-25
4687,John Rodriguez,63,Kansas City,2021-11-17
3787,John Thomas,21,Fort Worth,2024-02-22
