EMP_ID,EMP_NM,DEPT_CD,SAL_AMT
6331,James Taylor,Finance,134045
516,John Perez,Operations,88098
2083,Amanda King,IT,87346
310,Joshua Taylor,IT,82263
5123,David Rodriguez,IT,70260
5878,Jennifer Ramirez,Sales,110709
3104,Joshua Brown,Operations,96351
5341,Emily Rodriguez,Finance,49441
7331,Jessica Allen,HR,30526
2033,Betty Harris,Engineering,86738
4543,Paul Martinez,Legal,95896
4251,Michael Jackson,Finance,138810
1451,Matthew Taylor,Finance,77275
802,Ashley Lopez,Operations,96542
5065,Dorothy Clark,IT,144664
2080,Emily Clark,Finance,128193
4456,Jessica Sanchez,Operations,43092
4484,Dorothy Wilson,Finance,58611
2649,Robert Moore,Operations,80199
2296,Joshua King,IT,37518
8404,Christopher Miller,Operations,113752
1425,Jennifer Ramirez,IT,43391
1559,David Jackson,HR,116841
2152,Karen King,IT,41403
5419,Jennifer Wilson,Research,136671
6716,Nancy Harris,IT,124007
2946,Paul Robinson,IT,118454
465,Ashley Johnson,Legal,124853
2289,Michael Wilson,Legal,104484
7204,Donald Sanchez,Operations,76319
2300,Emily Gonzalez,Customer Service,111337
7363,Andrew Williams,IT,118654
8968,Elizabeth Jackson,Engineering,125788
5008,Mark Moore,Finance,128841
8727,Daniel Miller,Customer Service,99830
546,Jane Martinez,Engineering,90696
435,Michael King,Sales,97931
4921,Lisa Garcia,Legal,136242
3409,James White,Operations,45244
38,Anthony Jones,Customer Service,51656
1987,Deborah Ramirez,Legal,41349
8272,Elizabeth Brown,Operations,90089
2111,Daniel Garcia,Legal,87190
9882,David Thomas,Research,76205
7640,John Hernandez,Research,145024
1370,Christopher Hernandez,Sales,147111
4569,Daniel Brown,HR,118321
553,Jennifer Miller,IT,127750
5413,Sarah Ramirez,Sales,60243
8738,David Williams,Finance,112548
8797,Matthew Clark,IT,139573
7922,Elizabeth Clark,Marketing,43303
9053,Joshua Gonzalez,HR,79631
9054,Andrew Thompson,HR,94490
589,Donald Jackson,Sales,81610
1748,Jessica Johnson,Engineering,65409
7270,Daniel Harris,Engineering,68145
2570,Ashley Perez,IT,84136
1189,Karen Clark,Legal,33915
1935,Donald Young,HR,67781
8332,Betty King,Engineering,138132
3630,Jane Young,Research,122360
7538,Karen Martin,Operations,59305
2315,Nancy Martin,HR,95534
7848,Matthew Walker,IT,86529
367,Christopher Allen,Marketing,131017
2243,James Martinez,Marketing,67459
5310,Sarah Jones,Research,68076
5442,Elizabeth Davis,Research,111604
9109,Betty Young,Customer Service,31344
1840,Donald Jackson,Finance,30394
1404,Paul Martinez,Customer Service,90299
8305,Ashley Walker,HR,88764
4978,Jane Ramirez,Legal,149361
5886,Betty Young,Marketing,119323
3475,James White,HR,148531
803,Matthew Garcia,Marketing,123111
71,Karen Lee,Sales,65310
7606,Lisa Anderson,Marketing,55416
6432,Mark Moore,HR,54485
5008,Deborah Williams,Engineering,42169
923,James Young,Marketing,45859
4129,Daniel Jackson,IT,87357
9031,Donald Moore,Finance,46594
1252,Daniel Allen,Research,79812
6518,Mark Williams,HR,111458
9189,Lisa Walker,Research,128635
7154,Dorothy Lewis,Marketing,136440
6914,Christopher Perez,Marketing,64780
5653,Joshua Thomas,Customer Service,132803
2925,Amanda Sanchez,Finance,133362
4453,Michael Garcia,HR,76025
3339,Ashley Jackson,Marketing,72681
6506,Paul Davis,Customer Service,132455
9237,Joshua Allen,Marketing,45294
3368,Jessica Lopez,HR,122500
4857,John Walker,Finance,127224
3423,Anthony King,Operations,141447
2295,Jessica Wilson,Engineering,121551
2563,Steven Lee,Marketing,52107
