C_ID,C_NAME,AGE_YRS,LOC_CD,REG_DT
9313,Elizabeth Brown,22,Indianapolis,2024-12-22
2642,Karen Garcia,56,Boston,2021-08-10
3174,Dorothy Allen,29,San Jose,2024-08-16
2139,Jennifer Martinez,57,Los Angeles,2023-12-13
8700,Michael Thomas,26,Sacramento,2021-07-01
8262,Jane Wilson,23,Austin,2024-11-17
2742,James Thompson,46,Chicago,2024-04-02
4108,John Martinez,45,Mesa,2022-10-19
672,Matthew Ramirez,18,Fort Worth,2023-05-20
4995,Betty Hernandez,60,Columbus,2020-02-13
4082,Dorothy Lopez,38,Mesa,2021-02-11
3825,Ashley Taylor,65,Chicago,2024-01-22
3045,Andrew Martinez,59,Fresno,2022-10-06
6686,Jane Johnson,34,Portland,2022-01-23
75,Nancy Anderson,52,Fort Worth,2024-11-16
2885,David Young,61,Milwaukee,2025-01-09
1552,Lisa Anderson,39,Milwaukee,2022-09-01
414,Deborah Martin,52,Dallas,2024-09-09
2412,Anthony Garcia,54,Portland,2020-08-08
7853,Robert Hernandez,18,Fresno,2022-04-26
569,Elizabeth Lewis,44,Philadelphia,2022-09-11
3102,Lisa Miller,34,Mesa,2020-05-26
7349,Christopher Martin,46,Nashville,2022-10-28
6315,Joshua Harris,29,Los Angeles,2023-12-25
2273,Elizabeth Rodriguez,69,San Diego,2023-02-23
2951,Lisa Ramirez,22,Washington,2025-04-20
5398,Joshua Wilson,61,Austin,2022-07-12
2875,Andrew King,65,Los Angeles,2025-06-22
5139,Emily Robinson,66,San Antonio,2021-04-08
2548,Elizabeth Clark,41,Phoenix,2022-10-12
7825,Jennifer Thompson,28,Las Vegas,2021-11-27
1583,Donald Ramirez,65,Jacksonville,2021-05-23
9481,Donald Garcia,26,Tucson,2021-10-04
8423,Jessica Brown,41,Albuquerque,2021-02-12
2826,Joshua Martinez,60,Sacramento,2023-03-06
3429,Andrew Martin,24,Las Vegas,2024-04-20
9624,Michael Miller,40,Baltimore,2020-12-18
9475,Michael Taylor,46,Baltimore,2020-06-03
8367,Amanda Martin,18,Oklahoma City,2025-07-20
8665,Jennifer Jones,61,San Diego,2021-11-06
7708,Christopher Johnson,64,Louisville,2022-02-14
1019,Ashley Rodriguez,45,Mesa,2025-05-18
3012,Betty Smith,67,Baltimore,2021-06-06
1347,Karen Sanchez,18,Indianapolis,2025-04-21
774,Anthony Garcia,38,Milwaukee,2021-10-25
1533,Elizabeth Allen,54,San Francisco,2021-07-04
4218,Deborah Taylor,33,San Francisco,2024-12-09
3756,James Taylor,33,Denver,2023-12-06
9386,Andrew Wilson,69,Boston,2022-10-24
1081,Ashley Johnson,62,Denver,2023-11-05
9627,Donald Wilson,18,Fresno,2024-07-17
8827,Christopher Sanchez,31,Milwaukee,2024-11-09
9079,Michael Thompson,58,Tucson,2020-12-02
4136,Steven Lee,68,Denver,2021-06-15
970,Sarah Miller,59,San Diego,2021-12-05
7674,Jennifer Rodriguez,19,Seattle,2022-12-05
3550,Mark Lewis,54,San Diego,2020-07-21
4572,Nancy Hernandez,31,Philadelphia,2025-09-17
5613,Steven Robinson,46,Milwaukee,2023-03-10
4231,Jennifer Johnson,60,Milwaukee,2025-10-24
1667,Lisa Robinson,64,Houston,2021-04-26
1944,Joshua Garcia,39,Washington,2025-05-01
1368,Ashley Moore,58,San Francisco,2020-09-16
325,Anthony Lewis,31,Philadelphia,2023-10-15
373,Elizabeth Ramirez,69,San Antonio,2022-02-18
3358,Jane Wilson,50,Phoenix,2020-03-24
8603,Andrew Thomas,45,Fort Worth,2021-08-10
8999,Lisa Smith,32,New York,2021-11-05
8319,Betty Garcia,23,Nashville,2024-02-11
2402,Betty Johnson,65,Fresno,2024-07-12
3552,Lisa Perez,31,Kansas City,2023-05-17
3255,Christopher Perez,46,Tucson,2023-11-27
3786,Joshua Gonzalez,51,San Jose,2024-04-05
8726,Karen Taylor,26,Charlotte,2023-07-01
3370,Paul Lee,63,Oklahoma City,2025-10-09
