EMP_ID,EMP_NM,DEPT_CD,SAL_AMT
5556,Ashley Miller,Engineering,113392
808,David Allen,Legal,134364
7845,Sarah Thompson,Finance,149658
9317,Joshua Lopez,Engineering,115095
319,Michael Wilson,Legal,124477
3172,Daniel Jones,Research,81151
3794,Amanda Garcia,IT,47938
5032,Jessica Taylor,Engineering,121838
2926,Dorothy Anderson,Marketing,106651
5018,Michael Robinson,Operations,97544
204,Mark Hernandez,HR,140542
2682,Amanda Young,Finance,148405
8813,Emily Williams,Research,88013
9079,David Taylor,Operations,133166
6754,Joshua Jackson,Sales,148687
9636,Ashley Jackson,Marketing,95736
4268,Donald Miller,Finance,43379
5478,Nancy Perez,Sales,53727
9432,Ashley Martin,IT,131908
1681,Mark Sanchez,HR,66853
1676,Daniel Wilson,HR,60020
812,John Miller,Research,91710
7530,Jane Brown,Legal,93769
3335,Deborah Lopez,HR,38987
6340,Sarah Smith,Research,103710
3556,Anthony Lopez,Sales,48255
5339,Betty Miller,Legal,55333
2702,Jessica Ramirez,Engineering,126425
1795,Nancy Miller,Operations,149567
9505,Sarah Martin,Finance,87260
5836,Ashley Johnson,Research,140457
5833,Matthew Smith,Customer Service,128683
9441,Mark Lewis,Marketing,78208
9746,Sarah Smith,Engineering,141865
8065,Amanda Miller,Research,94170
5965,Anthony Garcia,Sales,85721
8825,Michael Gonzalez,Finance,36376
4912,Steven Ramirez,Finance,76163
4884,Nancy Lee,Operations,142626
120,Lisa Harris,Operations,113064
6387,David Taylor,Sales,78503
7317,John Wilson,Sales,133920
4242,Deborah Thomas,HR,53517
5611,Jennifer Lee,Engineering,107248
2288,Joshua Garcia,Research,61909
1174,Mark Martin,Marketing,94653
1537,Nancy White,Marketing,145432
1498,Amanda Allen,IT,45987
7453,Karen Clark,Legal,79150
6656,David Lewis,Research,117816
3546,Ashley Martinez,Sales,103547
3777,Betty Hernandez,Research,42959
2352,Mark Harris,Engineering,106888
521,Michael Gonzalez,Operations,35493
9124,Betty Lee,Sales,139401
8714,Robert Rodriguez,Sales,134907
6240,Elizabeth Sanchez,Research,34406
2609,Dorothy White,Research,134932
9256,Emily Martin,Sales,43957
5369,Jessica Rodriguez,Operations,128892
5904,Donald Perez,Marketing,121179
2374,Lisa Young,Sales,48562
1488,Joshua Lewis,Sales,40013
2046,Christopher Lewis,Legal,73246
624,Lisa Lewis,Sales,92379
6776,Sarah Davis,Customer Service,48604
3958,John Walker,Sales,107658
5630,Mark Walker,HR,35118
7332,Elizabeth Taylor,IT,57848
8999,David Garcia,Operations,74202
2500,Paul White,Research,126242
7915,Deborah Moore,HR,101437
6837,Deborah Hernandez,Legal,45511
3411,Jessica Taylor,Research,99145
5881,Lisa King,IT,65061
9752,Paul Davis,IT,38922
5545,Jennifer Moore,IT,98994
3635,Christopher Garcia,HR,53794
9791,Lisa Rodriguez,Customer Service,136643
6089,Nancy Davis,HR,104838
1430,Amanda Perez,Sales,122693
8209,Emily Young,HR,85451
7172,Amanda Moore,Engineering,105946
6790,Jennifer King,Research,37794
2577,David Jackson,Sales,57561
11,Andrew Gonzalez,IT,96956
9796,Paul Hernandez,Finance,70283
1523,Dorothy Robinson,Research,98342
9526,Nancy King,HR,88163
7927,Elizabeth Hernandez,Customer Service,117344
108,Michael Johnson,Legal,141670
6655,Amanda White,Legal,45054
5771,Matthew Martin,HR,40577
2803,Mark Rodriguez,Sales,105545
8707,Elizabeth Harris,IT,123211
3243,Donald Lopez,Engineering,48557
6067,David Brown,Customer Service,32758
960,Jane Lewis,IT,110280
6874,Sarah Martin,IT,114128
6215,Emily Lee,Marketing,142653
