EMP_ID,EMP_NM,DEPT_CD,SAL_AMT
9263,Robert White,Sales,148757
2564,Anthony Wilson,Customer Service,138262
7172,John Perez,Legal,143492
7012,Christopher Perez,HR,113672
3531,Karen Lewis,IT,110336
5072,Joshua Robinson,Sales,123682
4013,Mark Johnson,Operations,33124
7089,Michael Robinson,Engineering,67354
5865,Christopher Sanchez,Customer Service,79375
7975,Nancy Gonzalez,Finance,131253
1821,Karen Williams,Sales,143235
4787,James Allen,Research,36261
6994,Nancy Martinez,IT,36584
7214,Dorothy Perez,Legal,124743
9245,Christopher Wilson,Sales,111993
2197,Amanda Young,Finance,112779
808,Deborah Moore,Operations,145739
3718,Christopher Williams,HR,88934
5303,Karen Thomas,Research,50029
8429,Matthew Thompson,Marketing,144600
3076,Mark Garcia,Research,142281
310,Andrew Thomas,HR,38169
3211,Karen Martinez,IT,122088
6827,Karen Thomas,HR,83944
8480,Lisa Lewis,Customer Service,68467
2238,Karen Clark,Marketing,42777
8750,Michael Brown,Sales,60763
1352,Jane Harris,Sales,65449
6513,Daniel Thomas,Customer Service,132586
7180,Betty White,IT,92397
2241,Emily Perez,Research,98026
979,Ashley Gonzalez,IT,67873
7461,Amanda Lopez,HR,115169
830,Jessica Gonzalez,Marketing,105951
4383,Elizabeth Young,HR,141909
3736,Betty Lee,HR,75533
4552,Dorothy Smith,Customer Service,130942
75,Paul Taylor,HR,130021
8303,Jessica Hernandez,Marketing,139911
8439,Ashley Lee,Engineering,142582
2946,Nancy Clark,Sales,69954
2633,Jane Williams,Sales,93574
9292,Lisa Rodriguez,Finance,124646
9503,Lisa Perez,Research,131091
5794,Joshua Allen,Sales,57593
1231,Matthew White,Engineering,60888
1481,Lisa Jackson,Engineering,68607
4756,Matthew Allen,Legal,54348
7648,Donald Johnson,Finance,86556
702,Robert Perez,Sales,79008
6928,John Smith,Marketing,78024
1599,Sarah Robinson,Research,87968
8631,Daniel Lee,Customer Service,136041
7823,David Young,Operations,64172
4883,Elizabeth Wilson,Sales,58180
4193,Karen Williams,Marketing,68838
4532,Jane Williams,Operations,45830
9701,Dorothy Thomas,Customer Service,64220
6034,Amanda Anderson,HR,129230
6492,Deborah Martin,Marketing,83232
6003,Sarah Thomas,HR,51568
8308,David Walker,IT,92784
9337,Robert Walker,HR,76713
5171,James Wilson,Marketing,36586
6473,Andrew Thomas,Customer Service,73035
3450,Christopher Johnson,Research,53272
6143,Jane Lewis,IT,123696
6679,Dorothy Taylor,Legal,127731
7235,Amanda Clark,Finance,142307
8407,Lisa Smith,Finance,53795
2800,Michael Jones,Engineering,63720
7017,Jane Martin,Research,118351
9957,Mark Davis,Research,86089
7374,Jessica Lewis,Operations,139986
4465,Matthew Lopez,Marketing,103924
2658,Daniel Lee,Customer Service,93351
1595,Lisa Moore,Finance,97524
6890,Paul Miller,Operations,107648
5359,Ashley White,Operations,95239
9289,Robert Johnson,Marketing,59992
9557,Karen Garcia,IT,107237
3055,Robert Smith,Legal,89257
65,Ashley Garcia,Operations,31119
1409,Deborah Ramirez,Customer Service,71044
5548,Dorothy Martin,Engineering,95363
571,Karen Robinson,HR,134697
3507,Nancy Clark,Customer Service,90966
9251,Amanda Clark,IT,96330
985,John Sanchez,HR,120741
8558,Jane Clark,HR,117945
3094,Deborah Allen,Engineering,72551
6567,Jane Walker,Customer Service,111620
8783,Karen Clark,Sales,38290
4188,Elizabeth Taylor,Engineering,74457
6997,Steven Davis,Sales,88620
6299,Elizabeth King,Customer Service,60898
7168,Christopher Moore,Customer Service,94689
8608,Emily Lopez,Finance,139397
7669,Anthony Garcia,Finance,135371
3279,Anthony Thompson,HR,62994
