EMP_ID,EMP_NM,DEPT_CD,SAL_AMT
4729,John Miller,Marketing,72063
3371,Joshua Hernandez,Engineering,109588
4753,John Harris,Customer Service,67207
3095,Deborah Moore,HR,106039
9678,Mark Walker,Finance,118578
4267,Donald Martinez,Customer Service,119902
5529,Elizabeth Martinez,HR,97802
3385,Betty Wilson,Research,131904
9203,Donald Davis,Sales,103600
5467,Elizabeth Lopez,Operations,88495
5437,Michael Thomas,Marketing,115566
2851,Paul White,HR,138028
3239,Michael Johnson,Sales,137054
4066,Sarah Ramirez,HR,105490
8267,Jane Clark,Operations,47864
4771,Jessica Jackson,Research,54322
9136,Andrew Jones,Marketing,108838
8637,James Moore,Customer Service,94812
4818,Michael Smith,Sales,77586
8610,Paul Ramirez,Research,110214
5332,Sarah Gonzalez,Finance,80176
5025,Mark Walker,Finance,115218
8267,Jane Ramirez,Engineering,64167
3003,Ashley Lee,Legal,81370
428,Steven Smith,HR,44807
9899,Michael Martinez,Engineering,37118
3240,Ashley Johnson,Engineering,31307
1179,Jessica Davis,HR,147699
6362,Paul Garcia,Engineering,129994
5998,Lisa Ramirez,Finance,45488
5873,Deborah Brown,Marketing,117102
8093,Lisa Martinez,Finance,35663
1027,Ashley Hernandez,Legal,74042
1232,Elizabeth Sanchez,Operations,85051
379,Paul Perez,Customer Service,140159
9534,Anthony Taylor,Operations,79781
1196,Lisa Thompson,Customer Service,134313
3700,Paul Robinson,HR,123784
833,Jessica Allen,Legal,121811
6501,Joshua Lee,Legal,92861
3795,Paul Lee,Finance,66092
7820,Donald Davis,Sales,36176
8599,Jennifer Moore,HR,36494
1172,Mark Davis,HR,131115
4780,Michael Gonzalez,HR,63036
7538,Karen Smith,Engineering,101217
7913,Christopher Young,Sales,77306
3916,Karen Thompson,Research,57417
4276,Deborah Jones,Legal,126412
9805,Matthew Martinez,IT,148356
3568,Christopher Johnson,Sales,42327
365,Jessica Davis,Legal,59894
1070,Christopher Thompson,Operations,67530
3173,Deborah Davis,IT,91714
2897,Deborah Lee,Marketing,69901
2195,Robert White,Operations,44823
9626,James Lewis,Research,113606
6470,Emily Taylor,Finance,41896
1733,Michael Rodriguez,Research,144328
7615,Amanda Walker,Operations,146263
9472,Sarah Clark,Engineering,106133
9752,Betty Young,Operations,116528
672,Deborah Jackson,Engineering,70315
35,Robert Martinez,HR,145422
8361,Jessica Thompson,Legal,49491
1721,Michael Johnson,IT,84432
7148,Nancy Walker,Engineering,75536
7297,Sarah Anderson,Sales,127616
5940,James Brown,IT,98994
5260,Elizabeth Taylor,Engineering,71015
5498,Daniel Harris,Finance,133067
766,Jennifer Thompson,Finance,60283
9574,Elizabeth Smith,Customer Service,140809
8245,Matthew Jackson,Finance,61873
9208,Mark Moore,Marketing,58091
1673,Sarah Miller,Finance,46585
7030,Deborah Clark,Legal,70321
2138,Daniel King,Finance,81880
3859,Jessica Miller,Customer Service,38703
3831,David Moore,Finance,56726
7871,Donald Harris,Engineering,114100
7436,Joshua White,Research,116846
6221,Lisa Clark,Sales,80905
8377,Christopher Taylor,Research,148660
151,Amanda Moore,Finance,142044
8225,John Jones,Customer Service,78762
71,Christopher Robinson,Customer Service,125129
3742,Andrew Anderson,Legal,72536
903,Ashley Clark,Legal,80209
4421,Nancy Lewis,Engineering,57550
3564,Lisa Ramirez,Operations,146939
8578,Paul Wilson,HR,111322
1780,Steven Smith,Finance,33645
5467,Elizabeth Brown,Customer Service,113574
1069,Deborah Perez,Engineering,67209
7333,Daniel Miller,Marketing,126692
3631,James Taylor,Customer Service,121918
4484,Deborah Clark,Customer Service,62726
7657,Donald Sanchez,HR,43300
794,Andrew Perez,Customer Service,107916
