C_ID,C_NAME,AGE_YRS,LOC_CD,REG_DT
2173,Anthony Jones,42,Jacksonville,2023-12-19
9707,Lisa Clark,39,Phoenix,2023-12-12
8007,Andrew Rodriguez,50,Portland,2022-06-11
9902,Emily Jackson,49,New York,2023-07-08
3376,Matthew Davis,45,San Jose,2025-10-04
8817,Daniel Thompson,41,Sacramento,2024-08-09
8874,Sarah Allen,34,Austin,2020-05-11
1940,Ashley Thompson,56,Portland,2023-11-07
1614,David Perez,54,San Diego,2021-01-06
5521,Daniel White,46,San Jose,2023-10-07
8774,Deborah Moore,50,Fort Worth,2024-11-01
8645,John Lee,18,Kansas City,2024-04-05
3276,Donald Gonzalez,69,Chicago,2021-12-05
8832,Ashley Gonzalez,48,Austin,2021-10-20
6871,Sarah Lewis,37,Phoenix,2020-05-12
6699,Andrew Anderson,68,San Antonio,2022-11-27
3679,Amanda Moore,37,San Diego,2025-07-20
4425,Matthew Lopez,64,Albuquerque,2022-07-14
8015,Ashley Garcia,24,Washington,2023-08-24
4914,David Thompson,61,Phoenix,2023-01-02
7136,Deborah Miller,35,Philadelphia,2022-02-20
1153,John Sanchez,41,Mesa,2020-02-07
2788,Jennifer Miller,28,Mesa,2021-12-22
1551,Karen Johnson,52,Milwaukee,2023-10-17
2314,Dorothy Allen,54,Nashville,2020-07-09
4314,Jane Jones,49,Indianapolis,2025-09-05
979,Daniel Garcia,38,San Diego,2025-10-16
3821,Nancy Smith,39,Tucson,2020-11-20
2551,Anthony Walker,24,Columbus,2020-07-25
5454,Nancy Lee,25,Los Angeles,2024-02-21
3333,Andrew Thompson,54,Sacramento,2020-08-18
8959,Nancy Thomas,21,Columbus,2025-07-04
9058,Deborah Young,43,Philadelphia,2021-05-10
1850,John Sanchez,64,Charlotte,2025-01-06
9226,Emily Davis,46,Washington,2021-09-22
661,Robert King,42,Portland,2025-10-11
6118,Steven Gonzalez,58,Fort Worth,2022-10-09
4654,Karen Garcia,20,Philadelphia,2021-10-14
6266,Dorothy Jackson,46,Las Vegas,2022-11-07
744,Matthew Robinson,35,Seattle,2025-05-27
4027,James Taylor,65,San Antonio,2024-01-26
4355,Dorothy Sanchez,25,San Francisco,2023-02-22
791,Andrew Miller,47,Columbus,2022-11-04
7532,John Ramirez,20,Phoenix,2021-03-26
8622,Amanda Hernandez,38,San Jose,2024-08-22
8054,Steven Miller,25,Las Vegas,2020-02-18
6665,Lisa Johnson,20,San Antonio,2024-04-18
9540,Jessica Anderson,68,San Antonio,2022-06-11
5469,Daniel Thompson,26,Fort Worth,2020-10-27
9162,Paul Harris,57,Chicago,2024-02-24
4476,Deborah Garcia,61,Sacramento,2022-10-04
2490,David Garcia,41,Phoenix,2021-09-05
2084,Steven King,33,Los Angeles,2021-02-25
6851,Donald Hernandez,66,Fort Worth,2022-02-26
588,Dorothy Smith,65,Los Angeles,2025-03-01
5268,Lisa Martinez,63,Denver,2022-02-05
5812,Nancy Smith,24,Kansas City,2025-12-12
8033,Donald Moore,49,Columbus,2022-03-26
2558,Anthony Martin,39,Louisville,2021-11-09
5562,Jennifer Smith,47,San Diego,2020-03-19
8759,Amanda Ramirez,67,Phoenix,2025-03-03
2197,Karen Williams,22,Seattle,2024-11-20
3558,Lisa Sanchez,52,Washington,2020-09-13
5859,Daniel Thomas,43,Kansas City,2025-09-18
7167,Donald Jackson,64,Portland,2025-01-16
6900,Nancy White,60,Austin,2025-11-12
9051,Steven Harris,55,Nashville,2025-10-01
2490,Paul Davis,41,Los Angeles,2020-06-19
5101,Andrew Clark,57,Oklahoma City,2022-11-02
5596,Mark Martin,39,Louisville,2023-02-26
260,Steven Jones,33,Austin,2025-05-26
9875,Sarah Rodriguez,41,San Jose,2021-02-28
1144,Jessica Miller,43,Sacramento,2022-10-08
6413,Jane Jones,21,Denver,2022-01-04
5845,Andrew Gonzalez,41,Baltimore,2023-08-05
