C_ID,C_NAME,AGE_YRS,LOC_CD,REG_DT
7590,Emily Harris,18,Seattle,2021-10-13
3438,Lisa Hernandez,67,Kansas City,2020-08-01
2701,Lisa Lee,35,Nashville,2024-06-01
6485,Lisa Robinson,47,Chicago,2024-05-26
2245,James Williams,61,Chicago,2025-03-01
9765,Sarah Walker,31,Kansas City,2024-07-27
2853,David Allen,18,Nashville,2021-12-24
1650,Andrew Ramirez,26,Los Angeles,2021-06-14
3136,Lisa Walker,51,Chicago,2021-11-14
7372,John Ramirez,47,Seattle,2024-07-10
9957,Daniel Young,46,Charlotte,2024-09-16
7074,Matthew Clark,61,Oklahoma City,2021-07-10
4920,Robert Allen,41,Louisville,2023-06-11
9143,Andrew Jackson,28,Las Vegas,2024-03-11
9054,Andrew Jones,58,Boston,2022-10-27
7148,Joshua Miller,44,Fresno,2022-01-13
3699,Betty Clark,37,Las Vegas,2023-12-19
2044,Daniel Anderson,24,Fresno,2020-02-23
9900,Dorothy Lewis,31,Chicago,2023-09-06
4283,Donald Martinez,18,Phoenix,2025-09-20
9137,Andrew Perez,23,Washington,2021-01-27
2271,Michael Ramirez,42,San Antonio,2021-12-22
5540,Christopher Hernandez,32,Baltimore,2020-08-16
6071,Karen Harris,43,Fresno,2021-12-13
4067,Emily Young,52,San Diego,2022-01-03
9359,Jessica Rodriguez,68,San Francisco,2020-03-28
8123,Steven Lee,53,San Diego,2024-11-10
4320,John Perez,70,Boston,2022-10-06
9692,David Smith,42,Fort Worth,2023-11-01
463,Dorothy Martinez,65,Portland,2024-07-19
8740,Anthony Anderson,24,Fresno,2022-11-27
4733,Matthew Lopez,54,Austin,2025-03-02
4918,Andrew Moore,66,Seattle,2025-02-13
5616,Jessica Rodriguez,58,San Diego,2025-02-11
3698,John Brown,32,Milwaukee,2025-04-09
5665,Joshua Young,64,Tucson,2020-10-13
2635,Dorothy Rodriguez,60,Baltimore,2023-01-13
7895,Mark Sanchez,61,Fresno,2023-03-10
8749,Dorothy Lewis,46,Los Angeles,2022-05-05
9140,Emily Harris,34,Los Angeles,2020-05-22
4861,Emily Perez,37,Kansas City,2025-05-18
953,Nancy Smith,64,San Diego,2024-04-06
1843,Joshua Moore,49,Jacksonville,2024-01-05
4251,Daniel Walker,54,Boston,2023-09-06
4804,David Harris,55,Kansas City,2023-12-05
3976,Paul Jackson,34,Kansas City,2020-04-17
6489,Elizabeth Wilson,23,Columbus,2024-02-23
3451,James Jones,55,Charlotte,2020-12-04
6459,Dorothy Thomas,27,San Diego,2023-08-06
8514,Nancy Anderson,23,Boston,2020-04-19
2284,Betty Sanchez,42,Jacksonville,2020-10-19
2076,John Young,28,Milwaukee,2020-12-24
9952,Lisa Rodriguez,27,Houston,2024-07-03
9861,John Lopez,22,Washington,2022-01-23
7879,Sarah Smith,38,Columbus,2023-01-05
5867,Jane Anderson,22,Albuquerque,2023-09-05
6896,Matthew Miller,53,Las Vegas,2021-02-21
5786,Ashley Davis,43,Indianapolis,2025-01-23
8486,Dorothy Allen,42,Chicago,2022-12-14
3723,Ashley Perez,23,Charlotte,2020-07-02
2244,Sarah Rodriguez,25,Washington,2024-03-28
9169,Lisa Martinez,34,Houston,2020-10-10
4204,Paul Smith,32,Kansas City,2020-12-03
8774,Karen Lewis,25,Boston,2024-08-05
7029,Christopher Martinez,49,Los Angeles,2021-09-21
8282,Dorothy Taylor,28,Phoenix,2023-11-21
1914,Anthony Thomas,31,Philadelphia,2023-02-24
4842,Elizabeth White,42,Mesa,2024-09-13
1532,Sarah Taylor,36,Fresno,2020-06-16
448,Matthew King,35,Houston,2023-06-09
6087,Betty Ramirez,41,Indianapolis,2024-03-25
770,Christopher Garcia,24,Nashville,2021-07-19
5753,David King,22,Las Vegas,2025-10-14
6230,Donald Davis,21,Louisville,2021-05-10
4274,Steven Brown,60,Philadelphia,2020-03-07
