EMP_ID,EMP_NM,DEPT_CD,SAL_AMT
7854,Christopher Allen,Engineering,58951
623,Christopher Ramirez,Operations,144728
4491,Daniel Perez,IT,128721
9570,John Davis,Legal,95229
8279,Jessica Lee,Customer Service,105159
6353,Andrew Clark,IT,43942
5227,Deborah Miller,Marketing,76116
9990,Emily Brown,Finance,121131
6892,Deborah Williams,Finance,138988
6951,Nancy Lopez,Finance,73167
3532,Robert Brown,Customer Service,99268
2798,Michael Lewis,HR,39751
5328,Jane Ramirez,Legal,78218
7195,Anthony Anderson,Sales,46430
9048,Donald Brown,Finance,138547
2513,Matthew Rodriguez,Finance,126541
2167,Robert Harris,Research,115084
8909,Matthew Thomas,IT,41816
438,Daniel Sanchez,Marketing,100677
7788,James Martin,HR,32791
2741,Daniel Sanchez,Engineering,116456
7703,Elizabeth King,Research,88700
3107,Matthew Rodriguez,Finance,131806
9236,Deborah King,HR,146353
9154,Deborah Lee,HR,122137
7478,Karen King,Finance,91056
1182,Andrew King,Engineering,115173
3467,Lisa Walker,Legal,31223
4018,David White,HR,90012
6800,Mark Robinson,Legal,100196
8795,Andrew Moore,IT,46614
5119,Mark Lopez,Marketing,124634
8809,Jennifer Ramirez,Research,97516
4079,Christopher Perez,Operations,96171
5401,Lisa Jones,Customer Service,42954
8040,Jane Thompson,Research,72339
9737,Paul Smith,HR,124798
6161,Amanda Jones,IT,67746
4582,Donald Lee,Finance,50757
2533,Mark Lewis,Legal,103499
7329,Deborah Jackson,IT,116690
5642,Elizabeth Gonzalez,Engineering,111062
2149,Christopher Hernandez,Marketing,33954
5814,John Lee,HR,121497
8679,Karen Martinez,HR,32133
6960,David Garcia,Engineering,85058
1665,Jennifer Ramirez,Sales,84297
5654,Anthony King,Sales,80841
912,Steven Young,Finance,130611
3418,John Gonzalez,Operations,115320
4760,Paul Wilson,Sales,124369
3775,John Miller,HR,36167
7992,Steven Thompson,HR,41083
9805,Paul Martin,Marketing,111417
9320,Andrew Gonzalez,Legal,115193
4297,Daniel Perez,Sales,143815
3562,Donald Robinson,Sales,132238
2611,Steven Ramirez,Research,48267
5806,Emily Moore,Engineering,74083
6338,Matthew Clark,HR,92968
2339,Jessica Anderson,Finance,85946
1170,Ashley White,Sales,133641
4883,Jane King,Research,77696
4608,Jessica Thompson,Customer Service,50168
440,Deborah Taylor,Legal,123051
2986,Amanda Sanchez,Sales,68747
8377,Betty Williams,IT,37792
855,Robert Moore,Operations,70286
9469,David Martinez,Customer Service,95965
1522,Robert Brown,Marketing,149968
9759,Donald Brown,Finance,133086
5223,Mark Harris,Engineering,71763
8000,Dorothy Lee,Finance,75795
3596,Karen White,Sales,97287
4495,Amanda Lee,Operations,89290
6837,Lisa Smith,Legal,108199
1015,Karen Taylor,HR,51564
1913,Lisa Anderson,Customer Service,134167
2541,Christopher Clark,HR,63902
1602,Betty Gonzalez,Finance,122432
882,Deborah Robinson,Legal,134758
9101,Emily King,IT,51045
170,Sarah Hernandez,Finance,144859
8731,Elizabeth Lewis,Operations,47100
9105,Deborah Martinez,Sales,42984
4057,Nancy Allen,Sales,93660
66,Lisa Harris,Marketing,66870
8168,David Ramirez,Customer Service,131145
2739,Andrew White,Research,74341
5171,Jane Johnson,Operations,139859
5353,Mark Moore,Operations,121098
399,Joshua Davis,Research,86832
9823,Karen Wilson,IT,103399
885,Mark Clark,Engineering,82826
8287,Emily Allen,Customer Service,64213
2222,Steven Martinez,HR,129562
2516,Deborah Lopez,Operations,47687
747,Emily Martinez,Operations,107909
4010,John Garcia,Customer Service,51629
9456,Matthew Lee,Research,45862
