C_ID,C_NAME,AGE_YRS,LOC_CD,REG_DT
7759,Elizabeth Clark,44,Chicago,2020-02-04
3585,John Allen,44,Las Vegas,2025-01-15
7420,Lisa Wilson,44,Tucson,2021-05-24
1441,Emily Lopez,32,Boston,2022-01-02
9295,Ashley Garcia,46,San Diego,2025-11-08
1582,Betty Johnson,64,Austin,2022-03-27
3532,Sarah Robinson,37,Baltimore,2025-11-19
1464,Daniel Miller,24,Portland,2021-09-22
4950,Robert Garcia,58,Nashville,2025-02-08
1591,Sarah Hernandez,18,Phoenix,2024-07-27
6226,Jennifer Hernandez,64,Boston,2022-08-05
7715,Michael Walker,64,Boston,2022-01-23
7204,David Davis,48,Dallas,2020-08-03
726,Steven Martinez,65,San Jose,2024-07-27
4168,Jane Moore,34,Boston,2022-09-02
5769,Jessica Anderson,37,Tucson,2024-06-01
9407,Daniel Davis,49,Portland,2024-01-26
2020,John Ramirez,44,Charlotte,2022-05-11
2174,David Moore,18,Portland,2025-11-21
6105,Karen Lee,47,San Francisco,2020-02-04
4959,Karen Williams,39,Indianapolis,2021-05-04
9659,Steven Harris,42,Washington,2021-09-07
4807,Dorothy Martin,47,Boston,2021-12-03
4781,Jennifer Walker,21,Oklahoma City,2020-03-23
2171,David Gonzalez,38,San Diego,2023-03-15
2857,Paul Rodriguez,44,Oklahoma City,2025-04-18
5585,Amanda Wilson,19,Columbus,2025-05-06
3565,Daniel Harris,49,Nashville,2023-11-25
8694,Deborah White,54,Nashville,2020-09-23
8302,Paul Smith,59,Sacramento,2021-12-17
2977,James Davis,25,Chicago,2020-07-20
4119,Jessica Davis,26,San Antonio,2020-11-11
7555,Emily Miller,29,Austin,2023-08-26
55,Jessica Brown,64,San Antonio,2022-08-05
6085,Anthony Hernandez,60,Oklahoma City,2020-05-08
9199,Robert Ramirez,35,Mesa,2020-02-14
4025,Paul Smith,31,Columbus,2021-03-24
9836,Paul Williams,19,Philadelphia,2025-10-26
9206,Sarah Ramirez,57,Seattle,2023-08-11
4602,Lisa Brown,62,San Jose,2025-02-13
8568,Donald Lewis,24,Dallas,2024-11-23
5633,Deborah Moore,55,Las Vegas,2020-08-22
5053,Robert Robinson,56,Tucson,2022-11-13
9001,Michael Sanchez,51,Phoenix,2025-07-24
2622,Daniel Smith,49,Oklahoma City,2020-04-12
1931,John Miller,39,Los Angeles,2025-12-10
6321,John Wilson,45,Dallas,2021-05-15
1456,Betty Lopez,28,Phoenix,2022-07-03
3924,Karen Young,51,Austin,2020-02-22
1548,Donald Martin,66,Phoenix,2023-10-10
1603,Joshua Garcia,45,Tucson,2025-07-26
2637,Christopher Sanchez,48,San Jose,2022-08-07
6262,Lisa Robinson,18,Oklahoma City,2021-05-20
6901,Lisa Anderson,54,Albuquerque,2023-05-02
6664,Matthew Garcia,22,Milwaukee,2023-12-12
730,Robert Ramirez,68,Oklahoma City,2025-07-18
6786,James Lewis,18,Albuquerque,2021-09-13
367,Michael Lewis,67,San Diego,2021-05-24
6119,Andrew Perez,50,Oklahoma City,2024-10-03
5970,Elizabeth Thomas,49,Kansas City,2025-08-11
1870,Christopher Miller,18,San Jose,2020-02-16
434,James Rodriguez,19,Milwaukee,2024-10-07
3929,John Walker,32,Seattle,2023-04-08
3110,Jane Moore,29,Kansas City,2022-05-01
448,Amanda Lewis,69,Nashville,2022-11-09
5921,Amanda Moore,61,Mesa,2021-04-15
3043,John Perez,57,San Diego,2024-03-04
4033,Lisa Perez,46,Mesa,2021-06-16
5562,David Rodriguez,50,Seattle,2024-09-08
8579,Andrew King,61,Philadelphia,2021-02-02
8733,Anthony Williams,47,Dallas,2021-03-26
5818,Steven Hernandez,43,Nashville,2024-10-02
6724,Matthew Lewis,35,Boston,2024-08-12
4717,Joshua Johnson,48,Indianapolis,2021-06-19
9461,Betty Williams,66,Milwaukee,2021-01-10
