EMP_ID,EMP_NM,DEPT_CD,SAL_AMT
7695,Matthew Lee,Sales,64881
860,Amanda Lewis,Research,32640
5950,Jennifer Miller,IT,36113
3626,Andrew White,Research,93959
8645,Christopher Thomas,Finance,133576
2987,James Davis,Marketing,124496
5743,Mark Lewis,Operations,65189
6526,James Miller,Sales,58474
4075,Elizabeth Williams,HR,86203
2222,Mark Perez,IT,38645
3890,Deborah Clark,Operations,44058
6556,Deborah Lopez,Engineering,146814
8515,Karen Brown,IT,139331
2576,Emily Lopez,Finance,120427
3444,Joshua Thomas,Customer Service,69958
7299,Dorothy Williams,Legal,105785
2470,Dorothy Martinez,Legal,36859
4239,Paul Hernandez,Marketing,133095
6208,Christopher Jones,HR,66460
8958,Donald Gonzalez,HR,123828
6510,Andrew Garcia,Research,115228
3400,Ashley White,Legal,78653
4365,Emily Moore,Sales,90390
7312,Elizabeth Robinson,Sales,139532
6652,John Smith,Finance,37066
9822,Mark King,Research,77617
8238,Matthew Lopez,IT,123558
7106,Betty Thompson,IT,146500
6763,Betty Thompson,Engineering,138163
7057,Lisa Lewis,Finance,119543
6077,David King,Engineering,104017
2231,Steven Robinson,Customer Service,134666
3822,Amanda Wilson,Marketing,102058
3817,David Ramirez,HR,81557
8285,Christopher Anderson,Operations,75364
5610,Jessica Jones,IT,142263
138,John Jones,Finance,77184
8094,Lisa White,IT,32093
9508,Amanda Smith,Sales,109698
888,Deborah Jones,Engineering,55027
9354,Ashley Anderson,Customer Service,64162
2015,Nancy Harris,Engineering,31454
9340,Amanda Williams,IT,134862
9119,Christopher Miller,Legal,43799
9752,Mark Sanchez,Legal,70110
3858,Lisa Sanchez,Engineering,63425
8049,Matthew Thomas,Finance,129502
8817,Ashley Lewis,Marketing,109710
7926,Paul Smith,HR,39807
3329,Andrew Ramirez,Engineering,97133
4042,Karen Miller,IT,84618
6095,Christopher Ramirez,HR,90312
5138,Robert Gonzalez,Sales,72985
1139,Nancy Robinson,IT,61469
1964,Elizabeth Gonzalez,Customer Service,85719
153,Robert Smith,Finance,135787
6514,Dorothy Wilson,Engineering,146874
3910,Paul Davis,Finance,93732
8548,Mark Lopez,Sales,124580
7170,Robert Davis,Engineering,124053
6180,Sarah Hernandez,Legal,104482
7882,Jane Martin,Engineering,127544
8653,Robert Lee,Sales,77585
3636,Deborah Ramirez,Engineering,125309
1720,John Wilson,Operations,37786
5190,James Jackson,Engineering,90805
89,Andrew Clark,Finance,42140
2280,Joshua Jones,IT,126869
7281,Jennifer Moore,Marketing,124013
5155,Ashley Jones,Marketing,94814
2122,Michael Martinez,HR,41402
83,Lisa Perez,HR,71776
2974,Christopher Sanchez,Engineering,111047
7951,Jessica Rodriguez,Research,91585
4989,Jane Martin,HR,106585
1434,Jane Martinez,Operations,59022
406,Joshua Harris,Sales,81485
1477,Christopher Robinson,Sales,56733
1172,Sarah Anderson,Finance,85025
4397,Joshua Johnson,Sales,84958
2272,Lisa Gonzalez,Finance,85679
2590,Jessica Martin,IT,32013
4073,Steven Moore,Sales,112996
9834,Mark Robinson,IT,82076
4444,Paul Williams,Finance,147164
9607,Dorothy Thomas,Marketing,91539
6379,Christopher Martinez,Research,92585
8890,Deborah Thompson,Engineering,32592
77,Matthew Williams,Finance,52515
5016,Matthew Smith,Research,61795
9628,David Sanchez,IT,76716
139,Emily Garcia,Legal,92850
7288,Lisa Davis,Legal,97480
4928,Ashley Allen,IT,136253
2398,Steven Perez,Marketing,140643
9957,Matthew Rodriguez,Research,106817
1817,Jennifer Davis,Operations,71848
2650,Jessica Johnson,Operations,146869
6564,Nancy Lee,Customer Service,144067
3026,Joshua Taylor,Legal,56039
