EMP_ID,EMP_NM,DEPT_CD,SAL_AMT
6610,Robert Martinez,Customer Service,92407
499,James Allen,HR,128222
7970,Joshua Taylor,Legal,101988
668,Steven Davis,IT,128771
6997,Steven Garcia,Engineering,93821
7301,John White,Sales,133537
2498,Steven Sanchez,Operations,105254
3490,Elizabeth Thompson,Operations,99197
1260,Emily Williams,Legal,58603
1554,Emily Hernandez,Sales,132227
4137,Steven Harris,Research,69326
2556,Jessica Garcia,Legal,70524
9397,Daniel Lopez,Research,108358
5686,Anthony Harris,HR,113031
5262,Lisa Rodriguez,HR,91194
8383,Michael Jackson,Research,143029
5146,Steven Anderson,Finance,104792
2575,Mark Rodriguez,IT,136404
9216,Amanda White,Finance,49273
4497,Emily Gonzalez,Research,64415
5834,Michael Anderson,Operations,45116
4070,David Taylor,HR,59346
2692,Ashley Perez,Engineering,116907
9290,Amanda Davis,IT,69971
525,Emily Thompson,Operations,79980
6063,Daniel Gonzalez,IT,53024
9650,Matthew Johnson,Research,76389
8830,Andrew Anderson,IT,94729
5980,Lisa Gonzalez,Finance,73624
4335,Christopher Thompson,Sales,60398
8199,Steven Ramirez,IT,148935
9151,Andrew Sanchez,HR,86344
4985,David Johnson,IT,135240
1514,Jessica Walker,Engineering,36504
2463,Nancy Lopez,Operations,65887
4847,Betty Hernandez,Engineering,62477
4401,Anthony Smith,IT,115721
6966,Jane Clark,Engineering,57807
4206,Michael Miller,Finance,53827
4298,Karen Hernandez,Marketing,58445
3027,Anthony Hernandez,Sales,121356
4839,Lisa Miller,HR,88120
6227,Elizabeth Gonzalez,Legal,118823
4657,Jane Jones,Operations,80719
8439,Jennifer Robinson,Engineering,50210
4190,Emily Garcia,Engineering,128950
1337,Nancy Miller,Engineering,60600
3146,Anthony Perez,IT,88389
3017,Emily Williams,Customer Service,99248
3859,Ashley Miller,Marketing,122757
2671,Jessica Gonzalez,Finance,50075
6300,Betty White,Marketing,122633
5281,Karen Jones,Marketing,60743
9957,James Clark,IT,145043
7502,Joshua Hernandez,Customer Service,95010
2956,Jane Miller,Customer Service,62601
2431,Mark Perez,HR,90129
9216,Amanda Miller,Operations,60166
5746,Andrew Clark,Sales,34513
809,Steven Thompson,Legal,137464
8886,John Harris,Legal,62159
3670,James Miller,HR,76034
2618,Joshua King,Sales,109419
2823,Paul Ramirez,Sales,134413
7544,Anthony Garcia,Legal,129836
8309,James White,Marketing,37993
926,Lisa Gonzalez,IT,106544
3467,Lisa Jackson,IT,71323
1523,Dorothy Gonzalez,IT,80256
9536,Jane Perez,HR,132264
6633,Steven Perez,HR,135027
2504,Betty Walker,Customer Service,53919
4012,Robert Martinez,Operations,99370
4831,Jennifer Sanchez,Customer Service,145604
4020,David Lopez,Finance,99784
1146,Andrew Sanchez,Sales,95789
2260,Lisa Brown,Marketing,56388
4164,Dorothy Williams,HR,131810
4545,Andrew Jones,Engineering,124077
9606,Jessica Garcia,Finance,108525
7667,Deborah Allen,Engineering,79083
3534,Paul King,Marketing,46564
6943,Matthew Martinez,Research,76784
2341,Nancy King,HR,109701
7334,Anthony Johnson,Operations,34311
9302,John Smith,Sales,32022
9482,Paul Jackson,Sales,50916
6531,Jane Jackson,Customer Service,100638
1180,Jennifer Martin,IT,56728
4120,Mark Smith,Operations,51796
8939,Robert Martin,Operations,91835
9542,Deborah Robinson,Research,107388
2330,Mark Rodriguez,Operations,119275
544,Elizabeth Smith,Engineering,41580
2087,Emily Taylor,Marketing,109531
4050,Steven Johnson,Research,67969
4161,Donald King,Operations,147937
996,Anthony Robinson,HR,98624
7516,Mark Thompson,Research,118135
6071,Joshua Moore,Marketing,91251
