EMP_ID,EMP_NM,DEPT_CD,SAL_AMT
6341,Daniel Jones,Customer Service,118802
4122,Ashley Lewis,Operations,43665
509,Lisa Walker,Legal,78763
9755,Anthony Rodriguez,Legal,72744
8929,Sarah Harris,Marketing,38930
2493,Paul Lewis,Legal,64388
739,Michael White,Legal,78656
5088,John White,Marketing,129658
4731,John Wilson,Operations,116593
8080,Dorothy Lee,IT,131054
6370,Amanda Gonzalez,Research,145238
1918,Ashley Miller,Finance,82010
3079,Joshua Allen,Customer Service,140519
8340,Christopher Miller,Research,44163
8027,Sarah Walker,Finance,68699
9975,Ashley Lee,Sales,84211
7001,Steven Martinez,Customer Service,40945
5775,Karen Walker,Legal,64222
3980,Daniel Ramirez,Engineering,41696
2322,Elizabeth Martinez,Customer Service,90243
6861,Robert Young,Marketing,62054
9107,Elizabeth Lewis,Research,58128
5798,David Gonzalez,Finance,130227
908,James Ramirez,Research,79242
5688,Elizabeth Allen,IT,33026
6720,Amanda King,HR,67565
1280,Christopher Robinson,Engineering,123485
372,Anthony Smith,IT,80810
3224,Jessica Thomas,Customer Service,116172
4696,Sarah Wilson,Finance,59762
3516,Matthew Miller,Marketing,138090
2896,Lisa Lewis,Customer Service,118590
2667,Emily Lee,HR,94809
8253,Elizabeth Martinez,Engineering,94710
3236,Ashley Gonzalez,HR,37258
6611,Amanda Martinez,Sales,122472
3193,Joshua Ramirez,Engineering,124586
8694,Donald Harris,IT,118268
4629,Betty Thompson,Legal,141803
9655,Mark Young,HR,90260
8048,Lisa Martin,Sales,90430
4962,Jennifer Brown,Marketing,61752
6360,Ashley Anderson,Operations,35427
8854,Betty Walker,IT,85346
200,Matthew King,Marketing,111776
3547,Deborah King,IT,124343
6183,Amanda Young,Finance,57916
5631,David Davis,Engineering,94665
7697,Nancy Taylor,Engineering,127826
6004,Steven Perez,Marketing,126477
8640,Joshua Lee,Legal,149000
1220,Matthew Johnson,HR,41465
6896,Dorothy White,Finance,109503
9915,David Sanchez,Marketing,113055
7799,Joshua Wilson,Engineering,149172
44,Paul Martinez,Operations,113547
739,Nancy Clark,Legal,32040
5772,Joshua Wilson,Operations,123302
6688,Nancy Allen,Legal,138848
1535,Christopher Brown,IT,50601
7220,Elizabeth Brown,Legal,121916
1755,Deborah Miller,Engineering,34411
8708,Anthony White,Finance,143118
347,Dorothy Hernandez,Finance,132811
8553,Mark Lewis,Legal,38287
3896,Andrew Wilson,Finance,87097
5327,Sarah Thomas,HR,94490
9267,Matthew Gonzalez,Research,68094
3861,Matthew Brown,IT,94776
6540,Karen Thompson,Finance,102724
1343,Jennifer Harris,Engineering,114443
4470,Karen Taylor,Finance,78569
9709,Michael Garcia,Legal,147256
5048,Ashley Thomas,IT,94926
4716,Elizabeth King,Marketing,63170
466,Paul Gonzalez,Engineering,138282
7821,Deborah Taylor,Research,43111
6291,Elizabeth Harris,Engineering,103541
1256,Deborah Miller,Engineering,82122
6703,Donald Lewis,Engineering,76289
4825,Emily Garcia,Finance,120259
1513,Donald Miller,HR,101816
4775,Nancy Clark,Operations,147754
1646,Ashley Martinez,Research,102947
7347,Emily Clark,HR,63836
1577,Elizabeth Jackson,Customer Service,54828
6947,Steven Lopez,Operations,94481
8829,Sarah Williams,Finance,136620
175,Emily Walker,Engineering,136781
5743,John Clark,Sales,69414
1387,Donald King,HR,103592
9882,Anthony Martinez,Engineering,84679
6393,Nancy Williams,Research,123451
8431,Elizabeth Moore,Engineering,121509
5681,Betty Hernandez,Sales,116015
6630,Karen Thomas,HR,105850
7680,Lisa Miller,Marketing,73879
7783,Sarah King,Research,72800
7769,Ashley Thompson,Marketing,56608
6840,Matthew Martinez,Research,104906
