EMP_ID,EMP_NM,DEPT_CD,SAL_AMT
392,Steven Clark,Research,47656
2293,Paul Jackson,HR,47507
3283,Jane King,Marketing,81625
2821,Amanda Ramirez,Operations,62842
4987,Jennifer Wilson,HR,94628
8361,Jessica Smith,Research,115545
625,Jennifer Lopez,IT,101240
782,Lisa Allen,Customer Service,85265
2370,Christopher Lopez,Customer Service,33438
959,Anthony Miller,Marketing,67435
7783,Andrew Allen,Customer Service,111679
9557,James Allen,IT,42308
7481,James Moore,Legal,31908
5146,Lisa Martin,Sales,140213
2864,Elizabeth Lopez,Customer Service,34903
792,David Brown,IT,106764
8976,Amanda Taylor,Legal,142409
3431,Matthew Williams,Engineering,91017
5475,Christopher Moore,Research,74449
4192,Elizabeth Martinez,Operations,30549
5031,Deborah Walker,Sales,132131
9203,Jane Hernandez,Finance,51817
4489,Michael Garcia,HR,121760
596,Matthew Wilson,Marketing,147769
8778,Jessica Walker,Customer Service,48998
8449,Mark Taylor,HR,65888
9613,Robert Martin,Research,49601
1543,John Moore,Customer Service,127382
6170,Anthony Wilson,HR,55544
9099,Jennifer Robinson,Finance,86084
3783,Emily White,Marketing,116712
9148,Deborah Lewis,HR,68575
5006,Nancy Davis,Engineering,114461
6141,Emily Jones,Finance,115649
8011,Matthew Taylor,Marketing,39976
1230,Joshua Robinson,Legal,66840
8992,Karen Clark,Operations,136968
7812,Deborah Thompson,Legal,96233
6783,Elizabeth Martin,Sales,56272
2024,Betty Sanchez,Engineering,70699
4465,Ashley Rodriguez,Sales,81473
6008,James Thomas,Research,145062
5353,Dorothy Thomas,Customer Service,98281
3239,Paul Garcia,Engineering,38070
5640,Amanda Allen,Operations,81850
5047,Andrew Jones,Finance,77869
6669,Robert Jackson,Customer Service,36585
5148,Dorothy Williams,Operations,105011
2358,Elizabeth Young,IT,73438
8318,Amanda King,Operations,96343
7345,David Lee,Legal,35318
5903,Sarah Anderson,Engineering,142540
4097,Michael Johnson,Operations,97456
2633,Amanda Robinson,Marketing,97284
6343,Robert Smith,Research,120383
5183,Donald Wilson,IT,66635
7289,Jessica Harris,Research,76556
7439,Lisa Jackson,Customer Service,98823
5468,Michael Perez,Legal,66707
5287,Nancy Thompson,Marketing,51803
5281,Paul Harris,HR,148081
1367,Donald Robinson,Sales,147558
4607,Robert Moore,Engineering,32033
3830,Joshua Allen,Marketing,45401
1534,Donald Hernandez,Sales,144992
7874,David Miller,Research,45911
848,Deborah Moore,IT,41046
5543,Paul Gonzalez,Research,45743
4554,Jane Martin,Marketing,30055
2311,Mark Perez,Sales,114644
3176,Mark White,Marketing,87498
1140,Sarah Thompson,Operations,134425
2312,Betty Sanchez,Finance,97323
45,Amanda Rodriguez,Operations,97032
9690,David King,Finance,92785
2362,Michael Miller,Marketing,96229
6628,Christopher Garcia,HR,104792
2721,Karen Martin,Sales,52736
839,Matthew White,Engineering,80144
6931,Christopher Clark,Sales,125491
5020,Emily Moore,IT,96110
7795,Jennifer Miller,IT,47711
5169,Jessica Jackson,Sales,137919
6132,David Johnson,Finance,111147
3688,Karen Rodriguez,Sales,73049
9075,Matthew Miller,HR,99503
5566,Donald Young,Finance,85768
5814,Deborah Rodriguez,Finance,35852
2668,Michael Miller,Sales,30750
1650,Daniel Jones,Legal,72689
1845,Lisa Garcia,Marketing,106696
2992,Daniel White,Marketing,98541
7811,Lisa Lee,Customer Service,129203
4219,Elizabeth Gonzalez,Customer Service,115932
9212,Donald Miller,Operations,72671
8849,Jane Gonzalez,Finance,59580
7059,Emily Sanchez,HR,127297
1377,Donald Walker,HR,93488
9528,David Gonzalez,IT,79498
7028,Betty Moore,Operations,108565
