C_ID,C_NAME,AGE_YRS,LOC_CD,REG_DT
5570,Betty Perez,36,Houston,2021-10-07
5127,Jessica White,66,Sacramento,2025-03-07
903,Paul Robinson,35,Austin,2020-04-19
8651,Deborah Young,64,Fort Worth,2024-01-22
8514,Jessica Brown,55,Kansas City,2024-02-18
7757,Matthew Clark,29,Jacksonville,2025-10-27
3973,Matthew Thompson,47,Dallas,2022-08-03
3234,Ashley King,39,Los Angeles,2022-06-03
2978,Mark Martin,51,Portland,2021-07-06
999,Joshua Miller,28,Milwaukee,2025-02-09
3398,Deborah Anderson,33,Fort Worth,2025-04-19
2106,Karen Harris,52,Sacramento,2025-03-23
9544,Lisa Lopez,25,Washington,2024-05-03
1392,Betty Davis,48,Dallas,2020-10-24
8414,Steven Gonzalez,68,Oklahoma City,2024-11-10
9233,Elizabeth King,64,Albuquerque,2020-04-10
8214,Deborah Young,48,Sacramento,2021-08-23
2109,Mark Lee,34,Kansas City,2024-10-09
7323,Jane Brown,38,Chicago,2021-08-19
4124,Donald Walker,20,Phoenix,2020-10-17
8125,David Garcia,19,New York,2025-01-04
8104,Daniel Martin,48,Philadelphia,2024-07-09
3023,Donald Perez,68,Charlotte,2023-04-09
43,Lisa Martin,67,Kansas City,2024-03-28
6156,Donald Williams,23,Mesa,2023-08-06
808,Andrew Brown,43,Austin,2021-07-10
9883,Amanda Robinson,56,Charlotte,2022-06-04
8128,Deborah Young,62,Seattle,2024-10-20
3102,Lisa Davis,57,Mesa,2024-12-10
8751,Jessica Taylor,40,Sacramento,2021-11-26
2445,Daniel Gonzalez,59,San Antonio,2023-07-11
8596,Amanda Martinez,46,Fresno,2023-12-03
5909,Christopher Davis,18,Nashville,2025-03-07
5367,Sarah Perez,64,Mesa,2025-02-20
5532,Robert Ramirez,49,Mesa,2021-01-27
7571,Steven White,70,Mesa,2023-02-26
4844,Mark Miller,42,Milwaukee,2024-06-03
8815,James Thompson,54,San Francisco,2021-12-23
9621,Jennifer Sanchez,19,Milwaukee,2023-09-16
5854,Emily Thompson,42,Dallas,2020-05-11
8259,Anthony Garcia,49,Albuquerque,2023-09-06
8084,Karen Brown,63,Louisville,2025-02-21
6073,Lisa Thompson,43,Indianapolis,2020-05-15
4160,Amanda Johnson,30,Houston,2021-12-03
4803,Ashley Allen,34,Louisville,2024-12-21
4240,Mark Gonzalez,21,Albuquerque,2020-02-26
1595,Daniel Martinez,46,Sacramento,2023-07-08
5163,Anthony Taylor,32,Denver,2022-03-10
4177,Jessica Martin,35,Portland,2025-06-18
6930,Sarah Garcia,67,Louisville,2024-03-18
5483,Matthew Garcia,42,New York,2023-04-27
5524,Deborah Jones,18,New York,2020-06-27
2402,Mark Lee,28,Milwaukee,2023-09-11
1421,Nancy Sanchez,67,Jacksonville,2025-06-16
6931,Michael Perez,68,Jacksonville,2023-06-16
6949,Lisa Gonzalez,37,Washington,2021-06-04
4776,David Garcia,50,Los Angeles,2021-02-04
1530,Steven King,53,Philadelphia,2020-09-09
9456,Michael Jones,21,Phoenix,2020-10-06
8063,Sarah Walker,61,New York,2024-06-10
2135,Donald Moore,18,Boston,2025-08-22
1365,Dorothy Harris,42,Mesa,2022-05-21
984,Mark Taylor,53,Phoenix,2025-02-07
9165,Dorothy Harris,37,Philadelphia,2025-12-01
6620,Nancy Martin,56,San Jose,2025-01-04
6349,Jennifer Young,32,Dallas,2023-01-05
1086,Daniel Clark,41,Sacramento,2024-08-01
4648,Daniel Wilson,34,New York,2021-09-25
7172,Anthony Lewis,32,Tucson,2024-09-16
152,Nancy Davis,61,Albuquerque,2024-01-20
9114,Amanda White,51,Las Vegas,2021-08-07
7199,Matthew Wilson,23,Chicago,2020-12-02
8111,Paul Moore,68,New York,2021-03-03
8984,Emily Martin,47,San Antonio,2021-09-09
5480,Sarah Smith,64,Portland,2022-01-03
