C_ID,C_NAME,AGE_YRS,LOC_CD,REG_DT
9976,Jessica Rodriguez,69,Washington,2021-03-07
4666,Jennifer Rodriguez,52,Denver,2025-04-19
9853,Amanda Sanchez,24,Fort Worth,2021-08-17
2934,Jessica Martin,60,Los Angeles,2022-05-21
4105,Steven Martin,61,Denver,2021-09-07
4448,Betty Brown,50,Philadelphia,2025-11-06
5807,Donald Rodriguez,21,San Antonio,2023-05-09
5331,Dorothy Smith,32,Boston,2022-10-24
737,Jane Martin,70,Sacramento,2021-06-25
7841,Lisa Allen,44,Las Vegas,2023-02-13
3223,Dorothy Robinson,68,Philadelphia,2020-10-11
1266,Nancy Walker,57,Kansas City,2022-07-13
1284,Betty Lopez,44,Dallas,2022-11-10
6296,Karen Jackson,18,Los Angeles,2022-07-09
4951,Deborah Young,57,Dallas,2024-08-13
1311,Ashley Moore,19,Jacksonville,2024-08-10
4477,Dorothy Young,60,Philadelphia,2022-12-12
1225,Joshua Anderson,34,Indianapolis,2024-02-24
399,Amanda Anderson,23,Boston,2020-03-03
2468,Anthony King,42,Las Vegas,2023-08-14
6858,Steven Smith,47,Philadelphia,2021-07-20
8922,Nancy Gonzalez,48,Phoenix,2021-02-21
6443,Jennifer Taylor,31,Jacksonville,2023-02-19
1358,Donald Jones,29,Philadelphia,2025-10-17
3074,Dorothy Wilson,29,San Antonio,2021-04-27
7106,Robert Perez,35,Milwaukee,2024-09-07
8819,Matthew Martin,27,Baltimore,2020-06-27
410,Lisa Lee,70,Phoenix,2023-10-16
546,Lisa Brown,25,Milwaukee,2024-06-16
3751,Mark Clark,18,Philadelphia,2022-03-04
4454,Daniel Robinson,53,Indianapolis,2025-12-26
2247,Jennifer Thompson,36,San Diego,2020-12-23
4977,Jennifer Lopez,33,Baltimore,2021-11-21
5370,Lisa Harris,57,Jacksonville,2020-03-22
2700,Jane Wilson,34,Jacksonville,2024-08-06
8080,Dorothy Clark,60,Chicago,2025-04-01
4080,David Lopez,53,San Antonio,2020-05-21
3266,Dorothy Williams,46,Albuquerque,2025-03-26
9159,Michael Hernandez,66,Charlotte,2025-02-21
857,Lisa Rodriguez,50,Denver,2023-01-26
400,Matthew Garcia,22,Mesa,2022-08-18
6381,Jessica Perez,57,Baltimore,2020-07-16
7349,Donald Williams,33,Jacksonville,2025-03-25
1931,Amanda Jones,21,Chicago,2020-05-04
6517,Michael Gonzalez,59,San Jose,2023-05-10
9474,Donald Walker,45,Columbus,2021-02-23
7648,Jennifer Lopez,39,Dallas,2024-06-03
5443,John Thompson,21,Los Angeles,2021-11-10
9432,Christopher Allen,32,Oklahoma City,2025-03-02
5613,Joshua Anderson,28,Portland,2025-03-14
2368,David Lewis,23,Philadelphia,2022-12-13
5981,Ashley Hernandez,58,Tucson,2021-02-28
693,Sarah Gonzalez,32,Las Vegas,2024-04-02
4314,Deborah Moore,59,Oklahoma City,2023-11-18
2784,Joshua Taylor,36,Oklahoma City,2020-03-15
1628,Ashley Lee,59,Los Angeles,2022-01-22
243,Ashley Thompson,56,Denver,2021-03-01
8152,Lisa Martin,69,Philadelphia,2022-06-07
8104,Matthew Moore,63,New York,2024-10-15
6508,Betty Martinez,69,Fort Worth,2021-05-08
2261,Dorothy Anderson,47,Columbus,2024-10-26
3546,Donald Rodriguez,29,Oklahoma City,2021-05-21
8722,James Walker,48,San Jose,2023-10-06
6224,Andrew Jackson,35,Philadelphia,2020-11-06
867,Sarah Clark,60,Columbus,2020-08-11
5497,Matthew Wilson,18,Albuquerque,2024-03-04
697,Paul Moore,49,Boston,2025-05-26
3682,Donald Davis,64,San Antonio,2020-07-01
3339,Robert Rodriguez,43,Chicago,2024-09-20
1693,Mark Williams,38,Portland,2024-09-27
9927,Betty Wilson,35,San Antonio,2025-11-08
2276,Deborah Thompson,33,New York,2023-03-09
9376,Amanda Gonzalez,63,Sacramento,2025-05-19
2370,Karen Lee,50,Houston,2022-06-26
2936,Steven Lewis,22,Columbus,2023-01-17
