EMP_ID,EMP_NM,DEPT_CD,SAL_AMT
5547,Sarah Davis,Research,101707
7853,Paul Clark,Marketing,129688
6413,John Anderson,Engineering,56341
7489,Paul Williams,Sales,142274
3182,Dorothy Hernandez,Legal,86729
1802,Betty Allen,Sales,113600
1411,Nancy White,HR,102991
3636,Amanda Johnson,Engineering,80770
4107,Steven Thompson,Marketing,78158
4876,James Johnson,HR,52197
9598,Amanda Lopez,HR,39855
5292,Paul Robinson,Marketing,81059
4414,Dorothy White,Finance,67989
1368,Steven Williams,Marketing,133426
1791,Emily Thompson,IT,127562
131,Karen Martinez,Engineering,99963
6031,Sarah Perez,HR,139354
8811,John Ramirez,IT,87331
378,Lisa Thomas,Operations,61327
604,Jessica Ramirez,Legal,64230
7701,Lisa Perez,Customer Service,41200
4489,Michael Rodriguez,Customer Service,30771
9147,Nancy Garcia,Operations,143242
5234,Dorothy Brown,Marketing,35914
7353,David Rodriguez,Finance,142542
7526,David Davis,Engineering,149556
5285,Mark Lewis,HR,58686
3322,James Moore,Operations,63906
3071,Donald Davis,HR,65819
2982,Michael Williams,Customer Service,128076
823,Jessica Hernandez,HR,134233
1115,Amanda Brown,Finance,142702
1014,Lisa Brown,Legal,114928
3231,Lisa Smith,Customer Service,32267
9636,Jennifer Garcia,Sales,141794
5954,Elizabeth Smith,Engineering,104884
9496,Steven Harris,HR,73144
2672,Daniel Sanchez,IT,119089
8437,Emily Rodriguez,Customer Service,43996
2957,Ashley Jones,Research,59075
9872,Donald Lee,Customer Service,106237
9200,Daniel Gonzalez,Operations,99746
1767,Anthony Clark,Customer Service,97843
9335,Paul Thompson,Research,76373
6309,Dorothy Martin,Sales,76469
6724,Jessica Brown,Sales,149590
7088,Jennifer Miller,Sales,83376
8185,Michael Brown,Sales,145862
8651,Mark Robinson,Legal,121346
9728,Jennifer Allen,Sales,84798
5752,Lisa Martin,IT,109075
4021,Sarah Lewis,Legal,48385
4017,Jane Jones,Finance,73105
5442,Donald Brown,Marketing,93035
8137,Emily Rodriguez,Operations,99534
5729,Karen Williams,HR,118949
4572,Joshua Anderson,HR,112350
2978,Joshua Lee,Engineering,143887
9614,Paul Thompson,Engineering,107066
8794,Daniel Perez,HR,59765
361,Emily Young,Engineering,119542
5657,Emily Gonzalez,Finance,112355
3522,Lisa Miller,Customer Service,133362
2613,Mark Ramirez,Marketing,87261
1580,Robert Martinez,HR,39005
8860,Amanda Lewis,IT,98133
8849,Steven Rodriguez,HR,96468
5829,Deborah Gonzalez,IT,145827
5873,Amanda Martinez,Engineering,147079
8362,John Jackson,Finance,147952
1143,Jennifer Walker,Engineering,124611
4793,Lisa Sanchez,Sales,109337
9286,Nancy Gonzalez,Customer Service,121205
1544,Lisa Lopez,Operations,101240
7503,Andrew Davis,IT,74898
4102,John Davis,Sales,37281
1215,Jennifer Robinson,Engineering,100527
76,Paul Lopez,Research,120048
2984,Karen Walker,Engineering,144645
2864,Jane Lewis,Research,148622
7401,Nancy Walker,HR,67898
3528,Christopher Ramirez,Legal,127359
6771,Deborah Miller,Marketing,71219
604,Mark Sanchez,Legal,41962
3347,Emily Williams,Marketing,60084
1328,Anthony Johnson,IT,60203
4973,Matthew Taylor,Marketing,75845
7888,Jennifer White,Customer Service,118855
4471,John Rodriguez,Finance,96920
7099,David Lee,IT,127043
3434,Joshua Williams,Engineering,65566
6149,Dorothy Davis,Customer Service,89004
7173,James Thompson,Customer Service,122369
8111,Betty Robinson,Marketing,66468
4910,Amanda Smith,Customer Service,100208
7349,Jennifer Martinez,Research,138234
9490,Lisa Robinson,Customer Service,105806
6731,Amanda Johnson,Customer Service,57502
2299,David Johnson,Sales,97101
6893,Steven Young,IT,45734
