C_ID,C_NAME,AGE_YRS,LOC_CD,REG_DT
4320,Lisa Robinson,30,San Francisco,2021-05-03
7511,Anthony Allen,57,Austin,2020-08-19
4041,Jessica Martin,63,Washington,2023-03-13
2682,Nancy Robinson,26,Sacramento,2020-07-24
2609,James Martin,31,Fresno,2022-08-14
2581,Deborah Garcia,47,New York,2025-03-27
2173,Anthony Anderson,26,Albuquerque,2021-06-24
6380,Sarah Young,37,Houston,2021-07-21
3946,Jennifer Ramirez,55,Dallas,2024-11-01
7233,Jessica Robinson,30,Dallas,2021-04-03
653,Steven Martinez,42,Charlotte,2021-09-28
7315,Elizabeth Williams,53,Dallas,2022-10-18
9573,Elizabeth Allen,21,Boston,2022-10-23
5881,Joshua Clark,44,Indianapolis,2025-12-20
725,Lisa Jones,20,Fresno,2021-12-23
3249,Joshua Lewis,48,Las Vegas,2020-12-27
2631,Betty White,31,Dallas,2020-11-26
690,Mark Taylor,63,Baltimore,2022-09-06
115,Lisa Thomas,33,Louisville,2023-05-01
7329,Daniel Robinson,57,Austin,2020-06-27
6120,Joshua Gonzalez,24,Portland,2022-02-11
7718,Andrew Moore,18,Portland,2025-10-04
8306,Betty Lopez,37,San Francisco,2022-02-11
2866,John Robinson,61,Nashville,2020-02-19
5772,Amanda Lewis,33,Denver,2020-09-25
5427,Matthew Jackson,34,Charlotte,2024-08-03
2541,Matthew Walker,54,Philadelphia,2020-10-25
7976,Matthew Gonzalez,38,Denver,2021-11-16
1784,Sarah Clark,26,Charlotte,2021-08-26
9660,Lisa Jackson,32,Sacramento,2025-11-12
9950,John Jackson,64,Jacksonville,2025-06-15
279,Andrew Jones,68,Chicago,2023-07-04
3161,John Clark,62,San Diego,2022-08-13
8516,Elizabeth Taylor,69,Houston,2021-03-09
2847,Christopher Robinson,52,Nashville,2020-01-24
2436,Steven Martin,68,Baltimore,2024-12-13
8958,Michael Robinson,35,Las Vegas,2020-07-17
2010,Nancy Wilson,54,Sacramento,2020-11-10
8276,Nancy Ramirez,63,Milwaukee,2025-11-21
406,Sarah Martin,66,Nashville,2025-03-25
5713,Michael Thomas,55,Sacramento,2020-08-18
1059,Ashley Garcia,65,Philadelphia,2021-07-18
2659,Emily Clark,24,Boston,2023-11-05
8227,Anthony Rodriguez,48,New York,2025-11-15
5560,Mark Rodriguez,34,New York,2022-06-19
5069,Mark Harris,68,Mesa,2020-12-28
7784,Dorothy Davis,32,Los Angeles,2025-01-25
1769,Lisa Young,30,Indianapolis,2025-06-24
1021,Christopher Rodriguez,39,Columbus,2025-01-11
6380,Emily Brown,62,Columbus,2022-04-09
6710,Joshua Clark,64,Philadelphia,2022-08-10
5491,Karen Lewis,42,Columbus,2022-12-25
8097,Anthony Rodriguez,44,Seattle,2021-10-18
6613,Andrew Miller,29,Tucson,2025-08-15
4974,Donald Walker,51,Fresno,2025-12-14
7128,Ashley Perez,34,New York,2021-05-19
2116,Anthony Jackson,35,Portland,2024-06-13
8794,Dorothy Martinez,30,Phoenix,2024-09-14
3893,Emily Allen,25,Nashville,2024-01-26
4242,John Harris,33,San Francisco,2025-10-27
61,Christopher Miller,23,Mesa,2025-01-08
422,Karen Davis,49,Washington,2020-07-19
9680,Ashley Sanchez,65,Fort Worth,2024-04-18
6217,Emily Thomas,28,Charlotte,2021-07-14
2276,John Lopez,43,San Jose,2023-09-13
3977,Mark Brown,66,Chicago,2024-07-26
4163,Jennifer Jackson,54,Kansas City,2021-01-22
5382,Anthony Sanchez,58,Portland,2024-08-23
5706,Karen Robinson,18,Sacramento,2025-05-08
30,Joshua Sanchez,23,Boston,2020-06-09
3957,Dorothy Gonzalez,44,Phoenix,2020-11-11
5169,Sarah King,30,Jacksonville,2021-04-28
5570,Nancy Allen,47,Louisville,2025-10-07
4264,Michael Harris,23,Chicago,2024-03-12
9448,Matthew Moore,63,Tucson,2024-10-21
