C_ID,C_NAME,AGE_YRS,LOC_CD,REG_DT
8965,Nancy Taylor,33,Mesa,2021-08-04
398,Steven Miller,46,Tucson,2024-09-08
391,Daniel Martin,39,Los Angeles,2025-12-24
1519,Lisa King,47,Boston,2025-04-07
7662,Karen Smith,47,Houston,2020-04-22
4741,Ashley Thompson,62,San Antonio,2023-12-10
1817,Dorothy Taylor,29,Philadelphia,2021-08-17
9908,Betty Thompson,57,Washington,2020-07-19
5792,Robert Johnson,24,Fresno,2021-05-26
4622,Ashley Thomas,50,Baltimore,2021-04-17
2305,Lisa Davis,52,San Diego,2020-03-23
5141,Mark Lewis,20,Phoenix,2022-06-02
8748,Mark Lee,69,Portland,2020-02-18
6254,Lisa Miller,49,Los Angeles,2024-02-09
1516,James Martin,56,Jacksonville,2021-06-04
3117,Betty Lopez,64,Fresno,2020-09-07
217,Ashley Martinez,69,Phoenix,2022-09-16
7253,Paul Brown,22,Phoenix,2020-04-07
2180,Dorothy Sanchez,22,Dallas,2024-01-07
5120,Michael Martinez,63,Boston,2022-02-24
2623,Emily Lopez,21,San Diego,2024-09-07
4781,Nancy Ramirez,54,Charlotte,2022-07-13
3605,Sarah Smith,69,Charlotte,2023-02-13
6774,Dorothy Robinson,57,Boston,2024-02-16
1317,Jane Allen,63,New York,2022-07-25
6329,Matthew Thomas,58,Fort Worth,2024-07-13
6908,Nancy Jackson,25,San Francisco,2021-12-10
7956,Ashley Miller,67,Kansas City,2025-05-24
1161,Christopher Martinez,18,Boston,2021-07-11
5454,Michael Lee,62,Columbus,2024-03-20
9226,Michael Taylor,28,Jacksonville,2025-09-19
7916,Jessica Wilson,42,Indianapolis,2021-10-26
968,Amanda Walker,30,Las Vegas,2020-07-19
3077,Anthony Gonzalez,54,Jacksonville,2020-09-07
5696,David Lee,24,San Francisco,2020-08-09
4821,Andrew Miller,33,Mesa,2025-05-10
6927,Jennifer Anderson,27,Washington,2022-10-07
5558,Nancy Taylor,44,Louisville,2022-01-06
5355,David Moore,62,Philadelphia,2025-05-18
9372,Jessica Miller,37,Houston,2022-04-25
9082,Matthew Brown,32,Washington,2021-04-12
3607,Karen Allen,53,San Francisco,2024-01-26
858,Michael Rodriguez,46,San Antonio,2021-04-25
3670,Robert Johnson,58,San Jose,2021-03-25
6103,Sarah Young,22,Mesa,2025-07-02
2463,John Brown,59,Austin,2023-03-20
9180,Jessica Lewis,42,San Jose,2022-07-14
1239,John Gonzalez,56,Dallas,2020-04-10
6005,James Ramirez,70,Milwaukee,2021-12-28
2686,Lisa Harris,59,Boston,2025-01-10
7985,Michael Davis,39,San Diego,2025-11-03
2029,Lisa Rodriguez,37,Jacksonville,2022-09-15
4615,Jessica Hernandez,24,Charlotte,2022-11-23
3564,Amanda Clark,29,Boston,2021-03-19
6306,John Taylor,61,Denver,2024-01-22
7124,Jennifer Miller,68,Charlotte,2022-09-13
5894,Betty Lee,45,San Jose,2022-09-09
6139,Sarah Johnson,66,Portland,2020-01-23
3826,Betty Martinez,49,Louisville,2023-08-01
4569,Amanda Garcia,66,Washington,2025-03-19
4919,Paul King,26,Las Vegas,2021-02-06
6260,Mark Martin,61,Jacksonville,2020-09-02
3027,Steven Gonzalez,64,Phoenix,2023-07-26
461,Lisa Taylor,65,Columbus,2024-12-16
3610,John Lee,46,San Francisco,2023-11-27
2395,Betty Lewis,67,Austin,2020-04-04
988,Andrew Miller,27,Jacksonville,2022-03-18
4002,Daniel Taylor,68,Boston,2022-01-28
1507,Karen Walker,36,Milwaukee,2024-12-10
930,Mark Ramirez,22,Louisville,2025-03-06
6582,Christopher Rodriguez,70,Philadelphia,2021-11-18
6617,Mark Smith,23,Albuquerque,2020-12-13
436,Emily Wilson,25,San Jose,2025-03-08
3479,Joshua Jackson,39,San Jose,2025-06-17
9874,Mark Wilson,64,Nashville,2022-12-21
