C_ID,C_NAME,AGE_YRS,LOC_CD,REG_DT
4451,Donald Walker,56,Sacramento,2021-08-22
4121,Lisa Johnson,34,Charlotte,2021-01-24
2540,Jane Robinson,51,Washington,2021-07-28
2209,Christopher White,60,Houston,2025-12-14
7714,Lisa Clark,65,Nashville,2020-05-18
5047,Nancy Lewis,29,Seattle,2025-04-01
8238,Emily Wilson,61,Kansas City,2020-07-16
1467,James Thomas,52,Tucson,2021-10-05
8594,Matthew Brown,44,Kansas City,2020-04-23
3305,Steven Johnson,31,San Jose,2021-10-27
915,Christopher Harris,51,Fresno,2024-06-10
7153,Amanda Thompson,53,Jacksonville,2022-06-01
2642,Lisa Rodriguez,21,Kansas City,2021-06-22
9882,Steven Allen,67,Tucson,2023-10-12
1195,Michael Thomas,65,Chicago,2024-03-11
4067,John Brown,35,Seattle,2025-03-12
8122,Joshua Wilson,41,Jacksonville,2020-04-21
9699,Nancy Perez,53,Jacksonville,2022-07-03
4025,Daniel Clark,31,New York,2023-07-15
6537,Elizabeth Williams,44,Fresno,2021-05-14
8846,David Williams,60,Denver,2021-07-13
4869,Ashley Brown,51,Philadelphia,2025-03-02
8851,Donald Moore,64,Fort Worth,2025-08-12
2265,Steven Williams,61,Milwaukee,2024-07-16
6298,Amanda Lee,38,San Jose,2023-03-09
6484,Amanda Jackson,59,Austin,2021-01-03
7446,Amanda Lewis,30,Boston,2022-02-14
9106,Andrew Williams,58,Philadelphia,2024-07-23
7885,John Garcia,66,Austin,2021-05-12
2827,Dorothy Jackson,70,Las Vegas,2022-06-10
1621,Emily Brown,42,Albuquerque,2020-12-13
4866,David Taylor,57,Houston,2021-01-09
5482,Jane Johnson,51,Houston,2021-02-07
2655,John Anderson,47,Nashville,2025-06-07
9607,Jane Brown,52,Phoenix,2024-11-24
1311,Ashley Perez,35,Milwaukee,2025-02-05
1549,Ashley Rodriguez,39,Kansas City,2021-11-20
6406,Andrew Martinez,26,Boston,2021-10-13
3846,Elizabeth Brown,41,Portland,2023-08-08
6629,Jane Jackson,66,Houston,2023-09-18
6940,Dorothy Rodriguez,27,Oklahoma City,2020-05-06
7898,Anthony Gonzalez,57,Los Angeles,2022-08-21
8540,Lisa Jones,22,Oklahoma City,2023-01-01
7668,Joshua Hernandez,35,Phoenix,2022-12-22
7471,Dorothy Lee,20,Oklahoma City,2023-10-08
5114,David King,51,Boston,2020-06-14
2849,Betty Williams,38,Dallas,2023-12-01
5755,Ashley Jones,25,Portland,2020-03-22
3182,Lisa Miller,29,San Antonio,2025-12-06
5298,Sarah Martinez,46,Indianapolis,2024-05-04
4546,Jessica Ramirez,24,Mesa,2023-03-06
5866,Amanda Davis,45,Las Vegas,2025-03-22
5515,Lisa Lewis,50,Las Vegas,2020-10-04
7370,John Davis,59,Chicago,2023-10-14
8496,Elizabeth Moore,18,San Diego,2021-09-07
429,Anthony Lee,69,Sacramento,2023-07-22
7270,Anthony Sanchez,38,Washington,2023-08-13
2912,Paul White,31,Louisville,2023-03-02
3666,David Jones,53,Columbus,2025-04-20
5175,Matthew Johnson,44,Seattle,2022-01-15
3645,Jane Jones,35,Seattle,2020-03-14
5511,Michael Rodriguez,68,Jacksonville,2024-02-19
3112,Christopher Jackson,28,New York,2024-08-06
2854,Jane Harris,40,San Antonio,2021-11-14
1599,Lisa Young,44,Seattle,2025-09-17
3721,Nancy Gonzalez,35,Philadelphia,2024-07-02
1510,Amanda King,49,Houston,2024-12-04
3049,David Miller,18,Washington,2020-05-02
2829,Betty Robinson,41,Fort Worth,2024-04-15
4207,Jessica Gonzalez,42,Mesa,2023-06-02
807,Mark Lewis,63,Seattle,2023-11-22
5398,John Hernandez,64,Fresno,2020-12-08
8228,Matthew Lopez,58,Columbus,2025-09-23
1316,Paul Thompson,65,Mesa,2020-03-18
1630,Ashley Garcia,28,San Antonio,2025-03-02
