C_ID,C_NAME,AGE_YRS,LOC_CD,REG_DT
302,Joshua White,54,Los Angeles,2021-03-22
5880,Jessica Jackson,20,San Francisco,2021-08-13
1447,Michael Gonzalez,59,Los Angeles,2024-12-14
7032,Ashley Gonzalez,22,Columbus,2022-02-27
9148,Amanda Smith,44,Dallas,2021-07-13
1225,Jessica Rodriguez,67,Tucson,2025-09-04
7124,Donald Robinson,69,San Antonio,2023-05-06
3126,Jane Brown,26,San Francisco,2021-02-19
8569,Robert Wilson,26,Sacramento,2023-10-13
5746,David Hernandez,35,Sacramento,2020-05-03
6367,Mark Williams,33,Tucson,2021-07-08
804,Paul Miller,20,Tucson,2021-06-25
8860,James Smith,18,San Francisco,2023-02-13
924,Ashley Taylor,61,Washington,2025-03-27
4945,Donald Johnson,69,Jacksonville,2021-01-06
8567,Betty Jones,52,Sacramento,2024-07-17
4909,Paul King,54,Philadelphia,2022-01-16
2755,Deborah Thompson,43,Oklahoma City,2023-04-26
9625,Amanda Young,38,Phoenix,2020-08-26
3977,Donald Clark,32,Kansas City,2021-11-16
4221,Jessica Smith,49,Albuquerque,2021-08-11
7976,Christopher Miller,38,Denver,2021-01-22
1353,Donald Davis,20,Las Vegas,2021-10-08
494,Dorothy Miller,38,San Jose,2022-07-17
9002,Mark Davis,37,San Diego,2021-07-20
1538,Paul Harris,47,Indianapolis,2022-03-01
894,Donald Lee,53,San Diego,2023-05-05
9492,Jane Smith,43,Boston,2022-01-16
8948,Ashley Wilson,38,Fresno,2020-08-20
6716,David Hernandez,22,San Francisco,2023-12-23
5341,Jennifer King,38,New York,2024-06-21
6527,Elizabeth Smith,58,Seattle,2023-02-10
7819,Karen White,34,Louisville,2021-07-24
5590,Paul Martin,18,Los Angeles,2020-01-15
5820,John Robinson,26,Las Vegas,2024-10-02
2201,Lisa Miller,48,Columbus,2022-08-09
3589,Amanda Young,39,Denver,2024-06-06
8170,Jennifer Lewis,25,Tucson,2022-01-07
7211,Jennifer Thomas,37,Oklahoma City,2023-08-25
1052,Lisa Martinez,49,Louisville,2024-07-12
3776,Jessica Smith,18,Charlotte,2020-04-19
4956,James Robinson,18,Chicago,2024-04-22
160,Mark Jackson,27,Tucson,2024-09-17
8760,Nancy Wilson,34,Austin,2023-07-23
5342,Sarah Allen,25,Albuquerque,2023-11-15
5499,Amanda Jackson,70,Tucson,2020-10-26
9584,Daniel Jones,35,Sacramento,2022-09-27
107,Lisa Jones,67,Austin,2021-06-25
2636,Emily Ramirez,21,Charlotte,2023-10-03
2118,Jennifer Robinson,32,Austin,2022-04-22
6431,David Johnson,27,Tucson,2021-10-03
1280,Donald Davis,65,Indianapolis,2022-05-13
8016,Andrew White,23,Fort Worth,2020-03-13
827,Dorothy Young,64,Austin,2020-02-25
7465,Lisa Walker,24,Austin,2020-11-21
9647,Anthony Gonzalez,41,Los Angeles,2020-05-23
7561,Elizabeth Jackson,60,San Diego,2022-04-06
5373,Sarah Harris,59,Denver,2022-11-18
7122,Nancy Young,54,Washington,2025-07-09
1368,Andrew Lewis,39,Portland,2020-06-05
6259,Mark Ramirez,51,Oklahoma City,2021-12-08
4192,Ashley Lopez,66,Seattle,2021-08-12
2907,Ashley Robinson,60,Dallas,2020-09-25
5273,Sarah Lopez,48,New York,2025-03-19
7562,Paul Rodriguez,38,Nashville,2023-07-11
8474,Ashley King,45,Fresno,2025-11-06
1948,Joshua Martin,26,San Jose,2020-06-13
7731,Emily Brown,18,Washington,2021-10-10
8959,Jane Anderson,51,Baltimore,2023-01-02
8629,John Thomas,23,Fort Worth,2022-11-20
6301,Jennifer Walker,18,Oklahoma City,2021-08-11
6004,Paul Garcia,24,Seattle,2021-12-03
6260,James Williams,48,Chicago,2022-08-08
5848,Joshua Thomas,33,Indianapolis,2025-02-10
2672,Jane Young,24,Los Angeles,2021-05-06
