C_ID,C_NAME,AGE_YRS,LOC_CD,REG_DT
8300,Jessica Taylor,35,San Antonio,2023-01-20
943,Amanda Lee,60,Milwaukee,2023-10-06
2007,Emily White,68,Houston,2021-07-23
2611,Nancy Taylor,27,New York,2022-11-23
4859,Deborah Brown,18,New York,2024-02-22
4522,Deborah Williams,40,Jacksonville,2025-08-15
5552,James Harris,24,Oklahoma City,2020-07-24
5183,James Thomas,59,New York,2021-07-27
7472,Lisa King,54,Las Vegas,2020-08-23
9737,John Thomas,61,Charlotte,2020-08-15
3575,Sarah Harris,36,New York,2023-03-01
5098,Amanda Jackson,46,Boston,2021-11-28
1767,Betty Garcia,31,Charlotte,2021-10-12
9383,Robert Smith,62,Milwaukee,2022-02-16
8302,Paul Lee,58,San Jose,2024-03-05
584,Dorothy Smith,52,Houston,2024-02-26
6529,Joshua Hernandez,58,Austin,2021-05-06
6098,Elizabeth Lee,36,Louisville,2023-04-17
1500,Elizabeth Thomas,56,Philadelphia,2020-04-23
6741,Emily Williams,59,Austin,2022-06-15
6969,Daniel Robinson,26,Denver,2021-09-05
3549,Nancy Young,34,Dallas,2021-04-07
3588,John Perez,64,Los Angeles,2023-07-27
730,Mark Martin,38,New York,2021-02-18
6712,Donald King,57,San Antonio,2024-05-06
6804,Ashley Moore,20,Portland,2022-11-06
8974,Jane Lewis,66,Tucson,2021-09-28
9200,Mark Lopez,19,Indianapolis,2025-09-03
6552,Lisa Rodriguez,67,Philadelphia,2020-07-05
7002,James Taylor,54,San Antonio,2024-11-10
3612,David White,27,San Antonio,2020-06-02
6086,Paul Wilson,23,Baltimore,2020-02-19
7974,Amanda Clark,26,Tucson,2024-01-10
190,Elizabeth Garcia,64,Philadelphia,2024-08-01
1361,Ashley Wilson,66,Baltimore,2021-10-09
8601,Karen Anderson,29,Louisville,2022-09-11
1031,Jennifer Moore,23,Los Angeles,2024-12-15
1804,John Anderson,68,Nashville,2023-09-17
9839,James Robinson,23,Jacksonville,2025-01-04
3979,Michael Thompson,42,Albuquerque,2025-03-08
8164,Michael Clark,64,Los Angeles,2023-01-07
4738,Steven Williams,43,Philadelphia,2025-08-12
9203,Michael Walker,61,Dallas,2024-05-01
1811,Mark Walker,25,Louisville,2022-03-12
8402,Dorothy Lewis,35,Philadelphia,2021-06-05
4285,Ashley Allen,32,Columbus,2021-02-10
5854,Jennifer Taylor,41,Albuquerque,2021-07-04
5603,Jennifer Miller,54,Oklahoma City,2023-09-18
3834,Jane Hernandez,39,Charlotte,2025-03-19
9082,Steven Smith,22,Milwaukee,2021-12-27
1014,Paul Johnson,51,Tucson,2020-11-05
7876,Elizabeth Lopez,32,Louisville,2022-10-26
2416,David King,37,San Diego,2024-10-01
5852,Emily Hernandez,38,Jacksonville,2022-05-15
9786,Dorothy Jones,25,Milwaukee,2024-12-17
6559,Elizabeth Williams,46,San Diego,2022-12-10
4520,Jessica Smith,62,Baltimore,2020-07-24
835,Lisa Miller,42,Boston,2025-11-17
2519,Paul Anderson,35,Sacramento,2023-08-23
3616,Jennifer Martinez,32,San Francisco,2022-05-25
6656,Daniel Johnson,54,Columbus,2020-10-04
9265,Daniel Jackson,42,Sacramento,2020-02-21
5875,Steven Smith,29,Tucson,2023-01-28
8222,Andrew Sanchez,54,New York,2025-09-05
1481,Elizabeth Jackson,59,San Francisco,2022-08-06
6260,Dorothy Young,70,Dallas,2025-04-10
3805,Anthony Rodriguez,31,Baltimore,2022-06-22
4503,Sarah Lewis,55,Houston,2025-02-24
4111,Sarah Sanchez,28,Dallas,2023-10-07
6591,Paul Sanchez,40,Fort Worth,2021-12-02
6817,Amanda Lee,65,New York,2023-04-17
7022,Andrew Lewis,30,Portland,2020-09-03
9492,Dorothy Davis,21,Jacksonville,2025-07-07
2252,Karen Lewis,44,Fresno,2022-09-16
2388,Donald Hernandez,36,Mesa,2024-06-07
