C_ID,C_NAME,AGE_YRS,LOC_CD,REG_DT
7901,Lisa Davis,23,Louisville,2024-04-08
7032,Amanda Garcia,27,San Diego,2025-05-20
1863,Lisa King,20,Milwaukee,2021-08-04
3715,Paul Ramirez,55,Phoenix,2020-07-07
2901,Betty Lopez,20,Phoenix,2021-06-13
6373,Deborah Miller,44,Seattle,2024-03-15
8724,James Jackson,68,San Diego,2023-01-15
6093,Nancy Rodriguez,67,Austin,2025-03-28
5126,Jennifer Williams,57,Albuquerque,2022-05-19
11,Robert Allen,37,Los Angeles,2025-09-11
445,Dorothy Smith,54,Washington,2023-10-13
4712,Dorothy Clark,53,Baltimore,2022-02-22
9539,Jane Sanchez,19,Denver,2020-03-22
4337,Amanda Gonzalez,38,Charlotte,2020-09-09
6139,Elizabeth Wilson,50,Charlotte,2021-04-21
549,Christopher Harris,70,Dallas,2023-12-28
9791,Matthew Moore,63,Mesa,2024-03-17
3831,Amanda Moore,26,Los Angeles,2020-10-05
4196,Lisa Rodriguez,46,Los Angeles,2022-04-21
5527,Ashley White,52,Indianapolis,2024-12-13
4752,Betty Johnson,53,Sacramento,2025-11-13
3575,Amanda Young,53,Nashville,2025-03-14
5986,Jennifer Moore,50,Washington,2020-08-24
611,Donald Young,23,Mesa,2025-07-03
1055,Dorothy Lopez,20,Las Vegas,2020-11-19
1560,Christopher Moore,68,Dallas,2025-09-08
7709,Anthony Gonzalez,35,Columbus,2025-08-22
5604,Anthony Miller,60,Philadelphia,2025-08-19
864,Elizabeth Wilson,31,Indianapolis,2020-06-09
1407,Deborah Wilson,27,San Antonio,2025-06-01
4280,Jennifer Young,61,Indianapolis,2020-10-02
5715,Matthew Hernandez,54,Fresno,2020-12-06
7060,Daniel Moore,46,Chicago,2023-02-20
1478,Jessica Young,49,Sacramento,2025-11-17
9910,Jessica Taylor,60,Los Angeles,2023-02-19
2918,Lisa Wilson,35,Chicago,2024-03-19
5012,Elizabeth White,54,Tucson,2023-01-07
3918,Lisa Martinez,58,Dallas,2020-06-21
336,Nancy Anderson,61,Washington,2023-03-24
785,Christopher Harris,49,San Jose,2022-08-17
4538,Sarah Williams,60,Milwaukee,2023-10-07
5079,Andrew White,28,Dallas,2024-04-24
5805,Mark Johnson,42,San Jose,2020-02-13
4924,Donald Garcia,44,Fort Worth,2024-08-12
8687,Robert Williams,52,San Jose,2020-11-16
4601,Jane Lopez,33,Portland,2024-10-13
38,Andrew Martinez,64,Phoenix,2023-08-16
399,David White,20,San Antonio,2025-02-25
9636,Joshua Garcia,50,Los Angeles,2025-03-20
342,Sarah Thomas,47,Albuquerque,2023-08-02
6294,Andrew Johnson,24,Los Angeles,2021-12-27
7292,Matthew Johnson,42,Phoenix,2023-09-07
5018,Robert Harris,62,Phoenix,2023-07-25
9664,Robert Walker,18,Kansas City,2020-07-09
4829,Nancy Wilson,18,Oklahoma City,2020-05-14
2729,Elizabeth Walker,55,Boston,2024-10-20
4192,James Hernandez,60,Sacramento,2024-08-03
932,Jennifer Lopez,68,Mesa,2025-11-22
6793,Lisa Robinson,21,Charlotte,2023-03-19
61,David King,23,San Antonio,2023-05-17
3753,Amanda Garcia,39,Fresno,2021-03-08
7993,Jane Jones,29,Fort Worth,2022-12-04
3980,Matthew Moore,27,Albuquerque,2024-12-27
7476,Betty Martin,19,Fort Worth,2024-07-03
3690,Amanda Lopez,68,San Francisco,2022-05-24
2111,Joshua Martinez,56,Sacramento,2023-06-14
702,Amanda Martinez,61,Indianapolis,2021-04-01
1641,Daniel Martinez,21,San Antonio,2021-04-28
5037,Joshua Young,63,San Antonio,2021-08-13
1696,Dorothy Brown,24,Washington,2024-09-23
5361,Paul Young,42,Fort Worth,2024-07-08
7890,Lisa Rodriguez,69,Baltimore,2020-11-15
4512,Lisa Perez,52,Chicago,2022-08-09
1829,Robert Harris,38,Seattle,2023-12-21
9584,Ashley Davis,24,Mesa,2023-09-10
