EMP_ID,EMP_NM,DEPT_CD,SAL_AMT
3197,James Hernandez,Sales,59735
1058,Joshua Taylor,Legal,137783
5668,Robert Allen,HR,120190
5924,Elizabeth Taylor,Research,126841
8376,Deborah Hernandez,Engineering,126115
4791,Karen Ramirez,Sales,82182
797,Jennifer Martin,Finance,109756
2964,Amanda Miller,Legal,146995
5112,Jennifer Williams,IT,132239
3278,Amanda Robinson,HR,74305
9647,Jane Taylor,Customer Service,42679
4177,Sarah Hernandez,Finance,142986
1166,Joshua Jones,HR,111810
848,Steven Sanchez,IT,34065
3963,Robert Williams,Marketing,35821
6192,James Williams,Finance,55279
2501,Jessica King,Engineering,119121
7437,Paul Lee,Legal,98497
1643,Lisa Young,IT,54018
4302,Anthony King,Sales,143117
5388,Steven Garcia,Operations,148031
2209,Jessica Jackson,Sales,43974
3531,Christopher Miller,HR,81167
173,Jennifer Brown,HR,61672
5553,Michael Clark,Legal,82468
9672,John Young,IT,68712
4395,Andrew Gonzalez,Legal,129373
3577,Lisa Jones,Sales,92236
4068,Steven Smith,Sales,42457
7390,Lisa White,Operations,145294
1034,Dorothy Perez,IT,74230
6775,Karen Johnson,IT,109719
9543,Mark Hernandez,Marketing,35490
6094,Betty Harris,Customer Service,42537
1483,James Wilson,Sales,42727
8542,Emily Gonzalez,Operations,86383
9204,Daniel Brown,Research,57564
9126,Karen Taylor,Marketing,107362
1127,Jennifer Davis,Sales,115787
5087,Donald Williams,Operations,137611
3327,Daniel Martinez,Research,71635
4247,Dorothy Miller,Customer Service,130677
8282,Matthew Sanchez,HR,129313
3496,Amanda Johnson,HR,59306
9113,Robert Hernandez,Research,94315
7546,Nancy Thompson,Sales,102137
2486,Emily Rodriguez,Legal,109808
6576,Mark Brown,IT,132207
1557,Robert Clark,Marketing,44936
9796,Robert Jones,Marketing,59575
8462,Dorothy Anderson,Engineering,109401
2215,Betty Jones,Operations,60800
639,Christopher Martin,HR,70360
5492,Dorothy Jackson,IT,108583
1623,Robert Williams,Research,108226
18,Lisa Smith,HR,76961
7088,Elizabeth Martin,Marketing,55718
512,Matthew Davis,IT,54111
4423,Deborah Smith,Finance,128504
5571,James Moore,Operations,79337
6713,David King,Customer Service,66134
3668,Jennifer Williams,HR,143738
3154,Donald Johnson,Marketing,62541
8409,Robert Lopez,Operations,32487
8159,Betty Moore,HR,143725
4592,Lisa Wilson,Sales,41643
6127,Steven Wilson,Legal,83175
9659,Andrew Thomas,Marketing,132367
6656,Jessica Allen,HR,54943
3054,Daniel Jones,Legal,61117
5802,Karen Johnson,HR,142026
8688,Betty Martinez,Finance,96357
3499,Deborah Williams,IT,135345
9969,Mark Jackson,IT,139923
3747,Karen White,Research,40948
9212,Joshua Thompson,Engineering,43007
9418,Anthony White,Marketing,146548
1666,Jennifer Thomas,Marketing,48099
4371,Christopher Garcia,Engineering,68316
8746,Ashley Young,Customer Service,120380
1696,Elizabeth Davis,IT,113319
6473,Betty Martinez,Finance,131722
1952,Jessica Clark,Marketing,135167
2137,Lisa King,Operations,127059
3628,Emily Hernandez,Legal,124308
743,Amanda Harris,Customer Service,54083
7070,Mark Perez,HR,96474
5651,Andrew Thompson,Sales,145297
4345,Robert Gonzalez,Legal,60035
984,Mark Garcia,HR,144339
5899,Elizabeth Miller,Finance,137670
6248,Donald Rodriguez,Sales,97628
7332,Nancy Perez,Finance,103515
971,Betty Jones,Legal,36709
1050,Deborah Johnson,Legal,46512
760,Jane Perez,Research,60721
1798,Ashley Garcia,Operations,47602
9611,Mark Lewis,IT,63489
8058,Andrew Moore,Finance,34822
3120,Deborah Miller,Research,129614
