C_ID,C_NAME,AGE_YRS,LOC_CD,REG_DT
4195,Christopher Anderson,35,Fresno,2024-08-25
2103,Jessica Perez,67,Phoenix,2025-03-19
1773,Anthony Martinez,53,Nashville,2020-11-06
3746,James Davis,26,Houston,2020-04-09
5764,Robert Gonzalez,19,Philadelphia,2022-07-19
7278,Anthony Thompson,66,San Diego,2025-01-04
1444,Matthew Moore,59,Kansas City,2025-10-18
6787,John Lopez,41,Phoenix,2025-08-14
2677,Jennifer Hernandez,51,Charlotte,2024-08-16
1545,Jane Thomas,67,Mesa,2020-11-06
5955,Jennifer Lee,47,Las Vegas,2022-01-09
6273,Jennifer Gonzalez,36,Jacksonville,2022-04-15
9809,Donald Garcia,26,Seattle,2021-06-12
4262,Andrew Davis,18,Columbus,2021-11-27
8039,James Allen,24,Louisville,2025-08-28
310,Joshua Martinez,41,San Jose,2023-05-17
8398,Michael Garcia,47,Austin,2020-03-09
2368,Mark Garcia,63,Austin,2023-12-02
816,Jessica Perez,64,Houston,2023-09-18
3642,Deborah Allen,18,Phoenix,2021-01-04
249,Matthew Perez,46,Phoenix,2025-09-26
7438,Jennifer Hernandez,64,Louisville,2021-04-15
4383,Daniel Martin,66,Las Vegas,2025-04-26
701,Matthew Martinez,37,Tucson,2023-04-24
7377,James Anderson,53,Los Angeles,2023-02-28
3325,Matthew Thompson,65,Houston,2023-02-15
3682,James Williams,26,Dallas,2023-07-16
792,Elizabeth Smith,70,Louisville,2025-07-09
9088,Daniel Thompson,61,Dallas,2021-07-25
587,Christopher Wilson,38,Louisville,2023-12-12
1877,Sarah King,31,Milwaukee,2020-05-22
3721,Joshua Smith,35,Louisville,2024-04-06
1244,Jennifer Jackson,23,Charlotte,2020-04-07
3375,Christopher Hernandez,67,Seattle,2022-03-28
3487,David Thompson,40,San Francisco,2020-02-12
3345,Dorothy Allen,49,Las Vegas,2021-08-20
9679,Jennifer Wilson,18,Seattle,2025-11-14
1715,Lisa Ramirez,29,Tucson,2020-04-10
881,Ashley Martin,25,San Jose,2020-03-25
3520,Joshua Sanchez,45,Tucson,2023-04-03
9325,Ashley Thomas,32,Austin,2021-10-06
6441,Deborah Jones,32,Albuquerque,2020-07-11
7765,Matthew Martin,43,Portland,2021-05-23
6961,Emily Jones,20,Denver,2024-01-14
8876,Ashley King,67,Denver,2020-01-04
5435,Karen Davis,27,Portland,2024-01-17
6157,Lisa Davis,64,Louisville,2021-08-02
6566,Michael Johnson,36,San Diego,2025-12-19
9098,Karen Lopez,59,Houston,2025-07-16
9727,Sarah Anderson,54,Philadelphia,2025-06-12
1793,Steven Anderson,64,San Antonio,2025-10-27
4661,Daniel Lopez,26,Charlotte,2024-07-25
1576,Lisa Brown,59,Phoenix,2021-04-13
5012,Dorothy Hernandez,66,Baltimore,2025-05-14
881,Elizabeth Harris,36,Nashville,2024-08-03
9233,Steven Clark,54,Los Angeles,2024-11-14
3136,Steven Lee,36,Washington,2021-02-28
4921,David Clark,39,Las Vegas,2023-05-05
2568,Betty Miller,25,Oklahoma City,2021-12-12
8186,Andrew Thompson,66,Washington,2024-07-14
6287,Karen Anderson,57,Milwaukee,2025-01-06
125,Nancy King,18,Washington,2025-09-14
9750,Sarah Lopez,68,Seattle,2023-07-22
3000,Lisa Johnson,29,Chicago,2021-01-20
5679,Joshua Martin,55,San Diego,2021-02-18
7052,David Sanchez,61,Houston,2021-01-04
9834,John Walker,46,Dallas,2021-07-03
7276,Michael Allen,44,San Diego,2021-12-01
2663,Jane Garcia,40,San Antonio,2025-09-06
9317,Jane King,49,San Francisco,2020-06-23
6671,Donald Williams,70,Austin,2025-06-08
3937,Elizabeth Wilson,64,Fresno,2020-02-06
3111,Dorothy Anderson,38,Los Angeles,2025-08-11
1832,Joshua Lopez,58,Portland,2024-03-05
7028,Amanda Gonzalez,27,Louisville,2021-09-15
