C_ID,C_NAME,AGE_YRS,LOC_CD,REG_DT
8716,Paul Taylor,62,Chicago,2024-06-23
794,James Clark,60,Nashville,2025-10-11
1778,Amanda Anderson,19,San Antonio,2025-02-04
9964,David Miller,69,Fresno,2024-07-11
13,Michael Taylor,19,Mesa,2021-07-22
9906,Anthony Taylor,38,Chicago,2022-10-23
2423,Elizabeth Johnson,46,Oklahoma City,2025-02-06
4338,Jennifer Jackson,40,Austin,2021-12-06
6272,Dorothy Miller,37,Fort Worth,2021-11-25
3431,Lisa Allen,63,Jacksonville,2021-05-27
2587,John Williams,39,Washington,2024-02-03
70,Amanda Martinez,55,Indianapolis,2025-07-24
2974,Robert Wilson,24,Washington,2020-09-07
8354,Deborah Williams,21,Phoenix,2022-07-06
5984,Jessica Ramirez,35,Washington,2023-05-07
737,David Martinez,39,Jacksonville,2020-06-25
3171,Mark Hernandez,52,San Antonio,2020-02-21
6695,Robert Anderson,47,Columbus,2024-09-28
4794,Paul Miller,33,New York,2025-09-03
5772,Matthew Perez,27,Indianapolis,2025-05-15
3227,Karen Walker,24,Seattle,2025-09-27
4830,Michael Perez,44,Houston,2020-01-06
7121,Lisa Miller,21,Philadelphia,2023-08-18
4587,James Miller,52,Indianapolis,2022-04-05
985,Mark Allen,68,Las Vegas,2024-12-05
8145,Lisa Brown,54,Mesa,2021-05-04
8448,Mark Smith,46,Austin,2022-07-03
2753,Jessica Lee,29,New York,2025-10-01
9863,Elizabeth Jones,48,Sacramento,2020-10-12
4583,Amanda Lewis,28,Dallas,2024-10-24
1245,Lisa Davis,24,Fort Worth,2024-10-06
4381,Michael Allen,55,Kansas City,2023-12-21
1360,Christopher Young,46,Milwaukee,2024-08-15
8324,Jane Martin,29,Fresno,2025-01-17
9559,Joshua Rodriguez,51,Dallas,2025-07-23
5648,Dorothy Smith,39,Albuquerque,2021-09-01
6168,Amanda Harris,28,Boston,2024-07-17
7388,Karen White,38,Kansas City,2024-06-19
4266,Matthew Taylor,19,Sacramento,2020-06-15
3829,Anthony Robinson,39,Austin,2025-03-14
7972,Nancy Jackson,56,New York,2022-03-09
36,Betty White,41,Baltimore,2022-09-03
2228,Emily Moore,26,Chicago,2024-12-05
7238,Anthony Clark,25,Charlotte,2022-06-27
9873,Christopher Sanchez,59,San Jose,2024-09-11
248,Jane Gonzalez,62,Chicago,2022-12-17
7916,James Gonzalez,42,Dallas,2025-11-23
3183,Jennifer Davis,46,Baltimore,2022-05-21
3703,James Lee,70,Sacramento,2025-10-24
8211,Nancy Thompson,65,Albuquerque,2020-08-21
6043,Christopher Davis,36,Albuquerque,2024-10-12
1719,James Lewis,68,Dallas,2024-03-21
8853,Sarah Martinez,42,Chicago,2020-10-06
8320,Andrew Clark,40,New York,2025-05-20
443,Nancy Walker,63,Sacramento,2024-03-01
6380,Jane Lewis,52,Oklahoma City,2021-04-10
9694,Karen Jones,28,San Antonio,2024-01-22
3705,Betty Johnson,43,Nashville,2022-11-16
6853,Steven Johnson,42,Houston,2024-01-12
596,Elizabeth Lewis,46,Boston,2025-10-19
5224,Jane Davis,25,Columbus,2020-11-03
6060,Michael Lewis,27,Milwaukee,2023-10-10
3519,Robert Lewis,46,Austin,2023-09-23
9855,Christopher Allen,30,Seattle,2021-05-01
8653,Paul Rodriguez,60,Sacramento,2020-03-05
6147,Steven King,59,Oklahoma City,2025-11-19
3990,Betty King,60,New York,2022-02-28
4940,Andrew Anderson,46,Jacksonville,2023-08-16
9204,Robert Young,19,San Diego,2023-07-15
3453,Michael Johnson,54,Tucson,2023-04-01
2021,Sarah Young,55,Indianapolis,2022-10-03
2139,Andrew Martin,52,Charlotte,2025-12-18
2728,Dorothy Jones,47,Oklahoma City,2025-05-19
3089,Steven Lopez,58,Chicago,2023-02-24
6779,Amanda Jones,25,Austin,2021-02-03
