EMP_ID,EMP_NM,DEPT_CD,SAL_AMT
2083,Mark Perez,Sales,113565
6812,Deborah Garcia,Customer Service,130888
2390,Karen Anderson,Operations,83051
6191,David Allen,IT,109045
6943,Nancy Taylor,Sales,108418
9424,Joshua Ramirez,Marketing,80068
1793,Dorothy Taylor,Engineering,37564
4088,Elizabeth Anderson,HR,82957
4010,Betty Thompson,IT,79689
5869,Robert Robinson,Research,135006
8531,Daniel Jackson,Sales,100784
3359,Christopher Smith,Engineering,110015
8885,Jane Martin,Operations,123413
2479,Betty King,IT,106267
558,Ashley Williams,HR,59440
1402,Christopher Harris,Engineering,128509
4344,Ashley Perez,Finance,65027
5806,Steven Smith,HR,148651
4792,Christopher Gonzalez,IT,55550
4918,Emily Allen,HR,92100
2177,Sarah Clark,Research,73694
9227,Jessica Rodriguez,Marketing,53633
7171,Robert Miller,Legal,63699
2163,Robert Lewis,Engineering,70672
2381,Karen Rodriguez,Customer Service,121627
7192,Michael Walker,Research,49266
8511,Jennifer Jones,Legal,84819
6438,Betty White,Operations,71100
6653,Emily Walker,HR,116885
2633,Nancy Martin,HR,71890
4557,Nancy Miller,Sales,43613
8115,Daniel Rodriguez,Sales,31474
8449,Jessica Martinez,Engineering,89228
2637,Jane Lewis,Research,54470
4762,Deborah White,IT,66416
8287,Emily Williams,HR,138695
81,Dorothy Smith,Legal,82836
4964,James Williams,IT,148208
428,Jessica Lee,Operations,113203
6640,Nancy White,Engineering,65422
7811,Jane Garcia,Marketing,119727
4399,Jennifer Johnson,Research,53638
9541,Matthew Hernandez,Finance,65318
9980,Lisa Sanchez,Sales,86744
8531,Andrew Davis,Finance,77086
166,Andrew Lewis,Operations,124132
2275,James Sanchez,Legal,115387
6775,Steven Clark,Engineering,81351
5112,Paul Thompson,HR,52847
8086,John Rodriguez,HR,145329
5274,Jessica Robinson,HR,85187
6199,Steven Lopez,Marketing,83321
5154,Matthew Davis,Operations,141257
6129,Donald Thomas,Operations,117603
7878,Betty King,Customer Service,36413
2840,Donald Perez,Research,45716
1698,James Rodriguez,HR,63086
3373,Lisa Lewis,Operations,120827
1244,Nancy Johnson,Finance,121213
4074,Christopher Allen,Operations,99486
4779,Robert Brown,Operations,32665
5924,Deborah Allen,Sales,30716
2460,Matthew Wilson,HR,43223
5640,Christopher Smith,Engineering,33202
6930,Matthew Sanchez,Operations,122082
190,Daniel Allen,Finance,126691
4353,Jane Taylor,Engineering,103947
4691,Lisa Young,Engineering,39279
2062,Andrew Young,Engineering,92177
6531,Betty Martin,Customer Service,125019
7203,Anthony Anderson,Sales,41340
5397,Deborah Thompson,Research,140734
9907,Lisa Clark,Sales,97820
7041,Anthony Johnson,Engineering,30643
299,Mark Gonzalez,Operations,147942
6387,Jennifer Hernandez,HR,134681
9019,Joshua Williams,Marketing,138680
2915,Christopher Williams,Finance,63528
9780,Robert Martinez,IT,30734
604,Nancy Martin,Customer Service,33288
7843,Betty Gonzalez,HR,141908
7441,David Allen,HR,96272
948,Deborah Anderson,Customer Service,71367
7405,Jane Smith,Finance,46501
1270,Michael Thomas,Operations,95474
729,James Sanchez,Research,131344
6716,Lisa Martinez,HR,36881
4613,Nancy Martinez,Operations,127049
9128,Anthony Thomas,Finance,149888
8452,Ashley Anderson,Operations,56071
8822,Robert Jackson,Operations,106906
9126,Robert King,Marketing,96224
56,Karen Thompson,Engineering,133222
2325,Andrew Lewis,Engineering,37055
9699,Joshua Martinez,Engineering,148216
572,John Moore,Operations,52655
7963,Karen Harris,Customer Service,135765
3631,Lisa Lopez,IT,133022
760,Steven Hernandez,Marketing,38356
4545,Robert Brown,Marketing,80775
