EMP_ID,EMP_NM,DEPT_CD,SAL_AMT
9201,Sarah Garcia,HR,141187
298,Anthony White,HR,71217
2671,Joshua Harris,Legal,94923
120,Betty Thomas,Legal,30583
5894,Sarah Hernandez,HR,121333
1075,Jane Allen,Sales,48041
87,Amanda Sanchez,Sales,115944
2390,Donald Garcia,Engineering,139483
4888,Robert Lopez,Finance,117836
3891,Paul Wilson,IT,59772
8398,Daniel Harris,HR,59944
7806,Paul Martinez,Finance,56230
4903,Lisa Lewis,Legal,77125
343,David Rodriguez,Customer Service,41126
7282,Karen Clark,Legal,126110
2365,Jessica Clark,Engineering,110207
1311,Karen Allen,Marketing,73870
2477,Michael Jackson,HR,123524
1162,Sarah Gonzalez,Customer Service,82861
3989,Jane White,Customer Service,91822
5566,Mark Rodriguez,Finance,74977
1603,Mark Johnson,Finance,90809
5214,Donald Martin,IT,60988
7898,Karen Miller,Finance,116018
9479,John Lopez,IT,140773
7566,Daniel Taylor,Marketing,65044
1258,Steven Gonzalez,Operations,46485
1609,Matthew White,Research,79226
4891,Jessica Williams,HR,66777
8707,Michael Williams,Legal,101107
5458,Emily Perez,Sales,32874
3747,Mark Lopez,Engineering,32959
3050,Betty Gonzalez,Legal,102283
783,Lisa Ramirez,Legal,33870
8530,Mark Sanchez,Legal,90121
5085,John Perez,Sales,41634
8327,John Lewis,Marketing,35258
6099,Elizabeth Robinson,Sales,125426
6855,Robert Gonzalez,Legal,102831
5264,Karen Moore,HR,101649
5587,Christopher Miller,HR,108206
1437,Robert Davis,HR,40610
6785,Betty Wilson,Research,59168
8715,Sarah Davis,Sales,108374
2733,James Davis,Engineering,131858
1372,Sarah Martin,HR,110715
9162,Lisa Martin,Research,47345
542,Nancy Garcia,Finance,144870
6572,John Walker,Legal,97789
3757,Daniel Davis,Research,76823
9340,Joshua Lopez,IT,84334
9286,Karen Young,Marketing,95452
810,Betty Gonzalez,Marketing,51691
8397,Christopher Wilson,Operations,72157
2458,Dorothy Wilson,HR,71245
4754,Daniel Anderson,Operations,135845
1384,Lisa Gonzalez,HR,85156
8061,Mark White,Customer Service,71390
8725,Nancy Thompson,Customer Service,98378
5568,Matthew Jackson,IT,65874
6175,Amanda Miller,Finance,83855
600,Emily Allen,Customer Service,146962
2484,Jennifer Lewis,Sales,88598
5273,Paul Perez,Marketing,77523
9961,Steven Gonzalez,Legal,90104
1244,Jennifer Gonzalez,Marketing,135824
1250,Jessica Williams,IT,122135
652,Matthew Young,Sales,52007
1720,Daniel Moore,Sales,66705
4253,Lisa Harris,IT,107848
6791,Karen Ramirez,Legal,79892
3188,David Wilson,Research,32287
1711,James Harris,HR,81764
8192,Steven King,IT,83636
1257,Jessica Robinson,Research,107502
3530,John Sanchez,Legal,104029
4576,Paul Davis,Legal,71795
4011,Jessica Gonzalez,Legal,127435
9794,Deborah Lee,Finance,41495
3690,Ashley Moore,Marketing,52459
9924,James White,IT,49882
9843,Amanda Allen,Finance,59569
5674,Robert Lopez,Marketing,65289
407,John Garcia,Finance,120389
2418,Anthony Lewis,Operations,120604
8045,Deborah Martin,HR,106549
3872,Christopher Miller,Legal,61118
11,Christopher Rodriguez,Engineering,118254
3410,Nancy Allen,IT,105040
7908,Elizabeth White,Marketing,70857
6208,Nancy Moore,Sales,96910
8896,Paul Martin,Marketing,81100
7315,Jane Young,Customer Service,129668
6202,Michael Rodriguez,Sales,117829
4123,Paul Lee,Operations,94109
9795,Paul Johnson,Marketing,70632
6408,Christopher Lopez,Legal,134482
2068,Lisa Sanchez,Sales,97043
9077,Betty Lopez,Sales,116220
1927,Elizabeth Williams,HR,137154
