EMP_ID,EMP_NM,DEPT_CD,SAL_AMT
361,Dorothy White,Research,116427
7453,Anthony Taylor,Sales,38562
9952,Daniel Thomas,Finance,138309
9632,Dorothy Thompson,IT,87644
3238,Emily Sanchez,Legal,88543
5783,Joshua Lee,Legal,143412
9660,John Lee,Finance,40787
6392,James Sanchez,Customer Service,55898
2541,David Clark,Finance,95238
6428,Daniel Harris,IT,84920
4916,Mark Lewis,HR,109630
5971,Betty Robinson,Marketing,80813
6129,Donald Allen,HR,52704
9331,Sarah Clark,Research,64729
1645,Lisa Thomas,IT,137274
9541,Steven Lewis,Finance,43114
2045,Robert Harris,Finance,48602
8858,Anthony Williams,Sales,77989
777,Jane Rodriguez,Operations,77032
2631,Deborah Smith,Sales,143196
6350,John Walker,Finance,40737
141,Karen Brown,Research,52672
4255,Robert Wilson,Operations,116617
4223,Nancy Brown,Sales,66606
1352,Betty Gonzalez,Customer Service,147791
2915,Lisa Martin,Engineering,145228
8290,Joshua Jackson,Finance,145932
7886,Jessica Martinez,Engineering,82811
679,Matthew Ramirez,Sales,81980
9753,Robert Clark,IT,39669
5130,Joshua Johnson,Research,69302
9756,Sarah Lopez,Finance,56045
5172,Michael Ramirez,HR,94363
7240,Jessica Thompson,Customer Service,70293
9208,Betty Thomas,Finance,41779
8905,Ashley Taylor,Sales,144598
1523,Ashley Moore,Marketing,44948
2829,Christopher Lopez,Finance,34186
4264,Robert Thomas,Customer Service,93088
7982,Jennifer Walker,Finance,103568
1540,Lisa Smith,Customer Service,34485
6860,Sarah Hernandez,Sales,50292
6026,Elizabeth Thomas,HR,40737
422,Robert Garcia,Finance,110207
6450,Nancy Jones,Research,109970
5693,Robert Thomas,Operations,99008
7123,Betty Sanchez,Sales,34841
1772,James Young,IT,121173
7268,Dorothy Thompson,IT,119681
760,Matthew Martin,Operations,124759
7993,Mark Johnson,HR,49138
2467,Ashley Jones,Finance,107033
451,Michael Walker,Engineering,108923
2865,Michael Ramirez,Finance,147057
4852,Karen Johnson,Marketing,86425
3274,Amanda Williams,Marketing,140982
9961,Jennifer Hernandez,Finance,125154
7932,John Robinson,Operations,54601
5138,Sarah Robinson,Engineering,67975
8401,Paul Robinson,Customer Service,84068
9864,Donald Lopez,Customer Service,66807
3246,Daniel Anderson,Marketing,125157
1531,David Robinson,Sales,44700
2015,Amanda Rodriguez,IT,100274
7842,Jessica Harris,Research,64560
4419,Andrew Young,Marketing,142028
1273,Jessica Martinez,Legal,49373
338,Daniel King,Operations,57931
6050,Sarah Allen,Operations,122449
9498,Michael Jones,Marketing,40814
7740,Amanda Williams,Research,96643
219,Sarah Taylor,Research,145496
4190,Lisa Williams,Operations,71068
631,Michael Thomas,IT,128802
3322,Ashley Lopez,HR,65975
6690,Dorothy Garcia,Engineering,109495
2131,Matthew Thompson,Finance,46423
7895,Andrew Jones,Customer Service,60113
2551,Christopher Garcia,Finance,63262
6531,Lisa Taylor,Sales,54803
4516,Paul Jones,Legal,99221
4449,Ashley Harris,Customer Service,75644
9239,Sarah Gonzalez,Marketing,81529
1760,Jane Clark,Finance,101846
5233,Anthony Wilson,Engineering,59570
9406,Lisa Young,Research,64616
5706,Ashley Miller,Customer Service,43818
2629,Emily White,Marketing,102184
5988,Betty Jones,Legal,92061
6849,Karen Rodriguez,Operations,83825
700,Lisa Clark,HR,71166
3983,Amanda Hernandez,HR,82583
7371,Paul White,Engineering,135445
3188,Lisa Walker,IT,80720
1323,Matthew Williams,Legal,69666
862,Donald Jones,Operations,54956
148,Elizabeth King,HR,43202
7596,Steven Young,Sales,60296
7581,Emily Lewis,Customer Service,36432
5871,Jane King,Marketing,109743
