C_ID,C_NAME,AGE_YRS,LOC_CD,REG_DT
853,Jessica Thomas,57,San Diego,2023-10-18
4153,Jane Martin,23,Washington,2021-02-03
5764,Nancy Lewis,59,Jacksonville,2025-02-13
1319,Christopher Williams,70,Fresno,2021-12-25
9138,Joshua Clark,46,Phoenix,2022-09-03
1217,Deborah Lee,35,Indianapolis,2021-12-09
3979,David Davis,42,Jacksonville,2020-04-17
4607,Deborah Martinez,33,Milwaukee,2020-06-21
7943,Mark Davis,48,Chicago,2023-03-22
2708,Daniel Sanchez,23,San Diego,2025-04-21
2134,Christopher Gonzalez,57,Charlotte,2025-05-03
131,Jane Garcia,60,Seattle,2022-12-11
2934,Emily Harris,45,Louisville,2023-03-19
9444,Andrew Rodriguez,18,Los Angeles,2025-03-15
2855,Lisa Jones,61,San Francisco,2023-07-25
9819,Robert Hernandez,42,Portland,2021-09-03
8043,Deborah Harris,39,Sacramento,2021-07-17
1828,Elizabeth Young,29,Albuquerque,2023-05-15
1089,Robert Allen,61,Fort Worth,2023-03-24
2934,Donald Anderson,42,New York,2023-10-26
4547,Andrew Hernandez,44,Washington,2020-10-24
1984,Mark Anderson,45,San Jose,2025-10-08
1253,Steven Taylor,18,Fort Worth,2020-06-12
7161,Amanda Martinez,59,San Francisco,2021-03-21
1178,Michael Ramirez,65,New York,2020-05-16
6542,Anthony Martin,69,Boston,2025-10-04
7904,Sarah Anderson,61,Dallas,2023-06-21
9451,Elizabeth Taylor,49,Kansas City,2022-12-28
3468,Mark Harris,56,Indianapolis,2020-09-07
1428,Lisa Jackson,21,Chicago,2022-01-15
5195,Steven Jones,45,Portland,2024-07-18
896,Betty Clark,66,Sacramento,2024-03-27
999,Paul Gonzalez,52,Baltimore,2024-10-26
9379,Andrew Moore,53,Las Vegas,2023-11-06
2190,Christopher Allen,22,Columbus,2025-11-27
4318,Deborah Jackson,63,Louisville,2025-04-01
1083,Jennifer Davis,39,San Diego,2025-09-27
7659,David Martinez,59,Los Angeles,2024-07-12
9784,Nancy Thomas,58,Washington,2023-01-09
9456,Daniel Smith,24,Sacramento,2020-04-03
5408,Dorothy Walker,26,Chicago,2022-11-25
4458,John Brown,64,Indianapolis,2023-04-13
2444,Deborah Robinson,24,Albuquerque,2020-11-02
6986,Michael Smith,27,Boston,2022-04-18
7004,Lisa Martinez,57,Milwaukee,2025-03-03
7965,Betty Gonzalez,45,Milwaukee,2021-10-10
3883,Dorothy Taylor,41,Fresno,2025-08-12
883,Ashley Young,20,Louisville,2025-01-10
707,Paul Harris,60,Philadelphia,2023-12-04
788,Daniel Jones,66,Indianapolis,2023-03-12
8884,John Rodriguez,38,Washington,2025-12-03
9663,Jennifer Lopez,34,Columbus,2022-11-04
1225,Nancy Anderson,51,Las Vegas,2025-06-08
9364,Michael Jackson,65,Houston,2022-02-26
1937,David White,25,Austin,2023-09-17
1703,Anthony Garcia,21,Philadelphia,2023-03-01
3923,Daniel Martinez,33,Milwaukee,2024-05-13
861,Jane Sanchez,68,Kansas City,2022-02-01
3901,Anthony Thomas,59,San Jose,2024-05-11
9968,Donald Harris,69,Kansas City,2025-03-17
5943,Jennifer Lewis,65,Mesa,2021-03-04
6986,Nancy Brown,56,Los Angeles,2020-10-10
3736,Nancy Young,21,Charlotte,2024-08-08
7658,Betty Moore,69,Phoenix,2025-11-19
665,Jane Lopez,38,Louisville,2022-12-07
3984,David King,19,Albuquerque,2025-12-06
8111,Karen Davis,54,Boston,2024-08-02
8736,Mark White,29,Fresno,2024-01-20
7271,David Smith,53,Washington,2022-01-23
4806,Michael Smith,41,New York,2023-10-09
8874,Nancy Wilson,19,Indianapolis,2023-10-27
4421,Ashley Anderson,29,Denver,2023-12-08
3369,Lisa Thomas,64,Indianapolis,2023-08-03
4613,Andrew Thompson,24,Washington,2025-10-13
1543,Paul Ramirez,22,Fort Worth,2025-08-21
