C_ID,C_NAME,AGE_YRS,LOC_CD,REG_DT
2981,Elizabeth Anderson,62,Mesa,2020-07-09
6635,Michael Jackson,36,Las Vegas,2024-05-14
3505,Robert Harris,48,Baltimore,2022-11-15
1276,Amanda Martinez,19,Dallas,2022-08-07
4702,Dorothy Martin,70,Baltimore,2023-03-10
7188,Karen Lewis,40,New York,2023-09-25
956,Anthony Johnson,56,Los Angeles,2022-09-25
8180,Lisa Rodriguez,46,Houston,2024-04-03
7891,Anthony Martinez,23,Fresno,2025-03-16
142,David Brown,31,Tucson,2023-06-19
1329,Michael Smith,53,San Jose,2020-02-04
8745,Paul Lopez,53,Louisville,2023-02-02
2467,Ashley King,70,Fresno,2020-06-26
1657,Andrew Walker,55,Jacksonville,2025-01-19
2116,Paul Jackson,44,Phoenix,2023-07-19
8644,Nancy Allen,48,Denver,2024-05-16
1767,Christopher King,40,Tucson,2024-08-11
7677,Nancy Sanchez,61,Portland,2020-04-27
1331,David Thomas,29,Phoenix,2025-06-10
2503,Dorothy Clark,53,Kansas City,2020-07-25
7145,Sarah Thomas,33,Louisville,2023-03-01
7672,Lisa Harris,25,Mesa,2022-09-06
375,Sarah Thomas,66,Los Angeles,2023-12-08
89,Steven Ramirez,42,New York,2020-05-22
6903,Daniel Hernandez,60,Portland,2022-02-15
2329,Paul Davis,46,Seattle,2023-07-04
783,Betty Young,23,Milwaukee,2025-11-10
5878,Jessica Walker,24,New York,2021-02-17
7047,Andrew Rodriguez,31,Baltimore,2025-09-28
583,Emily Johnson,63,Washington,2025-03-24
2658,Betty Lopez,37,San Jose,2020-10-16
1633,Joshua Young,24,Washington,2024-06-03
2764,Betty Thomas,20,Washington,2024-07-20
457,Nancy Garcia,24,Seattle,2020-06-28
1890,James Martinez,36,Indianapolis,2024-10-10
8224,Steven Smith,46,Austin,2022-03-03
8751,Lisa Perez,22,Boston,2024-02-05
8410,Dorothy Walker,60,Sacramento,2023-02-03
2927,Amanda Taylor,18,Louisville,2022-05-07
8156,Deborah Garcia,31,Fresno,2023-07-11
7286,Andrew Clark,30,Milwaukee,2025-09-10
6920,Jane Anderson,48,Fresno,2022-12-04
8726,David Clark,27,Washington,2022-03-11
1957,Amanda Rodriguez,47,Fresno,2022-03-19
6138,James Johnson,26,Louisville,2024-09-09
7885,John Perez,29,Tucson,2023-07-17
6276,Paul Rodriguez,54,Tucson,2024-08-11
1474,Betty Jackson,23,Indianapolis,2024-11-04
1010,David Martin,44,Phoenix,2020-07-09
3564,David Young,36,Denver,2025-06-20
2147,David Clark,20,San Francisco,2025-06-21
4827,Matthew Anderson,36,Oklahoma City,2023-02-04
5419,Donald Ramirez,64,Tucson,2025-06-20
938,Lisa Hernandez,69,Chicago,2024-12-04
5986,Sarah Jones,55,Mesa,2024-08-16
7336,James Martin,68,Fort Worth,2021-07-02
609,Betty Sanchez,42,Sacramento,2021-10-07
7028,John King,49,Los Angeles,2021-05-21
2176,Steven Brown,36,Columbus,2021-09-12
1373,Christopher Moore,35,Columbus,2021-06-02
3854,Jane Young,24,Sacramento,2020-02-25
719,Jane Williams,27,Nashville,2025-09-20
1434,Paul Jones,61,Seattle,2024-08-07
8858,Jessica Hernandez,64,Fort Worth,2023-05-01
4469,Andrew Perez,31,Oklahoma City,2022-03-03
3538,Michael Robinson,40,San Francisco,2025-02-24
9567,Robert Thomas,70,Louisville,2025-03-23
7387,Jane Martin,68,Denver,2020-06-21
3168,Michael Anderson,43,Portland,2020-05-25
3208,Daniel Lewis,38,Los Angeles,2025-05-13
9410,Donald Robinson,34,Nashville,2020-01-22
6769,John Gonzalez,21,Oklahoma City,2024-09-09
2022,Jessica Anderson,22,Philadelphia,2021-03-28
2842,Dorothy Taylor,54,Tucson,2023-10-09
66,Elizabeth Williams,42,Columbus,2021-10-18
