C_ID,C_NAME,AGE_YRS,LOC_CD,REG_DT
91,Donald Gonzalez,20,Boston,2020-02-03
7479,Deborah Sanchez,20,Albuquerque,2024-02-22
6799,Robert Lopez,44,Columbus,2023-12-28
7388,Karen Jackson,22,Albuquerque,2021-06-01
2529,Karen Williams,33,Boston,2025-06-26
586,Jane Rodriguez,42,Louisville,2021-06-21
4105,Daniel Miller,38,San Francisco,2022-08-28
3059,Dorothy Clark,24,Mesa,2024-01-07
9173,Sarah Walker,39,Albuquerque,2021-01-14
2023,Daniel Allen,65,Houston,2023-06-23
9504,James Brown,56,San Francisco,2020-06-04
7738,James Davis,18,Milwaukee,2024-12-13
2021,Jane White,48,Indianapolis,2024-01-27
8630,Dorothy Walker,35,Sacramento,2025-06-04
6217,Lisa Lee,40,San Jose,2021-10-07
5791,Dorothy Martinez,40,San Jose,2022-05-12
2604,John Brown,60,Tucson,2022-10-06
2582,Joshua Moore,24,Charlotte,2025-12-10
7995,Amanda Hernandez,32,Los Angeles,2025-10-08
9308,Jane Martinez,58,Denver,2025-10-06
7599,Lisa Garcia,46,Mesa,2021-03-07
3808,James Brown,26,Oklahoma City,2023-02-21
7553,Deborah Martinez,70,Dallas,2025-11-01
8827,Ashley Gonzalez,29,Columbus,2023-12-02
6200,Jennifer Sanchez,43,Baltimore,2025-05-01
9493,Lisa Anderson,59,Baltimore,2023-06-12
1793,Christopher Rodriguez,20,Albuquerque,2023-09-06
9553,Karen Walker,70,Kansas City,2024-05-22
2058,Dorothy Sanchez,66,Philadelphia,2022-03-05
3524,Anthony Jackson,59,Kansas City,2020-12-12
3429,Ashley Gonzalez,69,Nashville,2020-08-28
7135,Ashley Robinson,47,Albuquerque,2024-04-23
4534,Jessica Gonzalez,45,Oklahoma City,2022-01-17
7985,James Harris,70,Boston,2021-02-09
2176,Daniel Davis,18,Fort Worth,2020-12-24
7483,Christopher Martin,64,San Francisco,2021-12-18
6556,Jennifer Ramirez,37,Los Angeles,2024-06-21
9826,Nancy Miller,61,Sacramento,2021-05-28
881,Christopher Gonzalez,47,Tucson,2020-02-06
9392,Amanda Garcia,64,San Antonio,2021-06-10
9051,Anthony Harris,27,Columbus,2025-01-15
7457,John White,54,Seattle,2021-08-06
2403,Robert Rodriguez,46,Denver,2021-12-08
9075,David Moore,37,San Antonio,2023-02-17
8795,Deborah Jones,64,Baltimore,2021-12-06
6849,Betty Thompson,51,Indianapolis,2020-01-06
4019,Lisa Lewis,56,Austin,2023-03-19
6228,Andrew Thompson,60,Los Angeles,2023-01-26
4698,Donald Allen,31,Milwaukee,2023-03-19
8286,Matthew Martin,25,Oklahoma City,2021-02-02
7991,Jane Garcia,49,Portland,2022-05-08
4509,Matthew Robinson,40,Las Vegas,2024-10-15
6212,Ashley Anderson,56,Nashville,2024-04-09
4245,Christopher Lewis,37,Louisville,2023-08-26
1839,Emily Smith,48,Louisville,2025-09-03
6909,Michael Brown,45,Denver,2022-08-06
7279,Andrew Sanchez,24,San Antonio,2023-10-21
4269,Karen White,18,Los Angeles,2024-12-21
9109,Dorothy Gonzalez,29,New York,2021-02-13
8590,Lisa Jones,29,Phoenix,2024-07-24
223,Sarah Jackson,47,San Jose,2025-09-05
9407,Lisa Walker,27,Jacksonville,2021-10-27
5871,Andrew Moore,21,Fresno,2020-06-01
5218,Sarah Jones,32,Boston,2020-09-06
8549,Daniel Perez,36,Phoenix,2020-03-08
3473,Christopher Miller,59,San Francisco,2022-09-19
6356,Jane Martin,43,Portland,2021-06-06
5390,Daniel Hernandez,68,Portland,2024-03-18
936,Andrew King,40,Las Vegas,2025-06-26
276,Anthony Gonzalez,24,Sacramento,2022-12-28
4066,Andrew Perez,47,Baltimore,2023-10-03
9539,Jennifer Williams,19,Oklahoma City,2020-08-09
6593,Joshua Anderson,50,Las Vegas,2021-05-28
8272,Steven Lewis,39,Charlotte,2025-09-19
2362,Anthony Lee,23,Milwaukee,2023-01-12
