EMP_ID,EMP_NM,DEPT_CD,SAL_AMT
3865,Lisa Lewis,Operations,128495
1628,Michael Taylor,Legal,144295
6112,Christopher King,Operations,113749
7553,Daniel Ramirez,Operations,42248
6927,Paul Clark,Sales,126841
3739,John Thomas,HR,41455
6967,Jennifer Allen,Finance,142222
7989,James Wilson,Engineering,68583
2487,Robert Moore,HR,138905
1431,Ashley Taylor,Operations,97280
337,Amanda Lopez,Sales,102767
2447,Steven Rodriguez,Legal,116586
1787,Daniel Martin,Finance,44893
6095,Betty Ramirez,Research,78933
3981,Mark Williams,Research,72389
700,Matthew Taylor,Sales,81257
5702,John Rodriguez,Finance,39336
10,Amanda Hernandez,IT,81314
1209,Matthew Martinez,Marketing,142937
9868,Matthew Walker,Operations,140605
7091,Nancy Thomas,Research,91279
2371,Michael Rodriguez,Finance,36706
2829,Jessica Lewis,HR,57928
9686,James Sanchez,Customer Service,130556
7394,Karen King,Legal,34564
3788,Ashley Jones,Customer Service,82711
5165,Anthony Martin,Engineering,134729
9646,Nancy Lewis,Engineering,129155
7080,Anthony Johnson,HR,138307
188,Anthony Thomas,Finance,62784
2040,Paul Martin,Sales,145941
780,Sarah Thomas,Legal,48950
3296,Lisa Johnson,Marketing,80644
2473,Donald Davis,Finance,135424
9605,James Thomas,Finance,85600
9343,Donald Hernandez,Marketing,82322
9855,Donald Miller,Legal,54491
4300,Sarah Robinson,HR,70383
9078,Robert Davis,Marketing,35956
5433,Betty Martinez,Sales,117798
5717,Lisa Walker,IT,98235
7727,Nancy Garcia,HR,138644
689,David Johnson,IT,64885
6783,Joshua Lopez,Sales,63928
7521,John Brown,Marketing,145503
9517,Robert Clark,Legal,33553
7578,Jessica Sanchez,Operations,58694
5662,David Johnson,Legal,149291
1914,Dorothy Jones,Finance,135525
8949,Deborah Lewis,Research,78543
1886,Steven Hernandez,IT,99207
8212,Dorothy Williams,Engineering,45569
7247,Robert Garcia,Research,36943
55,James Jones,Marketing,127064
1015,Matthew Lopez,Engineering,91992
3685,David Wilson,Operations,97592
7702,Ashley Miller,Sales,53809
1164,Dorothy Robinson,Engineering,66155
1983,Deborah Taylor,Marketing,121829
5547,Dorothy Young,Finance,58970
8462,Betty Lewis,IT,60607
2072,Dorothy Miller,Sales,104957
2048,Paul White,IT,103498
2602,Jane Lee,Marketing,37588
4957,Nancy Smith,Finance,31603
9176,Matthew Moore,Legal,79241
6509,Betty Rodriguez,Sales,132112
4083,Joshua Hernandez,Customer Service,85071
1516,David Lewis,Marketing,44509
9500,John Jones,Sales,61290
9539,Elizabeth Sanchez,IT,40050
4215,Paul Smith,Legal,42516
1725,Jessica Anderson,Sales,100702
4923,Lisa Jackson,Research,41372
9319,Jennifer Martin,Finance,77520
8841,Deborah Hernandez,Sales,135562
8989,Jennifer Martinez,Research,126676
5551,Paul Hernandez,HR,111099
107,Donald White,HR,42544
7635,Amanda Rodriguez,Legal,35573
6352,Jennifer King,Sales,146373
6050,Jennifer Harris,HR,63616
2123,Donald Lee,Legal,71116
4332,Daniel Robinson,Operations,143538
8431,Robert White,Finance,120113
1960,Elizabeth Young,IT,89305
2547,Robert Ramirez,Operations,55621
5520,Donald Harris,Marketing,131653
4271,Karen Brown,IT,59173
2779,Paul Lopez,Customer Service,110239
2927,Matthew Johnson,Research,79405
2939,Steven Lee,Sales,89832
8055,Daniel Young,Sales,39511
4264,Elizabeth Lopez,Research,81057
3002,Joshua Thomas,Finance,55304
7498,Lisa Allen,Legal,34151
7091,John Jones,Customer Service,92316
7638,Lisa Sanchez,Operations,49448
3407,James Sanchez,Sales,86194
9495,Betty King,HR,131782
