C_ID,C_NAME,AGE_YRS,LOC_CD,REG_DT
5592,Nancy Smith,61,Baltimore,2022-01-05
1121,Jane Moore,41,Baltimore,2022-07-28
4323,Jane Martin,23,Charlotte,2021-10-02
4078,Robert Martinez,61,Boston,2025-08-24
4238,Elizabeth Sanchez,26,Phoenix,2023-02-05
8341,Steven Lewis,40,Las Vegas,2025-02-26
5292,Paul Davis,20,Charlotte,2020-11-07
6253,Nancy Lee,20,Charlotte,2021-12-24
8662,Matthew Garcia,63,Sacramento,2022-10-15
889,Lisa Lopez,34,Washington,2020-06-10
4372,Jennifer Garcia,47,Fresno,2024-05-03
2255,Deborah King,51,Seattle,2023-02-27
3652,Anthony Clark,35,Chicago,2025-03-12
9628,Amanda Clark,50,Seattle,2024-06-12
3497,Donald Young,69,San Diego,2023-09-05
6064,Sarah Jones,45,Charlotte,2024-06-20
5870,Daniel Perez,22,Louisville,2022-11-01
6545,Betty Johnson,65,Sacramento,2023-08-15
6605,Lisa Lee,51,Las Vegas,2022-05-08
7042,Steven Davis,53,Columbus,2023-09-19
8893,Nancy Brown,68,Seattle,2021-05-01
9393,Elizabeth Lee,29,San Jose,2025-04-24
6327,Lisa Allen,46,Boston,2021-07-13
8974,Jane Lewis,43,Chicago,2024-10-10
8458,Daniel Walker,26,Philadelphia,2025-10-17
7794,Matthew Anderson,51,Dallas,2024-01-10
9677,Nancy Harris,36,Fresno,2021-03-19
4958,David Young,63,Denver,2021-11-15
7642,Michael Williams,49,Indianapolis,2020-09-04
6974,Paul Harris,52,Mesa,2022-08-26
66,Jennifer Robinson,58,Denver,2020-10-18
5696,Matthew Wilson,21,Louisville,2020-03-05
1679,Daniel Anderson,35,Indianapolis,2025-09-03
3045,Lisa Davis,39,Las Vegas,2024-11-07
5516,Ashley Moore,49,Washington,2025-02-14
4398,Amanda Wilson,25,Fresno,2025-11-19
6000,Steven Lee,46,Seattle,2020-06-22
7795,Lisa Smith,67,Chicago,2022-02-25
2131,Elizabeth Lopez,40,Houston,2025-02-21
386,Lisa Walker,55,Austin,2024-01-04
1689,Steven Anderson,20,Oklahoma City,2021-01-19
4622,John Young,38,Oklahoma City,2022-08-12
7504,Emily Sanchez,42,Portland,2024-12-16
9644,Lisa Harris,62,Fresno,2022-10-06
4061,Matthew Thompson,36,San Jose,2022-02-15
4135,Jane Davis,25,Washington,2021-07-06
1737,Mark Garcia,55,Mesa,2023-11-01
3550,Anthony Wilson,32,San Francisco,2022-10-28
3163,John Allen,49,Nashville,2025-11-07
6492,Elizabeth Martinez,62,Denver,2025-10-16
9436,Amanda Thompson,41,Chicago,2021-08-24
9479,John Harris,46,Chicago,2021-11-02
8065,Steven White,27,Los Angeles,2020-03-27
515,Ashley Jones,19,Houston,2024-10-04
9439,Lisa Johnson,41,Albuquerque,2023-07-06
5062,David King,47,Indianapolis,2020-12-20
8628,Deborah King,51,San Antonio,2024-05-03
772,Emily Moore,41,San Francisco,2022-08-06
2496,Michael Davis,34,San Antonio,2024-10-16
1526,Jane Robinson,64,Boston,2022-06-26
7510,Joshua Rodriguez,48,San Francisco,2020-02-12
9958,Mark Allen,38,San Jose,2021-10-10
2316,Robert Williams,55,Philadelphia,2023-06-12
1218,Daniel Thompson,21,Seattle,2020-12-22
3275,Dorothy Gonzalez,56,Tucson,2022-10-05
4396,Jennifer Young,49,Fort Worth,2024-04-18
4104,Christopher Walker,35,Charlotte,2021-07-06
1932,Andrew King,56,Phoenix,2020-01-02
634,Nancy King,29,Boston,2020-01-22
2239,Emily Ramirez,26,Fresno,2024-04-19
9056,Dorothy Jones,61,Washington,2022-12-25
9149,Paul Lee,65,Portland,2025-12-01
540,Christopher Young,36,Louisville,2024-12-01
1523,Nancy Gonzalez,24,Tucson,2025-09-17
544,David Smith,45,Houston,2020-01-13
