EMP_ID,EMP_NM,DEPT_CD,SAL_AMT
718,Andrew Davis,Customer Service,83021
4397,Lisa White,Research,62822
1783,Andrew Sanchez,Customer Service,85927
7263,Steven Wilson,HR,105961
3100,Donald Garcia,Engineering,64915
6231,Amanda Moore,Legal,62626
4643,Daniel Lopez,Customer Service,34902
8150,Anthony Jackson,Customer Service,92033
9691,Sarah Thompson,IT,80984
5130,Donald Sanchez,IT,87390
9,John Wilson,Engineering,72450
3063,Mark Jackson,Finance,91011
8070,Nancy Harris,Engineering,108501
3946,Deborah Williams,IT,60697
4726,Elizabeth Jackson,IT,117278
5456,Anthony Moore,Engineering,114314
6365,Michael Allen,Operations,127069
2746,Lisa Brown,Research,65766
1324,Michael Williams,Customer Service,95535
6823,Robert Anderson,Customer Service,102715
5966,Christopher Lopez,Customer Service,82316
8852,James Gonzalez,HR,107969
3585,Deborah Jackson,Engineering,30999
7156,Christopher Davis,Research,96639
7202,Nancy Moore,Finance,126175
2463,Ashley Harris,IT,114757
1009,Elizabeth Thomas,Customer Service,119600
5667,Michael Clark,Marketing,76417
4610,Jane Jackson,Engineering,49568
224,Lisa Hernandez,Sales,91935
2903,Amanda Robinson,Operations,75963
2396,Anthony Rodriguez,Engineering,73804
592,Anthony Ramirez,Research,142926
4006,Robert Jackson,Engineering,119714
904,Emily Jackson,Finance,32057
3374,Karen Martinez,Legal,135003
343,Daniel Lewis,Marketing,45753
5628,Ashley Hernandez,Customer Service,130898
4567,Nancy Williams,Marketing,81956
8338,Joshua Gonzalez,Marketing,52286
7129,Andrew Martinez,Legal,145935
3028,Lisa Lee,Operations,115670
2621,Steven Williams,HR,71472
6193,Daniel Brown,Research,132541
5513,Lisa Johnson,Finance,62358
54,Mark Miller,Research,78740
4793,Christopher Williams,Research,40330
5385,Amanda Hernandez,Finance,121213
3868,Mark Lopez,HR,41918
4524,Nancy Johnson,Engineering,55567
6652,James Hernandez,Sales,124552
3460,David Lee,IT,93463
1215,Matthew Anderson,Engineering,131525
533,Ashley Johnson,IT,123095
672,Jennifer Allen,Engineering,122183
7264,Karen Martinez,Engineering,61681
7351,Deborah Martinez,Research,66977
6448,Andrew Thompson,Finance,64832
5261,Robert Allen,Engineering,102057
5987,Jessica Harris,IT,43465
1506,James Jones,Legal,67072
9633,Elizabeth Brown,Operations,143270
8944,Robert Martinez,HR,53684
5301,Daniel Miller,Marketing,61921
9478,Christopher Thompson,Operations,93418
8931,Andrew Taylor,IT,56470
2949,Daniel Taylor,Finance,57236
1661,Robert Thompson,Sales,140724
5307,John Clark,HR,77640
9880,Nancy Wilson,Operations,53793
3627,Anthony Wilson,Marketing,38793
4489,Nancy Perez,Customer Service,126457
1524,Donald Moore,IT,66587
6772,Jessica Harris,Customer Service,148732
8797,Anthony Brown,Engineering,96043
9504,Emily Harris,IT,84339
5791,John Thompson,Customer Service,57289
4703,Michael Thomas,Operations,91004
8705,Robert Wilson,HR,78226
9447,Anthony Thomas,Engineering,86135
5131,Elizabeth Williams,Legal,62961
1749,Ashley Jones,Engineering,140312
3330,Emily Garcia,Operations,55449
5919,Steven Anderson,Engineering,74567
4888,David Harris,Finance,99337
9328,Nancy Walker,HR,82569
1161,David Sanchez,HR,136004
6015,Christopher Smith,Research,142933
1890,Jennifer Davis,Research,40849
9547,Karen Moore,HR,98188
4476,Steven Gonzalez,Operations,110971
5112,Nancy Martin,IT,131666
9884,Andrew Lee,Engineering,142787
2099,Dorothy Thompson,Sales,59530
173,David Martin,Legal,105865
6628,James Hernandez,Engineering,117364
395,Dorothy Perez,Legal,78663
5432,Lisa Jones,IT,39904
4475,Deborah Brown,Legal,124050
500,James Martinez,Engineering,70217
