EMP_ID,EMP_NM,DEPT_CD,SAL_AMT
2386,Michael Brown,IT,88088
5977,Lisa Rodriguez,IT,71838
3587,John Hernandez,HR,132653
9710,Nancy Allen,Finance,137307
5215,Lisa Ramirez,HR,128461
5814,Nancy Martinez,Operations,49582
1227,Donald Young,Research,119157
3868,Anthony Smith,Operations,103558
1089,Elizabeth Ramirez,Research,148638
6831,Betty Taylor,Marketing,126769
5761,Anthony Martin,Customer Service,108046
2508,Lisa White,Marketing,99123
6120,Daniel Jackson,Marketing,47492
5175,Daniel Garcia,Marketing,70361
7807,Andrew Jones,Marketing,61212
2722,Karen Harris,Sales,34270
322,Daniel Martin,Customer Service,98929
3728,Jennifer Lopez,IT,39857
4922,David Wilson,Engineering,90487
3852,Ashley Walker,Operations,99362
9692,Mark Rodriguez,Sales,110335
4132,Ashley Wilson,Operations,85408
4435,John Brown,IT,147247
5603,Sarah Young,Research,37128
4396,Robert Hernandez,Operations,63796
8061,Jennifer Harris,Operations,30915
7880,Robert Thomas,HR,41926
8089,Jane Martin,Customer Service,50172
4959,Michael Thompson,Customer Service,125763
9242,Christopher Jackson,Customer Service,126866
2079,Christopher Martin,Engineering,137731
2458,Deborah Lee,Finance,100972
3520,Deborah Martin,Engineering,118664
7114,David Young,Marketing,100525
8266,Jane Rodriguez,IT,143981
3186,Lisa Lewis,Customer Service,142869
8718,David Thomas,IT,140777
5476,Betty Lopez,Customer Service,122947
1493,Jane Gonzalez,Legal,131652
6408,Betty Wilson,Sales,41376
5857,Michael Thompson,IT,143281
9380,Lisa Harris,Engineering,121373
4608,Betty Smith,Customer Service,96843
8292,Jessica Wilson,Marketing,79961
1519,Jennifer Garcia,IT,48692
2884,Betty Garcia,IT,55288
1202,Matthew Brown,Customer Service,113509
1560,John Martin,Marketing,34549
2405,Jennifer Brown,IT,53516
4976,Paul Anderson,Customer Service,117454
6598,Jessica Lewis,Sales,31467
479,Sarah Walker,Marketing,52822
3883,Michael Lewis,Finance,101263
1635,Sarah Sanchez,Operations,61311
6508,Paul Harris,Research,145128
2669,Emily Taylor,Finance,49003
2118,Daniel Moore,Finance,47918
2226,Sarah Taylor,Finance,97894
5059,Nancy Martin,Engineering,146125
8313,Christopher Clark,Customer Service,72656
7119,Anthony Allen,Finance,127476
4189,Emily Moore,Legal,76248
2739,Christopher White,Operations,60937
5800,James Harris,Operations,43974
2693,Nancy Lee,Research,65702
1289,James Thompson,IT,59186
5195,Amanda Perez,Research,64129
3886,Lisa Ramirez,Research,46941
2030,Daniel White,Engineering,86710
8793,Betty Lee,Finance,103962
1772,Amanda Taylor,IT,64728
3049,Anthony Garcia,Marketing,65200
4992,Daniel White,Customer Service,104055
5550,Jane Taylor,Customer Service,94981
8497,Ashley Young,Sales,78830
512,Paul Lopez,Operations,83400
3782,Betty Williams,Operations,128235
8853,Andrew Thompson,Operations,43782
3605,John Brown,Legal,146299
9319,Karen Lee,Marketing,38726
9942,Michael Lee,Marketing,46554
8846,Daniel Lewis,Research,126393
5366,Daniel Allen,Sales,107739
3630,Paul Gonzalez,Finance,85711
478,Steven Taylor,Finance,63897
1829,Jane Brown,Customer Service,100082
6684,Christopher Johnson,IT,98030
2347,Sarah Smith,Engineering,56496
4582,Jane Taylor,Engineering,120017
504,Deborah Williams,HR,51451
4758,Anthony Martin,Legal,42914
6823,Karen Robinson,Research,101835
5859,Lisa Perez,Research,139965
3254,Ashley Lopez,Customer Service,101111
4138,David Miller,IT,134900
3310,Jessica Anderson,Customer Service,63084
5098,Robert Allen,Legal,79258
6476,Michael Williams,Operations,118894
5325,Nancy Perez,Finance,39742
6516,Deborah Lewis,Sales,44468
