EMP_ID,EMP_NM,DEPT_CD,SAL_AMT
3017,Paul Brown,HR,109509
1503,James Ramirez,Sales,92670
7931,Dorothy Johnson,Research,131252
8416,Elizabeth Clark,Customer Service,111216
4521,Betty Williams,Marketing,61932
239,Betty White,Research,71294
2623,Andrew Lopez,Legal,38256
7757,Paul Lopez,Research,97121
1227,Donald Robinson,Operations,111315
9617,Daniel Perez,Operations,68499
5164,Jane Robinson,IT,42326
6493,James Martin,Marketing,97344
1807,Lisa Davis,Finance,53474
6220,Elizabeth Brown,Sales,59357
729,Lisa Taylor,Sales,104283
6228,Jennifer Miller,HR,97238
5039,Dorothy Walker,Research,76019
2991,Ashley Johnson,Legal,101656
487,Paul Taylor,Finance,126915
7431,Karen Lee,Sales,58590
3127,Anthony Walker,Sales,135555
2559,Elizabeth Johnson,Operations,39645
2238,John Martinez,Research,34996
5901,Ashley Smith,Sales,119706
4424,Matthew Moore,Sales,148165
2163,Nancy Walker,Sales,147639
8279,Ashley Lewis,Engineering,43914
5385,Daniel Brown,Legal,119022
7796,Jessica Moore,Customer Service,69715
5417,Anthony Anderson,Sales,136602
3912,Karen King,Operations,135160
4663,Elizabeth Harris,Engineering,109766
8574,Betty Davis,Sales,121615
6917,Anthony Allen,Customer Service,127070
6375,Jessica Brown,Finance,126534
4623,Christopher Martin,Research,110495
2999,Betty Smith,Sales,138880
1657,John Martin,Legal,96799
5803,Daniel King,Customer Service,141610
221,Sarah Jackson,Marketing,53498
3642,Joshua Martinez,Engineering,112168
5498,Paul Martin,Marketing,104007
370,Betty Sanchez,Customer Service,116322
6938,Robert Harris,IT,74352
7157,Donald Taylor,HR,87696
7525,John Clark,Sales,69566
4955,Andrew Thompson,Marketing,87131
9155,Sarah Thomas,Sales,147156
9340,James Brown,Legal,135538
9619,David Gonzalez,Research,126184
7902,Sarah Perez,Operations,144591
1954,Jane Thompson,Marketing,72470
6711,Anthony Davis,Finance,43176
79,Dorothy Lopez,Engineering,115226
8363,Betty Johnson,HR,30462
1682,Jennifer Sanchez,IT,81030
5565,Anthony Lopez,Finance,135500
774,Jennifer Hernandez,Operations,63639
8156,Ashley Ramirez,IT,135433
4320,Donald Robinson,IT,63988
4686,Amanda Harris,Sales,133749
6049,Paul Taylor,Finance,42237
7889,Ashley Walker,Operations,139443
3038,Betty Rodriguez,Engineering,112583
2622,Jennifer Clark,Legal,140531
9760,Nancy Harris,Operations,115310
5290,Jane Johnson,Sales,35288
9235,Dorothy Perez,Marketing,136452
3574,John Harris,HR,82937
27,Elizabeth Rodriguez,HR,82166
883,Deborah Ramirez,Operations,76778
3180,Jessica Jones,Customer Service,59992
2299,Amanda Miller,Sales,41702
207,Lisa Harris,IT,46557
2125,Deborah Rodriguez,HR,105583
4270,Jennifer Johnson,Operations,84505
5439,Michael Robinson,Engineering,123504
6062,Christopher Davis,Research,81817
3596,James Anderson,Research,100045
1229,Amanda Williams,Finance,111180
6053,Anthony Walker,HR,35821
1617,Emily Sanchez,Operations,38731
1666,Steven Martin,Operations,60222
5646,Steven Davis,HR,40702
4257,Andrew Thompson,Customer Service,108360
1813,Dorothy Robinson,Legal,82373
2059,Ashley King,Operations,143531
1588,James Lopez,Research,85875
4299,Christopher Anderson,Research,72382
7027,Steven Jones,Customer Service,140220
3005,Dorothy Lopez,IT,105059
2832,Elizabeth Gonzalez,Engineering,112962
3425,John Lee,Research,129476
9482,Michael Smith,IT,137884
8240,Mark Allen,Marketing,66450
4061,Michael Ramirez,IT,108548
4137,Daniel Thompson,Sales,87015
5198,Paul Smith,HR,82392
7039,James Sanchez,HR,73459
3300,Daniel Thompson,Customer Service,89025
