C_ID,C_NAME,AGE_YRS,LOC_CD,REG_DT
4321,Joshua Young,43,Washington,2020-08-07
7369,Paul Miller,60,Mesa,2024-05-02
4014,James Martin,46,Milwaukee,2025-08-28
6383,Emily Perez,20,Louisville,2025-08-15
7028,Michael Davis,41,San Jose,2020-04-26
1552,Jane Martinez,69,Albuquerque,2020-10-15
7204,Steven Robinson,69,Kansas City,2023-10-23
5941,Karen Williams,55,New York,2023-07-15
9432,Andrew Walker,31,Phoenix,2023-04-25
9926,Emily Thomas,68,Charlotte,2022-01-15
8188,Paul Clark,59,San Jose,2025-10-16
4689,John Taylor,63,Sacramento,2025-10-18
9356,Mark Gonzalez,34,New York,2022-08-18
1905,David Martinez,37,Indianapolis,2024-08-22
6309,Mark Lopez,37,Columbus,2020-03-23
499,Lisa Smith,69,San Jose,2021-07-07
7640,Dorothy Ramirez,43,Seattle,2025-11-28
2133,Betty Davis,21,Boston,2024-07-25
2962,Joshua Anderson,67,San Jose,2021-11-14
3352,Nancy Thomas,49,San Francisco,2022-11-12
7967,Deborah Rodriguez,48,Boston,2021-09-19
9157,Mark Hernandez,29,Philadelphia,2024-12-13
9104,Ashley Young,44,Albuquerque,2025-05-05
2962,Karen Smith,37,Mesa,2020-11-10
7399,Jessica Smith,64,Baltimore,2022-12-10
8848,Deborah Lee,28,Denver,2020-02-23
3123,Robert Jones,25,Phoenix,2023-07-03
2954,Jane Thomas,37,Denver,2021-09-16
953,Matthew Lewis,68,Washington,2022-12-04
3432,Amanda Allen,29,Nashville,2022-10-01
5371,Donald Perez,30,Columbus,2024-11-26
9146,Sarah Sanchez,41,Austin,2023-07-03
3122,James Jones,22,Fresno,2023-12-16
2099,Ashley Young,62,Albuquerque,2020-01-28
7546,James Williams,46,Fresno,2022-01-27
6654,John Robinson,23,Milwaukee,2025-04-06
9825,Lisa Wilson,43,Mesa,2022-06-02
6732,Karen Wilson,21,Kansas City,2021-04-08
5126,Anthony Rodriguez,61,Louisville,2022-08-23
8962,James Ramirez,22,New York,2023-08-05
8899,Sarah Sanchez,27,Columbus,2021-11-05
1907,Lisa Miller,52,Phoenix,2020-09-22
2729,Betty Clark,44,Denver,2024-06-18
25,Deborah Allen,20,Austin,2023-04-27
86,Jane Williams,46,San Francisco,2022-02-21
7044,Andrew Taylor,70,Mesa,2024-11-12
8458,Jennifer Martinez,69,New York,2025-01-16
5047,David Williams,19,Seattle,2020-02-16
3263,Sarah Thomas,29,Milwaukee,2023-10-21
711,David Allen,27,Tucson,2021-06-07
4073,Andrew Hernandez,26,Milwaukee,2022-12-24
3685,Michael Young,70,San Jose,2025-01-18
6771,Christopher Miller,52,Louisville,2023-09-01
1988,Matthew White,68,Austin,2022-06-09
7024,Lisa Taylor,22,Louisville,2020-02-22
4881,Mark Thomas,65,Baltimore,2025-02-23
8825,Michael Gonzalez,40,Charlotte,2023-04-09
8949,Karen Rodriguez,27,Philadelphia,2021-05-10
6653,Amanda Martinez,67,Denver,2022-08-19
6640,Jessica Garcia,56,Louisville,2022-01-21
3322,Ashley Thomas,31,Las Vegas,2023-11-27
4455,Daniel Lopez,38,Dallas,2025-03-16
8342,Jane Garcia,55,San Antonio,2021-11-01
3081,Dorothy Williams,35,Tucson,2025-10-18
4666,Karen Clark,26,Austin,2024-01-14
425,Mark Davis,18,Washington,2023-08-24
1840,Joshua Lopez,20,Houston,2022-07-22
1072,Joshua Robinson,35,Portland,2024-02-09
1270,Robert Thomas,35,Boston,2025-11-09
1257,Anthony Brown,55,San Diego,2021-01-07
4267,Deborah Jones,24,Phoenix,2024-07-16
983,Steven Smith,56,San Antonio,2023-07-21
5870,Mark Anderson,19,Philadelphia,2024-12-27
8881,John Martinez,26,Portland,2023-10-21
1543,Andrew Thomas,65,Charlotte,2022-10-23
