C_ID,C_NAME,AGE_YRS,LOC_CD,REG_DT
3111,Jessica Johnson,70,Phoenix,2023-09-14
8909,Ashley Ramirez,22,Boston,2023-08-05
6679,Jane Brown,61,Phoenix,2023-08-10
5164,Elizabeth Jackson,59,Tucson,2024-10-09
9800,Matthew Brown,22,Los Angeles,2024-11-19
6209,James Taylor,51,Los Angeles,2021-06-14
2178,Anthony Hernandez,40,Seattle,2023-09-09
5473,Elizabeth Sanchez,67,Los Angeles,2022-05-14
3298,Elizabeth Harris,32,Phoenix,2025-08-02
199,Christopher Wilson,42,Charlotte,2020-05-14
9633,Matthew Miller,59,Seattle,2020-10-27
4169,Ashley Robinson,69,Indianapolis,2022-11-06
4995,Sarah Anderson,62,Austin,2025-12-07
5431,Lisa Perez,54,Portland,2020-12-21
7782,James Sanchez,52,Kansas City,2024-03-22
7680,Anthony Robinson,31,Dallas,2022-10-11
2657,Andrew Davis,19,San Antonio,2021-08-04
4263,James White,30,San Diego,2020-10-09
5130,Christopher Jones,31,Washington,2022-12-01
5710,Lisa Taylor,53,Phoenix,2021-01-14
1720,Dorothy Taylor,35,Denver,2023-03-06
8398,Karen Garcia,69,Indianapolis,2025-05-13
770,James Clark,36,Charlotte,2023-09-02
3970,Lisa Perez,44,Philadelphia,2021-04-22
4063,Paul Taylor,19,Phoenix,2021-09-14
2854,Matthew Smith,56,Washington,2025-01-07
3189,Anthony Williams,62,Jacksonville,2023-02-11
3674,Karen Taylor,60,Kansas City,2021-02-13
2896,Matthew Hernandez,27,Boston,2021-01-14
5488,Joshua Moore,40,San Jose,2020-10-18
5517,Dorothy Thompson,19,Louisville,2021-03-17
1649,Anthony Walker,22,Indianapolis,2021-04-26
8111,Donald Thompson,70,Oklahoma City,2022-11-01
9683,Lisa Young,32,Mesa,2020-03-17
3426,Lisa King,34,Baltimore,2023-09-25
9275,Robert Clark,50,San Jose,2025-08-06
1581,Donald Robinson,61,Houston,2022-08-13
9463,Christopher Smith,67,Mesa,2024-07-08
9240,Paul Allen,69,Los Angeles,2020-12-01
602,Ashley Rodriguez,66,Milwaukee,2023-01-22
6762,Karen Moore,27,Indianapolis,2023-04-05
6906,Michael Lee,61,Nashville,2024-09-23
8186,Emily Miller,35,Charlotte,2024-11-16
3627,Nancy Lee,67,Seattle,2025-06-16
5396,Jessica Young,48,Denver,2023-04-08
3342,Jane Walker,67,Fort Worth,2023-12-07
4257,Jessica White,62,Denver,2023-07-15
1403,James Moore,26,Fort Worth,2021-08-28
8235,Jessica Martin,56,San Antonio,2024-05-02
175,David Young,49,Dallas,2024-09-26
8966,Steven Lopez,52,Sacramento,2025-09-05
1570,Paul Sanchez,68,Kansas City,2020-01-23
988,Matthew Perez,53,San Diego,2023-06-21
3860,Joshua King,44,Jacksonville,2023-09-22
5836,Andrew Taylor,58,Tucson,2022-09-27
7332,Emily Lee,35,Portland,2023-08-09
5284,Michael Martin,28,Tucson,2024-05-17
5368,Sarah Walker,56,Las Vegas,2022-05-01
8361,Jennifer Martin,21,New York,2025-12-19
8174,Lisa Lopez,53,Seattle,2023-04-20
4014,Amanda Taylor,60,Seattle,2023-12-10
2678,Jennifer Lewis,41,Oklahoma City,2021-03-26
620,Jennifer Thompson,37,Sacramento,2020-05-20
7863,Ashley Thompson,21,San Diego,2020-02-11
9153,John Wilson,35,Fresno,2020-07-19
9664,Dorothy Clark,52,Kansas City,2021-07-23
2183,Daniel Brown,38,Fort Worth,2022-02-21
9998,Jennifer Gonzalez,53,Boston,2021-12-08
4481,Daniel Hernandez,20,New York,2025-02-18
4711,Betty Davis,37,Kansas City,2021-03-12
6080,Mark Brown,56,Baltimore,2024-10-16
8088,Daniel Thompson,18,New York,2020-02-06
9112,Christopher Gonzalez,39,San Jose,2023-10-20
2883,Elizabeth Moore,47,Louisville,2024-03-05
1928,Karen Brown,56,Dallas,2021-05-11
