EMP_ID,EMP_NM,DEPT_CD,SAL_AMT
4137,James White,Research,32359
4901,Emily King,IT,130542
5165,Matthew Thomas,Operations,139855
3270,Matthew Lee,IT,33222
5664,Amanda Jones,Operations,53053
6058,Deborah Walker,Customer Service,102113
8086,Andrew Anderson,IT,72708
2527,Matthew Miller,Operations,60919
9708,Emily Allen,Legal,99693
8075,James Perez,IT,69551
4622,Ashley Sanchez,Operations,80495
9713,Amanda Anderson,Engineering,69787
425,Elizabeth Lopez,Engineering,103533
5495,Dorothy Thomas,Sales,129472
7510,Andrew Thompson,Legal,99333
158,Deborah Smith,Customer Service,88979
9501,Sarah Clark,IT,91035
1204,Elizabeth Young,Marketing,120890
1569,Jessica Lee,Research,30265
3808,Christopher Ramirez,Finance,88767
4548,Betty Jackson,Marketing,145297
8427,Lisa Thompson,Finance,83373
1418,Deborah Lopez,Marketing,95615
7656,Jane King,Engineering,44472
6963,Sarah Brown,Engineering,125719
7560,Andrew Lopez,Legal,123192
8932,Betty Ramirez,Operations,82362
4584,Joshua Smith,Legal,109523
5353,Jessica Hernandez,HR,107369
5426,Steven Lee,Operations,68094
2656,Sarah Lopez,Research,81300
7632,Deborah Johnson,Legal,133245
9906,Michael Martin,HR,141920
4866,Robert Rodriguez,IT,126155
3491,Deborah Harris,Sales,62042
9342,Mark Anderson,Finance,77598
8109,Nancy Harris,Legal,51420
8720,Andrew Perez,IT,55403
6526,Matthew Anderson,Customer Service,106019
9638,Jennifer Lopez,Operations,88495
6950,Joshua Sanchez,Engineering,32935
7747,Michael Taylor,Marketing,80480
883,Nancy Jackson,Finance,103815
2880,Amanda Perez,IT,136322
1661,Paul Walker,Sales,31319
6222,Karen Williams,Operations,138285
210,Christopher Rodriguez,Customer Service,101134
8949,James Ramirez,Engineering,108645
8070,Ashley Thomas,Operations,32469
391,John Clark,Marketing,139890
4475,Anthony Walker,Finance,134452
1333,Lisa Rodriguez,Engineering,30082
3524,Nancy White,IT,36939
4370,Ashley Perez,Sales,148587
1410,Matthew Thomas,Finance,130739
1328,Christopher Anderson,Research,90450
6600,Daniel Allen,Customer Service,120534
6957,John Moore,Customer Service,103881
9643,Sarah Brown,Research,39862
2000,Sarah Walker,Customer Service,30768
1846,Jennifer Sanchez,Research,73456
5963,Michael Sanchez,Marketing,63143
3372,Karen Jackson,Engineering,143636
627,Karen Brown,Legal,63899
6291,Jennifer Martin,Engineering,53346
1102,Dorothy Clark,Engineering,133352
7688,Andrew Thomas,Operations,111445
7058,Christopher Johnson,Research,109509
1941,Jennifer Young,Operations,47416
3124,Andrew Lopez,Customer Service,129550
2621,John Robinson,Marketing,134739
7204,Paul Perez,Finance,57135
5524,Sarah Moore,Customer Service,32487
8701,Michael Jones,Operations,54672
2981,Christopher Clark,Engineering,72805
393,Sarah Moore,Finance,119864
398,Paul Brown,Engineering,66700
7414,Nancy Garcia,HR,122603
501,John Smith,Operations,76036
9278,Paul Garcia,Sales,50382
9256,Lisa Garcia,IT,37156
978,Paul Walker,Sales,55386
4145,Andrew Smith,HR,87638
2188,Lisa Rodriguez,IT,39560
7270,Paul King,Research,90269
9974,James Young,Customer Service,147759
4611,John Hernandez,Operations,136266
3707,James Rodriguez,Legal,74912
4700,Ashley Thomas,Sales,129048
4187,Dorothy Lewis,Marketing,80100
7590,John Lopez,HR,91182
6332,Joshua Ramirez,Customer Service,74021
8933,Dorothy Thomas,Marketing,61897
334,Matthew Young,IT,120961
1437,Nancy Garcia,Sales,108950
6911,John Taylor,Research,136849
9122,Betty Taylor,Finance,45656
7817,Daniel Miller,HR,60518
5866,Matthew Perez,IT,81878
3445,Andrew Taylor,Operations,104202
