EMP_ID,EMP_NM,DEPT_CD,SAL_AMT
578,Steven King,Operations,33720
4585,Deborah Thompson,Operations,96179
4346,John Anderson,Sales,54220
9962,Ashley Johnson,Sales,50891
6933,Steven Gonzalez,HR,50672
1133,Christopher Martinez,Marketing,46265
904,Daniel Taylor,Customer Service,109235
9549,Steven Sanchez,HR,99009
7723,Mark Sanchez,Customer Service,134707
1779,Jane Brown,IT,34592
8396,Sarah Harris,HR,122948
9392,Karen Young,Customer Service,121606
2656,Robert Thomas,Engineering,82271
5349,Mark Hernandez,Research,66486
9970,Steven Martin,HR,54617
2478,Deborah Harris,HR,131337
302,Andrew Garcia,Sales,73684
7633,Mark Smith,Research,69309
4729,Christopher Rodriguez,Legal,47494
2124,Steven Lee,Operations,100834
9522,James Walker,IT,132832
2213,John Moore,Customer Service,88705
4504,Jessica Ramirez,Operations,138021
9259,Deborah White,Operations,58452
2023,Christopher Jackson,Legal,67124
1750,Robert Lee,Marketing,86131
6780,Jessica Allen,Finance,129727
1537,Dorothy Wilson,Finance,101025
5336,Andrew Gonzalez,Operations,132130
3649,Andrew Perez,Customer Service,55640
6178,Paul Clark,Engineering,130420
9618,Amanda Ramirez,Operations,36041
346,David Lewis,Customer Service,139270
8831,Deborah Harris,IT,82402
6919,Emily Taylor,HR,56899
9046,Jane Anderson,Customer Service,71284
1290,David Lopez,Customer Service,90879
3248,Michael Wilson,Sales,76193
9683,Michael Hernandez,Customer Service,42941
533,David Ramirez,Legal,137404
4901,Mark Hernandez,Finance,122872
3608,Karen Smith,Legal,75848
179,Nancy White,Customer Service,80537
2761,Daniel Perez,Engineering,125616
5270,Robert Gonzalez,Customer Service,101736
3261,Christopher Robinson,Legal,50260
9048,Ashley Jones,Legal,124141
5733,Jane Smith,Engineering,123271
920,Dorothy Thompson,Engineering,101125
4561,Ashley Martin,Customer Service,56327
469,James Clark,Legal,65958
983,Steven Thomas,Engineering,52804
9744,Lisa Lee,Engineering,35687
4264,Anthony Anderson,Engineering,77515
9380,Jane Lewis,Customer Service,145896
8895,Ashley Garcia,Engineering,127249
2332,Daniel Walker,Research,47518
152,Lisa Robinson,HR,144125
4183,Lisa Gonzalez,Finance,80447
8911,Joshua Young,Legal,34076
9082,Jane Lewis,IT,134152
3321,Jennifer Gonzalez,IT,133863
4296,Matthew Harris,Sales,46425
8000,Elizabeth Ramirez,Customer Service,80532
7597,Robert Harris,Operations,59640
9767,Amanda Rodriguez,Sales,68054
8706,Jane Jackson,Customer Service,53823
5433,Deborah Jackson,Sales,60682
5989,Karen Williams,Sales,90858
4617,David Hernandez,Finance,101619
1270,Karen Johnson,Customer Service,105973
5606,Jessica Sanchez,Legal,148462
8962,James Williams,Sales,136127
3275,Mark Ramirez,Legal,141163
854,Karen Harris,Research,66912
4290,Lisa Johnson,Customer Service,133898
2269,Robert Taylor,Finance,48579
3811,Matthew Taylor,Sales,30845
4417,Donald Perez,Operations,98946
3905,Matthew Harris,Marketing,103885
2464,Lisa Allen,HR,82706
4649,Donald Rodriguez,Operations,63692
2570,Ashley Moore,HR,62132
665,Mark Walker,Research,84489
3997,Donald Rodriguez,Legal,93845
5193,Jennifer Davis,Legal,97659
3690,Paul Johnson,Legal,129194
9774,Dorothy Garcia,Research,84851
9329,Matthew Lee,Marketing,34671
555,Anthony King,Operations,34427
4598,Michael Moore,Research,129099
507,Steven Martin,Engineering,51961
4441,Lisa Moore,Finance,69608
4502,Jessica Miller,Finance,38867
4527,Joshua Rodriguez,Engineering,125344
8567,Jane Thomas,Engineering,100873
7323,Joshua Williams,Operations,86897
6769,Donald Martinez,Marketing,131944
9975,Donald Jones,IT,88815
223,James Miller,Sales,87576
