EMP_ID,EMP_NM,DEPT_CD,SAL_AMT
3847,Joshua Williams,HR,146333
7145,Ashley Brown,Research,149214
5267,James Smith,Legal,122716
8225,Matthew Clark,HR,86256
5398,Anthony Thompson,Research,110700
3338,Nancy Jones,Engineering,120020
5755,Nancy Brown,Engineering,94604
3521,Joshua Hernandez,Marketing,80220
4987,Dorothy Harris,HR,60820
7993,Donald Thompson,Research,143557
8542,James Brown,Research,103566
2994,Robert Smith,Operations,84419
9610,Andrew Anderson,Operations,107529
4804,Michael Taylor,Legal,100074
4934,Sarah White,Customer Service,80357
2424,Deborah Martinez,Sales,79906
2556,Emily Brown,Sales,117002
2625,Mark Williams,Finance,63576
2762,Lisa Hernandez,Finance,125511
3797,Christopher Williams,Operations,88738
6996,Daniel Allen,Customer Service,91097
9218,Nancy White,HR,70315
2772,Elizabeth Jones,Legal,135300
1143,Ashley Ramirez,Operations,56134
7620,Emily Williams,IT,81756
1224,Jane Lee,IT,140626
5547,Emily Taylor,Research,115976
6210,Karen Wilson,Customer Service,130457
8211,Christopher Miller,Research,60934
725,Karen Jones,Customer Service,91452
7710,Donald Lewis,IT,93567
775,Joshua Harris,Sales,47691
55,Daniel Rodriguez,Operations,114937
9199,Betty Garcia,HR,35866
5493,Lisa Rodriguez,Operations,46987
3476,Donald Walker,Engineering,57739
8307,Donald Garcia,Legal,110491
3787,Christopher Miller,IT,31513
9793,Dorothy Anderson,Engineering,109780
1775,Christopher Lopez,Engineering,87902
124,Mark Moore,Marketing,84934
976,Karen Rodriguez,HR,125083
6861,Karen Martin,Sales,112838
8154,Jane Jackson,Sales,135192
1086,Robert Sanchez,Marketing,38125
5212,Karen Lewis,Marketing,137421
4302,Robert Wilson,Finance,70334
403,Karen Allen,Operations,131710
7548,Lisa Lee,Customer Service,122304
3294,James Rodriguez,Sales,131409
4856,Lisa Anderson,Legal,149303
3503,Karen White,Research,98345
6325,Betty Taylor,Engineering,134915
3640,Betty Miller,IT,77167
7638,Mark Hernandez,Marketing,119787
2933,Joshua Perez,HR,100329
6908,Deborah Taylor,Marketing,141111
6736,Jennifer Clark,Research,70948
639,Deborah Lewis,Engineering,122685
5767,Dorothy Brown,IT,38914
3193,Jennifer Williams,Customer Service,41305
846,Lisa Garcia,IT,62942
7278,Joshua Lee,Sales,57224
2214,James Smith,Sales,43274
5251,Andrew Martin,Engineering,120295
1210,Amanda Davis,Finance,72917
1967,Michael Hernandez,Research,110478
9338,Christopher Young,Legal,42997
7353,John Harris,Operations,103323
2617,Robert Johnson,HR,123647
8197,Anthony King,Legal,92004
165,Ashley Walker,Operations,101750
6920,Steven Davis,IT,85708
8598,Jane Smith,Operations,109225
2474,Daniel Johnson,Sales,100120
2527,Jane Ramirez,Engineering,34028
5794,Christopher Hernandez,Customer Service,88153
467,Michael Ramirez,Sales,70435
9010,Paul Martin,Sales,46818
315,Karen Martin,Engineering,142729
8571,Lisa Sanchez,IT,116336
7596,Joshua Lopez,HR,36187
991,Emily Rodriguez,Research,71674
8005,Deborah Harris,Marketing,71842
1179,Robert Ramirez,Sales,121961
5589,Steven Rodriguez,Research,67340
3201,Matthew Harris,IT,75728
6180,Jane Rodriguez,Operations,85516
2277,Dorothy Davis,Research,101714
9664,Ashley Smith,Finance,119260
9394,Joshua Lewis,Sales,74098
8802,Joshua Williams,Engineering,50194
5534,Amanda Gonzalez,Marketing,100817
960,Amanda Martin,IT,139463
2102,Michael Clark,Customer Service,115740
9761,Amanda Thomas,HR,117078
5327,Donald Allen,Research,94983
7953,Deborah Garcia,Operations,138912
1386,Daniel Taylor,Legal,108082
6906,Anthony Brown,Marketing,149560
