EMP_ID,EMP_NM,DEPT_CD,SAL_AMT
8541,Ashley Rodriguez,IT,123749
3582,Betty Garcia,HR,41221
2633,Deborah White,Research,88498
5742,Lisa Jones,Engineering,76663
7197,Emily Young,Sales,145670
8770,Andrew King,Marketing,59016
4663,Nancy Jones,Finance,85885
5732,Daniel Garcia,Research,101705
3604,Donald Hernandez,Finance,130193
2675,Jennifer Clark,Research,142003
8490,Jennifer Rodriguez,Legal,118141
5232,David King,Customer Service,134011
5032,Joshua Martinez,Finance,50473
3598,Elizabeth Ramirez,IT,78767
8019,Robert Harris,Engineering,93277
70,Karen Perez,IT,42212
5750,Jessica Miller,IT,85764
5056,Joshua Perez,Engineering,71907
6126,Lisa Allen,Customer Service,109833
6421,Robert Wilson,Legal,56495
178,Anthony Young,Sales,80389
2387,Dorothy Martin,Legal,38509
1675,Jane Thompson,Legal,80499
8891,Sarah Harris,Sales,71907
8761,Christopher Brown,Engineering,133011
7117,Mark Perez,Research,147109
2379,Betty Lewis,Operations,125543
77,Jennifer Martinez,Research,103887
205,Dorothy Gonzalez,Finance,61668
3032,Robert Smith,Engineering,141642
2512,Daniel Walker,Customer Service,63573
9279,John Lee,Sales,137341
1655,Jennifer Allen,HR,90902
5347,Matthew Sanchez,Sales,75026
650,Karen Young,Finance,109137
4264,Donald Martinez,Finance,121547
4609,Michael King,Operations,57085
6196,Emily Smith,Finance,76026
4351,Donald White,Engineering,113593
5817,Steven Miller,Sales,99689
7722,David Thomas,Sales,130016
6941,Daniel Anderson,HR,109962
9730,Amanda Gonzalez,Customer Service,110500
2449,Donald Anderson,HR,44595
5983,David Jackson,Finance,79378
4357,Donald Miller,Operations,34650
9572,Deborah Lee,Engineering,91280
7506,Jennifer Thomas,IT,102566
7130,Sarah Lee,Research,103178
6439,Amanda Taylor,IT,87866
5813,Paul Williams,HR,69662
3977,Lisa Ramirez,Finance,136060
5099,Daniel Walker,Operations,98637
6034,Elizabeth Robinson,Sales,60683
5632,Betty Lopez,Research,45953
3586,Andrew Davis,Operations,52902
2329,Betty Young,Research,125163
2835,Andrew Martin,Engineering,149570
1736,David Lee,Sales,33638
3137,Mark Robinson,Legal,72106
9143,Andrew Thomas,Finance,51151
1503,Lisa Davis,Engineering,120635
9453,Jane Garcia,Research,77210
6196,Steven Harris,Research,72693
6028,Lisa Sanchez,Legal,33488
1050,Ashley Allen,Legal,70237
5469,Donald Davis,Finance,100827
8179,Donald Rodriguez,IT,46568
9560,Lisa Clark,Sales,127226
3181,Daniel Johnson,Legal,85488
9265,Amanda Lewis,Engineering,80861
1523,Steven Davis,Legal,91701
8401,Christopher Lee,HR,32534
1151,Michael Harris,Marketing,82578
928,Anthony Williams,Customer Service,96183
4820,Robert Moore,IT,136557
8268,Matthew Sanchez,Marketing,95204
4691,Anthony Brown,Customer Service,82488
9830,Donald Lopez,Sales,83166
669,Steven Wilson,Operations,49787
8107,Lisa Jones,Sales,128712
4303,Nancy Thompson,Sales,75928
6259,James Miller,Customer Service,70325
1427,Karen Martin,Finance,122918
1566,Emily Williams,IT,31798
5297,Joshua Lee,HR,59864
3337,Sarah Perez,Operations,111354
4825,Sarah Thompson,HR,140570
3415,Deborah Perez,Operations,136254
9920,Betty Williams,Sales,146738
6449,Mark Garcia,HR,88964
4289,Dorothy Clark,IT,120456
2235,Michael Martin,Engineering,50408
6351,John Brown,Legal,133664
6247,Elizabeth Miller,HR,118327
2660,Nancy Moore,Engineering,104059
3950,Jane Miller,Legal,108289
8339,Deborah Sanchez,Operations,121708
8205,Sarah Gonzalez,Legal,100950
9353,Joshua Garcia,Finance,93011
