C_ID,C_NAME,AGE_YRS,LOC_CD,REG_DT
7543,Elizabeth Martinez,43,Fresno,2023-03-04
209,Paul Lewis,66,Nashville,2023-04-06
1867,David Perez,39,Chicago,2023-08-02
8674,Robert King,68,Tucson,2022-10-03
1411,Jennifer Thomas,61,Sacramento,2023-08-04
4618,Ashley Williams,60,Oklahoma City,2022-03-10
1846,Lisa Thomas,50,Los Angeles,2022-04-18
7831,Dorothy Johnson,38,Austin,2020-12-10
5371,Sarah Moore,48,Tucson,2020-02-01
459,Nancy Thompson,33,Sacramento,2025-08-18
6750,Anthony Thomas,33,Fort Worth,2023-01-26
1456,Amanda Jackson,70,Los Angeles,2020-02-04
4964,Paul Thompson,65,Oklahoma City,2022-08-28
6049,Betty King,61,Seattle,2020-10-13
7490,Donald Ramirez,18,San Francisco,2024-09-16
2015,Ashley Jones,53,Albuquerque,2024-04-23
5509,Karen Rodriguez,45,Sacramento,2020-02-12
5893,Michael Robinson,55,Fresno,2020-03-07
6421,Betty Anderson,37,Boston,2022-03-19
9264,Robert Hernandez,57,Tucson,2022-05-06
9184,James Jones,19,San Jose,2021-05-13
3781,Andrew Rodriguez,66,Washington,2024-06-20
3589,Karen Jackson,69,Nashville,2021-10-18
8752,James Moore,43,Baltimore,2020-10-24
5489,Amanda Thompson,44,Seattle,2025-03-12
6200,Christopher Sanchez,63,San Francisco,2020-05-12
1504,Daniel Martin,67,Albuquerque,2023-02-06
7208,Daniel Rodriguez,46,Phoenix,2021-12-23
8525,Jane Miller,52,Los Angeles,2023-05-13
4055,Nancy Harris,59,Dallas,2022-10-22
3682,Ashley Williams,70,Charlotte,2022-02-06
9585,Elizabeth White,21,Seattle,2020-12-26
591,Joshua Allen,63,Dallas,2022-05-18
9505,Daniel Hernandez,19,Seattle,2021-12-04
2929,Emily Wilson,39,Tucson,2020-08-24
4417,Andrew Lopez,66,Nashville,2020-02-28
5434,David White,43,Albuquerque,2023-04-07
8960,Jane Allen,18,Denver,2023-04-15
6628,Deborah Jones,68,Chicago,2022-12-20
7799,Matthew Williams,35,Portland,2025-02-12
3230,James Ramirez,53,Portland,2023-01-16
5471,Anthony Clark,25,Los Angeles,2025-02-02
863,Ashley Williams,27,San Francisco,2021-10-13
3166,Steven Williams,59,Oklahoma City,2021-12-13
1897,Amanda Martin,39,Dallas,2020-09-07
9348,Nancy Williams,65,San Jose,2021-03-17
247,Dorothy Walker,22,Sacramento,2024-11-13
2518,Karen Wilson,62,Jacksonville,2024-05-05
5467,Mark Moore,51,San Jose,2024-06-06
2243,Christopher Jackson,34,Mesa,2023-04-17
7825,James Lee,51,Louisville,2022-07-05
157,Michael Thompson,46,Mesa,2024-11-01
2447,Matthew Perez,33,Charlotte,2024-11-13
1912,Amanda Allen,49,Albuquerque,2022-09-19
7427,Lisa Rodriguez,54,Austin,2021-04-06
2606,Betty Allen,58,Oklahoma City,2025-08-15
332,Christopher Lee,68,Dallas,2022-04-04
8241,James Hernandez,27,Jacksonville,2022-12-23
2713,Nancy Jackson,58,Baltimore,2020-05-19
3906,Donald Sanchez,48,Columbus,2022-06-25
1858,Daniel Robinson,39,Houston,2022-12-03
9662,Matthew Anderson,23,Washington,2024-08-27
7681,Karen Sanchez,31,Milwaukee,2021-03-22
2255,Lisa Hernandez,61,Indianapolis,2023-07-09
6504,Dorothy Martinez,62,Sacramento,2021-10-03
8065,Steven Brown,31,San Antonio,2025-06-24
8211,Jennifer Jackson,48,Louisville,2024-04-23
6224,Jennifer Ramirez,29,Charlotte,2021-01-13
6638,Dorothy White,31,Denver,2024-07-04
9542,Michael Thomas,69,New York,2022-06-23
8414,Lisa Smith,37,Mesa,2024-12-18
8993,Donald Moore,35,San Antonio,2021-04-13
5823,Lisa Sanchez,47,Philadelphia,2020-12-15
4633,Steven Thomas,66,Sacramento,2020-10-27
9953,Jennifer Hernandez,22,Fort Worth,2021-03-25
