EMP_ID,EMP_NM,DEPT_CD,SAL_AMT
6820,Ashley Lopez,Research,119718
4379,Ashley Lee,Customer Service,84914
5252,Steven Garcia,Research,108240
9797,Betty Thompson,Engineering,113553
1388,Matthew King,Legal,143709
2457,Karen Davis,Legal,72731
9127,Joshua Perez,Marketing,42413
2644,Dorothy Walker,Marketing,129537
7991,Elizabeth Brown,Operations,94469
6006,Jane Robinson,Legal,61973
9497,Joshua White,Legal,93404
6028,Dorothy Robinson,Sales,133016
4852,Andrew Jones,Operations,54153
247,Dorothy Lopez,Research,54175
9369,Jessica Thomas,Engineering,75343
2492,Dorothy Thompson,Finance,33466
5023,Jennifer Johnson,Customer Service,85959
9148,Andrew Harris,Legal,36581
3782,Joshua Allen,Finance,91335
5970,Anthony Martinez,Marketing,32102
9279,Paul Jones,Research,134642
4398,Andrew Davis,Finance,129984
1561,Emily Gonzalez,Legal,79828
9010,Karen Clark,HR,145830
2781,Lisa Lee,Research,34879
4271,Nancy Perez,Sales,39252
7291,Joshua Young,Customer Service,144555
339,Ashley Walker,Sales,86378
1181,Christopher Williams,Operations,55259
9031,Elizabeth Johnson,Finance,58446
344,Paul Allen,Legal,69548
8652,James Martin,Legal,58029
2148,Christopher Miller,HR,60611
4836,Jennifer Hernandez,Marketing,96385
7410,Amanda Harris,Operations,40770
7382,Dorothy Allen,IT,92380
1258,Sarah Rodriguez,Operations,96203
4740,Paul Williams,Customer Service,64405
8941,Lisa Martinez,Sales,131074
1714,Andrew Walker,Finance,50318
5011,Christopher Jones,Finance,53433
864,Emily Martinez,Customer Service,63420
4832,Mark Thomas,Research,39800
2906,Amanda Gonzalez,Customer Service,141547
7140,Karen Robinson,HR,35635
7636,Jessica Lopez,Marketing,69733
4594,Jennifer Sanchez,Customer Service,143935
6023,Dorothy Williams,Finance,102069
8439,Sarah Taylor,HR,46111
2511,Jane White,HR,44206
9504,Nancy Johnson,Legal,121487
3149,Andrew Lopez,Sales,119362
1525,Karen Young,HR,77933
7296,Emily Moore,Operations,87621
853,Paul Young,Research,141467
356,Sarah Robinson,Legal,63135
4065,Matthew Perez,Customer Service,34212
8252,Joshua Hernandez,Marketing,135291
1677,Joshua Perez,Operations,38832
7081,Joshua Sanchez,Customer Service,122732
3313,Mark Allen,HR,130386
3484,Andrew Williams,HR,140762
2976,Michael Miller,Sales,147339
1935,Michael King,Sales,129697
3802,Amanda Walker,IT,104944
413,Paul Anderson,Sales,135556
987,Mark Young,HR,47864
7730,David Smith,Research,61226
8070,Andrew Johnson,Research,72050
7118,Donald Johnson,Legal,139187
5164,Amanda Garcia,Finance,97709
3876,David Miller,Sales,76300
6878,Sarah Lopez,Sales,96143
7364,Jennifer Robinson,Finance,42393
4586,Robert Young,Engineering,134147
5767,Robert Sanchez,Customer Service,68880
3127,John Gonzalez,Engineering,128029
9786,Daniel Smith,Sales,54065
5185,Anthony Sanchez,Operations,102154
1544,Ashley Wilson,Finance,52159
8891,Matthew Martinez,IT,66305
9265,Daniel Perez,Engineering,60517
5588,Matthew Robinson,Customer Service,54010
7815,Lisa Johnson,Research,103681
8843,Deborah Thomas,Research,48242
6766,Steven Robinson,Marketing,119131
2233,Amanda Brown,Marketing,81783
7406,David Lewis,Finance,120181
1414,Jessica Taylor,Finance,50209
1149,Robert Harris,Finance,64208
7942,David Gonzalez,Finance,35376
9990,Andrew Taylor,Research,101689
9230,Mark Johnson,Finance,47490
2167,Andrew Lewis,Finance,123901
3901,Deborah Gonzalez,Marketing,124017
6316,Anthony Ramirez,Legal,128046
1168,Karen Young,Finance,109043
1514,Nancy Taylor,HR,66594
5009,Anthony Young,HR,105204
5852,Christopher Miller,Customer Service,108195
