EMP_ID,EMP_NM,DEPT_CD,SAL_AMT
3168,Mark Allen,Sales,91375
1804,Daniel King,Operations,148105
8178,Michael Hernandez,Marketing,111840
1580,Amanda Moore,Research,134094
8930,Jennifer Robinson,Marketing,107200
7071,Christopher White,Legal,125473
8395,Robert Jackson,Customer Service,75984
7406,Sarah Miller,Sales,147059
8140,Betty Perez,Marketing,143312
4693,Karen Garcia,Legal,41753
6058,James Miller,Engineering,92864
7953,Jessica Martin,Marketing,67794
1758,Matthew Garcia,IT,68617
259,Christopher Johnson,IT,143208
6344,Paul Walker,Engineering,92630
3282,Robert Taylor,Sales,128320
4816,Michael Miller,Marketing,62016
6631,Elizabeth Lee,Operations,82902
9920,Deborah Wilson,Legal,124766
8504,Steven Wilson,Engineering,79644
1424,Deborah Jones,Operations,57139
7327,Daniel Brown,Legal,72743
7366,Amanda Thompson,Engineering,79096
9422,John Garcia,Finance,100432
1895,Steven Anderson,Customer Service,103513
4511,Nancy Rodriguez,Legal,98845
5151,Lisa Jones,HR,108190
1066,Ashley Sanchez,HR,126618
9044,Christopher White,Research,113252
541,Betty Anderson,Sales,68901
399,Steven King,Research,30870
8951,Lisa Lewis,Customer Service,85815
8011,Michael Johnson,Research,108683
7839,Amanda Jackson,Customer Service,47986
7328,Karen Clark,Legal,140850
9671,Michael Harris,Finance,121947
4221,Lisa White,Customer Service,42449
2794,Steven White,Legal,53905
4135,Lisa Smith,Customer Service,70550
2535,Daniel King,Legal,87112
2600,Joshua Wilson,Customer Service,128764
6295,Sarah King,Research,30166
2693,Ashley Hernandez,Finance,50250
410,Christopher Martinez,IT,65276
1652,Anthony King,Operations,46513
935,Andrew Williams,Customer Service,131788
9536,Mark King,Engineering,132924
7166,Michael Taylor,IT,100866
7538,Jennifer Clark,Legal,43683
1199,Mark Perez,Operations,101134
6816,Andrew Young,Operations,129275
7296,Paul Garcia,Marketing,98919
9755,Nancy Perez,Operations,72267
9749,Ashley Smith,Engineering,59187
4291,Jessica Wilson,Finance,66782
3037,Michael Anderson,Engineering,69626
8666,Amanda Harris,Legal,34121
5071,Mark Davis,Operations,122112
8373,Jennifer Miller,Engineering,98579
1808,Christopher Lee,Marketing,95059
4262,Nancy Walker,Marketing,54720
1075,Matthew Moore,Finance,132880
994,Sarah Gonzalez,HR,42386
7803,Ashley Walker,Legal,120071
2777,Donald Jackson,IT,56168
4927,Lisa Robinson,Research,131186
6355,James Thomas,Operations,147194
9871,John Jones,Research,91352
5409,Andrew Moore,IT,75806
4229,Nancy Lopez,HR,43902
2486,Andrew Perez,Research,69864
7263,Joshua Allen,Customer Service,98749
4175,Steven Young,Finance,119969
865,David Moore,Finance,127831
3032,Elizabeth Thompson,Legal,120441
6783,Joshua Gonzalez,Legal,54240
2624,Daniel Martin,Engineering,68793
6490,Jessica Jones,HR,134660
149,Amanda Martin,IT,115757
5292,Michael Davis,Marketing,49890
5046,Sarah Wilson,Finance,101455
1984,Matthew Allen,Research,42264
9260,Paul Rodriguez,IT,111358
408,David Smith,Sales,135638
16,Amanda White,Sales,43646
9446,Betty Gonzalez,Research,88021
6252,Michael Ramirez,Customer Service,65474
2011,David Jackson,Customer Service,105855
410,Elizabeth Thomas,HR,51492
1114,Jane Jones,Legal,34430
3390,Lisa Wilson,Engineering,73065
5860,Emily Robinson,Marketing,85805
5087,Steven Lee,Marketing,84948
7087,Daniel Taylor,HR,86006
4524,Elizabeth Clark,Research,136206
1602,Joshua Anderson,IT,72296
2546,Elizabeth Smith,Research,92310
4572,Daniel Smith,Engineering,50356
5017,Sarah Lewis,Research,95872
2740,Emily Rodriguez,Finance,143064
