C_ID,C_NAME,AGE_YRS,LOC_CD,REG_DT
6166,Karen Williams,34,Milwaukee,2024-09-09
8643,Michael Smith,29,Indianapolis,2022-08-24
9923,Ashley Moore,26,Austin,2024-05-02
6024,Ashley Moore,44,Indianapolis,2025-09-10
760,Steven Walker,68,Portland,2022-10-13
11,Betty Thompson,21,Chicago,2025-02-23
2584,Emily Robinson,47,Sacramento,2025-01-17
5620,Robert Taylor,36,Austin,2023-06-06
98,Christopher Lopez,40,Portland,2023-07-17
8200,John Robinson,66,Austin,2024-07-17
2268,Dorothy Perez,20,Seattle,2024-07-23
7091,Dorothy Lee,57,Charlotte,2022-09-05
8297,Anthony Jones,20,Tucson,2023-01-21
554,Jane Jones,65,Phoenix,2022-03-21
3220,Lisa Gonzalez,64,Columbus,2021-06-09
3979,Michael Taylor,45,Boston,2022-05-21
5270,Elizabeth Williams,26,Mesa,2025-05-05
3898,Anthony Lee,68,Jacksonville,2020-11-04
5226,James Harris,23,New York,2020-09-06
7070,Mark Williams,22,Sacramento,2025-06-15
2573,Christopher Thomas,60,San Diego,2021-09-20
8394,Jennifer Lewis,26,Portland,2024-10-12
7425,Nancy Rodriguez,49,San Jose,2020-12-02
2758,Daniel Jones,40,San Francisco,2022-07-18
4318,Deborah Smith,53,Fort Worth,2020-03-07
1414,Betty Wilson,43,Columbus,2024-08-04
6228,Lisa Ramirez,29,Tucson,2022-01-22
472,Emily Miller,58,Denver,2021-09-16
8224,Michael Ramirez,65,Las Vegas,2021-07-06
9756,Paul Perez,41,San Francisco,2023-12-09
7844,James Perez,65,Mesa,2021-10-19
4784,Betty King,49,Kansas City,2025-08-10
8615,Christopher Thompson,29,New York,2025-12-05
1789,John Harris,23,Las Vegas,2025-02-27
7144,Betty Lewis,70,Baltimore,2020-06-15
1865,Joshua Martinez,44,Portland,2020-12-13
1965,Robert Walker,54,Baltimore,2022-03-18
2306,Donald Sanchez,44,Austin,2021-04-06
1256,Matthew Brown,32,Phoenix,2025-03-06
6351,John Clark,19,Louisville,2022-04-04
458,Karen Clark,57,Tucson,2020-10-05
7391,Karen Lee,54,San Francisco,2023-06-22
774,John Rodriguez,56,Austin,2025-01-19
1528,Christopher King,61,Phoenix,2024-02-13
377,Sarah Wilson,70,Dallas,2025-01-17
9134,Andrew Young,40,Tucson,2022-03-19
2830,Robert Martin,68,Los Angeles,2024-05-17
8217,Nancy Smith,22,Houston,2024-07-19
7170,Christopher Taylor,50,Milwaukee,2020-12-07
2531,John Hernandez,21,San Diego,2021-03-09
5289,Donald Brown,48,San Antonio,2025-04-04
1048,Andrew Harris,49,Houston,2022-11-12
9319,Michael Allen,32,Boston,2020-05-07
6087,Christopher White,41,Louisville,2020-10-14
1126,Jennifer Thomas,26,Seattle,2023-03-22
85,Paul Lopez,57,Austin,2022-08-14
2520,Lisa Hernandez,48,Kansas City,2022-04-12
5788,Amanda Martinez,24,Kansas City,2022-01-05
8097,Lisa Hernandez,28,Phoenix,2020-06-21
3904,Lisa Sanchez,32,Houston,2022-06-11
7126,Elizabeth Allen,35,Mesa,2023-07-02
5657,Deborah Brown,18,Kansas City,2021-08-11
3968,Lisa Allen,56,Denver,2023-03-22
2970,Christopher Walker,25,Jacksonville,2023-08-14
1087,John Lopez,41,Las Vegas,2020-09-21
4659,Michael Rodriguez,51,Jacksonville,2023-11-25
4337,James Perez,28,San Jose,2023-09-05
5597,Daniel Martin,46,San Diego,2023-04-22
9306,Paul Davis,64,Denver,2023-08-24
6065,Robert Jones,34,Albuquerque,2021-11-28
1425,Joshua Anderson,65,Jacksonville,2024-01-15
2337,Paul Thomas,58,Fresno,2020-07-02
4808,Steven Anderson,40,Dallas,2024-12-07
8673,Amanda Lopez,37,Philadelphia,2020-04-06
6935,Sarah Rodriguez,36,Sacramento,2022-01-06
