C_ID,C_NAME,AGE_YRS,LOC_CD,REG_DT
7666,Lisa Thompson,27,Milwaukee,2023-05-28
3750,Emily Jones,23,Los Angeles,2021-07-09
8088,John Thompson,54,Milwaukee,2022-10-02
7692,Matthew Rodriguez,56,Indianapolis,2023-08-17
6071,Daniel Gonzalez,69,Denver,2020-04-26
8152,Donald King,39,Dallas,2023-11-20
1912,Nancy King,30,Nashville,2021-08-23
7896,Betty Lopez,39,Tucson,2025-09-23
8513,Sarah Lopez,39,Seattle,2020-06-26
8178,Deborah Garcia,51,Boston,2025-11-16
1105,David Taylor,48,San Francisco,2021-06-20
3931,Elizabeth Walker,62,San Jose,2023-09-08
8895,James Jackson,33,San Diego,2024-12-02
1830,Ashley Young,47,Los Angeles,2020-06-04
1944,David White,42,Washington,2021-12-04
4188,Anthony Rodriguez,57,Jacksonville,2023-02-25
2507,Emily Garcia,27,San Antonio,2024-10-05
9038,Joshua Allen,66,Nashville,2023-02-18
5493,Karen Sanchez,52,Charlotte,2022-05-18
7754,Robert Anderson,66,Louisville,2020-02-07
1536,Amanda Hernandez,48,San Jose,2024-06-27
7474,Betty Jackson,66,Louisville,2020-01-04
1554,Betty Martinez,22,Philadelphia,2020-12-28
4542,Jennifer Miller,59,Charlotte,2025-12-05
9586,Robert Rodriguez,69,Charlotte,2024-11-22
854,James Lopez,41,Houston,2024-05-06
8528,Amanda Gonzalez,51,Dallas,2023-05-18
2827,Daniel Smith,41,Chicago,2024-06-03
8127,Andrew Moore,34,Tucson,2024-06-01
8297,Deborah Martinez,68,Baltimore,2021-05-06
5431,Matthew Lee,26,Houston,2025-03-06
4030,Christopher Thompson,69,Oklahoma City,2025-04-20
4812,Karen Thompson,58,Phoenix,2021-06-21
999,John White,49,Phoenix,2020-02-20
2006,Anthony Lewis,56,Philadelphia,2021-10-01
8821,John Brown,21,Tucson,2020-03-26
2679,Lisa Anderson,25,Jacksonville,2020-11-02
4718,Amanda Brown,21,Portland,2021-01-15
553,Deborah Lewis,33,Jacksonville,2023-08-26
3499,Amanda Williams,58,Nashville,2024-10-22
7230,James Sanchez,19,Los Angeles,2020-03-26
5287,Ashley Anderson,45,Las Vegas,2023-08-19
7325,Michael Garcia,20,Los Angeles,2021-09-06
7942,Sarah Allen,19,Baltimore,2020-02-24
1500,Amanda White,51,Mesa,2023-02-24
8960,Elizabeth Thompson,57,Sacramento,2023-09-14
373,David Taylor,46,San Antonio,2024-01-06
1033,Anthony Young,39,Indianapolis,2020-12-05
1920,Ashley Walker,36,San Diego,2023-01-21
499,John Allen,38,San Diego,2023-12-28
4197,Betty Williams,50,Las Vegas,2025-12-18
9554,Joshua Miller,32,Tucson,2023-05-25
4732,Donald Martinez,66,Kansas City,2021-04-10
7878,Donald Johnson,42,Sacramento,2023-11-10
5250,Donald Jackson,42,San Jose,2023-05-01
4924,Michael Ramirez,70,Denver,2024-10-15
4589,Christopher Thomas,40,Fresno,2024-07-28
6250,Mark Harris,50,Denver,2021-12-09
11,Mark Davis,34,Indianapolis,2024-06-26
7110,Jessica Lewis,33,Fresno,2021-06-28
740,Daniel Martin,58,Las Vegas,2024-07-10
5254,David Young,24,Charlotte,2023-03-21
5897,James Wilson,22,New York,2022-04-25
2588,Jessica Harris,56,Washington,2023-04-07
8563,Karen Jones,57,Albuquerque,2020-06-23
9128,Elizabeth Young,35,Jacksonville,2023-03-23
9971,Jessica Walker,34,Albuquerque,2024-01-17
7916,Jennifer Harris,48,Charlotte,2021-04-07
2365,John Clark,65,Nashville,2023-04-11
3802,Daniel King,57,Milwaukee,2021-12-08
9675,Dorothy Smith,59,Louisville,2023-12-20
9293,John Rodriguez,41,Fresno,2025-07-19
3860,Lisa Jones,58,Boston,2025-11-10
1520,Joshua Anderson,69,Los Angeles,2025-08-14
8792,Michael Thomas,55,Dallas,2024-04-28
